{
  "method": "temperature",
  "params": {
    "temperature": 0.6771039434887334
  },
  "ece_before": 0.06720640882117809,
  "ece_after": 0.015644341809693395,
  "improvement": 0.0515620670114847,
  "all_results": [
    {
      "method": "temperature",
      "params": {
        "temperature": 0.6771039434887334
      },
      "ece_before": 0.06720640882117809,
      "ece_after": 0.015644341809693395,
      "improvement": 0.0515620670114847
    },
    {
      "method": "platt",
      "params": {
        "A": 1.3928513059002245,
        "B": 0.0
      },
      "ece_before": 0.06720640882117809,
      "ece_after": 0.021368073559346033,
      "improvement": 0.045838335261832064
    }
  ]
}