{
  "trial_number": 89,
  "timestamp": 1756219878.098471,
  "boundary_f1": 0.3422053231939164,
  "line_f1": 0.7271778047201684,
  "macro_f1": 0.7271778047201684,
  "verse_f1": 0.8081802688884681,
  "chorus_f1": 0.6461753405518686,
  "windowdiff": 0.4073019893224271,
  "pk": 0.296936431063924,
  "val_loss": 0.5076335519552231,
  "val_accuracy": 0.0,
  "weighted_f1": 0.0,
  "training_time": 914.4238348007202,
  "training_time_minutes": 15.24039724667867,
  "total_params": 0,
  "actual_epochs": 12,
  "config_summary": {
    "attention_enabled": true,
    "hidden_dim": 256,
    "num_layers": 2,
    "max_epochs": 12,
    "batch_size": 32,
    "learning_rate": 0.0009965666920914047,
    "boundary_weight": 2.0316476093141724,
    "label_smoothing": 0.19628186663084463
  },
  "validation_strategy": "boundary_f1",
  "all_metrics": {
    "loss": 0.5076335519552231,
    "chorus_rate": 0.4040500149130821,
    "max_prob_mean": 0.6839797496795654,
    "confidence_over_90": 0.009004751918837428,
    "confidence_over_95": 0.0,
    "verse_f1": 0.8081802688884681,
    "chorus_f1": 0.6461753405518686,
    "macro_f1": 0.7271778047201684,
    "boundary_f1": 0.3422053231939164,
    "boundary_precision": 0.28662420382165604,
    "boundary_recall": 0.42452830188679247,
    "complete_segments": 0.20001822000761554,
    "avg_segment_overlap": 0.6231335598186816,
    "verse_to_chorus_acc": 0.3672566371681416,
    "chorus_to_verse_acc": 0.41414141414141414,
    "window_diff": 0.4073019893224271,
    "pk_metric": 0.296936431063924
  },
  "parameters": {
    "hidden_dim": 256,
    "num_layers": 2,
    "dropout": 0.20113244705068445,
    "layer_dropout": 0.24028170301402027,
    "attention_enabled": true,
    "attention_type": "self",
    "attention_heads": 4,
    "attention_dropout": 0.12715980293368723,
    "max_epochs": 12,
    "batch_size": 32,
    "learning_rate": 0.0009965666920914047,
    "weight_decay": 0.014398179148700082,
    "scheduler": "cosine",
    "min_delta": 0.0001250947718216168,
    "gradient_clip_norm": 0.998814046846271,
    "validation_strategy": "boundary_f1",
    "head_tail_words": 4,
    "boundary_weight": 2.0316476093141724,
    "label_smoothing": 0.19628186663084463,
    "segment_consistency_lambda": 0.02432453229701819,
    "conf_penalty_lambda": 0.012924658372517862,
    "conf_threshold": 0.9450737811452297,
    "entropy_lambda": 0.024708718024983138,
    "max_confidence_threshold": 0.9239001958129868,
    "min_chorus_rate": 0.058690544576930626,
    "max_chorus_rate": 0.7117577371595021,
    "max_conf_over_95_ratio": 0.1662363225897973,
    "head_ssm_enabled": true,
    "tail_ssm_enabled": false,
    "phonetic_ssm_enabled": true,
    "pos_ssm_enabled": true,
    "string_ssm_enabled": false,
    "syllable_pattern_ssm_enabled": true,
    "line_syllable_ssm_enabled": false,
    "word2vec_enabled": false,
    "contextual_enabled": false,
    "phonetic_mode": "rhyme",
    "phonetic_similarity_method": "sequence_match",
    "phonetic_normalize": false,
    "phonetic_normalize_method": "zscore",
    "phonetic_high_sim_threshold": 0.3366982594195877,
    "pos_tagset": "universal",
    "pos_similarity_method": "jaccard",
    "pos_high_sim_threshold": 0.27117475838443095,
    "string_case_sensitive": true,
    "string_remove_punctuation": true,
    "string_similarity_threshold": 0.0507196801156542,
    "string_similarity_method": "word_overlap",
    "syllable_pattern_similarity_method": "levenshtein",
    "syllable_pattern_levenshtein_weight": 0.6224916540048725,
    "syllable_pattern_cosine_weight": 0.37447876210351266,
    "syllable_pattern_normalize": true,
    "syllable_pattern_normalize_method": "minmax",
    "line_syllable_similarity_method": "cosine",
    "line_syllable_ratio_threshold": 0.10575888693923172,
    "line_syllable_normalize": false,
    "line_syllable_normalize_method": "minmax",
    "word2vec_mode": "summary",
    "word2vec_normalize": true,
    "word2vec_similarity_metric": "cosine",
    "word2vec_high_sim_threshold": 0.7761027861724014,
    "contextual_mode": "complete",
    "contextual_normalize": false,
    "contextual_similarity_metric": "dot",
    "contextual_high_sim_threshold": 0.6726535095310067
  },
  "config": {
    "hidden_dim": 256,
    "num_layers": 2,
    "layer_dropout": 0.24028170301402027,
    "num_classes": 2,
    "dropout": 0.20113244705068445,
    "attention_enabled": true,
    "attention_type": "self",
    "attention_heads": 4,
    "attention_dropout": 0.12715980293368723,
    "attention_dim": 256,
    "positional_encoding": true,
    "max_seq_length": 1000,
    "window_size": 7,
    "boundary_temperature": 2.0,
    "batch_size": 32,
    "learning_rate": 0.0009965666920914047,
    "weight_decay": 0.014398179148700082,
    "max_epochs": 12,
    "patience": 4,
    "gradient_clip_norm": 0.998814046846271,
    "scheduler": "cosine",
    "min_lr": 1e-06,
    "cosine_t_max": 12,
    "warmup_epochs": 5,
    "lr_factor": 0.5,
    "lr_patience": 10,
    "step_size": 30,
    "step_gamma": 0.5,
    "cosine_t0": 10,
    "cosine_t_mult": 2,
    "min_delta": 0.0001250947718216168,
    "train_file": "data/train.jsonl",
    "val_file": "data/val.jsonl",
    "test_file": "data/test.jsonl",
    "weighted_sampling": true,
    "emergency_monitoring_enabled": true,
    "max_confidence_threshold": 0.9239001958129868,
    "min_chorus_rate": 0.058690544576930626,
    "max_chorus_rate": 0.7117577371595021,
    "max_conf_over_95_ratio": 0.1662363225897973,
    "val_overconf_threshold": 0.96,
    "val_f1_collapse_threshold": 0.1,
    "loss": {
      "loss_type": "boundary_aware",
      "boundary_weight": 2.0316476093141724,
      "label_smoothing": 0.19628186663084463,
      "segment_consistency_lambda": 0.02432453229701819,
      "conf_penalty_lambda": 0.012924658372517862,
      "conf_threshold": 0.9450737811452297,
      "entropy_lambda": 0.024708718024983138
    },
    "calibration_enabled": true,
    "calibration_methods": [
      "temperature",
      "platt"
    ],
    "validation_strategy": "boundary_f1",
    "head_ssm_enabled": true,
    "head_ssm_words": 4,
    "head_ssm_dimension": 12,
    "tail_ssm_enabled": false,
    "tail_ssm_words": 4,
    "tail_ssm_dimension": 12,
    "phonetic_ssm_enabled": true,
    "phonetic_ssm_mode": "rhyme",
    "phonetic_ssm_dimension": 12,
    "phonetic_ssm_similarity_method": "sequence_match",
    "phonetic_ssm_normalize": false,
    "phonetic_ssm_normalize_method": "zscore",
    "phonetic_ssm_high_sim_threshold": 0.3366982594195877,
    "pos_ssm_enabled": true,
    "pos_ssm_tagset": "universal",
    "pos_ssm_similarity_method": "jaccard",
    "pos_ssm_high_sim_threshold": 0.27117475838443095,
    "pos_ssm_dimension": 12,
    "string_ssm_enabled": false,
    "string_ssm_case_sensitive": true,
    "string_ssm_remove_punctuation": true,
    "string_ssm_similarity_threshold": 0.0507196801156542,
    "string_ssm_similarity_method": "word_overlap",
    "string_ssm_dimension": 12,
    "syllable_pattern_ssm_enabled": true,
    "syllable_pattern_ssm_similarity_method": "levenshtein",
    "syllable_pattern_ssm_levenshtein_weight": 0.6243832755185773,
    "syllable_pattern_ssm_cosine_weight": 0.3756167244814227,
    "syllable_pattern_ssm_normalize": true,
    "syllable_pattern_ssm_normalize_method": "minmax",
    "syllable_pattern_ssm_dimension": 12,
    "line_syllable_ssm_enabled": false,
    "line_syllable_ssm_similarity_method": "cosine",
    "line_syllable_ssm_ratio_threshold": 0.10575888693923172,
    "line_syllable_ssm_normalize": false,
    "line_syllable_ssm_normalize_method": "minmax",
    "line_syllable_ssm_dimension": 12,
    "word2vec_enabled": false,
    "word2vec_model": "word2vec-google-news-300",
    "word2vec_mode": "summary",
    "word2vec_normalize": true,
    "word2vec_similarity_metric": "cosine",
    "word2vec_high_sim_threshold": 0.7761027861724014,
    "contextual_enabled": false,
    "contextual_model": "all-MiniLM-L6-v2",
    "contextual_mode": "complete",