{
  "trial_number": 75,
  "timestamp": 1756198513.392024,
  "boundary_f1": 0.386904761904762,
  "line_f1": 0.7581445514252814,
  "macro_f1": 0.7581445514252814,
  "verse_f1": 0.8579871371458369,
  "chorus_f1": 0.658301965704726,
  "windowdiff": 0.35316298689928044,
  "pk": 0.2562515985489047,
  "val_loss": 0.5065204203128815,
  "val_accuracy": 0.0,
  "weighted_f1": 0.0,
  "training_time": 967.5322840213776,
  "training_time_minutes": 16.12553806702296,
  "total_params": 0,
  "actual_epochs": 15,
  "config_summary": {
    "attention_enabled": true,
    "hidden_dim": 128,
    "num_layers": 2,
    "max_epochs": 15,
    "batch_size": 32,
    "learning_rate": 0.0007825404786818741,
    "boundary_weight": 2.153586520071642,
    "label_smoothing": 0.1689725801806973
  },
  "validation_strategy": "boundary_f1",
  "all_metrics": {
    "loss": 0.5065204203128815,
    "chorus_rate": 0.2880714163184166,
    "max_prob_mean": 0.668001115322113,
    "confidence_over_90": 0.0002312673459528014,
    "confidence_over_95": 0.0,
    "verse_f1": 0.8579871371458369,
    "chorus_f1": 0.658301965704726,
    "macro_f1": 0.7581445514252814,
    "boundary_f1": 0.386904761904762,
    "boundary_precision": 0.3339041095890411,
    "boundary_recall": 0.45990566037735847,
    "complete_segments": 0.2427580417108519,
    "avg_segment_overlap": 0.6379593582283519,
    "verse_to_chorus_acc": 0.3893805309734513,
    "chorus_to_verse_acc": 0.45454545454545453,
    "window_diff": 0.35316298689928044,
    "pk_metric": 0.2562515985489047
  },
  "parameters": {
    "hidden_dim": 128,
    "num_layers": 2,
    "dropout": 0.19102320532597297,
    "layer_dropout": 0.31528660790586926,
    "attention_enabled": true,
    "attention_heads": 8,
    "attention_dropout": 0.12637752511535214,
    "max_epochs": 15,
    "batch_size": 32,
    "learning_rate": 0.0007825404786818741,
    "weight_decay": 0.014576114210494791,
    "scheduler": "cosine",
    "min_delta": 0.00042500116652957376,
    "gradient_clip_norm": 0.33330166843581366,
    "validation_strategy": "boundary_f1",
    "head_tail_words": 4,
    "boundary_weight": 2.153586520071642,
    "label_smoothing": 0.1689725801806973,
    "segment_consistency_lambda": 0.02738729277389761,
    "conf_penalty_lambda": 0.013240207539131526,
    "conf_threshold": 0.9482079315018442,
    "entropy_lambda": 0.028843374237263894,
    "max_confidence_threshold": 0.9270959308408523,
    "min_chorus_rate": 0.09491763334774841,
    "max_chorus_rate": 0.7644628930581848,
    "max_conf_over_95_ratio": 0.14305692797162417,
    "head_ssm_enabled": true,
    "tail_ssm_enabled": false,
    "phonetic_ssm_enabled": true,
    "pos_ssm_enabled": true,
    "string_ssm_enabled": false,
    "syllable_pattern_ssm_enabled": true,
    "line_syllable_ssm_enabled": false,
    "word2vec_enabled": false,
    "contextual_enabled": false,
    "phonetic_mode": "rhyme",
    "phonetic_similarity_method": "binary",
    "phonetic_normalize": false,
    "phonetic_normalize_method": "zscore",
    "phonetic_high_sim_threshold": 0.3161484323343296,
    "pos_tagset": "universal",
    "pos_similarity_method": "position",
    "pos_high_sim_threshold": 0.2742281569737527,
    "string_case_sensitive": true,
    "string_remove_punctuation": true,
    "string_similarity_threshold": 0.04639875519420966,
    "string_similarity_method": "word_overlap",
    "syllable_pattern_similarity_method": "levenshtein",
    "syllable_pattern_levenshtein_weight": 0.6101819401936854,
    "syllable_pattern_cosine_weight": 0.22380945795157056,
    "syllable_pattern_normalize": false,
    "syllable_pattern_normalize_method": "minmax",
    "line_syllable_similarity_method": "cosine",
    "line_syllable_ratio_threshold": 0.10733520881610706,
    "line_syllable_normalize": false,
    "line_syllable_normalize_method": "minmax",
    "word2vec_mode": "summary",
    "word2vec_normalize": true,
    "word2vec_similarity_metric": "cosine",
    "word2vec_high_sim_threshold": 0.7806385268874227,
    "contextual_mode": "complete",
    "contextual_normalize": false,
    "contextual_similarity_metric": "dot",
    "contextual_high_sim_threshold": 0.6858914004722528
  },
  "config": {
    "hidden_dim": 128,
    "num_layers": 2,
    "layer_dropout": 0.31528660790586926,
    "num_classes": 2,
    "dropout": 0.19102320532597297,
    "attention_enabled": true,
    "attention_type": "boundary_aware",
    "attention_heads": 8,
    "attention_dropout": 0.12637752511535214,
    "attention_dim": 128,
    "positional_encoding": true,
    "max_seq_length": 1000,
    "window_size": 7,
    "boundary_temperature": 2.0,
    "batch_size": 32,
    "learning_rate": 0.0007825404786818741,
    "weight_decay": 0.014576114210494791,
    "max_epochs": 15,
    "patience": 4,
    "gradient_clip_norm": 0.33330166843581366,
    "scheduler": "cosine",
    "min_lr": 1e-06,
    "cosine_t_max": 15,
    "warmup_epochs": 5,
    "lr_factor": 0.5,
    "lr_patience": 10,
    "step_size": 30,
    "step_gamma": 0.5,
    "cosine_t0": 10,
    "cosine_t_mult": 2,
    "min_delta": 0.00042500116652957376,
    "train_file": "data/train.jsonl",
    "val_file": "data/val.jsonl",
    "test_file": "data/test.jsonl",
    "weighted_sampling": true,
    "emergency_monitoring_enabled": true,
    "max_confidence_threshold": 0.9270959308408523,
    "min_chorus_rate": 0.09491763334774841,
    "max_chorus_rate": 0.7644628930581848,
    "max_conf_over_95_ratio": 0.14305692797162417,
    "val_overconf_threshold": 0.96,
    "val_f1_collapse_threshold": 0.1,
    "loss": {
      "loss_type": "boundary_aware",
      "boundary_weight": 2.153586520071642,
      "label_smoothing": 0.1689725801806973,
      "segment_consistency_lambda": 0.02738729277389761,
      "conf_penalty_lambda": 0.013240207539131526,
      "conf_threshold": 0.9482079315018442,
      "entropy_lambda": 0.028843374237263894
    },
    "calibration_enabled": true,
    "calibration_methods": [
      "temperature",
      "platt"
    ],
    "validation_strategy": "boundary_f1",
    "head_ssm_enabled": true,
    "head_ssm_words": 4,
    "head_ssm_dimension": 12,
    "tail_ssm_enabled": false,
    "tail_ssm_words": 4,
    "tail_ssm_dimension": 12,
    "phonetic_ssm_enabled": true,
    "phonetic_ssm_mode": "rhyme",
    "phonetic_ssm_dimension": 12,
    "phonetic_ssm_similarity_method": "binary",
    "phonetic_ssm_normalize": false,
    "phonetic_ssm_normalize_method": "zscore",
    "phonetic_ssm_high_sim_threshold": 0.3161484323343296,
    "pos_ssm_enabled": true,
    "pos_ssm_tagset": "universal",
    "pos_ssm_similarity_method": "position",
    "pos_ssm_high_sim_threshold": 0.2742281569737527,
    "pos_ssm_dimension": 12,
    "string_ssm_enabled": false,
    "string_ssm_case_sensitive": true,
    "string_ssm_remove_punctuation": true,
    "string_ssm_similarity_threshold": 0.04639875519420966,
    "string_ssm_similarity_method": "word_overlap",
    "string_ssm_dimension": 12,
    "syllable_pattern_ssm_enabled": true,
    "syllable_pattern_ssm_similarity_method": "levenshtein",
    "syllable_pattern_ssm_levenshtein_weight": 0.731640567937141,
    "syllable_pattern_ssm_cosine_weight": 0.26835943206285895,
    "syllable_pattern_ssm_normalize": false,
    "syllable_pattern_ssm_normalize_method": "minmax",
    "syllable_pattern_ssm_dimension": 12,
    "line_syllable_ssm_enabled": false,
    "line_syllable_ssm_similarity_method": "cosine",
    "line_syllable_ssm_ratio_threshold": 0.10733520881610706,
    "line_syllable_ssm_normalize": false,
    "line_syllable_ssm_normalize_method": "minmax",
    "line_syllable_ssm_dimension": 12,
    "word2vec_enabled": false,
    "word2vec_model": "word2vec-google-news-300",
    "word2vec_mode": "summary",
    "word2vec_normalize": true,
    "word2vec_similarity_metric": "cosine",
    "word2vec_high_sim_threshold": 0.7806385268874227,
    "contextual_enabled": false,
    "contextual_model": "all-MiniLM-L6-v2",
    "contextual_mode": "complete",
    "contextual_normalize": false,