{
  "metadata": {
    "model_info": {
      "hidden_dim": 128,
      "num_layers": 2,
      "dropout": 0.19102320532597297,
      "layer_dropout": 0.31528660790586926,
      "attention_enabled": true,
      "attention_heads": 8,
      "attention_dropout": 0.12637752511535214,
      "attention_dim": 128,
      "positional_encoding": true,
      "max_seq_length": 1000,
      "total_params": 718595,
      "lstm_params": 577536,
      "attention_params": 140545,
      "classifier_params": 514
    },
    "training_info": {
      "batch_size": 32,
      "learning_rate": 0.0007825404786818741,
      "scheduler": "cosine",
      "label_smoothing": 0.0,
      "weighted_sampling": true,
      "total_epochs": 13,
      "validation_strategy": "boundary_f1",
      "weight_decay": 0.014576114210494791,
      "gradient_clip_norm": 0.33330166843581366,
      "max_epochs": 15,
      "patience": 4
    },
    "calibration_info": {
      "temperature": {
        "ece_before": 0.13303839668543727,
        "ece_after": 0.010961581570460448,
        "improvement": 0.12207681511497681,
        "params": {
          "temperature": 0.445536143165203
        }
      },
      "platt": {
        "ece_before": 0.13303839668543727,
        "ece_after": 0.022650692546063177,
        "improvement": 0.11038770413937408,
        "params": {
          "A": 2.026042820302624,
          "B": 0.0
        }
      }
    }
  },
  "metrics": [
    {
      "epoch": 1,
      "train_loss": 0.5846491366624832,
      "train_chorus_rate": 0.5837902831670363,
      "train_max_prob": 0.5610627621412277,
      "train_conf_over_90": 0.0,
      "train_conf_over_95": 0.0,
      "val_loss": 0.5993869006633759,
      "val_macro_f1": 0.5479959422689795,
      "val_verse_f1": 0.678979436405179,
      "val_chorus_f1": 0.4170124481327801,
      "val_chorus_rate": 0.4105822965502739,
      "val_max_prob": 0.5474461168050766,
      "val_conf_over_90": 0.0,
      "val_conf_over_95": 0.0,
      "learning_rate": 0.0007740012113904496,
      "epoch_time": 95.26612186431885,
      "val_boundary_f1": 0.0658578856152513,
      "val_boundary_precision": 0.12418300653594772,
      "val_boundary_recall": 0.04481132075471698,
      "val_complete_segments": 0.01892400277872176,
      "val_avg_segment_overlap": 0.2257929643615435,
      "val_verse_to_chorus_acc": 0.04424778761061947,
      "val_chorus_to_verse_acc": 0.005050505050505051,
      "val_window_diff": 0.4014561704746119,
      "val_pk_metric": 0.40568952762085286
    },
    {
      "epoch": 2,
      "train_loss": 0.5632931232452393,
      "train_chorus_rate": 0.5228938588872551,
      "train_max_prob": 0.5686858505010605,
      "train_conf_over_90": 0.0,
      "train_conf_over_95": 0.0,
      "val_loss": 0.5890763998031616,
      "val_macro_f1": 0.5163955064596781,
      "val_verse_f1": 0.5545185522422035,
      "val_chorus_f1": 0.4782724606771528,
      "val_chorus_rate": 0.6224973201751709,
      "val_max_prob": 0.5529945194721222,
      "val_conf_over_90": 0.0,
      "val_conf_over_95": 0.0,
      "learning_rate": 0.000748756616472762,
      "epoch_time": 48.39701795578003,
      "val_boundary_f1": 0.05844155844155845,
      "val_boundary_precision": 0.09375,
      "val_boundary_recall": 0.04245283018867924,
      "val_complete_segments": 0.02504386108574868,
      "val_avg_segment_overlap": 0.22812434668379383,
      "val_verse_to_chorus_acc": 0.061946902654867256,
      "val_chorus_to_verse_acc": 0.010101010101010102,
      "val_window_diff": 0.4524124071280957,
      "val_pk_metric": 0.45520697906386365
    },
    {
      "epoch": 3,
      "train_loss": 0.5515163019299507,
      "train_chorus_rate": 0.4454755028709769,
      "train_max_prob": 0.5917680323123932,
      "train_conf_over_90": 0.0,
      "train_conf_over_95": 0.0,
      "val_loss": 0.5984218120574951,
      "val_macro_f1": 0.5442559294067264,
      "val_verse_f1": 0.8059282371294851,
      "val_chorus_f1": 0.2825836216839677,
      "val_chorus_rate": 0.12573233805596828,
      "val_max_prob": 0.5586562156677246,
      "val_conf_over_90": 0.0,
      "val_conf_over_95": 0.0,
      "learning_rate": 0.0007079100038637208,
      "epoch_time": 130.04804611206055,
      "val_boundary_f1": 0.11307420494699645,
      "val_boundary_precision": 0.22535211267605634,
      "val_boundary_recall": 0.07547169811320754,
      "val_complete_segments": 0.0676847522420163,
      "val_avg_segment_overlap": 0.2677974032660185,
      "val_verse_to_chorus_acc": 0.0752212389380531,
      "val_chorus_to_verse_acc": 0.0707070707070707,
      "val_window_diff": 0.3229884688415259,
      "val_pk_metric": 0.30331277868705786
    },
    {
      "epoch": 4,
      "train_loss": 0.5505645170807838,
      "train_chorus_rate": 0.41421001420821996,
      "train_max_prob": 0.6052365005016327,
      "train_conf_over_90": 0.0,
      "train_conf_over_95": 0.0,
      "val_loss": 0.5813190340995789,
      "val_macro_f1": 0.4970486772844165,
      "val_verse_f1": 0.4955665024630542,
      "val_chorus_f1": 0.4985308521057787,
      "val_chorus_rate": 0.7052953243255615,
      "val_max_prob": 0.5885501056909561,
      "val_conf_over_90": 0.0,
      "val_conf_over_95": 0.0,
      "learning_rate": 0.0006532465665381345,
      "epoch_time": 96.29233193397522,
      "val_boundary_f1": 0.06518010291595197,
      "val_boundary_precision": 0.11949685534591195,
      "val_boundary_recall": 0.04481132075471698,
      "val_complete_segments": 0.027709287836541287,
      "val_avg_segment_overlap": 0.22053328563248187,
      "val_verse_to_chorus_acc": 0.061946902654867256,
      "val_chorus_to_verse_acc": 0.010101010101010102,
      "val_window_diff": 0.43173892806400094,
      "val_pk_metric": 0.4243531140337927
    },
    {
      "epoch": 5,
      "train_loss": 0.5517102956771851,
      "train_chorus_rate": 0.4782626494765282,
      "train_max_prob": 0.6083091825246811,
      "train_conf_over_90": 0.0,
      "train_conf_over_95": 0.0,
      "val_loss": 0.5714523792266846,
      "val_macro_f1": 0.6766238157214073,
      "val_verse_f1": 0.825684989073794,
      "val_chorus_f1": 0.5275626423690205,
      "val_chorus_rate": 0.2402636632323265,
      "val_max_prob": 0.6034442484378815,
      "val_conf_over_90": 0.0,
      "val_conf_over_95": 0.0,
      "learning_rate": 0.0005871553590114056,
      "epoch_time": 48.217605113983154,
      "val_boundary_f1": 0.2599009900990099,
      "val_boundary_precision": 0.2734375,
      "val_boundary_recall": 0.24764150943396226,
      "val_complete_segments": 0.12217185561565203,
      "val_avg_segment_overlap": 0.4770709000304231,
      "val_verse_to_chorus_acc": 0.2610619469026549,
      "val_chorus_to_verse_acc": 0.19696969696969696,
      "val_window_diff": 0.33043510508210144,
      "val_pk_metric": 0.29662701624211874
    },
    {
      "epoch": 6,
      "train_loss": 0.523276786506176,
      "train_chorus_rate": 0.4019466586410999,
      "train_max_prob": 0.6465597838163376,
      "train_conf_over_90": 0.008575843326980248,
      "train_conf_over_95": 0.0,
      "val_loss": 0.5375977382063866,
      "val_macro_f1": 0.7056735715494957,
      "val_verse_f1": 0.8075168764823938,
      "val_chorus_f1": 0.6038302666165978,
      "val_chorus_rate": 0.3554982542991638,
      "val_max_prob": 0.6902290731668472,
      "val_conf_over_90": 0.008517385052982718,
      "val_conf_over_95": 0.0,
      "learning_rate": 0.0005125248841932522,
      "epoch_time": 50.04311203956604,
      "val_boundary_f1": 0.3109404990403071,
      "val_boundary_precision": 0.2621359223300971,
      "val_boundary_recall": 0.38207547169811323,
      "val_complete_segments": 0.16692290684867567,
      "val_avg_segment_overlap": 0.5821182867973572,
      "val_verse_to_chorus_acc": 0.3230088495575221,
      "val_chorus_to_verse_acc": 0.36363636363636365,
      "val_window_diff": 0.43074738026408965,
      "val_pk_metric": 0.32620678432183114
    },
    {
      "epoch": 7,
      "train_loss": 0.48915902674198153,