{
  "metadata": {
    "model_info": {
      "hidden_dim": 256,
      "num_layers": 2,
      "dropout": 0.23448611782670412,
      "layer_dropout": 0.25755195308240275,
      "attention_enabled": true,
      "attention_heads": 4,
      "attention_dropout": 0.15390526599912827,
      "attention_dim": 256,
      "positional_encoding": true,
      "max_seq_length": 1000,
      "total_params": 2764291,
      "lstm_params": 2203648,
      "attention_params": 559617,
      "classifier_params": 1026
    },
    "training_info": {
      "batch_size": 32,
      "learning_rate": 0.000866023698521443,
      "scheduler": "cosine",
      "label_smoothing": 0.0,
      "weighted_sampling": true,
      "total_epochs": 15,
      "validation_strategy": "boundary_f1",
      "weight_decay": 0.014865406545162288,
      "gradient_clip_norm": 0.3541741335212575,
      "max_epochs": 15,
      "patience": 4
    },
    "calibration_info": {
      "temperature": {
        "ece_before": 0.12538286127252526,
        "ece_after": 0.02057594115057254,
        "improvement": 0.10480692012195272,
        "params": {
          "temperature": 0.48194994402321795
        }
      },
      "platt": {
        "ece_before": 0.12538286127252526,
        "ece_after": 0.029166007059496353,
        "improvement": 0.09621685421302892,
        "params": {
          "A": 1.9245800503748198,
          "B": 0.0
        }
      }
    }
  },
  "metrics": [
    {
      "epoch": 1,
      "train_loss": 0.6096656829118728,
      "train_chorus_rate": 0.5828799054026603,
      "train_max_prob": 0.5943206042051316,
      "train_conf_over_90": 0.009870848804712295,
      "train_conf_over_95": 0.0,
      "val_loss": 0.5895456224679947,
      "val_macro_f1": 0.4362560189952759,
      "val_verse_f1": 0.369110677446334,
      "val_chorus_f1": 0.5034013605442177,
      "val_chorus_rate": 0.8192498981952667,
      "val_max_prob": 0.5436070412397385,
      "val_conf_over_90": 0.0,
      "val_conf_over_95": 0.0,
      "learning_rate": 0.0008565722769040377,
      "epoch_time": 110.32525300979614,
      "val_boundary_f1": 0.043715846994535526,
      "val_boundary_precision": 0.096,
      "val_boundary_recall": 0.02830188679245283,
      "val_complete_segments": 0.017917893275793594,
      "val_avg_segment_overlap": 0.19653412265634962,
      "val_verse_to_chorus_acc": 0.04424778761061947,
      "val_chorus_to_verse_acc": 0.0,
      "val_window_diff": 0.43750726317125366,
      "val_pk_metric": 0.4429668462366625
    },
    {
      "epoch": 2,
      "train_loss": 0.5657454669475556,
      "train_chorus_rate": 0.533445615042001,
      "train_max_prob": 0.5607053607702255,
      "train_conf_over_90": 0.0,
      "train_conf_over_95": 0.0,
      "val_loss": 0.602284386754036,
      "val_macro_f1": 0.5677113605559608,
      "val_verse_f1": 0.7894822269112156,
      "val_chorus_f1": 0.345940494200706,
      "val_chorus_rate": 0.18791943415999413,
      "val_max_prob": 0.5773001909255981,
      "val_conf_over_90": 0.0,
      "val_conf_over_95": 0.0,
      "learning_rate": 0.0008286310845294549,
      "epoch_time": 90.00661778450012,
      "val_boundary_f1": 0.08363636363636363,
      "val_boundary_precision": 0.18253968253968253,
      "val_boundary_recall": 0.054245283018867926,
      "val_complete_segments": 0.03821163801280451,
      "val_avg_segment_overlap": 0.23607004193987302,
      "val_verse_to_chorus_acc": 0.05752212389380531,
      "val_chorus_to_verse_acc": 0.03535353535353535,
      "val_window_diff": 0.3559295851931925,
      "val_pk_metric": 0.3552070581625291
    },
    {
      "epoch": 3,
      "train_loss": 0.568970188498497,
      "train_chorus_rate": 0.503319692259538,
      "train_max_prob": 0.5836171090602875,
      "train_conf_over_90": 0.0,
      "train_conf_over_95": 0.0,
      "val_loss": 0.5837452411651611,
      "val_macro_f1": 0.4587490263808459,
      "val_verse_f1": 0.43056994818652844,
      "val_chorus_f1": 0.48692810457516345,
      "val_chorus_rate": 0.7526833862066269,
      "val_max_prob": 0.5890878140926361,
      "val_conf_over_90": 0.0,
      "val_conf_over_95": 0.0,
      "learning_rate": 0.0007834212855811807,
      "epoch_time": 54.03081393241882,
      "val_boundary_f1": 0.05714285714285715,
      "val_boundary_precision": 0.11764705882352941,
      "val_boundary_recall": 0.03773584905660377,
      "val_complete_segments": 0.029372597108546207,
      "val_avg_segment_overlap": 0.20597706196553647,
      "val_verse_to_chorus_acc": 0.07079646017699115,
      "val_chorus_to_verse_acc": 0.0,
      "val_window_diff": 0.41611972292462746,
      "val_pk_metric": 0.41407592251157743
    },
    {
      "epoch": 4,
      "train_loss": 0.5551251828670501,
      "train_chorus_rate": 0.4435166895389557,
      "train_max_prob": 0.592759421467781,
      "train_conf_over_90": 0.0,
      "train_conf_over_95": 0.0,
      "val_loss": 0.5567735135555267,
      "val_macro_f1": 0.6347336803620697,
      "val_verse_f1": 0.7130434782608696,
      "val_chorus_f1": 0.5564238824632698,
      "val_chorus_rate": 0.4875340387225151,
      "val_max_prob": 0.5994517952203751,
      "val_conf_over_90": 0.0,
      "val_conf_over_95": 0.0,
      "learning_rate": 0.0007229187652139391,
      "epoch_time": 68.67501711845398,
      "val_boundary_f1": 0.18872549019607843,
      "val_boundary_precision": 0.19642857142857142,
      "val_boundary_recall": 0.18160377358490565,
      "val_complete_segments": 0.06734142110600223,
      "val_avg_segment_overlap": 0.41812294063191,
      "val_verse_to_chorus_acc": 0.15486725663716813,
      "val_chorus_to_verse_acc": 0.16161616161616163,
      "val_window_diff": 0.43527302038139887,
      "val_pk_metric": 0.3694720382906928
    },
    {
      "epoch": 5,
      "train_loss": 0.5182655811309814,
      "train_chorus_rate": 0.4205621354281902,
      "train_max_prob": 0.6598276019096374,
      "train_conf_over_90": 0.006787224099389278,
      "train_conf_over_95": 3.48918343661353e-05,
      "val_loss": 0.5238068550825119,
      "val_macro_f1": 0.7093232040600461,
      "val_verse_f1": 0.7884169884169884,
      "val_chorus_f1": 0.6302294197031039,
      "val_chorus_rate": 0.4288756400346756,
      "val_max_prob": 0.6456984579563141,
      "val_conf_over_90": 0.0004625346919056028,
      "val_conf_over_95": 0.0,
      "learning_rate": 0.0006497677738910822,
      "epoch_time": 66.57590508460999,
      "val_boundary_f1": 0.2859866539561487,
      "val_boundary_precision": 0.24,
      "val_boundary_recall": 0.35377358490566035,
      "val_complete_segments": 0.14390798350236314,
      "val_avg_segment_overlap": 0.5984895922127487,
      "val_verse_to_chorus_acc": 0.2920353982300885,
      "val_chorus_to_verse_acc": 0.36363636363636365,
      "val_window_diff": 0.4385409838683604,
      "val_pk_metric": 0.32472001258726835
    },
    {
      "epoch": 6,
      "train_loss": 0.5077594012022019,
      "train_chorus_rate": 0.35937915816903115,
      "train_max_prob": 0.6745657414197922,
      "train_conf_over_90": 0.011913264394388534,
      "train_conf_over_95": 0.000301709899213165,
      "val_loss": 0.518516406416893,
      "val_macro_f1": 0.7445085674854934,
      "val_verse_f1": 0.8386865243136551,
      "val_chorus_f1": 0.6503306106573318,
      "val_chorus_rate": 0.3325301557779312,
      "val_max_prob": 0.6844398230314255,
      "val_conf_over_90": 0.005951014987658709,
      "val_conf_over_95": 0.0,
      "learning_rate": 0.0005671653609508199,
      "epoch_time": 55.1463840007782,
      "val_boundary_f1": 0.33090530697190434,
      "val_boundary_precision": 0.29608938547486036,
      "val_boundary_recall": 0.375,
      "val_complete_segments": 0.18607914648476687,
      "val_avg_segment_overlap": 0.6127186349644892,
      "val_verse_to_chorus_acc": 0.28761061946902655,
      "val_chorus_to_verse_acc": 0.3888888888888889,
      "val_window_diff": 0.35041023858417036,
      "val_pk_metric": 0.27120001935501115
    },
    {
      "epoch": 7,
      "train_loss": 0.499015074968338,