{
  "method": "temperature",
  "params": {
    "temperature": 0.6513730184213056
  },
  "ece_before": 0.07069621950047207,
  "ece_after": 0.011627011348410671,
  "improvement": 0.0590692081520614,
  "all_results": [
    {
      "method": "temperature",
      "params": {
        "temperature": 0.6513730184213056
      },
      "ece_before": 0.07069621950047207,
      "ece_after": 0.011627011348410671,
      "improvement": 0.0590692081520614
    },
    {
      "method": "platt",
      "params": {
        "A": 1.4024085426482609,
        "B": 0.0
      },
      "ece_before": 0.07069621950047207,
      "ece_after": 0.020352533540918632,
      "improvement": 0.050343685959553436
    }
  ]
}