{
  "metadata": {
    "model_info": {
      "hidden_dim": 256,
      "num_layers": 1,
      "dropout": 0.2,
      "layer_dropout": 0.3
    },
    "training_info": {
      "batch_size": 24,
      "learning_rate": 0.0008,
      "scheduler": "cosine",
      "label_smoothing": 0.2,
      "weighted_sampling": true,
      "total_epochs": 3,
      "validation_strategy": "composite"
    },
    "calibration_info": {
      "temperature": {
        "ece_before": 0.07069621950047207,
        "ece_after": 0.011627011348410671,
        "improvement": 0.0590692081520614,
        "params": {
          "temperature": 0.6513730184213056
        }
      },
      "platt": {
        "ece_before": 0.07069621950047207,
        "ece_after": 0.020352533540918632,
        "improvement": 0.050343685959553436,
        "params": {
          "A": 1.4024085426482609,
          "B": 0.0
        }
      }
    }
  },
  "metrics": [
    {
      "epoch": 1,
      "train_loss": 0.46517010168595746,
      "train_chorus_rate": 0.11212318691523802,
      "train_max_prob": 0.5890269965836497,
      "train_conf_over_90": 0.0,
      "train_conf_over_95": 0.0,
      "val_loss": 0.4720693677663803,
      "val_macro_f1": 0.5535890473823091,
      "val_verse_f1": 0.8050632911392405,
      "val_chorus_f1": 0.3021148036253776,
      "val_chorus_rate": 0.16802810318768024,
      "val_max_prob": 0.5955397486686707,
      "val_conf_over_90": 0.0,
      "val_conf_over_95": 0.0,
      "learning_rate": 0.0007998028708661098,
      "epoch_time": 53.05966591835022,
      "val_boundary_f1": 0.16430594900849857,
      "val_boundary_precision": 0.26126126126126126,
      "val_boundary_recall": 0.11983471074380166,
      "val_complete_segments": 0.1451829380400809,
      "val_avg_segment_overlap": 0.37417162229536405,
      "val_verse_to_chorus_acc": 0.12403100775193798,
      "val_chorus_to_verse_acc": 0.08849557522123894,
      "val_window_diff": 0.30633745800874207,
      "val_pk_metric": 0.3029685005078652
    },
    {
      "epoch": 2,
      "train_loss": 0.43168806397553644,
      "train_chorus_rate": 0.17852283438498323,
      "train_max_prob": 0.6304113124356125,
      "train_conf_over_90": 0.0,
      "train_conf_over_95": 0.0,
      "val_loss": 0.44993097335100174,
      "val_macro_f1": 0.6523013778950455,
      "val_verse_f1": 0.8261506889475227,
      "val_chorus_f1": 0.47845206684256814,
      "val_chorus_rate": 0.2036433294415474,
      "val_max_prob": 0.6583127677440643,
      "val_conf_over_90": 0.00032010243739932775,
      "val_conf_over_95": 0.0,
      "learning_rate": 0.0007992116780070945,
      "epoch_time": 53.92917084693909,
      "val_boundary_f1": 0.3096085409252669,
      "val_boundary_precision": 0.271875,
      "val_boundary_recall": 0.359504132231405,
      "val_complete_segments": 0.20604430961573816,
      "val_avg_segment_overlap": 0.4907168143625995,
      "val_verse_to_chorus_acc": 0.29457364341085274,
      "val_chorus_to_verse_acc": 0.35398230088495575,
      "val_window_diff": 0.3656974071631328,
      "val_pk_metric": 0.30052992301512155
    },
    {
      "epoch": 3,
      "train_loss": 0.4137695648453452,
      "train_chorus_rate": 0.2539983673980742,
      "train_max_prob": 0.6798170353427078,
      "train_conf_over_90": 0.004540377157161746,
      "train_conf_over_95": 7.884569861220591e-05,
      "val_loss": 0.44473832100629807,
      "val_macro_f1": 0.7064745972738538,
      "val_verse_f1": 0.8296158612143743,
      "val_chorus_f1": 0.5833333333333334,
      "val_chorus_rate": 0.285374004393816,
      "val_max_prob": 0.6864189505577087,
      "val_conf_over_90": 0.00292105003609322,
      "val_conf_over_95": 0.0,
      "learning_rate": 0.0007982270048589304,
      "epoch_time": 48.597166776657104,
      "val_boundary_f1": 0.34853420195439744,
      "val_boundary_precision": 0.28763440860215056,
      "val_boundary_recall": 0.44214876033057854,
      "val_complete_segments": 0.270578231292517,
      "val_avg_segment_overlap": 0.5679211348357003,
      "val_verse_to_chorus_acc": 0.4263565891472868,
      "val_chorus_to_verse_acc": 0.3893805309734513,
      "val_window_diff": 0.3561397330649506,
      "val_pk_metric": 0.27944437917796944
    }
  ]
}