{
  "metadata": {
    "model_info": {
      "architecture": "CNN",
      "hidden_dim": 128,
      "num_layers": 1,
      "dropout": 0.29191320565902174,
      "layer_dropout": 0.0,
      "kernel_sizes": [
        3,
        7,
        11
      ],
      "dilation_rates": [
        1,
        2,
        4,
        8
      ],
      "use_residual": true,
      "attention_enabled": false,
      "attention_type": "self",
      "attention_heads": 4,
      "total_params": 134528,
      "cnn_params": 129534,
      "attention_params": 0
    },
    "training_info": {
      "batch_size": 64,
      "learning_rate": 0.0005829350976742147,
      "scheduler": "cosine",
      "scheduler_type": "epoch",
      "validation_strategy": "cnn_composite",
      "total_epochs": 15,
      "early_stopping_mode": "cnn_calibration",
      "convergence_window": 5
    },
    "calibration_info": {
      "temperature": {
        "ece_before": 0.10675046540255162,
        "ece_after": 0.01688841421501105,
        "improvement": 0.08986205118754056,
        "params": {
          "temperature": 0.559535454394914
        }
      },
      "platt": {
        "ece_before": 0.10675046540255162,
        "ece_after": 0.038921952071967435,
        "improvement": 0.06782851333058418,
        "params": {
          "A": 1.4999986296022874,
          "B": 0.0
        }
      }
    }
  },
  "metrics": [
    {
      "epoch": 1,
      "train_loss": 0.5311042240687779,
      "train_chorus_rate": 0.42524359055927824,
      "train_max_prob": 0.6282661557197571,
      "train_conf_over_90": 0.0,
      "train_conf_over_95": 0.0,
      "val_loss": 0.5073892027139664,
      "val_macro_f1": 0.7309390547263682,
      "val_verse_f1": 0.8160447761194031,
      "val_chorus_f1": 0.6458333333333334,
      "val_chorus_rate": 0.38953930139541626,
      "val_max_prob": 0.6708909571170807,
      "val_conf_over_90": 0.0,
      "val_conf_over_95": 0.0,
      "learning_rate": 0.0005765767586235203,
      "epoch_time": 100.40317225456238,
      "val_boundary_f1": 0.3508488278092159,
      "val_boundary_precision": 0.26691266912669126,
      "val_boundary_recall": 0.5117924528301887,
      "val_complete_segments": 0.3032029394299287,
      "val_avg_segment_overlap": 0.680590381658559,
      "val_verse_to_chorus_acc": 0.46017699115044247,
      "val_chorus_to_verse_acc": 0.494949494949495,
      "val_window_diff": 0.4805145632107539,
      "val_pk_metric": 0.3269726064805218,
      "cnn_receptive_field_usage": 0.7000000000000001,
      "cnn_gradient_norm": 57.139192453452516,
      "cnn_effective_layers": 1
    },
    {
      "epoch": 2,
      "train_loss": 0.5101679520947593,
      "train_chorus_rate": 0.4540199637413025,
      "train_max_prob": 0.6744004998888288,
      "train_conf_over_90": 0.0,
      "train_conf_over_95": 0.0,
      "val_loss": 0.4983152151107788,
      "val_macro_f1": 0.7659602023271808,
      "val_verse_f1": 0.8490121442813123,
      "val_chorus_f1": 0.6829082603730491,
      "val_chorus_rate": 0.3507564663887024,
      "val_max_prob": 0.7084439694881439,
      "val_conf_over_90": 0.0,
      "val_conf_over_95": 0.0,
      "learning_rate": 0.0005577796313986483,
      "epoch_time": 94.83328223228455,
      "val_boundary_f1": 0.40891472868217055,
      "val_boundary_precision": 0.3470394736842105,
      "val_boundary_recall": 0.49764150943396224,
      "val_complete_segments": 0.3065803147268409,
      "val_avg_segment_overlap": 0.7002533479893223,
      "val_verse_to_chorus_acc": 0.4823008849557522,
      "val_chorus_to_verse_acc": 0.46464646464646464,
      "val_window_diff": 0.4210753456931426,
      "val_pk_metric": 0.2877808430539725,
      "cnn_receptive_field_usage": 0.7000000000000001,
      "cnn_gradient_norm": 1.235106770481382,
      "cnn_effective_layers": 1
    },
    {
      "epoch": 3,
      "train_loss": 0.49492980752672466,
      "train_chorus_rate": 0.3468574711254665,
      "train_max_prob": 0.6951123816626412,
      "train_conf_over_90": 0.0,
      "train_conf_over_95": 0.0,
      "val_loss": 0.4838549941778183,
      "val_macro_f1": 0.7381385038805175,
      "val_verse_f1": 0.8039254170755643,
      "val_chorus_f1": 0.6723515906854706,
      "val_chorus_rate": 0.4542413353919983,
      "val_max_prob": 0.6994586288928986,
      "val_conf_over_90": 0.0,
      "val_conf_over_95": 0.0,
      "learning_rate": 0.0005273652406579496,
      "epoch_time": 164.0517339706421,
      "val_boundary_f1": 0.3791304347826087,
      "val_boundary_precision": 0.3002754820936639,
      "val_boundary_recall": 0.5141509433962265,
      "val_complete_segments": 0.2787355255344418,
      "val_avg_segment_overlap": 0.6872044035327802,
      "val_verse_to_chorus_acc": 0.4690265486725664,
      "val_chorus_to_verse_acc": 0.5252525252525253,
      "val_window_diff": 0.45880789605389516,
      "val_pk_metric": 0.3311163877553793,
      "cnn_receptive_field_usage": 0.7000000000000001,
      "cnn_gradient_norm": 1.303680190018245,
      "cnn_effective_layers": 1
    },
    {
      "epoch": 4,
      "train_loss": 0.48035184826169697,
      "train_chorus_rate": 0.3642956827368055,
      "train_max_prob": 0.7073011228016445,
      "train_conf_over_90": 0.0,
      "train_conf_over_95": 0.0,
      "val_loss": 0.48122023046016693,
      "val_macro_f1": 0.7781874582879623,
      "val_verse_f1": 0.8553206997084547,
      "val_chorus_f1": 0.7010542168674699,
      "val_chorus_rate": 0.36075228452682495,
      "val_max_prob": 0.7247347235679626,
      "val_conf_over_90": 0.0,
      "val_conf_over_95": 0.0,
      "learning_rate": 0.0004866628412212316,
      "epoch_time": 63.40539598464966,
      "val_boundary_f1": 0.4288354898336414,
      "val_boundary_precision": 0.3525835866261398,
      "val_boundary_recall": 0.5471698113207547,
      "val_complete_segments": 0.34902019002375295,
      "val_avg_segment_overlap": 0.7139094326486874,
      "val_verse_to_chorus_acc": 0.5663716814159292,
      "val_chorus_to_verse_acc": 0.4444444444444444,
      "val_window_diff": 0.42392439991343944,
      "val_pk_metric": 0.25974303391709075,
      "cnn_receptive_field_usage": 0.7000000000000001,
      "cnn_gradient_norm": 5.082517236471176,
      "cnn_effective_layers": 1
    },
    {
      "epoch": 5,
      "train_loss": 0.4897072911262512,
      "train_chorus_rate": 0.381588556936809,
      "train_max_prob": 0.7010032790047782,
      "train_conf_over_90": 2.8182509205570178e-05,
      "train_conf_over_95": 0.0,
      "val_loss": 0.4793463200330734,
      "val_macro_f1": 0.7598171495981714,
      "val_verse_f1": 0.8222222222222222,
      "val_chorus_f1": 0.6974120769741207,
      "val_chorus_rate": 0.4514405131340027,
      "val_max_prob": 0.7011343836784363,
      "val_conf_over_90": 0.0,
      "val_conf_over_95": 0.0,
      "learning_rate": 0.000437451323255661,
      "epoch_time": 54.837404012680054,
      "val_boundary_f1": 0.43268337975858867,
      "val_boundary_precision": 0.3568147013782542,
      "val_boundary_recall": 0.5495283018867925,
      "val_complete_segments": 0.360052330760095,
      "val_avg_segment_overlap": 0.7075511615456217,
      "val_verse_to_chorus_acc": 0.5132743362831859,
      "val_chorus_to_verse_acc": 0.5555555555555556,
      "val_window_diff": 0.4347153786021981,
      "val_pk_metric": 0.3060772343686765,
      "cnn_receptive_field_usage": 0.7000000000000001,
      "cnn_gradient_norm": 9.904581419059209,
      "cnn_effective_layers": 1
    },
    {
      "epoch": 6,
      "train_loss": 0.46509850876671927,
      "train_chorus_rate": 0.3997015058994293,
      "train_max_prob": 0.7073179994310651,
      "train_conf_over_90": 0.0001875009495831494,
      "train_conf_over_95": 0.0,
      "val_loss": 0.46768540143966675,
      "val_macro_f1": 0.78114921084234,
      "val_verse_f1": 0.8503731343283583,
      "val_chorus_f1": 0.7119252873563218,
      "val_chorus_rate": 0.38953930139541626,
      "val_max_prob": 0.7270604074001312,
      "val_conf_over_90": 0.0,
      "val_conf_over_95": 0.0,