{
  "trial_number": 16,
  "trial_id": "cnn_trial_0016",
  "model_type": "CNN",
  "training_score": 0.6377286643722659,
  "optuna_objective": 0.4383561643835616,
  "validation_metrics": {
    "line_f1": 0.7757271045605921,
    "boundary_f1": 0.4383561643835616,
    "macro_f1": 0.7757271045605921,
    "verse_f1": 0.8396713166443722,
    "chorus_f1": 0.711782892476812,
    "boundary_precision": 0.35767511177347244,
    "boundary_recall": 0.5660377358490566,
    "window_diff": 0.4283967446318606,
    "pk_metric": 0.28651373153793713,
    "confidence": 0.7147258222103119,
    "val_loss": 0.4676676094532013
  },
  "all_results": {
    "line_f1": 0.7757271045605921,
    "boundary_f1": 0.4383561643835616,
    "macro_f1": 0.7757271045605921,
    "verse_f1": 0.8396713166443722,
    "chorus_f1": 0.711782892476812,
    "boundary_precision": 0.35767511177347244,
    "boundary_recall": 0.5660377358490566,
    "window_diff": 0.4283967446318606,
    "pk_metric": 0.28651373153793713,
    "confidence": 0.7147258222103119,
    "val_loss": 0.4676676094532013
  },
  "parameters": {
    "hidden_dim": 128,
    "num_layers": 1,
    "dropout": 0.29191320565902174,
    "cnn_kernel_sizes": "3,7,11",
    "cnn_dilation_rates": "1,2,4,8",
    "cnn_use_residual": true,
    "cnn_batch_multiplier": 1.4990204382656918,
    "attention_enabled": false,
    "max_epochs": 15,
    "batch_size": 64,
    "learning_rate": 0.0005829350976742147,
    "weight_decay": 0.014084004271528642,
    "scheduler": "cosine",
    "min_delta": 0.00031619496044585864,
    "gradient_clip_norm": 0.44826743083991816,
    "validation_strategy": "cnn_composite",
    "boundary_weight": 2.4310267436074895,
    "label_smoothing": 0.1600421022732227,
    "segment_consistency_lambda": 0.02132762817262747,
    "conf_penalty_lambda": 0.005980601823199435,
    "conf_threshold": 0.9384015570729609,
    "entropy_lambda": 0.039595461983313804,
    "max_confidence_threshold": 0.9053020373943588,
    "min_chorus_rate": 0.06179334580759538,
    "max_chorus_rate": 0.8391430390624319,
    "max_conf_over_95_ratio": 0.05716378991925423,
    "head_ssm_enabled": false,
    "tail_ssm_enabled": true,
    "phonetic_ssm_enabled": true,
    "pos_ssm_enabled": true,
    "string_ssm_enabled": true,
    "syllable_pattern_ssm_enabled": false,
    "line_syllable_ssm_enabled": true,
    "word2vec_enabled": true,
    "contextual_enabled": false,
    "head_tail_words": 2,
    "phonetic_mode": "combined",
    "phonetic_similarity": "binary",
    "phonetic_threshold": 0.26277245180941433,
    "pos_tagset": "universal",
    "pos_similarity": "position",
    "pos_threshold": 0.297435608484525,
    "string_similarity": "word_overlap",
    "string_threshold": 0.06416164725526836
  },
  "duration_minutes": 0
}