{
  "trial_number": 104,
  "timestamp": 1756236738.775098,
  "boundary_f1": 0.45582329317269077,
  "line_f1": 0.7794783424232459,
  "macro_f1": 0.7794783424232459,
  "verse_f1": 0.8583830710797613,
  "chorus_f1": 0.7005736137667304,
  "windowdiff": 0.3400918053218695,
  "pk": 0.2383088029991715,
  "val_loss": 0.48810210824012756,
  "val_accuracy": 0.0,
  "weighted_f1": 0.0,
  "training_time": 1545.5689148902893,
  "training_time_minutes": 25.759481914838155,
  "total_params": 0,
  "actual_epochs": 15,
  "config_summary": {
    "attention_enabled": true,
    "hidden_dim": 256,
    "num_layers": 1,
    "max_epochs": 15,
    "batch_size": 32,
    "learning_rate": 0.000950846139652669,
    "boundary_weight": 1.886030723568398,
    "label_smoothing": 0.24697766336199722
  },
  "validation_strategy": "composite",
  "all_metrics": {
    "loss": 0.48810210824012756,
    "chorus_rate": 0.34277423471212387,
    "max_prob_mean": 0.6783161163330078,
    "confidence_over_90": 0.0013974167814012617,
    "confidence_over_95": 0.0,
    "verse_f1": 0.8583830710797613,
    "chorus_f1": 0.7005736137667304,
    "macro_f1": 0.7794783424232459,
    "boundary_f1": 0.45582329317269077,
    "boundary_precision": 0.3968531468531469,
    "boundary_recall": 0.535377358490566,
    "complete_segments": 0.35472870613379626,
    "avg_segment_overlap": 0.6866010328462854,
    "verse_to_chorus_acc": 0.48672566371681414,
    "chorus_to_verse_acc": 0.5151515151515151,
    "window_diff": 0.3400918053218695,
    "pk_metric": 0.2383088029991715
  },
  "parameters": {
    "hidden_dim": 256,
    "num_layers": 1,
    "dropout": 0.25020405344060376,
    "attention_enabled": true,
    "attention_type": "localized",
    "attention_heads": 4,
    "attention_dropout": 0.25770157168917035,
    "max_epochs": 15,
    "batch_size": 32,
    "learning_rate": 0.000950846139652669,
    "weight_decay": 0.018524388202873145,
    "scheduler": "cosine",
    "min_delta": 0.0005509947908572426,
    "gradient_clip_norm": 0.34138084415693126,
    "validation_strategy": "composite",
    "head_tail_words": 2,
    "boundary_weight": 1.886030723568398,
    "label_smoothing": 0.24697766336199722,
    "segment_consistency_lambda": 0.029587347177228954,
    "conf_penalty_lambda": 0.008410672469846036,
    "conf_threshold": 0.9169536472604742,
    "entropy_lambda": 0.03497864079717844,
    "max_confidence_threshold": 0.9373541701634183,
    "min_chorus_rate": 0.08018938569673818,
    "max_chorus_rate": 0.7753956944952692,
    "max_conf_over_95_ratio": 0.1789903333438412,
    "head_ssm_enabled": true,
    "tail_ssm_enabled": true,
    "phonetic_ssm_enabled": true,
    "pos_ssm_enabled": true,
    "string_ssm_enabled": true,
    "syllable_pattern_ssm_enabled": true,
    "line_syllable_ssm_enabled": false,
    "word2vec_enabled": true,
    "contextual_enabled": true,
    "phonetic_mode": "combined",
    "phonetic_similarity_method": "binary",
    "phonetic_normalize": true,
    "phonetic_normalize_method": "minmax",
    "phonetic_high_sim_threshold": 0.2871871712165791,
    "pos_tagset": "universal",
    "pos_similarity_method": "combined",
    "pos_high_sim_threshold": 0.22603785444029847,
    "string_case_sensitive": false,
    "string_remove_punctuation": false,
    "string_similarity_threshold": 0.05561497282390166,
    "string_similarity_method": "jaccard",
    "syllable_pattern_similarity_method": "cosine",
    "syllable_pattern_levenshtein_weight": 0.7186302404512481,
    "syllable_pattern_cosine_weight": 0.21240130052571485,
    "syllable_pattern_normalize": true,
    "syllable_pattern_normalize_method": "zscore",
    "line_syllable_similarity_method": "cosine",
    "line_syllable_ratio_threshold": 0.09971002316312197,
    "line_syllable_normalize": true,
    "line_syllable_normalize_method": "minmax",
    "word2vec_mode": "summary",
    "word2vec_normalize": true,
    "word2vec_similarity_metric": "cosine",
    "word2vec_high_sim_threshold": 0.7694806516230107,
    "contextual_mode": "summary",
    "contextual_normalize": false,
    "contextual_similarity_metric": "dot",
    "contextual_high_sim_threshold": 0.6508099930030627
  },
  "config": {
    "hidden_dim": 256,
    "num_layers": 1,
    "layer_dropout": 0.0,
    "num_classes": 2,
    "dropout": 0.25020405344060376,
    "attention_enabled": true,
    "attention_type": "localized",
    "attention_heads": 4,
    "attention_dropout": 0.25770157168917035,
    "attention_dim": 256,
    "positional_encoding": true,
    "max_seq_length": 1000,
    "window_size": 7,
    "boundary_temperature": 2.0,
    "batch_size": 32,
    "learning_rate": 0.000950846139652669,
    "weight_decay": 0.018524388202873145,
    "max_epochs": 15,
    "patience": 4,
    "gradient_clip_norm": 0.34138084415693126,
    "scheduler": "cosine",
    "min_lr": 1e-06,
    "cosine_t_max": 15,
    "warmup_epochs": 5,
    "lr_factor": 0.5,
    "lr_patience": 10,
    "step_size": 30,
    "step_gamma": 0.5,
    "cosine_t0": 10,
    "cosine_t_mult": 2,
    "min_delta": 0.0005509947908572426,
    "train_file": "data/train.jsonl",
    "val_file": "data/val.jsonl",
    "test_file": "data/test.jsonl",
    "weighted_sampling": true,
    "emergency_monitoring_enabled": true,
    "max_confidence_threshold": 0.9373541701634183,
    "min_chorus_rate": 0.08018938569673818,
    "max_chorus_rate": 0.7753956944952692,
    "max_conf_over_95_ratio": 0.1789903333438412,
    "val_overconf_threshold": 0.96,
    "val_f1_collapse_threshold": 0.1,
    "loss": {
      "loss_type": "boundary_aware",
      "boundary_weight": 1.886030723568398,
      "label_smoothing": 0.24697766336199722,
      "segment_consistency_lambda": 0.029587347177228954,
      "conf_penalty_lambda": 0.008410672469846036,
      "conf_threshold": 0.9169536472604742,
      "entropy_lambda": 0.03497864079717844
    },
    "calibration_enabled": true,
    "calibration_methods": [
      "temperature",
      "platt"
    ],
    "validation_strategy": "composite",
    "head_ssm_enabled": true,
    "head_ssm_words": 2,
    "head_ssm_dimension": 12,
    "tail_ssm_enabled": true,
    "tail_ssm_words": 2,
    "tail_ssm_dimension": 12,
    "phonetic_ssm_enabled": true,
    "phonetic_ssm_mode": "combined",
    "phonetic_ssm_dimension": 12,
    "phonetic_ssm_similarity_method": "binary",
    "phonetic_ssm_normalize": true,
    "phonetic_ssm_normalize_method": "minmax",
    "phonetic_ssm_high_sim_threshold": 0.2871871712165791,
    "pos_ssm_enabled": true,
    "pos_ssm_tagset": "universal",
    "pos_ssm_similarity_method": "combined",
    "pos_ssm_high_sim_threshold": 0.22603785444029847,
    "pos_ssm_dimension": 12,
    "string_ssm_enabled": true,
    "string_ssm_case_sensitive": false,
    "string_ssm_remove_punctuation": false,
    "string_ssm_similarity_threshold": 0.05561497282390166,
    "string_ssm_similarity_method": "jaccard",
    "string_ssm_dimension": 12,
    "syllable_pattern_ssm_enabled": true,
    "syllable_pattern_ssm_similarity_method": "cosine",
    "syllable_pattern_ssm_levenshtein_weight": 0.7718645489680888,
    "syllable_pattern_ssm_cosine_weight": 0.2281354510319113,
    "syllable_pattern_ssm_normalize": true,
    "syllable_pattern_ssm_normalize_method": "zscore",
    "syllable_pattern_ssm_dimension": 12,
    "line_syllable_ssm_enabled": false,
    "line_syllable_ssm_similarity_method": "cosine",
    "line_syllable_ssm_ratio_threshold": 0.09971002316312197,
    "line_syllable_ssm_normalize": true,
    "line_syllable_ssm_normalize_method": "minmax",
    "line_syllable_ssm_dimension": 12,
    "word2vec_enabled": true,
    "word2vec_model": "word2vec-google-news-300",
    "word2vec_mode": "summary",
    "word2vec_normalize": true,
    "word2vec_similarity_metric": "cosine",
    "word2vec_high_sim_threshold": 0.7694806516230107,
    "contextual_enabled": true,
    "contextual_model": "all-MiniLM-L6-v2",
    "contextual_mode": "summary",
    "contextual_normalize": false,
    "contextual_similarity_metric": "dot",