{
  "metadata": {
    "model_info": {
      "hidden_dim": 256,
      "num_layers": 1,
      "dropout": 0.25020405344060376,
      "layer_dropout": 0.0,
      "attention_enabled": true,
      "attention_heads": 4,
      "attention_dropout": 0.25770157168917035,
      "attention_dim": 256,
      "positional_encoding": true,
      "max_seq_length": 1000,
      "total_params": 1252610,
      "lstm_params": 724992,
      "attention_params": 526592,
      "classifier_params": 1026
    },
    "training_info": {
      "batch_size": 32,
      "learning_rate": 0.000950846139652669,
      "scheduler": "cosine",
      "label_smoothing": 0.0,
      "weighted_sampling": true,
      "total_epochs": 15,
      "validation_strategy": "composite",
      "weight_decay": 0.018524388202873145,
      "gradient_clip_norm": 0.34138084415693126,
      "max_epochs": 15,
      "patience": 4
    },
    "calibration_info": {
      "temperature": {
        "ece_before": 0.1295925951279217,
        "ece_after": 0.027474377823953323,
        "improvement": 0.10211821730396839,
        "params": {
          "temperature": 0.46915103604969444
        }
      },
      "platt": {
        "ece_before": 0.1295925951279217,
        "ece_after": 0.0687908966438241,
        "improvement": 0.06080169848409761,
        "params": {
          "A": 1.4999997236065443,
          "B": 0.0
        }
      }
    }
  },
  "metrics": [
    {
      "epoch": 1,
      "train_loss": 0.5745274424552917,
      "train_chorus_rate": 0.5035129978088662,
      "train_max_prob": 0.5902178764343262,
      "train_conf_over_90": 4.0650405571796e-05,
      "train_conf_over_95": 0.0,
      "val_loss": 0.5652936697006226,
      "val_macro_f1": 0.47483036327982703,
      "val_verse_f1": 0.44374836857217437,
      "val_chorus_f1": 0.5059123579874797,
      "val_chorus_rate": 0.7597918808460236,
      "val_max_prob": 0.581231102347374,
      "val_conf_over_90": 0.0,
      "val_conf_over_95": 0.0,
      "learning_rate": 0.0009404679311100972,
      "epoch_time": 93.7647659778595,
      "val_boundary_f1": 0.05993690851735015,
      "val_boundary_precision": 0.09047619047619047,
      "val_boundary_recall": 0.04481132075471698,
      "val_complete_segments": 0.01838362942551702,
      "val_avg_segment_overlap": 0.2322273274957847,
      "val_verse_to_chorus_acc": 0.04424778761061947,
      "val_chorus_to_verse_acc": 0.020202020202020204,
      "val_window_diff": 0.45021481007120134,
      "val_pk_metric": 0.4526117548705925
    },
    {
      "epoch": 2,
      "train_loss": 0.5501589372754097,
      "train_chorus_rate": 0.4307118227239698,
      "train_max_prob": 0.6132613271474838,
      "train_conf_over_90": 0.0,
      "train_conf_over_95": 0.0,
      "val_loss": 0.544875755906105,
      "val_macro_f1": 0.5752696479896159,
      "val_verse_f1": 0.5877862595419847,
      "val_chorus_f1": 0.5627530364372471,
      "val_chorus_rate": 0.6715715974569321,
      "val_max_prob": 0.6002823859453201,
      "val_conf_over_90": 0.0,
      "val_conf_over_95": 0.0,
      "learning_rate": 0.000909786882995862,
      "epoch_time": 102.44916081428528,
      "val_boundary_f1": 0.1457663451232583,
      "val_boundary_precision": 0.13359528487229863,
      "val_boundary_recall": 0.16037735849056603,
      "val_complete_segments": 0.0713079406478134,
      "val_avg_segment_overlap": 0.38753535301823533,
      "val_verse_to_chorus_acc": 0.1415929203539823,
      "val_chorus_to_verse_acc": 0.14646464646464646,
      "val_window_diff": 0.49509136093271866,
      "val_pk_metric": 0.41030574526452135
    },
    {
      "epoch": 3,
      "train_loss": 0.520078432559967,
      "train_chorus_rate": 0.39261346086859705,
      "train_max_prob": 0.6334983259439468,
      "train_conf_over_90": 0.0016825807222630828,
      "train_conf_over_95": 0.0,
      "val_loss": 0.5289379954338074,
      "val_macro_f1": 0.6235412001617217,
      "val_verse_f1": 0.6553442028985507,
      "val_chorus_f1": 0.5917381974248926,
      "val_chorus_rate": 0.6163443177938461,
      "val_max_prob": 0.6420354545116425,
      "val_conf_over_90": 0.0002312673459528014,
      "val_conf_over_95": 0.0,
      "learning_rate": 0.0008601439043365588,
      "epoch_time": 121.32031893730164,
      "val_boundary_f1": 0.202729044834308,
      "val_boundary_precision": 0.17275747508305647,
      "val_boundary_recall": 0.24528301886792453,
      "val_complete_segments": 0.07683924835303414,
      "val_avg_segment_overlap": 0.49246974491369655,
      "val_verse_to_chorus_acc": 0.19911504424778761,
      "val_chorus_to_verse_acc": 0.2777777777777778,
      "val_window_diff": 0.49447855266679147,
      "val_pk_metric": 0.3980156329013631
    },
    {
      "epoch": 4,
      "train_loss": 0.5111097306013107,
      "train_chorus_rate": 0.4063751265406609,
      "train_max_prob": 0.6592074394226074,
      "train_conf_over_90": 0.0014588233141694217,
      "train_conf_over_95": 0.0,
      "val_loss": 0.5133802220225334,
      "val_macro_f1": 0.7300970567347904,
      "val_verse_f1": 0.8077803203661327,
      "val_chorus_f1": 0.6524137931034483,
      "val_chorus_rate": 0.41323087364435196,
      "val_max_prob": 0.6582084447145462,
      "val_conf_over_90": 0.0032107802690006793,
      "val_conf_over_95": 0.0,
      "learning_rate": 0.00079370863151304,
      "epoch_time": 96.7011787891388,
      "val_boundary_f1": 0.3598173515981735,
      "val_boundary_precision": 0.293591654247392,
      "val_boundary_recall": 0.46462264150943394,
      "val_complete_segments": 0.24698825662505408,
      "val_avg_segment_overlap": 0.6280081682217429,
      "val_verse_to_chorus_acc": 0.40707964601769914,
      "val_chorus_to_verse_acc": 0.46464646464646464,
      "val_window_diff": 0.4419029547507796,
      "val_pk_metric": 0.31755355559906473
    },
    {
      "epoch": 5,
      "train_loss": 0.4920528411865234,
      "train_chorus_rate": 0.4022148162126541,
      "train_max_prob": 0.6628289669752121,
      "train_conf_over_90": 0.011420963177806697,
      "train_conf_over_95": 0.000189231542753987,
      "val_loss": 0.5272580608725548,
      "val_macro_f1": 0.755891202579025,
      "val_verse_f1": 0.854745673833246,
      "val_chorus_f1": 0.657036731324804,
      "val_chorus_rate": 0.2966421991586685,
      "val_max_prob": 0.7031216323375702,
      "val_conf_over_90": 0.011497864034026861,
      "val_conf_over_95": 0.0,
      "learning_rate": 0.0007133846047395017,
      "epoch_time": 100.2689459323883,
      "val_boundary_f1": 0.42714570858283435,
      "val_boundary_precision": 0.370242214532872,
      "val_boundary_recall": 0.5047169811320755,
      "val_complete_segments": 0.30421509981425143,
      "val_avg_segment_overlap": 0.6318709966615554,
      "val_verse_to_chorus_acc": 0.4778761061946903,
      "val_chorus_to_verse_acc": 0.43434343434343436,
      "val_window_diff": 0.34637422003660184,
      "val_pk_metric": 0.24977811607057956
    },
    {
      "epoch": 6,
      "train_loss": 0.4961211755871773,
      "train_chorus_rate": 0.378421401232481,
      "train_max_prob": 0.6703573822975158,
      "train_conf_over_90": 0.006125088120461442,
      "train_conf_over_95": 0.0,
      "val_loss": 0.5075801908969879,
      "val_macro_f1": 0.6858307540722935,
      "val_verse_f1": 0.735749099385463,
      "val_chorus_f1": 0.6359124087591241,
      "val_chorus_rate": 0.541159600019455,
      "val_max_prob": 0.6358331590890884,
      "val_conf_over_90": 0.0,
      "val_conf_over_95": 0.0,
      "learning_rate": 0.0006226823694233917,
      "epoch_time": 91.28570008277893,
      "val_boundary_f1": 0.31550317316409787,
      "val_boundary_precision": 0.25625920471281294,
      "val_boundary_recall": 0.41037735849056606,
      "val_complete_segments": 0.19560386018498427,
      "val_avg_segment_overlap": 0.5949647190075765,
      "val_verse_to_chorus_acc": 0.37610619469026546,
      "val_chorus_to_verse_acc": 0.40404040404040403,
      "val_window_diff": 0.47454220331856284,