{
  "trial_number": 95,
  "timestamp": 1756225729.404255,
  "boundary_f1": 0.42165242165242167,
  "line_f1": 0.7619050968381125,
  "macro_f1": 0.7619050968381125,
  "verse_f1": 0.8544650751547304,
  "chorus_f1": 0.6693451185214947,
  "windowdiff": 0.3390940931580979,
  "pk": 0.24110263202748367,
  "val_loss": 0.5307186022400856,
  "val_accuracy": 0.0,
  "weighted_f1": 0.0,
  "training_time": 747.9568428993225,
  "training_time_minutes": 12.465947381655376,
  "total_params": 0,
  "actual_epochs": 15,
  "config_summary": {
    "attention_enabled": true,
    "hidden_dim": 256,
    "num_layers": 1,
    "max_epochs": 15,
    "batch_size": 32,
    "learning_rate": 0.0007457853143047767,
    "boundary_weight": 1.9173355616866181,
    "label_smoothing": 0.29452708033956104
  },
  "validation_strategy": "composite",
  "all_metrics": {
    "loss": 0.5307186022400856,
    "chorus_rate": 0.31245024502277374,
    "max_prob_mean": 0.6380216926336288,
    "confidence_over_90": 0.0,
    "confidence_over_95": 0.0,
    "verse_f1": 0.8544650751547304,
    "chorus_f1": 0.6693451185214947,
    "macro_f1": 0.7619050968381125,
    "boundary_f1": 0.42165242165242167,
    "boundary_precision": 0.35294117647058826,
    "boundary_recall": 0.5235849056603774,
    "complete_segments": 0.31891978897546236,
    "avg_segment_overlap": 0.6611236465382042,
    "verse_to_chorus_acc": 0.4690265486725664,
    "chorus_to_verse_acc": 0.48484848484848486,
    "window_diff": 0.3390940931580979,
    "pk_metric": 0.24110263202748367
  },
  "parameters": {
    "hidden_dim": 256,
    "num_layers": 1,
    "dropout": 0.15930185923847273,
    "attention_enabled": true,
    "attention_type": "localized",
    "attention_heads": 8,
    "attention_dropout": 0.18156313553304324,
    "max_epochs": 15,
    "batch_size": 32,
    "learning_rate": 0.0007457853143047767,
    "weight_decay": 0.01797948712859244,
    "scheduler": "cosine",
    "min_delta": 0.0005616306729713872,
    "gradient_clip_norm": 0.35021481928397497,
    "validation_strategy": "composite",
    "head_tail_words": 4,
    "boundary_weight": 1.9173355616866181,
    "label_smoothing": 0.29452708033956104,
    "segment_consistency_lambda": 0.029172409754868074,
    "conf_penalty_lambda": 0.007781269636135089,
    "conf_threshold": 0.9331584406284538,
    "entropy_lambda": 0.032157175208776013,
    "max_confidence_threshold": 0.9287236677669889,
    "min_chorus_rate": 0.07978104989879506,
    "max_chorus_rate": 0.8960377063722686,
    "max_conf_over_95_ratio": 0.19058546510082475,
    "head_ssm_enabled": true,
    "tail_ssm_enabled": true,
    "phonetic_ssm_enabled": true,
    "pos_ssm_enabled": true,
    "string_ssm_enabled": true,
    "syllable_pattern_ssm_enabled": true,
    "line_syllable_ssm_enabled": false,
    "word2vec_enabled": true,
    "contextual_enabled": false,
    "phonetic_mode": "rhyme",
    "phonetic_similarity_method": "binary",
    "phonetic_normalize": false,
    "phonetic_normalize_method": "minmax",
    "phonetic_high_sim_threshold": 0.340492873589384,
    "pos_tagset": "universal",
    "pos_similarity_method": "combined",
    "pos_high_sim_threshold": 0.23090956528335274,
    "string_case_sensitive": false,
    "string_remove_punctuation": false,
    "string_similarity_threshold": 0.055082676148589804,
    "string_similarity_method": "word_overlap",
    "syllable_pattern_similarity_method": "cosine",
    "syllable_pattern_levenshtein_weight": 0.6799021891909517,
    "syllable_pattern_cosine_weight": 0.21040607650891016,
    "syllable_pattern_normalize": false,
    "syllable_pattern_normalize_method": "zscore",
    "line_syllable_similarity_method": "cosine",
    "line_syllable_ratio_threshold": 0.10731016545273044,
    "line_syllable_normalize": false,
    "line_syllable_normalize_method": "minmax",
    "word2vec_mode": "summary",
    "word2vec_normalize": true,
    "word2vec_similarity_metric": "cosine",
    "word2vec_high_sim_threshold": 0.7749908318309324,
    "contextual_mode": "summary",
    "contextual_normalize": false,
    "contextual_similarity_metric": "dot",
    "contextual_high_sim_threshold": 0.6617249217393676
  },
  "config": {
    "hidden_dim": 256,
    "num_layers": 1,
    "layer_dropout": 0.0,
    "num_classes": 2,
    "dropout": 0.15930185923847273,
    "attention_enabled": true,
    "attention_type": "localized",
    "attention_heads": 8,
    "attention_dropout": 0.18156313553304324,
    "attention_dim": 256,
    "positional_encoding": true,
    "max_seq_length": 1000,
    "window_size": 7,
    "boundary_temperature": 2.0,
    "batch_size": 32,
    "learning_rate": 0.0007457853143047767,
    "weight_decay": 0.01797948712859244,
    "max_epochs": 15,
    "patience": 4,
    "gradient_clip_norm": 0.35021481928397497,
    "scheduler": "cosine",
    "min_lr": 1e-06,
    "cosine_t_max": 15,
    "warmup_epochs": 5,
    "lr_factor": 0.5,
    "lr_patience": 10,
    "step_size": 30,
    "step_gamma": 0.5,
    "cosine_t0": 10,
    "cosine_t_mult": 2,
    "min_delta": 0.0005616306729713872,
    "train_file": "data/train.jsonl",
    "val_file": "data/val.jsonl",
    "test_file": "data/test.jsonl",
    "weighted_sampling": true,
    "emergency_monitoring_enabled": true,
    "max_confidence_threshold": 0.9287236677669889,
    "min_chorus_rate": 0.07978104989879506,
    "max_chorus_rate": 0.8960377063722686,
    "max_conf_over_95_ratio": 0.19058546510082475,
    "val_overconf_threshold": 0.96,
    "val_f1_collapse_threshold": 0.1,
    "loss": {
      "loss_type": "boundary_aware",
      "boundary_weight": 1.9173355616866181,
      "label_smoothing": 0.29452708033956104,
      "segment_consistency_lambda": 0.029172409754868074,
      "conf_penalty_lambda": 0.007781269636135089,
      "conf_threshold": 0.9331584406284538,
      "entropy_lambda": 0.032157175208776013
    },
    "calibration_enabled": true,
    "calibration_methods": [
      "temperature",
      "platt"
    ],
    "validation_strategy": "composite",
    "head_ssm_enabled": true,
    "head_ssm_words": 4,
    "head_ssm_dimension": 12,
    "tail_ssm_enabled": true,
    "tail_ssm_words": 4,
    "tail_ssm_dimension": 12,
    "phonetic_ssm_enabled": true,
    "phonetic_ssm_mode": "rhyme",
    "phonetic_ssm_dimension": 12,
    "phonetic_ssm_similarity_method": "binary",
    "phonetic_ssm_normalize": false,
    "phonetic_ssm_normalize_method": "minmax",
    "phonetic_ssm_high_sim_threshold": 0.340492873589384,
    "pos_ssm_enabled": true,
    "pos_ssm_tagset": "universal",
    "pos_ssm_similarity_method": "combined",
    "pos_ssm_high_sim_threshold": 0.23090956528335274,
    "pos_ssm_dimension": 12,
    "string_ssm_enabled": true,
    "string_ssm_case_sensitive": false,
    "string_ssm_remove_punctuation": false,
    "string_ssm_similarity_threshold": 0.055082676148589804,
    "string_ssm_similarity_method": "word_overlap",
    "string_ssm_dimension": 12,
    "syllable_pattern_ssm_enabled": true,
    "syllable_pattern_ssm_similarity_method": "cosine",
    "syllable_pattern_ssm_levenshtein_weight": 0.7636705345608442,
    "syllable_pattern_ssm_cosine_weight": 0.2363294654391557,
    "syllable_pattern_ssm_normalize": false,
    "syllable_pattern_ssm_normalize_method": "zscore",
    "syllable_pattern_ssm_dimension": 12,
    "line_syllable_ssm_enabled": false,
    "line_syllable_ssm_similarity_method": "cosine",
    "line_syllable_ssm_ratio_threshold": 0.10731016545273044,
    "line_syllable_ssm_normalize": false,
    "line_syllable_ssm_normalize_method": "minmax",
    "line_syllable_ssm_dimension": 12,
    "word2vec_enabled": true,
    "word2vec_model": "word2vec-google-news-300",
    "word2vec_mode": "summary",
    "word2vec_normalize": true,
    "word2vec_similarity_metric": "cosine",
    "word2vec_high_sim_threshold": 0.7749908318309324,
    "contextual_enabled": false,
    "contextual_model": "all-MiniLM-L6-v2",
    "contextual_mode": "summary",
    "contextual_normalize": false,
    "contextual_similarity_metric": "dot",