{
  "metadata": {
    "model_info": {
      "hidden_dim": 256,
      "num_layers": 1,
      "dropout": 0.2693664447156089,
      "layer_dropout": 0.3,
      "attention_enabled": true,
      "attention_heads": 4,
      "attention_dropout": 0.264388399111532,
      "attention_dim": 256,
      "positional_encoding": true,
      "max_seq_length": 1000,
      "total_params": 1252610,
      "lstm_params": 724992,
      "attention_params": 526592,
      "classifier_params": 1026
    },
    "training_info": {
      "batch_size": 32,
      "learning_rate": 0.0009433388164864008,
      "scheduler": "cosine",
      "label_smoothing": 0.0,
      "weighted_sampling": true,
      "total_epochs": 15,
      "validation_strategy": "composite",
      "weight_decay": 0.018209751373407586,
      "gradient_clip_norm": 0.36561638664216023,
      "max_epochs": 15,
      "patience": 8
    },
    "calibration_info": {
      "temperature": {
        "ece_before": 0.09236188707159641,
        "ece_after": 0.02613586300072829,
        "improvement": 0.06622602407086813,
        "params": {
          "temperature": 0.6041869166440234
        }
      },
      "platt": {
        "ece_before": 0.09236188707159641,
        "ece_after": 0.02867141380642627,
        "improvement": 0.06369047326517015,
        "params": {
          "A": 1.6225070441576832,
          "B": 0.0
        }
      }
    }
  },
  "metrics": [
    {
      "epoch": 1,
      "train_loss": 0.5712954670190811,
      "train_chorus_rate": 0.4944220499601215,
      "train_max_prob": 0.5906972080469132,
      "train_conf_over_90": 4.0650405571796e-05,
      "train_conf_over_95": 0.0,
      "val_loss": 0.561947837471962,
      "val_macro_f1": 0.47759458972526625,
      "val_verse_f1": 0.45167958656330753,
      "val_chorus_f1": 0.503509592887225,
      "val_chorus_rate": 0.7501471042633057,
      "val_max_prob": 0.579824835062027,
      "val_conf_over_90": 0.0,
      "val_conf_over_95": 0.0,
      "learning_rate": 0.0009421910714888119,
      "epoch_time": 106.39840579032898,
      "val_boundary_f1": 0.054313099041533544,
      "val_boundary_precision": 0.08415841584158416,
      "val_boundary_recall": 0.04009433962264151,
      "val_complete_segments": 0.018136823386028053,
      "val_avg_segment_overlap": 0.23691456111466744,
      "val_verse_to_chorus_acc": 0.04424778761061947,
      "val_chorus_to_verse_acc": 0.020202020202020204,
      "val_window_diff": 0.44877890854525987,
      "val_pk_metric": 0.4511554940286757
    },
    {
      "epoch": 2,
      "train_loss": 0.5354575350880623,
      "train_chorus_rate": 0.5256291836500168,
      "train_max_prob": 0.6061097472906113,
      "train_conf_over_90": 0.0,
      "train_conf_over_95": 0.0,
      "val_loss": 0.5463615357875824,
      "val_macro_f1": 0.698490973980778,
      "val_verse_f1": 0.8148148148148148,
      "val_chorus_f1": 0.5821671331467412,
      "val_chorus_rate": 0.31559517979621887,
      "val_max_prob": 0.6183553040027618,
      "val_conf_over_90": 0.0,
      "val_conf_over_95": 0.0,
      "learning_rate": 0.0009387534281943029,
      "epoch_time": 109.1651201248169,
      "val_boundary_f1": 0.34920634920634924,
      "val_boundary_precision": 0.3013698630136986,
      "val_boundary_recall": 0.41509433962264153,
      "val_complete_segments": 0.22366744869395982,
      "val_avg_segment_overlap": 0.5585518597702437,
      "val_verse_to_chorus_acc": 0.36283185840707965,
      "val_chorus_to_verse_acc": 0.37373737373737376,
      "val_window_diff": 0.36559873715383395,
      "val_pk_metric": 0.28052136455080073
    },
    {
      "epoch": 3,
      "train_loss": 0.5120940178632736,
      "train_chorus_rate": 0.44054590463638305,
      "train_max_prob": 0.6388382494449616,
      "train_conf_over_90": 0.001822108868509531,
      "train_conf_over_95": 0.0,
      "val_loss": 0.5362496227025986,
      "val_macro_f1": 0.7304995004995005,
      "val_verse_f1": 0.827922077922078,
      "val_chorus_f1": 0.6330769230769231,
      "val_chorus_rate": 0.3400028422474861,
      "val_max_prob": 0.6852152645587921,
      "val_conf_over_90": 0.0022059514885768294,
      "val_conf_over_95": 0.0,
      "learning_rate": 0.0009330426344554538,
      "epoch_time": 127.29616689682007,
      "val_boundary_f1": 0.3751127141568981,
      "val_boundary_precision": 0.30364963503649633,
      "val_boundary_recall": 0.49056603773584906,
      "val_complete_segments": 0.2726487148411857,
      "val_avg_segment_overlap": 0.6231817657498462,
      "val_verse_to_chorus_acc": 0.4690265486725664,
      "val_chorus_to_verse_acc": 0.41919191919191917,
      "val_window_diff": 0.41408793048602877,
      "val_pk_metric": 0.2981435404957101
    },
    {
      "epoch": 4,
      "train_loss": 0.4982531502842903,
      "train_chorus_rate": 0.43584829568862915,
      "train_max_prob": 0.659615358710289,
      "train_conf_over_90": 0.005557074307580479,
      "train_conf_over_95": 0.00031059009197633716,
      "val_loss": 0.5079497843980789,
      "val_macro_f1": 0.7404504141590467,
      "val_verse_f1": 0.8241411327762304,
      "val_chorus_f1": 0.656759695541863,
      "val_chorus_rate": 0.37861140072345734,
      "val_max_prob": 0.6567169427871704,
      "val_conf_over_90": 0.0029795129084959626,
      "val_conf_over_95": 0.0,
      "learning_rate": 0.0009250865126853132,
      "epoch_time": 100.08467388153076,
      "val_boundary_f1": 0.3878326996197719,
      "val_boundary_precision": 0.3248407643312102,
      "val_boundary_recall": 0.4811320754716981,
      "val_complete_segments": 0.2659640192381444,
      "val_avg_segment_overlap": 0.6362097039196404,
      "val_verse_to_chorus_acc": 0.42920353982300885,
      "val_chorus_to_verse_acc": 0.4696969696969697,
      "val_window_diff": 0.40365882397297537,
      "val_pk_metric": 0.2999370731190071
    },
    {
      "epoch": 5,
      "train_loss": 0.4873400926589966,
      "train_chorus_rate": 0.3935593873262405,
      "train_max_prob": 0.6675720453262329,
      "train_conf_over_90": 0.010997556991060264,
      "train_conf_over_95": 0.00015103444166015835,
      "val_loss": 0.5427867397665977,
      "val_macro_f1": 0.740641269253925,
      "val_verse_f1": 0.8579641528576258,
      "val_chorus_f1": 0.6233183856502242,
      "val_chorus_rate": 0.24940630048513412,
      "val_max_prob": 0.7127047032117844,
      "val_conf_over_90": 0.00265867353300564,
      "val_conf_over_95": 0.0,
      "learning_rate": 0.000914923824309399,
      "epoch_time": 105.62858700752258,
      "val_boundary_f1": 0.3739495798319328,
      "val_boundary_precision": 0.3371212121212121,
      "val_boundary_recall": 0.419811320754717,
      "val_complete_segments": 0.24406629967340468,
      "val_avg_segment_overlap": 0.5989664968505944,
      "val_verse_to_chorus_acc": 0.40707964601769914,
      "val_chorus_to_verse_acc": 0.3434343434343434,
      "val_window_diff": 0.3330403408684811,
      "val_pk_metric": 0.24734939164668202
    },
    {
      "epoch": 6,
      "train_loss": 0.4930602103471756,
      "train_chorus_rate": 0.37319671735167503,
      "train_max_prob": 0.665228009223938,
      "train_conf_over_90": 0.0020698070118669422,
      "train_conf_over_95": 0.0,
      "val_loss": 0.5048682615160942,
      "val_macro_f1": 0.6769007711043841,
      "val_verse_f1": 0.7245880590627007,
      "val_chorus_f1": 0.6292134831460674,
      "val_chorus_rate": 0.5526105910539627,
      "val_max_prob": 0.650091290473938,
      "val_conf_over_90": 0.0029246043413877487,
      "val_conf_over_95": 0.0,
      "learning_rate": 0.0009026040809239283,
      "epoch_time": 95.08901190757751,
      "val_boundary_f1": 0.32830188679245287,
      "val_boundary_precision": 0.27358490566037735,
      "val_boundary_recall": 0.41037735849056606,
      "val_complete_segments": 0.20909108434294013,
      "val_avg_segment_overlap": 0.5868454216546478,
      "val_verse_to_chorus_acc": 0.38495575221238937,
      "val_chorus_to_verse_acc": 0.4090909090909091,