{
  "method": "temperature",
  "params": {
    "temperature": 0.7073275911233166
  },
  "ece_before": 0.062208345983257946,
  "ece_after": 0.015562477860094783,
  "improvement": 0.04664586812316316,
  "all_results": [
    {
      "method": "temperature",
      "params": {
        "temperature": 0.7073275911233166
      },
      "ece_before": 0.062208345983257946,
      "ece_after": 0.015562477860094783,
      "improvement": 0.04664586812316316
    },
    {
      "method": "platt",
      "params": {
        "A": 1.3779299198256618,
        "B": 0.0
      },
      "ece_before": 0.062208345983257946,
      "ece_after": 0.01975793783756043,
      "improvement": 0.04245040814569752
    }
  ]
}