{
  "trial_number": 7,
  "timestamp": 1755975584.6525152,
  "boundary_f1": 0.12251655629139072,
  "line_f1": 0.0,
  "windowdiff": 1.0,
  "pk": 1.0,
  "val_loss": Infinity,
  "val_accuracy": 0.0,
  "weighted_f1": 0.0,
  "training_time": 1042.9104931354523,
  "training_time_minutes": 17.381841552257537,
  "total_params": 0,
  "actual_epochs": 12,
  "config_summary": {
    "attention_enabled": false,
    "hidden_dim": 128,
    "num_layers": 2,
    "max_epochs": 12,
    "batch_size": 64,
    "learning_rate": 0.0002987563071416756,
    "boundary_weight": 1.6982044555053728,
    "label_smoothing": 0.15698755566881895
  },
  "validation_strategy": "boundary_f1",
  "all_metrics": {
    "loss": 0.5449557900428772,
    "chorus_rate": 0.4022108316421509,
    "max_prob_mean": 0.5794909596443176,
    "confidence_over_90": 0.0,
    "confidence_over_95": 0.0,
    "verse_f1": 0.7190160832544938,
    "chorus_f1": 0.48058761804826866,
    "macro_f1": 0.5998018506513813,
    "boundary_f1": 0.12251655629139072,
    "boundary_precision": 0.20555555555555555,
    "boundary_recall": 0.08726415094339622,
    "complete_segments": 0.0440014367816092,
    "avg_segment_overlap": 0.277615092032328,
    "verse_to_chorus_acc": 0.09734513274336283,
    "chorus_to_verse_acc": 0.04040404040404041,
    "window_diff": 0.3609469089390147,
    "pk_metric": 0.3489251382461039
  },
  "parameters": {
    "hidden_dim": 128,
    "num_layers": 2,
    "dropout": 0.30969587060787984,
    "layer_dropout": 0.30817962705810464,
    "attention_enabled": false,
    "max_epochs": 12,
    "batch_size": 64,
    "learning_rate": 0.0002987563071416756,
    "weight_decay": 0.008178911788825332,
    "scheduler": "cosine",
    "min_delta": 0.0005085228653172233,
    "gradient_clip_norm": 0.8609145271092145,
    "validation_strategy": "boundary_f1",
    "head_tail_words": 2,
    "boundary_weight": 1.6982044555053728,
    "label_smoothing": 0.15698755566881895,
    "segment_consistency_lambda": 0.028353836532488574,
    "conf_penalty_lambda": 0.00973456768675227,
    "conf_threshold": 0.9112390327493975,
    "entropy_lambda": 0.04174496945515424,
    "max_confidence_threshold": 0.9545027370738253,
    "min_chorus_rate": 0.1357234696502828,
    "max_chorus_rate": 0.7067854425328874,
    "max_conf_over_95_ratio": 0.1865335279222321,
    "head_ssm_enabled": false,
    "tail_ssm_enabled": true,
    "phonetic_ssm_enabled": false,
    "pos_ssm_enabled": false,
    "string_ssm_enabled": true,
    "syllable_pattern_ssm_enabled": true,
    "line_syllable_ssm_enabled": false,
    "word2vec_enabled": true,
    "contextual_enabled": false,
    "phonetic_mode": "rhyme",
    "phonetic_similarity_method": "binary",
    "phonetic_normalize": false,
    "phonetic_normalize_method": "minmax",
    "phonetic_high_sim_threshold": 0.3369438002674137,
    "pos_tagset": "simplified",
    "pos_similarity_method": "jaccard",
    "pos_high_sim_threshold": 0.3199702049539934,
    "string_case_sensitive": false,
    "string_remove_punctuation": false,
    "string_similarity_threshold": 0.04510427439620438,
    "string_similarity_method": "word_overlap",
    "syllable_pattern_similarity_method": "combined",
    "syllable_pattern_levenshtein_weight": 0.7510237019010857,
    "syllable_pattern_cosine_weight": 0.3042395521571639,
    "syllable_pattern_normalize": true,
    "syllable_pattern_normalize_method": "zscore",
    "line_syllable_similarity_method": "cosine",
    "line_syllable_ratio_threshold": 0.07442776595034382,
    "line_syllable_normalize": false,
    "line_syllable_normalize_method": "zscore",
    "word2vec_mode": "summary",
    "word2vec_normalize": true,
    "word2vec_similarity_metric": "dot",
    "word2vec_high_sim_threshold": 0.8072163665093345,
    "contextual_mode": "summary",
    "contextual_normalize": true,
    "contextual_similarity_metric": "cosine",
    "contextual_high_sim_threshold": 0.6505570717204945
  },
  "config": {
    "hidden_dim": 128,
    "num_layers": 2,
    "layer_dropout": 0.30817962705810464,
    "num_classes": 2,
    "dropout": 0.30969587060787984,
    "attention_enabled": false,
    "attention_type": null,
    "attention_heads": 1,
    "attention_dropout": 0.0,
    "attention_dim": 128,
    "positional_encoding": false,
    "max_seq_length": 1000,
    "window_size": 7,
    "boundary_temperature": 2.0,
    "batch_size": 64,
    "learning_rate": 0.0002987563071416756,
    "weight_decay": 0.008178911788825332,
    "max_epochs": 12,
    "patience": 4,
    "gradient_clip_norm": 0.8609145271092145,
    "scheduler": "cosine",
    "min_lr": 1e-06,
    "cosine_t_max": 12,
    "warmup_epochs": 5,
    "lr_factor": 0.5,
    "lr_patience": 10,
    "step_size": 30,
    "step_gamma": 0.5,
    "cosine_t0": 10,
    "cosine_t_mult": 2,
    "min_delta": 0.0005085228653172233,
    "train_file": "data/train.jsonl",
    "val_file": "data/val.jsonl",
    "test_file": "data/test.jsonl",
    "weighted_sampling": true,
    "emergency_monitoring_enabled": true,
    "max_confidence_threshold": 0.9545027370738253,
    "min_chorus_rate": 0.1357234696502828,
    "max_chorus_rate": 0.7067854425328874,
    "max_conf_over_95_ratio": 0.1865335279222321,
    "val_overconf_threshold": 0.96,
    "val_f1_collapse_threshold": 0.1,
    "loss": {
      "loss_type": "boundary_aware",
      "boundary_weight": 1.6982044555053728,
      "label_smoothing": 0.15698755566881895,
      "segment_consistency_lambda": 0.028353836532488574,
      "conf_penalty_lambda": 0.00973456768675227,
      "conf_threshold": 0.9112390327493975,
      "entropy_lambda": 0.04174496945515424
    },
    "calibration_enabled": true,
    "calibration_methods": [
      "temperature",
      "platt"
    ],
    "validation_strategy": "boundary_f1",
    "head_ssm_enabled": false,
    "head_ssm_words": 2,
    "head_ssm_dimension": 12,
    "tail_ssm_enabled": true,
    "tail_ssm_words": 2,
    "tail_ssm_dimension": 12,
    "phonetic_ssm_enabled": false,
    "phonetic_ssm_mode": "rhyme",
    "phonetic_ssm_dimension": 12,
    "phonetic_ssm_similarity_method": "binary",
    "phonetic_ssm_normalize": false,
    "phonetic_ssm_normalize_method": "minmax",
    "phonetic_ssm_high_sim_threshold": 0.3369438002674137,
    "pos_ssm_enabled": false,
    "pos_ssm_tagset": "simplified",
    "pos_ssm_similarity_method": "jaccard",
    "pos_ssm_high_sim_threshold": 0.3199702049539934,
    "pos_ssm_dimension": 12,
    "string_ssm_enabled": true,
    "string_ssm_case_sensitive": false,
    "string_ssm_remove_punctuation": false,
    "string_ssm_similarity_threshold": 0.04510427439620438,
    "string_ssm_similarity_method": "word_overlap",
    "string_ssm_dimension": 12,
    "syllable_pattern_ssm_enabled": true,
    "syllable_pattern_ssm_similarity_method": "combined",
    "syllable_pattern_ssm_levenshtein_weight": 0.7116932187422019,
    "syllable_pattern_ssm_cosine_weight": 0.288306781257798,
    "syllable_pattern_ssm_normalize": true,
    "syllable_pattern_ssm_normalize_method": "zscore",
    "syllable_pattern_ssm_dimension": 12,
    "line_syllable_ssm_enabled": false,
    "line_syllable_ssm_similarity_method": "cosine",
    "line_syllable_ssm_ratio_threshold": 0.07442776595034382,
    "line_syllable_ssm_normalize": false,
    "line_syllable_ssm_normalize_method": "zscore",
    "line_syllable_ssm_dimension": 12,
    "word2vec_enabled": true,
    "word2vec_model": "word2vec-google-news-300",
    "word2vec_mode": "summary",
    "word2vec_normalize": true,
    "word2vec_similarity_metric": "dot",
    "word2vec_high_sim_threshold": 0.8072163665093345,
    "contextual_enabled": false,
    "contextual_model": "all-MiniLM-L6-v2",
    "contextual_mode": "summary",
    "contextual_normalize": true,
    "contextual_similarity_metric": "cosine",
    "contextual_high_sim_threshold": 0.6505570717204945
  }
}