{
  "metadata": {
    "model_info": {
      "hidden_dim": 128,
      "num_layers": 2,
      "dropout": 0.30969587060787984,
      "layer_dropout": 0.30817962705810464,
      "attention_enabled": false,
      "attention_heads": 1,
      "attention_dropout": 0.0,
      "attention_dim": 128,
      "positional_encoding": false,
      "max_seq_length": 1000,
      "total_params": 578050,
      "lstm_params": 577536,
      "attention_params": 0,
      "classifier_params": 514
    },
    "training_info": {
      "batch_size": 64,
      "learning_rate": 0.0002987563071416756,
      "scheduler": "cosine",
      "label_smoothing": 0.0,
      "weighted_sampling": true,
      "total_epochs": 12,
      "validation_strategy": "boundary_f1",
      "weight_decay": 0.008178911788825332,
      "gradient_clip_norm": 0.8609145271092145,
      "max_epochs": 12,
      "patience": 4
    },
    "calibration_info": {
      "temperature": {
        "ece_before": 0.055791451048640216,
        "ece_after": 0.019344127951061788,
        "improvement": 0.03644732309757843,
        "params": {
          "temperature": 0.5537417164466287
        }
      },
      "platt": {
        "ece_before": 0.055791451048640216,
        "ece_after": 0.06676328975582874,
        "improvement": -0.01097183870718852,
        "params": {
          "A": 0.9999993308056329,
          "B": -0.03276107205322831
        }
      }
    }
  },
  "metrics": [
    {
      "epoch": 1,
      "train_loss": 0.5291215896606445,
      "train_chorus_rate": 0.2553194832056761,
      "train_max_prob": 0.535006183385849,
      "train_conf_over_90": 0.0,
      "train_conf_over_95": 0.0,
      "val_loss": 0.5545980632305145,
      "val_macro_f1": 0.5239019339251237,
      "val_verse_f1": 0.5937031484257871,
      "val_chorus_f1": 0.45410071942446045,
      "val_chorus_rate": 0.5534392893314362,
      "val_max_prob": 0.5355335474014282,
      "val_conf_over_90": 0.0,
      "val_conf_over_95": 0.0,
      "learning_rate": 0.0002936834070751401,
      "epoch_time": 68.93168592453003,
      "val_boundary_f1": 0.057971014492753624,
      "val_boundary_precision": 0.125,
      "val_boundary_recall": 0.03773584905660377,
      "val_complete_segments": 0.018438697318007662,
      "val_avg_segment_overlap": 0.22042922566125372,
      "val_verse_to_chorus_acc": 0.061946902654867256,
      "val_chorus_to_verse_acc": 0.0,
      "val_window_diff": 0.44842417005643276,
      "val_pk_metric": 0.46478293852645663
    },
    {
      "epoch": 2,
      "train_loss": 0.5312155902385711,
      "train_chorus_rate": 0.48255327343940735,
      "train_max_prob": 0.5582383811473847,
      "train_conf_over_90": 0.0,
      "train_conf_over_95": 0.0,
      "val_loss": 0.5541014075279236,
      "val_macro_f1": 0.5005801321180428,
      "val_verse_f1": 0.5399499203277942,
      "val_chorus_f1": 0.4612103439082912,
      "val_chorus_rate": 0.6211616694927216,
      "val_max_prob": 0.5537412166595459,
      "val_conf_over_90": 0.0,
      "val_conf_over_95": 0.0,
      "learning_rate": 0.0002788104166317043,
      "epoch_time": 47.381789207458496,
      "val_boundary_f1": 0.04744525547445255,
      "val_boundary_precision": 0.10483870967741936,
      "val_boundary_recall": 0.030660377358490566,
      "val_complete_segments": 0.013050766283524903,
      "val_avg_segment_overlap": 0.1951824593584695,
      "val_verse_to_chorus_acc": 0.035398230088495575,
      "val_chorus_to_verse_acc": 0.0,
      "val_window_diff": 0.436300247274353,
      "val_pk_metric": 0.4391072773672352
    },
    {
      "epoch": 3,
      "train_loss": 0.5217470228672028,
      "train_chorus_rate": 0.45410321950912474,
      "train_max_prob": 0.5714091002941132,
      "train_conf_over_90": 0.0,
      "train_conf_over_95": 0.0,
      "val_loss": 0.5513266623020172,
      "val_macro_f1": 0.5679205531009655,
      "val_verse_f1": 0.6706349206349207,
      "val_chorus_f1": 0.4652061855670103,
      "val_chorus_rate": 0.46231013536453247,
      "val_max_prob": 0.5583212077617645,
      "val_conf_over_90": 0.0,
      "val_conf_over_95": 0.0,
      "learning_rate": 0.0002551509055313094,
      "epoch_time": 43.500519037246704,
      "val_boundary_f1": 0.062385321100917435,
      "val_boundary_precision": 0.14049586776859505,
      "val_boundary_recall": 0.04009433962264151,
      "val_complete_segments": 0.02173132183908046,
      "val_avg_segment_overlap": 0.22822089158437886,
      "val_verse_to_chorus_acc": 0.05752212389380531,
      "val_chorus_to_verse_acc": 0.005050505050505051,
      "val_window_diff": 0.3846547167053718,
      "val_pk_metric": 0.3999677132837283
    },
    {
      "epoch": 4,
      "train_loss": 0.5350261509418488,
      "train_chorus_rate": 0.5836268723011017,
      "train_max_prob": 0.5611722052097321,
      "train_conf_over_90": 0.0,
      "train_conf_over_95": 0.0,
      "val_loss": 0.5545229911804199,
      "val_macro_f1": 0.5747559997662273,
      "val_verse_f1": 0.7850805126519882,
      "val_chorus_f1": 0.36443148688046645,
      "val_chorus_rate": 0.20559560507535934,
      "val_max_prob": 0.567793995141983,
      "val_conf_over_90": 0.0,
      "val_conf_over_95": 0.0,
      "learning_rate": 0.00022431723035625667,
      "epoch_time": 48.81631422042847,
      "val_boundary_f1": 0.058608058608058615,
      "val_boundary_precision": 0.13114754098360656,
      "val_boundary_recall": 0.03773584905660377,
      "val_complete_segments": 0.019815613026819924,
      "val_avg_segment_overlap": 0.2366284344876451,
      "val_verse_to_chorus_acc": 0.048672566371681415,
      "val_chorus_to_verse_acc": 0.010101010101010102,
      "val_window_diff": 0.3473107906466031,
      "val_pk_metric": 0.35882849349207385
    },
    {
      "epoch": 5,
      "train_loss": 0.5139802008867264,
      "train_chorus_rate": 0.35841784775257113,
      "train_max_prob": 0.5756787180900573,
      "train_conf_over_90": 0.0,
      "train_conf_over_95": 0.0,
      "val_loss": 0.5469354093074799,
      "val_macro_f1": 0.5356980293509175,
      "val_verse_f1": 0.5830176064185425,
      "val_chorus_f1": 0.4883784522832924,
      "val_chorus_rate": 0.5982456207275391,
      "val_max_prob": 0.5671597123146057,
      "val_conf_over_90": 0.0,
      "val_conf_over_95": 0.0,
      "learning_rate": 0.00018841065511466845,
      "epoch_time": 77.85169005393982,
      "val_boundary_f1": 0.03163444639718805,
      "val_boundary_precision": 0.06206896551724138,
      "val_boundary_recall": 0.02122641509433962,
      "val_complete_segments": 0.012691570881226053,
      "val_avg_segment_overlap": 0.23013377223154108,
      "val_verse_to_chorus_acc": 0.022123893805309734,
      "val_chorus_to_verse_acc": 0.010101010101010102,
      "val_window_diff": 0.417661086952141,
      "val_pk_metric": 0.42233516482277256
    },
    {
      "epoch": 6,
      "train_loss": 0.5172073781490326,
      "train_chorus_rate": 0.5015156149864197,
      "train_max_prob": 0.5853682160377502,
      "train_conf_over_90": 0.0,
      "train_conf_over_95": 0.0,
      "val_loss": 0.5414769053459167,
      "val_macro_f1": 0.5175915359470804,
      "val_verse_f1": 0.5403377110694184,
      "val_chorus_f1": 0.4948453608247423,
      "val_chorus_rate": 0.6533046662807465,
      "val_max_prob": 0.5690885484218597,
      "val_conf_over_90": 0.0,
      "val_conf_over_95": 0.0,
      "learning_rate": 0.00014987815357083779,
      "epoch_time": 41.9425048828125,
      "val_boundary_f1": 0.05944055944055943,
      "val_boundary_precision": 0.11486486486486487,
      "val_boundary_recall": 0.04009433962264151,
      "val_complete_segments": 0.019995210727969347,
      "val_avg_segment_overlap": 0.23082738576443906,
      "val_verse_to_chorus_acc": 0.04424778761061947,
      "val_chorus_to_verse_acc": 0.010101010101010102,
      "val_window_diff": 0.39716630380308493,
      "val_pk_metric": 0.4083271995296515
    },
    {
      "epoch": 7,
      "train_loss": 0.5053360402584076,
      "train_chorus_rate": 0.42626276314258577,