{
  "method": "temperature",
  "params": {
    "temperature": 0.6005157860609981
  },
  "ece_before": 0.0773740272625022,
  "ece_after": 0.014677086050946036,
  "improvement": 0.06269694121155617,
  "all_results": [
    {
      "method": "temperature",
      "params": {
        "temperature": 0.6005157860609981
      },
      "ece_before": 0.0773740272625022,
      "ece_after": 0.014677086050946036,
      "improvement": 0.06269694121155617
    },
    {
      "method": "platt",
      "params": {
        "A": 1.6292585764714638,
        "B": 0.0
      },
      "ece_before": 0.0773740272625022,
      "ece_after": 0.017927913701487403,
      "improvement": 0.0594461135610148
    }
  ]
}