{
  "trial_number": 5,
  "trial_id": "cnn_trial_0005",
  "model_type": "CNN",
  "training_score": 0.3982222222222222,
  "optuna_objective": 0.3982222222222222,
  "validation_metrics": {
    "line_f1": 0.7563442249634718,
    "boundary_f1": 0.3982222222222222,
    "macro_f1": 0.7563442249634718,
    "verse_f1": 0.8273107645492582,
    "chorus_f1": 0.6853776853776854,
    "boundary_precision": 0.3195435092724679,
    "boundary_recall": 0.5283018867924528,
    "window_diff": 0.5036935310422362,
    "pk_metric": 0.3294034364539724,
    "confidence": 0.6941526085138321,
    "val_loss": 0.4839719384908676
  },
  "all_results": {
    "line_f1": 0.7563442249634718,
    "boundary_f1": 0.3982222222222222,
    "macro_f1": 0.7563442249634718,
    "verse_f1": 0.8273107645492582,
    "chorus_f1": 0.6853776853776854,
    "boundary_precision": 0.3195435092724679,
    "boundary_recall": 0.5283018867924528,
    "window_diff": 0.5036935310422362,
    "pk_metric": 0.3294034364539724,
    "confidence": 0.6941526085138321,
    "val_loss": 0.4839719384908676
  },
  "parameters": {
    "hidden_dim": 128,
    "num_layers": 1,
    "dropout": 0.3143491041062528,
    "cnn_kernel_sizes": "3,5,7",
    "cnn_dilation_rates": "1,2,4",
    "cnn_use_residual": true,
    "cnn_batch_multiplier": 1.2526261862239285,
    "attention_enabled": true,
    "attention_type": "self",
    "attention_heads": 4,
    "attention_dropout": 0.16386272751808298,
    "max_epochs": 12,
    "batch_size": 32,
    "learning_rate": 0.0001964313365651723,
    "weight_decay": 0.00848587564235941,
    "scheduler": "onecycle",
    "min_delta": 0.0007936632532885901,
    "gradient_clip_norm": 0.8527326999561877,
    "validation_strategy": "boundary_f1",
    "boundary_weight": 2.2747644411618677,
    "label_smoothing": 0.17207652506866886,
    "segment_consistency_lambda": 0.023877041827583,
    "conf_penalty_lambda": 0.006754575062760394,
    "conf_threshold": 0.9235120104928282,
    "entropy_lambda": 0.022859833641056718,
    "max_confidence_threshold": 0.9152302126343494,
    "min_chorus_rate": 0.062364361266325226,
    "max_chorus_rate": 0.8260673605673674,
    "max_conf_over_95_ratio": 0.052523204183449926,
    "head_ssm_enabled": true,
    "tail_ssm_enabled": true,
    "phonetic_ssm_enabled": false,
    "pos_ssm_enabled": true,
    "string_ssm_enabled": false,
    "syllable_pattern_ssm_enabled": false,
    "line_syllable_ssm_enabled": true,
    "word2vec_enabled": false,
    "contextual_enabled": true,
    "head_tail_words": 2,
    "phonetic_mode": "alliteration",
    "phonetic_similarity": "sequence_match",
    "phonetic_threshold": 0.32460448792654234,
    "pos_tagset": "universal",
    "pos_similarity": "jaccard",
    "pos_threshold": 0.22121544746898164,
    "string_similarity": "word_overlap",
    "string_threshold": 0.055554022181726
  },
  "duration_minutes": 0
}