{
  "metadata": {
    "model_info": {
      "hidden_dim": 256,
      "num_layers": 2,
      "dropout": 0.17850535298375542,
      "layer_dropout": 0.2348174435251224,
      "attention_enabled": true,
      "attention_heads": 4,
      "attention_dropout": 0.18030291174228788,
      "attention_dim": 256,
      "positional_encoding": true,
      "max_seq_length": 1000,
      "total_params": 3526147,
      "lstm_params": 2965504,
      "attention_params": 559617,
      "classifier_params": 1026
    },
    "training_info": {
      "batch_size": 32,
      "learning_rate": 0.0009986852960962886,
      "scheduler": "cosine",
      "label_smoothing": 0.0,
      "weighted_sampling": true,
      "total_epochs": 15,
      "validation_strategy": "composite",
      "weight_decay": 0.01835838612008037,
      "gradient_clip_norm": 0.3617185411801002,
      "max_epochs": 15,
      "patience": 4
    },
    "calibration_info": {
      "temperature": {
        "ece_before": 0.09776455553318056,
        "ece_after": 0.022519233565199363,
        "improvement": 0.0752453219679812,
        "params": {
          "temperature": 0.5743262016448908
        }
      },
      "platt": {
        "ece_before": 0.09776455553318056,
        "ece_after": 0.03553310417238997,
        "improvement": 0.062231451360790585,
        "params": {
          "A": 1.5253990300640592,
          "B": 0.0
        }
      }
    }
  },
  "metrics": [
    {
      "epoch": 1,
      "train_loss": 0.5995463013648987,
      "train_chorus_rate": 0.44825460771098735,
      "train_max_prob": 0.5980533927679061,
      "train_conf_over_90": 0.0034246575087308884,
      "train_conf_over_95": 0.0,
      "val_loss": 0.5877898931503296,
      "val_macro_f1": 0.443285683082651,
      "val_verse_f1": 0.4103367267032106,
      "val_chorus_f1": 0.4762346394620914,
      "val_chorus_rate": 0.7596021294593811,
      "val_max_prob": 0.5545642524957657,
      "val_conf_over_90": 0.0,
      "val_conf_over_95": 0.0,
      "learning_rate": 0.000987784387380135,
      "epoch_time": 229.58003306388855,
      "val_boundary_f1": 0.053859964093357277,
      "val_boundary_precision": 0.11278195488721804,
      "val_boundary_recall": 0.03537735849056604,
      "val_complete_segments": 0.022053579105540927,
      "val_avg_segment_overlap": 0.19826449486705433,
      "val_verse_to_chorus_acc": 0.05752212389380531,
      "val_chorus_to_verse_acc": 0.0,
      "val_window_diff": 0.4127441401622939,
      "val_pk_metric": 0.4067968695822604
    },
    {
      "epoch": 2,
      "train_loss": 0.5496187552809715,
      "train_chorus_rate": 0.42556661698035897,
      "train_max_prob": 0.5860845535993576,
      "train_conf_over_90": 0.0021463414654135705,
      "train_conf_over_95": 0.0,
      "val_loss": 0.5760286599397659,
      "val_macro_f1": 0.6346830486776195,
      "val_verse_f1": 0.8330415406652874,
      "val_chorus_f1": 0.4363245566899516,
      "val_chorus_rate": 0.15791076235473156,
      "val_max_prob": 0.5876788049936295,
      "val_conf_over_90": 0.0,
      "val_conf_over_95": 0.0,
      "learning_rate": 0.0009555580832509333,
      "epoch_time": 206.88750410079956,
      "val_boundary_f1": 0.25060827250608275,
      "val_boundary_precision": 0.25879396984924624,
      "val_boundary_recall": 0.2429245283018868,
      "val_complete_segments": 0.12284362456684832,
      "val_avg_segment_overlap": 0.4051941243336571,
      "val_verse_to_chorus_acc": 0.2743362831858407,
      "val_chorus_to_verse_acc": 0.1414141414141414,
      "val_window_diff": 0.2848296313682064,
      "val_pk_metric": 0.2681838823381311
    },
    {
      "epoch": 3,
      "train_loss": 0.535475404560566,
      "train_chorus_rate": 0.4330793496221304,
      "train_max_prob": 0.6358021557331085,
      "train_conf_over_90": 0.0002917361329309642,
      "train_conf_over_95": 0.0,
      "val_loss": 0.5280955135822296,
      "val_macro_f1": 0.724284284719805,
      "val_verse_f1": 0.8169117647058823,
      "val_chorus_f1": 0.6316568047337278,
      "val_chorus_rate": 0.3650917261838913,
      "val_max_prob": 0.651168629527092,
      "val_conf_over_90": 0.0,
      "val_conf_over_95": 0.0,
      "learning_rate": 0.0009034148278380939,
      "epoch_time": 152.50139904022217,
      "val_boundary_f1": 0.35852372583479786,
      "val_boundary_precision": 0.2857142857142857,
      "val_boundary_recall": 0.4811320754716981,
      "val_complete_segments": 0.21709557042271782,
      "val_avg_segment_overlap": 0.6130029515107739,
      "val_verse_to_chorus_acc": 0.4424778761061947,
      "val_chorus_to_verse_acc": 0.43434343434343436,
      "val_window_diff": 0.44079600163957977,
      "val_pk_metric": 0.31520701630403775
    },
    {
      "epoch": 4,
      "train_loss": 0.5045100674033165,
      "train_chorus_rate": 0.3937184177339077,
      "train_max_prob": 0.6571197956800461,
      "train_conf_over_90": 0.0013842740911059082,
      "train_conf_over_95": 0.0,
      "val_loss": 0.5122262537479401,
      "val_macro_f1": 0.7426659865065881,
      "val_verse_f1": 0.8236832274934629,
      "val_chorus_f1": 0.6616487455197133,
      "val_chorus_rate": 0.386013500392437,
      "val_max_prob": 0.6419310122728348,
      "val_conf_over_90": 0.0,
      "val_conf_over_95": 0.0,
      "learning_rate": 0.0008336335316142578,
      "epoch_time": 124.99653100967407,
      "val_boundary_f1": 0.3473861720067454,
      "val_boundary_precision": 0.27034120734908135,
      "val_boundary_recall": 0.4858490566037736,
      "val_complete_segments": 0.22322791660013291,
      "val_avg_segment_overlap": 0.6469664494595747,
      "val_verse_to_chorus_acc": 0.415929203539823,
      "val_chorus_to_verse_acc": 0.5050505050505051,
      "val_window_diff": 0.4462005941405071,
      "val_pk_metric": 0.3141779441288004
    },
    {
      "epoch": 5,
      "train_loss": 0.48579968214035035,
      "train_chorus_rate": 0.38099258840084077,
      "train_max_prob": 0.676010611653328,
      "train_conf_over_90": 0.00711172515002545,
      "train_conf_over_95": 0.0008160237222909928,
      "val_loss": 0.5043899491429329,
      "val_macro_f1": 0.7517693158626731,
      "val_verse_f1": 0.8430879712746859,
      "val_chorus_f1": 0.6604506604506604,
      "val_chorus_rate": 0.33251845836639404,
      "val_max_prob": 0.6960235387086868,
      "val_conf_over_90": 0.005748641648096964,
      "val_conf_over_95": 0.0,
      "learning_rate": 0.0007492639720722167,
      "epoch_time": 166.47254180908203,
      "val_boundary_f1": 0.3752417794970987,
      "val_boundary_precision": 0.3180327868852459,
      "val_boundary_recall": 0.45754716981132076,
      "val_complete_segments": 0.22238107862445083,
      "val_avg_segment_overlap": 0.6431316685284729,
      "val_verse_to_chorus_acc": 0.37168141592920356,
      "val_chorus_to_verse_acc": 0.494949494949495,
      "val_window_diff": 0.3469329961657561,
      "val_pk_metric": 0.2584370456178448
    },
    {
      "epoch": 6,
      "train_loss": 0.48453587740659715,
      "train_chorus_rate": 0.3663559965789318,
      "train_max_prob": 0.6920119017362595,
      "train_conf_over_90": 0.013686743180733174,
      "train_conf_over_95": 0.0003175250923959538,
      "val_loss": 0.48670899868011475,
      "val_macro_f1": 0.7323567781761509,
      "val_verse_f1": 0.7961126537088458,
      "val_chorus_f1": 0.6686009026434558,
      "val_chorus_rate": 0.46282751113176346,
      "val_max_prob": 0.7102347612380981,
      "val_conf_over_90": 0.02766282018274069,
      "val_conf_over_95": 0.0,
      "learning_rate": 0.0006539935038140218,
      "epoch_time": 140.29420399665833,
      "val_boundary_f1": 0.3583406884377758,
      "val_boundary_precision": 0.2863187588152327,
      "val_boundary_recall": 0.47877358490566035,
      "val_complete_segments": 0.23866312911912063,
      "val_avg_segment_overlap": 0.6465477865695799,
      "val_verse_to_chorus_acc": 0.415929203539823,
      "val_chorus_to_verse_acc": 0.4898989898989899,
      "val_window_diff": 0.44296616899565405,