{
  "trial_number": 61,
  "timestamp": 1756181105.8793721,
  "boundary_f1": 0.08264462809917357,
  "line_f1": 0.5976669698069701,
  "macro_f1": 0.5976669698069701,
  "verse_f1": 0.7270024159078238,
  "chorus_f1": 0.4683315237061165,
  "windowdiff": 0.3580135871796624,
  "pk": 0.3507466337904872,
  "val_loss": 0.5934005677700043,
  "val_accuracy": 0.0,
  "weighted_f1": 0.0,
  "training_time": 477.81798005104065,
  "training_time_minutes": 7.9636330008506775,
  "total_params": 0,
  "actual_epochs": 8,
  "config_summary": {
    "attention_enabled": true,
    "hidden_dim": 256,
    "num_layers": 2,
    "max_epochs": 8,
    "batch_size": 32,
    "learning_rate": 0.00028314998018235266,
    "boundary_weight": 2.14302535283326,
    "label_smoothing": 0.17663230153019044
  },
  "validation_strategy": "boundary_f1",
  "all_metrics": {
    "loss": 0.5934005677700043,
    "chorus_rate": 0.3798518627882004,
    "max_prob_mean": 0.576251208782196,
    "confidence_over_90": 0.0,
    "confidence_over_95": 0.0,
    "verse_f1": 0.7270024159078238,
    "chorus_f1": 0.4683315237061165,
    "macro_f1": 0.5976669698069701,
    "boundary_f1": 0.08264462809917357,
    "boundary_precision": 0.13812154696132597,
    "boundary_recall": 0.0589622641509434,
    "complete_segments": 0.06694233811147915,
    "avg_segment_overlap": 0.2800466434674622,
    "verse_to_chorus_acc": 0.048672566371681415,
    "chorus_to_verse_acc": 0.06060606060606061,
    "window_diff": 0.3580135871796624,
    "pk_metric": 0.3507466337904872
  },
  "parameters": {
    "hidden_dim": 256,
    "num_layers": 2,
    "dropout": 0.19752743041778345,
    "layer_dropout": 0.2631327198020507,
    "attention_enabled": true,
    "attention_heads": 8,
    "attention_dropout": 0.14127118592115706,
    "max_epochs": 8,
    "batch_size": 32,
    "learning_rate": 0.00028314998018235266,
    "weight_decay": 0.012548059462792338,
    "scheduler": "cosine",
    "min_delta": 0.00013553491807479238,
    "gradient_clip_norm": 0.47997776987652313,
    "validation_strategy": "boundary_f1",
    "head_tail_words": 4,
    "boundary_weight": 2.14302535283326,
    "label_smoothing": 0.17663230153019044,
    "segment_consistency_lambda": 0.02128878833080194,
    "conf_penalty_lambda": 0.011662771694579991,
    "conf_threshold": 0.9437259731307912,
    "entropy_lambda": 0.030088798045302675,
    "max_confidence_threshold": 0.9477436875593062,
    "min_chorus_rate": 0.05868615591794493,
    "max_chorus_rate": 0.8609432368753989,
    "max_conf_over_95_ratio": 0.08843776865912516,
    "head_ssm_enabled": true,
    "tail_ssm_enabled": false,
    "phonetic_ssm_enabled": true,
    "pos_ssm_enabled": false,
    "string_ssm_enabled": false,
    "syllable_pattern_ssm_enabled": true,
    "line_syllable_ssm_enabled": true,
    "word2vec_enabled": false,
    "contextual_enabled": false,
    "phonetic_mode": "rhyme",
    "phonetic_similarity_method": "binary",
    "phonetic_normalize": false,
    "phonetic_normalize_method": "zscore",
    "phonetic_high_sim_threshold": 0.31633005460935737,
    "pos_tagset": "universal",
    "pos_similarity_method": "jaccard",
    "pos_high_sim_threshold": 0.2871597099107626,
    "string_case_sensitive": true,
    "string_remove_punctuation": true,
    "string_similarity_threshold": 0.054564699625906765,
    "string_similarity_method": "word_overlap",
    "syllable_pattern_similarity_method": "levenshtein",
    "syllable_pattern_levenshtein_weight": 0.6828164793921344,
    "syllable_pattern_cosine_weight": 0.22563984571859622,
    "syllable_pattern_normalize": false,
    "syllable_pattern_normalize_method": "minmax",
    "line_syllable_similarity_method": "cosine",
    "line_syllable_ratio_threshold": 0.09966382851963536,
    "line_syllable_normalize": false,
    "line_syllable_normalize_method": "minmax",
    "word2vec_mode": "complete",
    "word2vec_normalize": true,
    "word2vec_similarity_metric": "dot",
    "word2vec_high_sim_threshold": 0.7704662255741729,
    "contextual_mode": "complete",
    "contextual_normalize": false,
    "contextual_similarity_metric": "dot",
    "contextual_high_sim_threshold": 0.6833437133753092
  },
  "config": {
    "hidden_dim": 256,
    "num_layers": 2,
    "layer_dropout": 0.2631327198020507,
    "num_classes": 2,
    "dropout": 0.19752743041778345,
    "attention_enabled": true,
    "attention_type": "boundary_aware",
    "attention_heads": 8,
    "attention_dropout": 0.14127118592115706,
    "attention_dim": 256,
    "positional_encoding": true,
    "max_seq_length": 1000,
    "window_size": 7,
    "boundary_temperature": 2.0,
    "batch_size": 32,
    "learning_rate": 0.00028314998018235266,
    "weight_decay": 0.012548059462792338,
    "max_epochs": 8,
    "patience": 4,
    "gradient_clip_norm": 0.47997776987652313,
    "scheduler": "cosine",
    "min_lr": 1e-06,
    "cosine_t_max": 8,
    "warmup_epochs": 5,
    "lr_factor": 0.5,
    "lr_patience": 10,
    "step_size": 30,
    "step_gamma": 0.5,
    "cosine_t0": 10,
    "cosine_t_mult": 2,
    "min_delta": 0.00013553491807479238,
    "train_file": "data/train.jsonl",
    "val_file": "data/val.jsonl",
    "test_file": "data/test.jsonl",
    "weighted_sampling": true,
    "emergency_monitoring_enabled": true,
    "max_confidence_threshold": 0.9477436875593062,
    "min_chorus_rate": 0.05868615591794493,
    "max_chorus_rate": 0.8609432368753989,
    "max_conf_over_95_ratio": 0.08843776865912516,
    "val_overconf_threshold": 0.96,
    "val_f1_collapse_threshold": 0.1,
    "loss": {
      "loss_type": "boundary_aware",
      "boundary_weight": 2.14302535283326,
      "label_smoothing": 0.17663230153019044,
      "segment_consistency_lambda": 0.02128878833080194,
      "conf_penalty_lambda": 0.011662771694579991,
      "conf_threshold": 0.9437259731307912,
      "entropy_lambda": 0.030088798045302675
    },
    "calibration_enabled": true,
    "calibration_methods": [
      "temperature",
      "platt"
    ],
    "validation_strategy": "boundary_f1",
    "head_ssm_enabled": true,
    "head_ssm_words": 4,
    "head_ssm_dimension": 12,
    "tail_ssm_enabled": false,
    "tail_ssm_words": 4,
    "tail_ssm_dimension": 12,
    "phonetic_ssm_enabled": true,
    "phonetic_ssm_mode": "rhyme",
    "phonetic_ssm_dimension": 12,
    "phonetic_ssm_similarity_method": "binary",
    "phonetic_ssm_normalize": false,
    "phonetic_ssm_normalize_method": "zscore",
    "phonetic_ssm_high_sim_threshold": 0.31633005460935737,
    "pos_ssm_enabled": false,
    "pos_ssm_tagset": "universal",
    "pos_ssm_similarity_method": "jaccard",
    "pos_ssm_high_sim_threshold": 0.2871597099107626,
    "pos_ssm_dimension": 12,
    "string_ssm_enabled": false,
    "string_ssm_case_sensitive": true,
    "string_ssm_remove_punctuation": true,
    "string_ssm_similarity_threshold": 0.054564699625906765,
    "string_ssm_similarity_method": "word_overlap",
    "string_ssm_dimension": 12,
    "syllable_pattern_ssm_enabled": true,
    "syllable_pattern_ssm_similarity_method": "levenshtein",
    "syllable_pattern_ssm_levenshtein_weight": 0.751622791892507,
    "syllable_pattern_ssm_cosine_weight": 0.24837720810749295,
    "syllable_pattern_ssm_normalize": false,
    "syllable_pattern_ssm_normalize_method": "minmax",
    "syllable_pattern_ssm_dimension": 12,
    "line_syllable_ssm_enabled": true,
    "line_syllable_ssm_similarity_method": "cosine",
    "line_syllable_ssm_ratio_threshold": 0.09966382851963536,
    "line_syllable_ssm_normalize": false,
    "line_syllable_ssm_normalize_method": "minmax",
    "line_syllable_ssm_dimension": 12,
    "word2vec_enabled": false,
    "word2vec_model": "word2vec-google-news-300",
    "word2vec_mode": "complete",
    "word2vec_normalize": true,
    "word2vec_similarity_metric": "dot",
    "word2vec_high_sim_threshold": 0.7704662255741729,
    "contextual_enabled": false,
    "contextual_model": "all-MiniLM-L6-v2",
    "contextual_mode": "complete",
    "contextual_normalize": false,
    "contextual_similarity_metric": "dot",