{
  "trial_number": 0,
  "boundary_f1": 0.32194244604316546,
  "validation_strategy": "composite",
  "all_metrics": {
    "loss": 0.6227377653121948,
    "chorus_rate": 0.35916759073734283,
    "max_prob_mean": 0.6459300816059113,
    "confidence_over_90": 0.006865072529762983,
    "confidence_over_95": 0.0,
    "verse_f1": 0.7980223402307269,
    "chorus_f1": 0.5888930301900858,
    "macro_f1": 0.6934576852104064,
    "boundary_f1": 0.32194244604316546,
    "boundary_precision": 0.2601744186046512,
    "boundary_recall": 0.4221698113207547,
    "complete_segments": 0.18857758620689655,
    "avg_segment_overlap": 0.5756279603863473,
    "verse_to_chorus_acc": 0.336283185840708,
    "chorus_to_verse_acc": 0.398989898989899,
    "window_diff": 0.4115611444571073,
    "pk_metric": 0.3073620035781037
  },
  "parameters": {
    "hidden_dim": 256,
    "num_layers": 1,
    "dropout": 0.34716342093799524,
    "attention_heads": 8,
    "attention_dropout": 0.16465715723098995,
    "max_epochs": 27,
    "batch_size": 64,
    "learning_rate": 0.0006811732104454634,
    "weight_decay": 1.4660008844535642e-05,
    "scheduler": "cosine_restarts",
    "patience": 12,
    "min_delta": 0.0005872291836502135,
    "gradient_clip_norm": 0.7684008651404061,
    "validation_strategy": "composite",
    "head_tail_words": 3,
    "boundary_weight": 2.6553742622017316,
    "label_smoothing": 0.286065984546662,
    "segment_consistency_lambda": 0.027642696595619035,
    "conf_penalty_lambda": 0.01512859648442617,
    "conf_threshold": 0.9205443527387405,
    "entropy_lambda": 0.012795818881500888,
    "max_confidence_threshold": 0.9563350514972366,
    "min_chorus_rate": 0.0891879327919666,
    "max_chorus_rate": 0.8676429786502202,
    "max_conf_over_95_ratio": 0.05523022489355029,
    "head_ssm_enabled": true,
    "tail_ssm_enabled": false,
    "phonetic_ssm_enabled": false,
    "pos_ssm_enabled": true,
    "string_ssm_enabled": false,
    "syllable_pattern_ssm_enabled": false,
    "line_syllable_ssm_enabled": true,
    "word2vec_enabled": false,
    "contextual_enabled": false,
    "phonetic_mode": "rhyme",
    "phonetic_similarity_method": "edit_distance",
    "phonetic_normalize": false,
    "phonetic_normalize_method": "zscore",
    "phonetic_high_sim_threshold": 0.2732238898639585,
    "pos_tagset": "simplified",
    "pos_similarity_method": "combined",
    "pos_high_sim_threshold": 0.2776043851128196,
    "string_case_sensitive": false,
    "string_remove_punctuation": false,
    "string_similarity_threshold": 0.046422266208318776,
    "string_similarity_method": "levenshtein",
    "syllable_pattern_similarity_method": "levenshtein",
    "syllable_pattern_levenshtein_weight": 0.6169451637433583,
    "syllable_pattern_cosine_weight": 0.30049070253726323,
    "syllable_pattern_normalize": true,
    "syllable_pattern_normalize_method": "zscore",
    "line_syllable_similarity_method": "cosine",
    "line_syllable_ratio_threshold": 0.07850960094750145,
    "line_syllable_normalize": true,
    "line_syllable_normalize_method": "zscore",
    "word2vec_mode": "complete",
    "word2vec_normalize": false,
    "word2vec_similarity_metric": "cosine",
    "word2vec_high_sim_threshold": 0.7753696562860096,
    "contextual_mode": "complete",
    "contextual_normalize": true,
    "contextual_similarity_metric": "dot",
    "contextual_high_sim_threshold": 0.7346091284972198
  },
  "config": {
    "hidden_dim": 256,
    "num_layers": 1,
    "layer_dropout": 0.0,
    "num_classes": 2,
    "dropout": 0.34716342093799524,
    "attention_enabled": true,
    "attention_type": "boundary_aware",
    "attention_heads": 8,
    "attention_dropout": 0.16465715723098995,
    "attention_dim": 256,
    "positional_encoding": true,
    "max_seq_length": 1000,
    "window_size": 7,
    "boundary_temperature": 2.0,
    "batch_size": 64,
    "learning_rate": 0.0006811732104454634,
    "weight_decay": 1.4660008844535642e-05,
    "max_epochs": 27,
    "patience": 12,
    "gradient_clip_norm": 0.7684008651404061,
    "scheduler": "cosine_restarts",
    "min_lr": 1e-06,
    "cosine_t_max": 27,
    "warmup_epochs": 5,
    "lr_factor": 0.5,
    "lr_patience": 10,
    "step_size": 30,
    "step_gamma": 0.5,
    "cosine_t0": 10,
    "cosine_t_mult": 2,
    "min_delta": 0.0005872291836502135,
    "train_file": "data/train.jsonl",
    "val_file": "data/val.jsonl",
    "test_file": "data/test.jsonl",
    "weighted_sampling": true,
    "emergency_monitoring_enabled": true,
    "max_confidence_threshold": 0.9563350514972366,
    "min_chorus_rate": 0.0891879327919666,
    "max_chorus_rate": 0.8676429786502202,
    "max_conf_over_95_ratio": 0.05523022489355029,
    "val_overconf_threshold": 0.96,
    "val_f1_collapse_threshold": 0.1,
    "loss": {
      "loss_type": "boundary_aware",
      "boundary_weight": 2.6553742622017316,
      "label_smoothing": 0.286065984546662,
      "segment_consistency_lambda": 0.027642696595619035,
      "conf_penalty_lambda": 0.01512859648442617,
      "conf_threshold": 0.9205443527387405,
      "entropy_lambda": 0.012795818881500888
    },
    "calibration_enabled": true,
    "calibration_methods": [
      "temperature",
      "platt"
    ],
    "validation_strategy": "composite",
    "head_ssm_enabled": true,
    "head_ssm_words": 3,
    "head_ssm_dimension": 12,
    "tail_ssm_enabled": false,
    "tail_ssm_words": 3,
    "tail_ssm_dimension": 12,
    "phonetic_ssm_enabled": false,
    "phonetic_ssm_mode": "rhyme",
    "phonetic_ssm_dimension": 12,
    "phonetic_ssm_similarity_method": "edit_distance",
    "phonetic_ssm_normalize": false,
    "phonetic_ssm_normalize_method": "zscore",
    "phonetic_ssm_high_sim_threshold": 0.2732238898639585,
    "pos_ssm_enabled": true,
    "pos_ssm_tagset": "simplified",
    "pos_ssm_similarity_method": "combined",
    "pos_ssm_high_sim_threshold": 0.2776043851128196,
    "pos_ssm_dimension": 12,
    "string_ssm_enabled": false,
    "string_ssm_case_sensitive": false,
    "string_ssm_remove_punctuation": false,
    "string_ssm_similarity_threshold": 0.046422266208318776,
    "string_ssm_similarity_method": "levenshtein",
    "string_ssm_dimension": 12,
    "syllable_pattern_ssm_enabled": false,
    "syllable_pattern_ssm_similarity_method": "levenshtein",
    "syllable_pattern_ssm_levenshtein_weight": 0.6724668027690228,
    "syllable_pattern_ssm_cosine_weight": 0.32753319723097724,
    "syllable_pattern_ssm_normalize": true,
    "syllable_pattern_ssm_normalize_method": "zscore",
    "syllable_pattern_ssm_dimension": 12,
    "line_syllable_ssm_enabled": true,
    "line_syllable_ssm_similarity_method": "cosine",
    "line_syllable_ssm_ratio_threshold": 0.07850960094750145,
    "line_syllable_ssm_normalize": true,
    "line_syllable_ssm_normalize_method": "zscore",
    "line_syllable_ssm_dimension": 12,
    "word2vec_enabled": false,
    "word2vec_model": "word2vec-google-news-300",
    "word2vec_mode": "complete",
    "word2vec_normalize": false,
    "word2vec_similarity_metric": "cosine",
    "word2vec_high_sim_threshold": 0.7753696562860096,
    "contextual_enabled": false,
    "contextual_model": "all-MiniLM-L6-v2",
    "contextual_mode": "complete",
    "contextual_normalize": true,
    "contextual_similarity_metric": "dot",
    "contextual_high_sim_threshold": 0.7346091284972198
  }
}