{
  "trial_number": 22,
  "timestamp": 1756053805.0011892,
  "boundary_f1": 0.3952855847688123,
  "line_f1": 0.7616275715109104,
  "macro_f1": 0.7616275715109104,
  "verse_f1": 0.8500806018269749,
  "chorus_f1": 0.6731745411948459,
  "windowdiff": 0.3558237687071083,
  "pk": 0.26242838542859703,
  "val_loss": 0.483169749379158,
  "val_accuracy": 0.0,
  "weighted_f1": 0.0,
  "training_time": 1255.246412038803,
  "training_time_minutes": 20.92077353398005,
  "total_params": 0,
  "actual_epochs": 15,
  "config_summary": {
    "attention_enabled": true,
    "hidden_dim": 256,
    "num_layers": 1,
    "max_epochs": 15,
    "batch_size": 32,
    "learning_rate": 0.00039152875751860886,
    "boundary_weight": 2.0409072960042676,
    "label_smoothing": 0.15167822973435635
  },
  "validation_strategy": "composite",
  "all_metrics": {
    "loss": 0.483169749379158,
    "chorus_rate": 0.33064986020326614,
    "max_prob_mean": 0.7138656079769135,
    "confidence_over_90": 0.04015116719529033,
    "confidence_over_95": 0.0028181922243675217,
    "verse_f1": 0.8500806018269749,
    "chorus_f1": 0.6731745411948459,
    "macro_f1": 0.7616275715109104,
    "boundary_f1": 0.3952855847688123,
    "boundary_precision": 0.32106038291605304,
    "boundary_recall": 0.5141509433962265,
    "complete_segments": 0.2874533410853665,
    "avg_segment_overlap": 0.6588129352652494,
    "verse_to_chorus_acc": 0.45132743362831856,
    "chorus_to_verse_acc": 0.4898989898989899,
    "window_diff": 0.3558237687071083,
    "pk_metric": 0.26242838542859703
  },
  "parameters": {
    "hidden_dim": 256,
    "num_layers": 1,
    "dropout": 0.18241363640576885,
    "attention_enabled": true,
    "attention_heads": 4,
    "attention_dropout": 0.22243926306352135,
    "max_epochs": 15,
    "batch_size": 32,
    "learning_rate": 0.00039152875751860886,
    "weight_decay": 0.012141645757854341,
    "scheduler": "cosine",
    "min_delta": 0.00040923966253836975,
    "gradient_clip_norm": 0.30525353467920735,
    "validation_strategy": "composite",
    "head_tail_words": 2,
    "boundary_weight": 2.0409072960042676,
    "label_smoothing": 0.15167822973435635,
    "segment_consistency_lambda": 0.01313178843281147,
    "conf_penalty_lambda": 0.010889402512543236,
    "conf_threshold": 0.9395656280443845,
    "entropy_lambda": 0.03225363675871107,
    "max_confidence_threshold": 0.9646333222806179,
    "min_chorus_rate": 0.1320987500051993,
    "max_chorus_rate": 0.7361079146029184,
    "max_conf_over_95_ratio": 0.14083233349050767,
    "head_ssm_enabled": true,
    "tail_ssm_enabled": true,
    "phonetic_ssm_enabled": true,
    "pos_ssm_enabled": true,
    "string_ssm_enabled": false,
    "syllable_pattern_ssm_enabled": true,
    "line_syllable_ssm_enabled": false,
    "word2vec_enabled": true,
    "contextual_enabled": false,
    "phonetic_mode": "rhyme",
    "phonetic_similarity_method": "edit_distance",
    "phonetic_normalize": false,
    "phonetic_normalize_method": "zscore",
    "phonetic_high_sim_threshold": 0.31504441578075804,
    "pos_tagset": "universal",
    "pos_similarity_method": "combined",
    "pos_high_sim_threshold": 0.2522548008712583,
    "string_case_sensitive": true,
    "string_remove_punctuation": false,
    "string_similarity_threshold": 0.0560476185110131,
    "string_similarity_method": "word_overlap",
    "syllable_pattern_similarity_method": "cosine",
    "syllable_pattern_levenshtein_weight": 0.6189451943355203,
    "syllable_pattern_cosine_weight": 0.25252885056804675,
    "syllable_pattern_normalize": true,
    "syllable_pattern_normalize_method": "zscore",
    "line_syllable_similarity_method": "cosine",
    "line_syllable_ratio_threshold": 0.10675097681364526,
    "line_syllable_normalize": false,
    "line_syllable_normalize_method": "minmax",
    "word2vec_mode": "summary",
    "word2vec_normalize": true,
    "word2vec_similarity_metric": "cosine",
    "word2vec_high_sim_threshold": 0.8028496990576208,
    "contextual_mode": "summary",
    "contextual_normalize": false,
    "contextual_similarity_metric": "dot",
    "contextual_high_sim_threshold": 0.7054029378394124
  },
  "config": {
    "hidden_dim": 256,
    "num_layers": 1,
    "layer_dropout": 0.0,
    "num_classes": 2,
    "dropout": 0.18241363640576885,
    "attention_enabled": true,
    "attention_type": "boundary_aware",
    "attention_heads": 4,
    "attention_dropout": 0.22243926306352135,
    "attention_dim": 256,
    "positional_encoding": true,
    "max_seq_length": 1000,
    "window_size": 7,
    "boundary_temperature": 2.0,
    "batch_size": 32,
    "learning_rate": 0.00039152875751860886,
    "weight_decay": 0.012141645757854341,
    "max_epochs": 15,
    "patience": 4,
    "gradient_clip_norm": 0.30525353467920735,
    "scheduler": "cosine",
    "min_lr": 1e-06,
    "cosine_t_max": 15,
    "warmup_epochs": 5,
    "lr_factor": 0.5,
    "lr_patience": 10,
    "step_size": 30,
    "step_gamma": 0.5,
    "cosine_t0": 10,
    "cosine_t_mult": 2,
    "min_delta": 0.00040923966253836975,
    "train_file": "data/train.jsonl",
    "val_file": "data/val.jsonl",
    "test_file": "data/test.jsonl",
    "weighted_sampling": true,
    "emergency_monitoring_enabled": true,
    "max_confidence_threshold": 0.9646333222806179,
    "min_chorus_rate": 0.1320987500051993,
    "max_chorus_rate": 0.7361079146029184,
    "max_conf_over_95_ratio": 0.14083233349050767,
    "val_overconf_threshold": 0.96,
    "val_f1_collapse_threshold": 0.1,
    "loss": {
      "loss_type": "boundary_aware",
      "boundary_weight": 2.0409072960042676,
      "label_smoothing": 0.15167822973435635,
      "segment_consistency_lambda": 0.01313178843281147,
      "conf_penalty_lambda": 0.010889402512543236,
      "conf_threshold": 0.9395656280443845,
      "entropy_lambda": 0.03225363675871107
    },
    "calibration_enabled": true,
    "calibration_methods": [
      "temperature",
      "platt"
    ],
    "validation_strategy": "composite",
    "head_ssm_enabled": true,
    "head_ssm_words": 2,
    "head_ssm_dimension": 12,
    "tail_ssm_enabled": true,
    "tail_ssm_words": 2,
    "tail_ssm_dimension": 12,
    "phonetic_ssm_enabled": true,
    "phonetic_ssm_mode": "rhyme",
    "phonetic_ssm_dimension": 12,
    "phonetic_ssm_similarity_method": "edit_distance",
    "phonetic_ssm_normalize": false,
    "phonetic_ssm_normalize_method": "zscore",
    "phonetic_ssm_high_sim_threshold": 0.31504441578075804,
    "pos_ssm_enabled": true,
    "pos_ssm_tagset": "universal",
    "pos_ssm_similarity_method": "combined",
    "pos_ssm_high_sim_threshold": 0.2522548008712583,
    "pos_ssm_dimension": 12,
    "string_ssm_enabled": false,
    "string_ssm_case_sensitive": true,
    "string_ssm_remove_punctuation": false,
    "string_ssm_similarity_threshold": 0.0560476185110131,
    "string_ssm_similarity_method": "word_overlap",
    "string_ssm_dimension": 12,
    "syllable_pattern_ssm_enabled": true,
    "syllable_pattern_ssm_similarity_method": "cosine",
    "syllable_pattern_ssm_levenshtein_weight": 0.7102279155129739,
    "syllable_pattern_ssm_cosine_weight": 0.289772084487026,
    "syllable_pattern_ssm_normalize": true,
    "syllable_pattern_ssm_normalize_method": "zscore",
    "syllable_pattern_ssm_dimension": 12,
    "line_syllable_ssm_enabled": false,
    "line_syllable_ssm_similarity_method": "cosine",
    "line_syllable_ssm_ratio_threshold": 0.10675097681364526,
    "line_syllable_ssm_normalize": false,
    "line_syllable_ssm_normalize_method": "minmax",
    "line_syllable_ssm_dimension": 12,
    "word2vec_enabled": true,
    "word2vec_model": "word2vec-google-news-300",
    "word2vec_mode": "summary",
    "word2vec_normalize": true,
    "word2vec_similarity_metric": "cosine",
    "word2vec_high_sim_threshold": 0.8028496990576208,
    "contextual_enabled": false,
    "contextual_model": "all-MiniLM-L6-v2",
    "contextual_mode": "summary",
    "contextual_normalize": false,
    "contextual_similarity_metric": "dot",