{
  "metadata": {
    "model_info": {
      "hidden_dim": 256,
      "num_layers": 1,
      "dropout": 0.18241363640576885,
      "layer_dropout": 0.0,
      "attention_enabled": true,
      "attention_heads": 4,
      "attention_dropout": 0.22243926306352135,
      "attention_dim": 256,
      "positional_encoding": true,
      "max_seq_length": 1000,
      "total_params": 1236483,
      "lstm_params": 675840,
      "attention_params": 559617,
      "classifier_params": 1026
    },
    "training_info": {
      "batch_size": 32,
      "learning_rate": 0.00039152875751860886,
      "scheduler": "cosine",
      "label_smoothing": 0.0,
      "weighted_sampling": true,
      "total_epochs": 15,
      "validation_strategy": "composite",
      "weight_decay": 0.012141645757854341,
      "gradient_clip_norm": 0.30525353467920735,
      "max_epochs": 15,
      "patience": 4
    },
    "calibration_info": {
      "temperature": {
        "ece_before": 0.08070639245695121,
        "ece_after": 0.017857608251815236,
        "improvement": 0.06284878420513598,
        "params": {
          "temperature": 0.6518838883367809
        }
      },
      "platt": {
        "ece_before": 0.08070639245695121,
        "ece_after": 0.019512937629269693,
        "improvement": 0.06119345482768152,
        "params": {
          "A": 1.5067752046916634,
          "B": 0.0
        }
      }
    }
  },
  "metrics": [
    {
      "epoch": 1,
      "train_loss": 0.5654560923576355,
      "train_chorus_rate": 0.4594547494314611,
      "train_max_prob": 0.5638611912727356,
      "train_conf_over_90": 0.0,
      "train_conf_over_95": 0.0,
      "val_loss": 0.5857301354408264,
      "val_macro_f1": 0.5719362116257846,
      "val_verse_f1": 0.7965856015461427,
      "val_chorus_f1": 0.3472868217054264,
      "val_chorus_rate": 0.1756948959082365,
      "val_max_prob": 0.5804762244224548,
      "val_conf_over_90": 0.0,
      "val_conf_over_95": 0.0,
      "learning_rate": 0.00038726176235149515,
      "epoch_time": 52.66648483276367,
      "val_boundary_f1": 0.182076813655761,
      "val_boundary_precision": 0.22939068100358423,
      "val_boundary_recall": 0.1509433962264151,
      "val_complete_segments": 0.07268326120393989,
      "val_avg_segment_overlap": 0.2938831341697422,
      "val_verse_to_chorus_acc": 0.13274336283185842,
      "val_chorus_to_verse_acc": 0.11616161616161616,
      "val_window_diff": 0.3247718479222223,
      "val_pk_metric": 0.306207134679904
    },
    {
      "epoch": 2,
      "train_loss": 0.5486653774976731,
      "train_chorus_rate": 0.35045678708702327,
      "train_max_prob": 0.5852231979370117,
      "train_conf_over_90": 0.0,
      "train_conf_over_95": 0.0,
      "val_loss": 0.564624011516571,
      "val_macro_f1": 0.6604414913910432,
      "val_verse_f1": 0.8109579717542964,
      "val_chorus_f1": 0.50992501102779,
      "val_chorus_rate": 0.257633525878191,
      "val_max_prob": 0.5938599407672882,
      "val_conf_over_90": 0.0,
      "val_conf_over_95": 0.0,
      "learning_rate": 0.00037464726501427136,
      "epoch_time": 49.43543815612793,
      "val_boundary_f1": 0.2782782782782783,
      "val_boundary_precision": 0.2417391304347826,
      "val_boundary_recall": 0.3278301886792453,
      "val_complete_segments": 0.15996178916380402,
      "val_avg_segment_overlap": 0.4708751938591121,
      "val_verse_to_chorus_acc": 0.2920353982300885,
      "val_chorus_to_verse_acc": 0.2777777777777778,
      "val_window_diff": 0.3440304990507682,
      "val_pk_metric": 0.28812258737553154
    },
    {
      "epoch": 3,
      "train_loss": 0.5072595700621605,
      "train_chorus_rate": 0.4269540935754776,
      "train_max_prob": 0.6426340222358704,
      "train_conf_over_90": 0.007142687652958557,
      "train_conf_over_95": 0.0,
      "val_loss": 0.5335328951478004,
      "val_macro_f1": 0.6924973467221813,
      "val_verse_f1": 0.7961058045554739,
      "val_chorus_f1": 0.5888888888888888,
      "val_chorus_rate": 0.36460762470960617,
      "val_max_prob": 0.681351438164711,
      "val_conf_over_90": 0.037693667225539684,
      "val_conf_over_95": 0.0012710694136330858,
      "learning_rate": 0.0003542365795716483,
      "epoch_time": 61.61394715309143,
      "val_boundary_f1": 0.29616724738675965,
      "val_boundary_precision": 0.23480662983425415,
      "val_boundary_recall": 0.4009433962264151,
      "val_complete_segments": 0.17958576096168885,
      "val_avg_segment_overlap": 0.5560501323658261,
      "val_verse_to_chorus_acc": 0.3584070796460177,
      "val_chorus_to_verse_acc": 0.3686868686868687,
      "val_window_diff": 0.38362219630981537,
      "val_pk_metric": 0.3097371313741901
    },
    {
      "epoch": 4,
      "train_loss": 0.4945330128073692,
      "train_chorus_rate": 0.3745592460036278,
      "train_max_prob": 0.6689712136983872,
      "train_conf_over_90": 0.02068065768107772,
      "train_conf_over_95": 0.0012648148374864831,
      "val_loss": 0.5408357381820679,
      "val_macro_f1": 0.7133439018413592,
      "val_verse_f1": 0.8466051969823973,
      "val_chorus_f1": 0.5800826067003212,
      "val_chorus_rate": 0.2365795560181141,
      "val_max_prob": 0.7171211093664169,
      "val_conf_over_90": 0.049201635643839836,
      "val_conf_over_95": 0.0015023367595858872,
      "learning_rate": 0.00032692175091880363,
      "epoch_time": 60.592427015304565,
      "val_boundary_f1": 0.35567970204841715,
      "val_boundary_precision": 0.29384615384615387,
      "val_boundary_recall": 0.45047169811320753,
      "val_complete_segments": 0.2230112554608843,
      "val_avg_segment_overlap": 0.5714717706780365,
      "val_verse_to_chorus_acc": 0.4026548672566372,
      "val_chorus_to_verse_acc": 0.3939393939393939,
      "val_window_diff": 0.3407946962425426,
      "val_pk_metric": 0.2719812568180892
    },
    {
      "epoch": 5,
      "train_loss": 0.503505066037178,
      "train_chorus_rate": 0.357535894960165,
      "train_max_prob": 0.6902479112148285,
      "train_conf_over_90": 0.033408445003442463,
      "train_conf_over_95": 0.0019439897267147898,
      "val_loss": 0.5527019798755646,
      "val_macro_f1": 0.6958608301030538,
      "val_verse_f1": 0.843150231634679,
      "val_chorus_f1": 0.5485714285714287,
      "val_chorus_rate": 0.21718857809901237,
      "val_max_prob": 0.7025244981050491,
      "val_conf_over_90": 0.021112585673108697,
      "val_conf_over_95": 0.0,
      "learning_rate": 0.0002938965681389567,
      "epoch_time": 49.50017309188843,
      "val_boundary_f1": 0.33142857142857146,
      "val_boundary_precision": 0.2779552715654952,
      "val_boundary_recall": 0.41037735849056606,
      "val_complete_segments": 0.2049038945778076,
      "val_avg_segment_overlap": 0.5693650248032983,
      "val_verse_to_chorus_acc": 0.36283185840707965,
      "val_chorus_to_verse_acc": 0.3787878787878788,
      "val_window_diff": 0.36165238572458835,
      "val_pk_metric": 0.2734567698813311
    },
    {
      "epoch": 6,
      "train_loss": 0.5042968258261681,
      "train_chorus_rate": 0.42600774168968203,
      "train_max_prob": 0.6748356461524964,
      "train_conf_over_90": 0.015725774376187475,
      "train_conf_over_95": 0.0004094568139407784,
      "val_loss": 0.5234180986881256,
      "val_macro_f1": 0.7318271940778278,
      "val_verse_f1": 0.8527420446851727,
      "val_chorus_f1": 0.6109123434704831,
      "val_chorus_rate": 0.250753715634346,
      "val_max_prob": 0.6973222196102142,
      "val_conf_over_90": 0.017676852643489838,
      "val_conf_over_95": 0.00048216007417067885,
      "learning_rate": 0.0002566043901919961,
      "epoch_time": 51.54428315162659,
      "val_boundary_f1": 0.35522664199814985,
      "val_boundary_precision": 0.2922374429223744,
      "val_boundary_recall": 0.4528301886792453,
      "val_complete_segments": 0.2393150061893434,
      "val_avg_segment_overlap": 0.61329263774893,
      "val_verse_to_chorus_acc": 0.3805309734513274,
      "val_chorus_to_verse_acc": 0.4444444444444444,