{
  "trial_number": 44,
  "timestamp": 1756158650.5860748,
  "boundary_f1": 0.4115822130299896,
  "line_f1": 0.7726653044450136,
  "macro_f1": 0.7726653044450136,
  "verse_f1": 0.8643919510061242,
  "chorus_f1": 0.6809386578839028,
  "windowdiff": 0.3208721495102964,
  "pk": 0.2343989740343273,
  "val_loss": 0.49741050601005554,
  "val_accuracy": 0.0,
  "weighted_f1": 0.0,
  "training_time": 1320.2498800754547,
  "training_time_minutes": 22.004164667924247,
  "total_params": 0,
  "actual_epochs": 15,
  "config_summary": {
    "attention_enabled": true,
    "hidden_dim": 256,
    "num_layers": 2,
    "max_epochs": 15,
    "batch_size": 32,
    "learning_rate": 0.0009200039281019698,
    "boundary_weight": 2.1989811714880516,
    "label_smoothing": 0.14071470044654347
  },
  "validation_strategy": "composite",
  "all_metrics": {
    "loss": 0.49741050601005554,
    "chorus_rate": 0.2976362630724907,
    "max_prob_mean": 0.6935673952102661,
    "confidence_over_90": 0.0007134274201234803,
    "confidence_over_95": 0.0,
    "verse_f1": 0.8643919510061242,
    "chorus_f1": 0.6809386578839028,
    "macro_f1": 0.7726653044450136,
    "boundary_f1": 0.4115822130299896,
    "boundary_precision": 0.3664825046040516,
    "boundary_recall": 0.4693396226415094,
    "complete_segments": 0.26767050719860896,
    "avg_segment_overlap": 0.6605677756948504,
    "verse_to_chorus_acc": 0.3805309734513274,
    "chorus_to_verse_acc": 0.48484848484848486,
    "window_diff": 0.3208721495102964,
    "pk_metric": 0.2343989740343273
  },
  "parameters": {
    "hidden_dim": 256,
    "num_layers": 2,
    "dropout": 0.19488781278467865,
    "layer_dropout": 0.21839874218834,
    "attention_enabled": true,
    "attention_heads": 4,
    "attention_dropout": 0.132087769936864,
    "max_epochs": 15,
    "batch_size": 32,
    "learning_rate": 0.0009200039281019698,
    "weight_decay": 0.015948432192361226,
    "scheduler": "cosine",
    "min_delta": 6.707549070214205e-05,
    "gradient_clip_norm": 0.4513791836780742,
    "validation_strategy": "composite",
    "head_tail_words": 4,
    "boundary_weight": 2.1989811714880516,
    "label_smoothing": 0.14071470044654347,
    "segment_consistency_lambda": 0.014224457308930046,
    "conf_penalty_lambda": 0.01215989156679411,
    "conf_threshold": 0.9466622472266099,
    "entropy_lambda": 0.026869994784325866,
    "max_confidence_threshold": 0.9435419843902911,
    "min_chorus_rate": 0.10156542556623441,
    "max_chorus_rate": 0.7591246800062886,
    "max_conf_over_95_ratio": 0.15252071394598646,
    "head_ssm_enabled": true,
    "tail_ssm_enabled": false,
    "phonetic_ssm_enabled": true,
    "pos_ssm_enabled": true,
    "string_ssm_enabled": false,
    "syllable_pattern_ssm_enabled": true,
    "line_syllable_ssm_enabled": false,
    "word2vec_enabled": false,
    "contextual_enabled": false,
    "phonetic_mode": "rhyme",
    "phonetic_similarity_method": "edit_distance",
    "phonetic_normalize": false,
    "phonetic_normalize_method": "zscore",
    "phonetic_high_sim_threshold": 0.33606622363658334,
    "pos_tagset": "universal",
    "pos_similarity_method": "lcs",
    "pos_high_sim_threshold": 0.2776506722248392,
    "string_case_sensitive": true,
    "string_remove_punctuation": true,
    "string_similarity_threshold": 0.05105744713781269,
    "string_similarity_method": "word_overlap",
    "syllable_pattern_similarity_method": "cosine",
    "syllable_pattern_levenshtein_weight": 0.6440292703783543,
    "syllable_pattern_cosine_weight": 0.2122228018820745,
    "syllable_pattern_normalize": true,
    "syllable_pattern_normalize_method": "minmax",
    "line_syllable_similarity_method": "cosine",
    "line_syllable_ratio_threshold": 0.10404145908877162,
    "line_syllable_normalize": false,
    "line_syllable_normalize_method": "minmax",
    "word2vec_mode": "summary",
    "word2vec_normalize": true,
    "word2vec_similarity_metric": "cosine",
    "word2vec_high_sim_threshold": 0.7692534503646201,
    "contextual_mode": "complete",
    "contextual_normalize": false,
    "contextual_similarity_metric": "dot",
    "contextual_high_sim_threshold": 0.6850308952679312
  },
  "config": {
    "hidden_dim": 256,
    "num_layers": 2,
    "layer_dropout": 0.21839874218834,
    "num_classes": 2,
    "dropout": 0.19488781278467865,
    "attention_enabled": true,
    "attention_type": "boundary_aware",
    "attention_heads": 4,
    "attention_dropout": 0.132087769936864,
    "attention_dim": 256,
    "positional_encoding": true,
    "max_seq_length": 1000,
    "window_size": 7,
    "boundary_temperature": 2.0,
    "batch_size": 32,
    "learning_rate": 0.0009200039281019698,
    "weight_decay": 0.015948432192361226,
    "max_epochs": 15,
    "patience": 4,
    "gradient_clip_norm": 0.4513791836780742,
    "scheduler": "cosine",
    "min_lr": 1e-06,
    "cosine_t_max": 15,
    "warmup_epochs": 5,
    "lr_factor": 0.5,
    "lr_patience": 10,
    "step_size": 30,
    "step_gamma": 0.5,
    "cosine_t0": 10,
    "cosine_t_mult": 2,
    "min_delta": 6.707549070214205e-05,
    "train_file": "data/train.jsonl",
    "val_file": "data/val.jsonl",
    "test_file": "data/test.jsonl",
    "weighted_sampling": true,
    "emergency_monitoring_enabled": true,
    "max_confidence_threshold": 0.9435419843902911,
    "min_chorus_rate": 0.10156542556623441,
    "max_chorus_rate": 0.7591246800062886,
    "max_conf_over_95_ratio": 0.15252071394598646,
    "val_overconf_threshold": 0.96,
    "val_f1_collapse_threshold": 0.1,
    "loss": {
      "loss_type": "boundary_aware",
      "boundary_weight": 2.1989811714880516,
      "label_smoothing": 0.14071470044654347,
      "segment_consistency_lambda": 0.014224457308930046,
      "conf_penalty_lambda": 0.01215989156679411,
      "conf_threshold": 0.9466622472266099,
      "entropy_lambda": 0.026869994784325866
    },
    "calibration_enabled": true,
    "calibration_methods": [
      "temperature",
      "platt"
    ],
    "validation_strategy": "composite",
    "head_ssm_enabled": true,
    "head_ssm_words": 4,
    "head_ssm_dimension": 12,
    "tail_ssm_enabled": false,
    "tail_ssm_words": 4,
    "tail_ssm_dimension": 12,
    "phonetic_ssm_enabled": true,
    "phonetic_ssm_mode": "rhyme",
    "phonetic_ssm_dimension": 12,
    "phonetic_ssm_similarity_method": "edit_distance",
    "phonetic_ssm_normalize": false,
    "phonetic_ssm_normalize_method": "zscore",
    "phonetic_ssm_high_sim_threshold": 0.33606622363658334,
    "pos_ssm_enabled": true,
    "pos_ssm_tagset": "universal",
    "pos_ssm_similarity_method": "lcs",
    "pos_ssm_high_sim_threshold": 0.2776506722248392,
    "pos_ssm_dimension": 12,
    "string_ssm_enabled": false,
    "string_ssm_case_sensitive": true,
    "string_ssm_remove_punctuation": true,
    "string_ssm_similarity_threshold": 0.05105744713781269,
    "string_ssm_similarity_method": "word_overlap",
    "string_ssm_dimension": 12,
    "syllable_pattern_ssm_enabled": true,
    "syllable_pattern_ssm_similarity_method": "cosine",
    "syllable_pattern_ssm_levenshtein_weight": 0.7521491523847349,
    "syllable_pattern_ssm_cosine_weight": 0.2478508476152651,
    "syllable_pattern_ssm_normalize": true,
    "syllable_pattern_ssm_normalize_method": "minmax",
    "syllable_pattern_ssm_dimension": 12,
    "line_syllable_ssm_enabled": false,
    "line_syllable_ssm_similarity_method": "cosine",
    "line_syllable_ssm_ratio_threshold": 0.10404145908877162,
    "line_syllable_ssm_normalize": false,
    "line_syllable_ssm_normalize_method": "minmax",
    "line_syllable_ssm_dimension": 12,
    "word2vec_enabled": false,
    "word2vec_model": "word2vec-google-news-300",
    "word2vec_mode": "summary",
    "word2vec_normalize": true,
    "word2vec_similarity_metric": "cosine",
    "word2vec_high_sim_threshold": 0.7692534503646201,
    "contextual_enabled": false,
    "contextual_model": "all-MiniLM-L6-v2",
    "contextual_mode": "complete",
    "contextual_normalize": false,