{
  "trial_number": 46,
  "timestamp": 1756160472.6211488,
  "boundary_f1": 0.4073359073359073,
  "line_f1": 0.7636181847988335,
  "macro_f1": 0.7636181847988335,
  "verse_f1": 0.8476173219786192,
  "chorus_f1": 0.6796190476190477,
  "windowdiff": 0.3503037694698285,
  "pk": 0.2496067359885268,
  "val_loss": 0.5066844075918198,
  "val_accuracy": 0.0,
  "weighted_f1": 0.0,
  "training_time": 579.8634362220764,
  "training_time_minutes": 9.664390603701273,
  "total_params": 0,
  "actual_epochs": 15,
  "config_summary": {
    "attention_enabled": true,
    "hidden_dim": 256,
    "num_layers": 2,
    "max_epochs": 15,
    "batch_size": 32,
    "learning_rate": 0.0009834919452832741,
    "boundary_weight": 2.158383047741619,
    "label_smoothing": 0.2204857971192276
  },
  "validation_strategy": "line_f1",
  "all_metrics": {
    "loss": 0.5066844075918198,
    "chorus_rate": 0.34540849179029465,
    "max_prob_mean": 0.6961818337440491,
    "confidence_over_90": 0.021069742855615914,
    "confidence_over_95": 0.0,
    "verse_f1": 0.8476173219786192,
    "chorus_f1": 0.6796190476190477,
    "macro_f1": 0.7636181847988335,
    "boundary_f1": 0.4073359073359073,
    "boundary_precision": 0.34477124183006536,
    "boundary_recall": 0.49764150943396224,
    "complete_segments": 0.2895246386365156,
    "avg_segment_overlap": 0.6700401580728279,
    "verse_to_chorus_acc": 0.415929203539823,
    "chorus_to_verse_acc": 0.5151515151515151,
    "window_diff": 0.3503037694698285,
    "pk_metric": 0.2496067359885268
  },
  "parameters": {
    "hidden_dim": 256,
    "num_layers": 2,
    "dropout": 0.20485090348167476,
    "layer_dropout": 0.2174324298954972,
    "attention_enabled": true,
    "attention_heads": 8,
    "attention_dropout": 0.11816338984676697,
    "max_epochs": 15,
    "batch_size": 32,
    "learning_rate": 0.0009834919452832741,
    "weight_decay": 0.01771096959923938,
    "scheduler": "cosine",
    "min_delta": 0.00024379561348726275,
    "gradient_clip_norm": 0.47777295457070745,
    "validation_strategy": "line_f1",
    "head_tail_words": 4,
    "boundary_weight": 2.158383047741619,
    "label_smoothing": 0.2204857971192276,
    "segment_consistency_lambda": 0.017957820297749828,
    "conf_penalty_lambda": 0.011729177349319898,
    "conf_threshold": 0.9458906044418406,
    "entropy_lambda": 0.027800975253464155,
    "max_confidence_threshold": 0.9563120268760102,
    "min_chorus_rate": 0.08239966588310355,
    "max_chorus_rate": 0.7810881044426012,
    "max_conf_over_95_ratio": 0.17997896037809225,
    "head_ssm_enabled": true,
    "tail_ssm_enabled": false,
    "phonetic_ssm_enabled": true,
    "pos_ssm_enabled": false,
    "string_ssm_enabled": true,
    "syllable_pattern_ssm_enabled": false,
    "line_syllable_ssm_enabled": false,
    "word2vec_enabled": false,
    "contextual_enabled": false,
    "phonetic_mode": "rhyme",
    "phonetic_similarity_method": "binary",
    "phonetic_normalize": false,
    "phonetic_normalize_method": "zscore",
    "phonetic_high_sim_threshold": 0.3252110952646617,
    "pos_tagset": "universal",
    "pos_similarity_method": "lcs",
    "pos_high_sim_threshold": 0.29140694429583475,
    "string_case_sensitive": true,
    "string_remove_punctuation": true,
    "string_similarity_threshold": 0.046077861297498315,
    "string_similarity_method": "word_overlap",
    "syllable_pattern_similarity_method": "cosine",
    "syllable_pattern_levenshtein_weight": 0.6513190742897109,
    "syllable_pattern_cosine_weight": 0.29947730811165696,
    "syllable_pattern_normalize": true,
    "syllable_pattern_normalize_method": "minmax",
    "line_syllable_similarity_method": "cosine",
    "line_syllable_ratio_threshold": 0.10813148663109279,
    "line_syllable_normalize": false,
    "line_syllable_normalize_method": "minmax",
    "word2vec_mode": "summary",
    "word2vec_normalize": true,
    "word2vec_similarity_metric": "dot",
    "word2vec_high_sim_threshold": 0.7789430159404109,
    "contextual_mode": "complete",
    "contextual_normalize": false,
    "contextual_similarity_metric": "dot",
    "contextual_high_sim_threshold": 0.6661533249185962
  },
  "config": {
    "hidden_dim": 256,
    "num_layers": 2,
    "layer_dropout": 0.2174324298954972,
    "num_classes": 2,
    "dropout": 0.20485090348167476,
    "attention_enabled": true,
    "attention_type": "boundary_aware",
    "attention_heads": 8,
    "attention_dropout": 0.11816338984676697,
    "attention_dim": 256,
    "positional_encoding": true,
    "max_seq_length": 1000,
    "window_size": 7,
    "boundary_temperature": 2.0,
    "batch_size": 32,
    "learning_rate": 0.0009834919452832741,
    "weight_decay": 0.01771096959923938,
    "max_epochs": 15,
    "patience": 4,
    "gradient_clip_norm": 0.47777295457070745,
    "scheduler": "cosine",
    "min_lr": 1e-06,
    "cosine_t_max": 15,
    "warmup_epochs": 5,
    "lr_factor": 0.5,
    "lr_patience": 10,
    "step_size": 30,
    "step_gamma": 0.5,
    "cosine_t0": 10,
    "cosine_t_mult": 2,
    "min_delta": 0.00024379561348726275,
    "train_file": "data/train.jsonl",
    "val_file": "data/val.jsonl",
    "test_file": "data/test.jsonl",
    "weighted_sampling": true,
    "emergency_monitoring_enabled": true,
    "max_confidence_threshold": 0.9563120268760102,
    "min_chorus_rate": 0.08239966588310355,
    "max_chorus_rate": 0.7810881044426012,
    "max_conf_over_95_ratio": 0.17997896037809225,
    "val_overconf_threshold": 0.96,
    "val_f1_collapse_threshold": 0.1,
    "loss": {
      "loss_type": "boundary_aware",
      "boundary_weight": 2.158383047741619,
      "label_smoothing": 0.2204857971192276,
      "segment_consistency_lambda": 0.017957820297749828,
      "conf_penalty_lambda": 0.011729177349319898,
      "conf_threshold": 0.9458906044418406,
      "entropy_lambda": 0.027800975253464155
    },
    "calibration_enabled": true,
    "calibration_methods": [
      "temperature",
      "platt"
    ],
    "validation_strategy": "line_f1",
    "head_ssm_enabled": true,
    "head_ssm_words": 4,
    "head_ssm_dimension": 12,
    "tail_ssm_enabled": false,
    "tail_ssm_words": 4,
    "tail_ssm_dimension": 12,
    "phonetic_ssm_enabled": true,
    "phonetic_ssm_mode": "rhyme",
    "phonetic_ssm_dimension": 12,
    "phonetic_ssm_similarity_method": "binary",
    "phonetic_ssm_normalize": false,
    "phonetic_ssm_normalize_method": "zscore",
    "phonetic_ssm_high_sim_threshold": 0.3252110952646617,
    "pos_ssm_enabled": false,
    "pos_ssm_tagset": "universal",
    "pos_ssm_similarity_method": "lcs",
    "pos_ssm_high_sim_threshold": 0.29140694429583475,
    "pos_ssm_dimension": 12,
    "string_ssm_enabled": true,
    "string_ssm_case_sensitive": true,
    "string_ssm_remove_punctuation": true,
    "string_ssm_similarity_threshold": 0.046077861297498315,
    "string_ssm_similarity_method": "word_overlap",
    "string_ssm_dimension": 12,
    "syllable_pattern_ssm_enabled": false,
    "syllable_pattern_ssm_similarity_method": "cosine",
    "syllable_pattern_ssm_levenshtein_weight": 0.685024771176258,
    "syllable_pattern_ssm_cosine_weight": 0.314975228823742,
    "syllable_pattern_ssm_normalize": true,
    "syllable_pattern_ssm_normalize_method": "minmax",
    "syllable_pattern_ssm_dimension": 12,
    "line_syllable_ssm_enabled": false,
    "line_syllable_ssm_similarity_method": "cosine",
    "line_syllable_ssm_ratio_threshold": 0.10813148663109279,
    "line_syllable_ssm_normalize": false,
    "line_syllable_ssm_normalize_method": "minmax",
    "line_syllable_ssm_dimension": 12,
    "word2vec_enabled": false,
    "word2vec_model": "word2vec-google-news-300",
    "word2vec_mode": "summary",
    "word2vec_normalize": true,
    "word2vec_similarity_metric": "dot",
    "word2vec_high_sim_threshold": 0.7789430159404109,
    "contextual_enabled": false,
    "contextual_model": "all-MiniLM-L6-v2",
    "contextual_mode": "complete",
    "contextual_normalize": false,
    "contextual_similarity_metric": "dot",