{
  "metadata": {
    "model_info": {
      "hidden_dim": 256,
      "num_layers": 2,
      "dropout": 0.20485090348167476,
      "layer_dropout": 0.2174324298954972,
      "attention_enabled": true,
      "attention_heads": 8,
      "attention_dropout": 0.11816338984676697,
      "attention_dim": 256,
      "positional_encoding": true,
      "max_seq_length": 1000,
      "total_params": 2739715,
      "lstm_params": 2179072,
      "attention_params": 559617,
      "classifier_params": 1026
    },
    "training_info": {
      "batch_size": 32,
      "learning_rate": 0.0009834919452832741,
      "scheduler": "cosine",
      "label_smoothing": 0.0,
      "weighted_sampling": true,
      "total_epochs": 15,
      "validation_strategy": "line_f1",
      "weight_decay": 0.01771096959923938,
      "gradient_clip_norm": 0.47777295457070745,
      "max_epochs": 15,
      "patience": 4
    },
    "calibration_info": {
      "temperature": {
        "ece_before": 0.09747578677939057,
        "ece_after": 0.019749784165140668,
        "improvement": 0.0777260026142499,
        "params": {
          "temperature": 0.5846591055717393
        }
      },
      "platt": {
        "ece_before": 0.09747578677939057,
        "ece_after": 0.030539944767951976,
        "improvement": 0.0669358420114386,
        "params": {
          "A": 1.587322555015611,
          "B": 0.0
        }
      }
    }
  },
  "metrics": [
    {
      "epoch": 1,
      "train_loss": 0.6074822217226028,
      "train_chorus_rate": 0.5709330007433892,
      "train_max_prob": 0.6073429137468338,
      "train_conf_over_90": 0.0,
      "train_conf_over_95": 0.0,
      "val_loss": 0.6401448249816895,
      "val_macro_f1": 0.5352270906392278,
      "val_verse_f1": 0.7343991748323878,
      "val_chorus_f1": 0.33605500644606784,
      "val_chorus_rate": 0.2720705196261406,
      "val_max_prob": 0.5939347445964813,
      "val_conf_over_90": 0.0,
      "val_conf_over_95": 0.0,
      "learning_rate": 0.0009727570421511992,
      "epoch_time": 37.9139130115509,
      "val_boundary_f1": 0.062271062271062265,
      "val_boundary_precision": 0.13934426229508196,
      "val_boundary_recall": 0.04009433962264151,
      "val_complete_segments": 0.05433881844274209,
      "val_avg_segment_overlap": 0.21771880608743155,
      "val_verse_to_chorus_acc": 0.035398230088495575,
      "val_chorus_to_verse_acc": 0.010101010101010102,
      "val_window_diff": 0.3388693658524283,
      "val_pk_metric": 0.3407214322433985
    },
    {
      "epoch": 2,
      "train_loss": 0.582557988166809,
      "train_chorus_rate": 0.5567267820239067,
      "train_max_prob": 0.5645718961954117,
      "train_conf_over_90": 0.0,
      "train_conf_over_95": 0.0,
      "val_loss": 0.594304233789444,
      "val_macro_f1": 0.4353353638814508,
      "val_verse_f1": 0.38777152051488334,
      "val_chorus_f1": 0.4828992072480182,
      "val_chorus_rate": 0.7846657782793045,
      "val_max_prob": 0.5768623352050781,
      "val_conf_over_90": 0.0,
      "val_conf_over_95": 0.0,
      "learning_rate": 0.000941021499533626,
      "epoch_time": 29.91836190223694,
      "val_boundary_f1": 0.05807622504537205,
      "val_boundary_precision": 0.12598425196850394,
      "val_boundary_recall": 0.03773584905660377,
      "val_complete_segments": 0.018016414384388935,
      "val_avg_segment_overlap": 0.19544337317497934,
      "val_verse_to_chorus_acc": 0.04424778761061947,
      "val_chorus_to_verse_acc": 0.0,
      "val_window_diff": 0.4292508035918928,
      "val_pk_metric": 0.4305624613943515
    },
    {
      "epoch": 3,
      "train_loss": 0.5545428439974784,
      "train_chorus_rate": 0.5528721630573272,
      "train_max_prob": 0.5896214962005615,
      "train_conf_over_90": 9.908538195304572e-05,
      "train_conf_over_95": 0.0,
      "val_loss": 0.6204274594783783,
      "val_macro_f1": 0.6070989287905685,
      "val_verse_f1": 0.794479547721982,
      "val_chorus_f1": 0.41971830985915487,
      "val_chorus_rate": 0.2232062853872776,
      "val_max_prob": 0.6039451509714127,
      "val_conf_over_90": 0.0,
      "val_conf_over_95": 0.0,
      "learning_rate": 0.0008896723129269721,
      "epoch_time": 37.42176604270935,
      "val_boundary_f1": 0.17307692307692307,
      "val_boundary_precision": 0.27,
      "val_boundary_recall": 0.12735849056603774,
      "val_complete_segments": 0.09528221222282729,
      "val_avg_segment_overlap": 0.30454602790433305,
      "val_verse_to_chorus_acc": 0.11946902654867257,
      "val_chorus_to_verse_acc": 0.09090909090909091,
      "val_window_diff": 0.2870416730610398,
      "val_pk_metric": 0.2748472596473263
    },
    {
      "epoch": 4,
      "train_loss": 0.5633605420589447,
      "train_chorus_rate": 0.5436290826648473,
      "train_max_prob": 0.5972693920135498,
      "train_conf_over_90": 8.138904231600464e-05,
      "train_conf_over_95": 0.0,
      "val_loss": 0.6081061214208603,
      "val_macro_f1": 0.6275760252147409,
      "val_verse_f1": 0.8419576059850372,
      "val_chorus_f1": 0.4131944444444445,
      "val_chorus_rate": 0.12510356679558754,
      "val_max_prob": 0.6327250897884369,
      "val_conf_over_90": 0.0,
      "val_conf_over_95": 0.0,
      "learning_rate": 0.0008209536881866829,
      "epoch_time": 32.08478307723999,
      "val_boundary_f1": 0.2535211267605634,
      "val_boundary_precision": 0.3146853146853147,
      "val_boundary_recall": 0.21226415094339623,
      "val_complete_segments": 0.1183775049098485,
      "val_avg_segment_overlap": 0.40872248483986084,
      "val_verse_to_chorus_acc": 0.19911504424778761,
      "val_chorus_to_verse_acc": 0.1919191919191919,
      "val_window_diff": 0.2884370596495166,
      "val_pk_metric": 0.26468798911101565
    },
    {
      "epoch": 5,
      "train_loss": 0.5318564504384995,
      "train_chorus_rate": 0.44530314654111863,
      "train_max_prob": 0.6501490890979766,
      "train_conf_over_90": 0.01102475833031349,
      "train_conf_over_95": 0.0005615569680230692,
      "val_loss": 0.5450822487473488,
      "val_macro_f1": 0.7366422021401604,
      "val_verse_f1": 0.832943715159144,
      "val_chorus_f1": 0.6403406891211769,
      "val_chorus_rate": 0.33567188680171967,
      "val_max_prob": 0.6478084921836853,
      "val_conf_over_90": 0.0002312673459528014,
      "val_conf_over_95": 0.0,
      "learning_rate": 0.0007378689589624558,
      "epoch_time": 39.43911123275757,
      "val_boundary_f1": 0.35936030103480715,
      "val_boundary_precision": 0.29890453834115804,
      "val_boundary_recall": 0.45047169811320753,
      "val_complete_segments": 0.21206978262916756,
      "val_avg_segment_overlap": 0.6375691273779879,
      "val_verse_to_chorus_acc": 0.3805309734513274,
      "val_chorus_to_verse_acc": 0.4444444444444444,
      "val_window_diff": 0.4008431531640101,
      "val_pk_metric": 0.28918837779495477
    },
    {
      "epoch": 6,
      "train_loss": 0.5090027436614036,
      "train_chorus_rate": 0.428463114798069,
      "train_max_prob": 0.6658364593982696,
      "train_conf_over_90": 0.012288144408375955,
      "train_conf_over_95": 0.0007016640884103253,
      "val_loss": 0.5255571901798248,
      "val_macro_f1": 0.742279905588936,
      "val_verse_f1": 0.834178131788559,
      "val_chorus_f1": 0.6503816793893129,
      "val_chorus_rate": 0.3445786386728287,
      "val_max_prob": 0.6979462802410126,
      "val_conf_over_90": 0.017864206107333302,
      "val_conf_over_95": 0.0002312673459528014,
      "learning_rate": 0.0006440493266061536,
      "epoch_time": 33.333728075027466,
      "val_boundary_f1": 0.35921421889616467,
      "val_boundary_precision": 0.29767441860465116,
      "val_boundary_recall": 0.4528301886792453,
      "val_complete_segments": 0.24362717701795114,
      "val_avg_segment_overlap": 0.6443664633774528,
      "val_verse_to_chorus_acc": 0.37168141592920356,
      "val_chorus_to_verse_acc": 0.46464646464646464,
      "val_window_diff": 0.40162375189315147,