{
  "method": "platt",
  "params": {
    "A": 1.804524842699873,
    "B": 0.0
  },
  "ece_before": 0.11782976894224088,
  "ece_after": 0.027018239857054396,
  "improvement": 0.09081152908518648,
  "all_results": [
    {
      "method": "temperature",
      "params": {
        "temperature": 0.5243410636619308
      },
      "ece_before": 0.11782976894224088,
      "ece_after": 0.03027541654400364,
      "improvement": 0.08755435239823725
    },
    {
      "method": "platt",
      "params": {
        "A": 1.804524842699873,
        "B": 0.0
      },
      "ece_before": 0.11782976894224088,
      "ece_after": 0.027018239857054396,
      "improvement": 0.09081152908518648
    }
  ]
}