{
  "trial_number": 64,
  "timestamp": 1756184536.3402722,
  "boundary_f1": 0.4190283400809716,
  "line_f1": 0.7651623513675012,
  "macro_f1": 0.7651623513675012,
  "verse_f1": 0.8633766233766234,
  "chorus_f1": 0.6669480793583791,
  "windowdiff": 0.32462589936603364,
  "pk": 0.24157511054780786,
  "val_loss": 0.5004552453756332,
  "val_accuracy": 0.0,
  "weighted_f1": 0.0,
  "training_time": 1137.1277532577515,
  "training_time_minutes": 18.952129220962526,
  "total_params": 0,
  "actual_epochs": 15,
  "config_summary": {
    "attention_enabled": true,
    "hidden_dim": 256,
    "num_layers": 2,
    "max_epochs": 15,
    "batch_size": 32,
    "learning_rate": 0.0007424577829721735,
    "boundary_weight": 2.1689246059175353,
    "label_smoothing": 0.15639959676487475
  },
  "validation_strategy": "boundary_f1",
  "all_metrics": {
    "loss": 0.5004552453756332,
    "chorus_rate": 0.28260600194334984,
    "max_prob_mean": 0.6914079040288925,
    "confidence_over_90": 0.0011857748322654516,
    "confidence_over_95": 0.0,
    "verse_f1": 0.8633766233766234,
    "chorus_f1": 0.6669480793583791,
    "macro_f1": 0.7651623513675012,
    "boundary_f1": 0.4190283400809716,
    "boundary_precision": 0.3670212765957447,
    "boundary_recall": 0.4882075471698113,
    "complete_segments": 0.28805878102007476,
    "avg_segment_overlap": 0.6576812522121909,
    "verse_to_chorus_acc": 0.42035398230088494,
    "chorus_to_verse_acc": 0.48484848484848486,
    "window_diff": 0.32462589936603364,
    "pk_metric": 0.24157511054780786
  },
  "parameters": {
    "hidden_dim": 256,
    "num_layers": 2,
    "dropout": 0.1804950358784696,
    "layer_dropout": 0.21074540914434528,
    "attention_enabled": true,
    "attention_heads": 8,
    "attention_dropout": 0.1586862336675532,
    "max_epochs": 15,
    "batch_size": 32,
    "learning_rate": 0.0007424577829721735,
    "weight_decay": 0.016098712113689538,
    "scheduler": "cosine",
    "min_delta": 0.0003828343477363432,
    "gradient_clip_norm": 0.3290259593410053,
    "validation_strategy": "boundary_f1",
    "head_tail_words": 4,
    "boundary_weight": 2.1689246059175353,
    "label_smoothing": 0.15639959676487475,
    "segment_consistency_lambda": 0.024290318546728706,
    "conf_penalty_lambda": 0.012434022675285018,
    "conf_threshold": 0.945345541986615,
    "entropy_lambda": 0.038892914852768794,
    "max_confidence_threshold": 0.9252777595994085,
    "min_chorus_rate": 0.07423680848769186,
    "max_chorus_rate": 0.7744414192001764,
    "max_conf_over_95_ratio": 0.19439972503963843,
    "head_ssm_enabled": true,
    "tail_ssm_enabled": false,
    "phonetic_ssm_enabled": true,
    "pos_ssm_enabled": true,
    "string_ssm_enabled": false,
    "syllable_pattern_ssm_enabled": true,
    "line_syllable_ssm_enabled": false,
    "word2vec_enabled": false,
    "contextual_enabled": false,
    "phonetic_mode": "rhyme",
    "phonetic_similarity_method": "binary",
    "phonetic_normalize": false,
    "phonetic_normalize_method": "zscore",
    "phonetic_high_sim_threshold": 0.3264668636479904,
    "pos_tagset": "universal",
    "pos_similarity_method": "position",
    "pos_high_sim_threshold": 0.26782732845950025,
    "string_case_sensitive": true,
    "string_remove_punctuation": true,
    "string_similarity_threshold": 0.048402927762662785,
    "string_similarity_method": "word_overlap",
    "syllable_pattern_similarity_method": "levenshtein",
    "syllable_pattern_levenshtein_weight": 0.6417512237096752,
    "syllable_pattern_cosine_weight": 0.2143217436278204,
    "syllable_pattern_normalize": false,
    "syllable_pattern_normalize_method": "minmax",
    "line_syllable_similarity_method": "cosine",
    "line_syllable_ratio_threshold": 0.10585696715476835,
    "line_syllable_normalize": false,
    "line_syllable_normalize_method": "minmax",
    "word2vec_mode": "summary",
    "word2vec_normalize": true,
    "word2vec_similarity_metric": "cosine",
    "word2vec_high_sim_threshold": 0.7866166635682379,
    "contextual_mode": "complete",
    "contextual_normalize": false,
    "contextual_similarity_metric": "dot",
    "contextual_high_sim_threshold": 0.6751439781347541
  },
  "config": {
    "hidden_dim": 256,
    "num_layers": 2,
    "layer_dropout": 0.21074540914434528,
    "num_classes": 2,
    "dropout": 0.1804950358784696,
    "attention_enabled": true,
    "attention_type": "boundary_aware",
    "attention_heads": 8,
    "attention_dropout": 0.1586862336675532,
    "attention_dim": 256,
    "positional_encoding": true,
    "max_seq_length": 1000,
    "window_size": 7,
    "boundary_temperature": 2.0,
    "batch_size": 32,
    "learning_rate": 0.0007424577829721735,
    "weight_decay": 0.016098712113689538,
    "max_epochs": 15,
    "patience": 4,
    "gradient_clip_norm": 0.3290259593410053,
    "scheduler": "cosine",
    "min_lr": 1e-06,
    "cosine_t_max": 15,
    "warmup_epochs": 5,
    "lr_factor": 0.5,
    "lr_patience": 10,
    "step_size": 30,
    "step_gamma": 0.5,
    "cosine_t0": 10,
    "cosine_t_mult": 2,
    "min_delta": 0.0003828343477363432,
    "train_file": "data/train.jsonl",
    "val_file": "data/val.jsonl",
    "test_file": "data/test.jsonl",
    "weighted_sampling": true,
    "emergency_monitoring_enabled": true,
    "max_confidence_threshold": 0.9252777595994085,
    "min_chorus_rate": 0.07423680848769186,
    "max_chorus_rate": 0.7744414192001764,
    "max_conf_over_95_ratio": 0.19439972503963843,
    "val_overconf_threshold": 0.96,
    "val_f1_collapse_threshold": 0.1,
    "loss": {
      "loss_type": "boundary_aware",
      "boundary_weight": 2.1689246059175353,
      "label_smoothing": 0.15639959676487475,
      "segment_consistency_lambda": 0.024290318546728706,
      "conf_penalty_lambda": 0.012434022675285018,
      "conf_threshold": 0.945345541986615,
      "entropy_lambda": 0.038892914852768794
    },
    "calibration_enabled": true,
    "calibration_methods": [
      "temperature",
      "platt"
    ],
    "validation_strategy": "boundary_f1",
    "head_ssm_enabled": true,
    "head_ssm_words": 4,
    "head_ssm_dimension": 12,
    "tail_ssm_enabled": false,
    "tail_ssm_words": 4,
    "tail_ssm_dimension": 12,
    "phonetic_ssm_enabled": true,
    "phonetic_ssm_mode": "rhyme",
    "phonetic_ssm_dimension": 12,
    "phonetic_ssm_similarity_method": "binary",
    "phonetic_ssm_normalize": false,
    "phonetic_ssm_normalize_method": "zscore",
    "phonetic_ssm_high_sim_threshold": 0.3264668636479904,
    "pos_ssm_enabled": true,
    "pos_ssm_tagset": "universal",
    "pos_ssm_similarity_method": "position",
    "pos_ssm_high_sim_threshold": 0.26782732845950025,
    "pos_ssm_dimension": 12,
    "string_ssm_enabled": false,
    "string_ssm_case_sensitive": true,
    "string_ssm_remove_punctuation": true,
    "string_ssm_similarity_threshold": 0.048402927762662785,
    "string_ssm_similarity_method": "word_overlap",
    "string_ssm_dimension": 12,
    "syllable_pattern_ssm_enabled": true,
    "syllable_pattern_ssm_similarity_method": "levenshtein",
    "syllable_pattern_ssm_levenshtein_weight": 0.7496454720508341,
    "syllable_pattern_ssm_cosine_weight": 0.25035452794916585,
    "syllable_pattern_ssm_normalize": false,
    "syllable_pattern_ssm_normalize_method": "minmax",
    "syllable_pattern_ssm_dimension": 12,
    "line_syllable_ssm_enabled": false,
    "line_syllable_ssm_similarity_method": "cosine",
    "line_syllable_ssm_ratio_threshold": 0.10585696715476835,
    "line_syllable_ssm_normalize": false,
    "line_syllable_ssm_normalize_method": "minmax",
    "line_syllable_ssm_dimension": 12,
    "word2vec_enabled": false,
    "word2vec_model": "word2vec-google-news-300",
    "word2vec_mode": "summary",
    "word2vec_normalize": true,
    "word2vec_similarity_metric": "cosine",
    "word2vec_high_sim_threshold": 0.7866166635682379,
    "contextual_enabled": false,
    "contextual_model": "all-MiniLM-L6-v2",
    "contextual_mode": "complete",
    "contextual_normalize": false,