{
  "metadata": {
    "model_info": {
      "hidden_dim": 256,
      "num_layers": 2,
      "dropout": 0.1804950358784696,
      "layer_dropout": 0.21074540914434528,
      "attention_enabled": true,
      "attention_heads": 8,
      "attention_dropout": 0.1586862336675532,
      "attention_dim": 256,
      "positional_encoding": true,
      "max_seq_length": 1000,
      "total_params": 2764291,
      "lstm_params": 2203648,
      "attention_params": 559617,
      "classifier_params": 1026
    },
    "training_info": {
      "batch_size": 32,
      "learning_rate": 0.0007424577829721735,
      "scheduler": "cosine",
      "label_smoothing": 0.0,
      "weighted_sampling": true,
      "total_epochs": 15,
      "validation_strategy": "boundary_f1",
      "weight_decay": 0.016098712113689538,
      "gradient_clip_norm": 0.3290259593410053,
      "max_epochs": 15,
      "patience": 4
    },
    "calibration_info": {
      "temperature": {
        "ece_before": 0.11782976894224088,
        "ece_after": 0.03027541654400364,
        "improvement": 0.08755435239823725,
        "params": {
          "temperature": 0.5243410636619308
        }
      },
      "platt": {
        "ece_before": 0.11782976894224088,
        "ece_after": 0.027018239857054396,
        "improvement": 0.09081152908518648,
        "params": {
          "A": 1.804524842699873,
          "B": 0.0
        }
      }
    }
  },
  "metrics": [
    {
      "epoch": 1,
      "train_loss": 0.5938275456428528,
      "train_chorus_rate": 0.4851631373167038,
      "train_max_prob": 0.5861802816390991,
      "train_conf_over_90": 0.0002767527708783746,
      "train_conf_over_95": 0.0,
      "val_loss": 0.59537373483181,
      "val_macro_f1": 0.3597799428847782,
      "val_verse_f1": 0.2306982466933251,
      "val_chorus_f1": 0.4888616390762313,
      "val_chorus_rate": 0.9018704891204834,
      "val_max_prob": 0.6051239222288132,
      "val_conf_over_90": 0.0,
      "val_conf_over_95": 0.0,
      "learning_rate": 0.0007343564672159059,
      "epoch_time": 77.7273600101471,
      "val_boundary_f1": 0.014571948998178508,
      "val_boundary_precision": 0.032,
      "val_boundary_recall": 0.009433962264150943,
      "val_complete_segments": 0.0056039488966318236,
      "val_avg_segment_overlap": 0.14769174788386502,
      "val_verse_to_chorus_acc": 0.01327433628318584,
      "val_chorus_to_verse_acc": 0.0,
      "val_window_diff": 0.4273265151031269,
      "val_pk_metric": 0.42336099183162956
    },
    {
      "epoch": 2,
      "train_loss": 0.5659445703029633,
      "train_chorus_rate": 0.5131616286351346,
      "train_max_prob": 0.5796264499425888,
      "train_conf_over_90": 0.0,
      "train_conf_over_95": 0.0,
      "val_loss": 0.6080613732337952,
      "val_macro_f1": 0.5649021983387116,
      "val_verse_f1": 0.7733687531130667,
      "val_chorus_f1": 0.3564356435643565,
      "val_chorus_rate": 0.22087789699435234,
      "val_max_prob": 0.5968740433454514,
      "val_conf_over_90": 0.0,
      "val_conf_over_95": 0.0,
      "learning_rate": 0.0007104065863200779,
      "epoch_time": 62.81647491455078,
      "val_boundary_f1": 0.07460035523978685,
      "val_boundary_precision": 0.1510791366906475,
      "val_boundary_recall": 0.049528301886792456,
      "val_complete_segments": 0.054858310438904295,
      "val_avg_segment_overlap": 0.23368082422921468,
      "val_verse_to_chorus_acc": 0.03982300884955752,
      "val_chorus_to_verse_acc": 0.04040404040404041,
      "val_window_diff": 0.33741584028292904,
      "val_pk_metric": 0.3339852940291149
    },
    {
      "epoch": 3,
      "train_loss": 0.5707290202379227,
      "train_chorus_rate": 0.4359964394941926,
      "train_max_prob": 0.5823124825954438,
      "train_conf_over_90": 0.0,
      "train_conf_over_95": 0.0,
      "val_loss": 0.5980582535266876,
      "val_macro_f1": 0.43877460196361584,
      "val_verse_f1": 0.8230320699708454,
      "val_chorus_f1": 0.0545171339563863,
      "val_chorus_rate": 0.01572144730016589,
      "val_max_prob": 0.5875352174043655,
      "val_conf_over_90": 0.0,
      "val_conf_over_95": 0.0,
      "learning_rate": 0.0006716548650041167,
      "epoch_time": 45.616400718688965,
      "val_boundary_f1": 0.026315789473684213,
      "val_boundary_precision": 0.1875,
      "val_boundary_recall": 0.014150943396226415,
      "val_complete_segments": 0.05708388095715773,
      "val_avg_segment_overlap": 0.1774541230281571,
      "val_verse_to_chorus_acc": 0.022123893805309734,
      "val_chorus_to_verse_acc": 0.0,
      "val_window_diff": 0.27199404347340844,
      "val_pk_metric": 0.2741241704165612
    },
    {
      "epoch": 4,
      "train_loss": 0.5541096240282058,
      "train_chorus_rate": 0.5015788448043168,
      "train_max_prob": 0.584969237446785,
      "train_conf_over_90": 0.0,
      "train_conf_over_95": 0.0,
      "val_loss": 0.5748410820960999,
      "val_macro_f1": 0.4724535288371297,
      "val_verse_f1": 0.4601458385717877,
      "val_chorus_f1": 0.4847612191024717,
      "val_chorus_rate": 0.7260596305131912,
      "val_max_prob": 0.5669925510883331,
      "val_conf_over_90": 0.0,
      "val_conf_over_95": 0.0,
      "learning_rate": 0.0006197949394409193,
      "epoch_time": 52.03083896636963,
      "val_boundary_f1": 0.03284072249589492,
      "val_boundary_precision": 0.05405405405405406,
      "val_boundary_recall": 0.02358490566037736,
      "val_complete_segments": 0.01285232172029627,
      "val_avg_segment_overlap": 0.19905101150226004,
      "val_verse_to_chorus_acc": 0.02654867256637168,
      "val_chorus_to_verse_acc": 0.010101010101010102,
      "val_window_diff": 0.425860245803956,
      "val_pk_metric": 0.41432385853319564
    },
    {
      "epoch": 5,
      "train_loss": 0.5343422308564186,
      "train_chorus_rate": 0.4988894298672676,
      "train_max_prob": 0.6206475228071213,
      "train_conf_over_90": 0.0010266599943861364,
      "train_conf_over_95": 0.0,
      "val_loss": 0.5447527170181274,
      "val_macro_f1": 0.6881577037976532,
      "val_verse_f1": 0.7977466836271125,
      "val_chorus_f1": 0.5785687239681939,
      "val_chorus_rate": 0.3500763550400734,
      "val_max_prob": 0.6659977585077286,
      "val_conf_over_90": 0.007507640577387065,
      "val_conf_over_95": 0.0,
      "learning_rate": 0.0005570933372291301,
      "epoch_time": 51.702370166778564,
      "val_boundary_f1": 0.3186372745490981,
      "val_boundary_precision": 0.2770034843205575,
      "val_boundary_recall": 0.375,
      "val_complete_segments": 0.15598370298794476,
      "val_avg_segment_overlap": 0.5461868396248368,
      "val_verse_to_chorus_acc": 0.3008849557522124,
      "val_chorus_to_verse_acc": 0.35858585858585856,
      "val_window_diff": 0.4237257895767404,
      "val_pk_metric": 0.33716562109563164
    },
    {
      "epoch": 6,
      "train_loss": 0.5080476567149163,
      "train_chorus_rate": 0.41587772965431213,
      "train_max_prob": 0.6638798475265503,
      "train_conf_over_90": 0.011640358544536867,
      "train_conf_over_95": 0.0,
      "val_loss": 0.5099036172032356,
      "val_macro_f1": 0.6843979156531588,
      "val_verse_f1": 0.7586481113320079,
      "val_chorus_f1": 0.6101477199743095,
      "val_chorus_rate": 0.4650999382138252,
      "val_max_prob": 0.6765057444572449,
      "val_conf_over_90": 0.011200580920558423,
      "val_conf_over_95": 0.0,
      "learning_rate": 0.0004862904192610733,
      "epoch_time": 45.95483708381653,
      "val_boundary_f1": 0.2868068833652007,
      "val_boundary_precision": 0.24115755627009647,
      "val_boundary_recall": 0.35377358490566035,
      "val_complete_segments": 0.13127459189230134,
      "val_avg_segment_overlap": 0.5802336957597007,
      "val_verse_to_chorus_acc": 0.2610619469026549,
      "val_chorus_to_verse_acc": 0.398989898989899,
      "val_window_diff": 0.47758277054124215,
      "val_pk_metric": 0.36772062372750614
    },
    {
      "epoch": 7,
      "train_loss": 0.4852913126349449,