{
  "trial_number": 43,
  "timestamp": 1756157330.31149,
  "boundary_f1": 0.42598509052183176,
  "line_f1": 0.7697363367105678,
  "macro_f1": 0.7697363367105678,
  "verse_f1": 0.8749157113958194,
  "chorus_f1": 0.6645569620253164,
  "windowdiff": 0.29222841122101495,
  "pk": 0.21901861660656166,
  "val_loss": 0.5252173840999603,
  "val_accuracy": 0.0,
  "weighted_f1": 0.0,
  "training_time": 2912.39519405365,
  "training_time_minutes": 48.53991990089416,
  "total_params": 0,
  "actual_epochs": 15,
  "config_summary": {
    "attention_enabled": true,
    "hidden_dim": 256,
    "num_layers": 2,
    "max_epochs": 15,
    "batch_size": 32,
    "learning_rate": 0.000998721494025949,
    "boundary_weight": 2.1963079094801463,
    "label_smoothing": 0.1652036434346194
  },
  "validation_strategy": "composite",
  "all_metrics": {
    "loss": 0.5252173840999603,
    "chorus_rate": 0.24403275176882744,
    "max_prob_mean": 0.6819547116756439,
    "confidence_over_90": 0.0002312673459528014,
    "confidence_over_95": 0.0,
    "verse_f1": 0.8749157113958194,
    "chorus_f1": 0.6645569620253164,
    "macro_f1": 0.7697363367105678,
    "boundary_f1": 0.42598509052183176,
    "boundary_precision": 0.3883495145631068,
    "boundary_recall": 0.4716981132075472,
    "complete_segments": 0.2727679467075013,
    "avg_segment_overlap": 0.651977120454575,
    "verse_to_chorus_acc": 0.4026548672566372,
    "chorus_to_verse_acc": 0.4696969696969697,
    "window_diff": 0.29222841122101495,
    "pk_metric": 0.21901861660656166
  },
  "parameters": {
    "hidden_dim": 256,
    "num_layers": 2,
    "dropout": 0.1935825774557275,
    "layer_dropout": 0.2249401988853642,
    "attention_enabled": true,
    "attention_heads": 4,
    "attention_dropout": 0.18531907083615407,
    "max_epochs": 15,
    "batch_size": 32,
    "learning_rate": 0.000998721494025949,
    "weight_decay": 0.01657368310800925,
    "scheduler": "cosine",
    "min_delta": 0.00020737850661708732,
    "gradient_clip_norm": 0.380389184864072,
    "validation_strategy": "composite",
    "head_tail_words": 4,
    "boundary_weight": 2.1963079094801463,
    "label_smoothing": 0.1652036434346194,
    "segment_consistency_lambda": 0.014405758288361846,
    "conf_penalty_lambda": 0.0122021074630452,
    "conf_threshold": 0.946260571851858,
    "entropy_lambda": 0.028063677420266494,
    "max_confidence_threshold": 0.9502174949660079,
    "min_chorus_rate": 0.09983889723609506,
    "max_chorus_rate": 0.7496182385824647,
    "max_conf_over_95_ratio": 0.13370060843870618,
    "head_ssm_enabled": true,
    "tail_ssm_enabled": false,
    "phonetic_ssm_enabled": true,
    "pos_ssm_enabled": true,
    "string_ssm_enabled": false,
    "syllable_pattern_ssm_enabled": true,
    "line_syllable_ssm_enabled": false,
    "word2vec_enabled": false,
    "contextual_enabled": false,
    "phonetic_mode": "rhyme",
    "phonetic_similarity_method": "edit_distance",
    "phonetic_normalize": false,
    "phonetic_normalize_method": "zscore",
    "phonetic_high_sim_threshold": 0.3233591626670556,
    "pos_tagset": "universal",
    "pos_similarity_method": "lcs",
    "pos_high_sim_threshold": 0.27447890742301906,
    "string_case_sensitive": true,
    "string_remove_punctuation": true,
    "string_similarity_threshold": 0.05116047781481499,
    "string_similarity_method": "word_overlap",
    "syllable_pattern_similarity_method": "cosine",
    "syllable_pattern_levenshtein_weight": 0.6347628801960071,
    "syllable_pattern_cosine_weight": 0.21701954456207803,
    "syllable_pattern_normalize": true,
    "syllable_pattern_normalize_method": "minmax",
    "line_syllable_similarity_method": "cosine",
    "line_syllable_ratio_threshold": 0.1084117188557606,
    "line_syllable_normalize": false,
    "line_syllable_normalize_method": "minmax",
    "word2vec_mode": "summary",
    "word2vec_normalize": true,
    "word2vec_similarity_metric": "cosine",
    "word2vec_high_sim_threshold": 0.7672145489513001,
    "contextual_mode": "complete",
    "contextual_normalize": false,
    "contextual_similarity_metric": "dot",
    "contextual_high_sim_threshold": 0.6844636222555284
  },
  "config": {
    "hidden_dim": 256,
    "num_layers": 2,
    "layer_dropout": 0.2249401988853642,
    "num_classes": 2,
    "dropout": 0.1935825774557275,
    "attention_enabled": true,
    "attention_type": "boundary_aware",
    "attention_heads": 4,
    "attention_dropout": 0.18531907083615407,
    "attention_dim": 256,
    "positional_encoding": true,
    "max_seq_length": 1000,
    "window_size": 7,
    "boundary_temperature": 2.0,
    "batch_size": 32,
    "learning_rate": 0.000998721494025949,
    "weight_decay": 0.01657368310800925,
    "max_epochs": 15,
    "patience": 4,
    "gradient_clip_norm": 0.380389184864072,
    "scheduler": "cosine",
    "min_lr": 1e-06,
    "cosine_t_max": 15,
    "warmup_epochs": 5,
    "lr_factor": 0.5,
    "lr_patience": 10,
    "step_size": 30,
    "step_gamma": 0.5,
    "cosine_t0": 10,
    "cosine_t_mult": 2,
    "min_delta": 0.00020737850661708732,
    "train_file": "data/train.jsonl",
    "val_file": "data/val.jsonl",
    "test_file": "data/test.jsonl",
    "weighted_sampling": true,
    "emergency_monitoring_enabled": true,
    "max_confidence_threshold": 0.9502174949660079,
    "min_chorus_rate": 0.09983889723609506,
    "max_chorus_rate": 0.7496182385824647,
    "max_conf_over_95_ratio": 0.13370060843870618,
    "val_overconf_threshold": 0.96,
    "val_f1_collapse_threshold": 0.1,
    "loss": {
      "loss_type": "boundary_aware",
      "boundary_weight": 2.1963079094801463,
      "label_smoothing": 0.1652036434346194,
      "segment_consistency_lambda": 0.014405758288361846,
      "conf_penalty_lambda": 0.0122021074630452,
      "conf_threshold": 0.946260571851858,
      "entropy_lambda": 0.028063677420266494
    },
    "calibration_enabled": true,
    "calibration_methods": [
      "temperature",
      "platt"
    ],
    "validation_strategy": "composite",
    "head_ssm_enabled": true,
    "head_ssm_words": 4,
    "head_ssm_dimension": 12,
    "tail_ssm_enabled": false,
    "tail_ssm_words": 4,
    "tail_ssm_dimension": 12,
    "phonetic_ssm_enabled": true,
    "phonetic_ssm_mode": "rhyme",
    "phonetic_ssm_dimension": 12,
    "phonetic_ssm_similarity_method": "edit_distance",
    "phonetic_ssm_normalize": false,
    "phonetic_ssm_normalize_method": "zscore",
    "phonetic_ssm_high_sim_threshold": 0.3233591626670556,
    "pos_ssm_enabled": true,
    "pos_ssm_tagset": "universal",
    "pos_ssm_similarity_method": "lcs",
    "pos_ssm_high_sim_threshold": 0.27447890742301906,
    "pos_ssm_dimension": 12,
    "string_ssm_enabled": false,
    "string_ssm_case_sensitive": true,
    "string_ssm_remove_punctuation": true,
    "string_ssm_similarity_threshold": 0.05116047781481499,
    "string_ssm_similarity_method": "word_overlap",
    "string_ssm_dimension": 12,
    "syllable_pattern_ssm_enabled": true,
    "syllable_pattern_ssm_similarity_method": "cosine",
    "syllable_pattern_ssm_levenshtein_weight": 0.745217160798177,
    "syllable_pattern_ssm_cosine_weight": 0.2547828392018229,
    "syllable_pattern_ssm_normalize": true,
    "syllable_pattern_ssm_normalize_method": "minmax",
    "syllable_pattern_ssm_dimension": 12,
    "line_syllable_ssm_enabled": false,
    "line_syllable_ssm_similarity_method": "cosine",
    "line_syllable_ssm_ratio_threshold": 0.1084117188557606,
    "line_syllable_ssm_normalize": false,
    "line_syllable_ssm_normalize_method": "minmax",
    "line_syllable_ssm_dimension": 12,
    "word2vec_enabled": false,
    "word2vec_model": "word2vec-google-news-300",
    "word2vec_mode": "summary",
    "word2vec_normalize": true,
    "word2vec_similarity_metric": "cosine",
    "word2vec_high_sim_threshold": 0.7672145489513001,
    "contextual_enabled": false,
    "contextual_model": "all-MiniLM-L6-v2",
    "contextual_mode": "complete",
    "contextual_normalize": false,
    "contextual_similarity_metric": "dot",