{
  "trial_number": 97,
  "timestamp": 1756227071.0935931,
  "boundary_f1": 0.3783783783783784,
  "line_f1": 0.7273074772117173,
  "macro_f1": 0.7273074772117173,
  "verse_f1": 0.8063963449457453,
  "chorus_f1": 0.6482186094776893,
  "windowdiff": 0.39490021296091055,
  "pk": 0.29484051186512694,
  "val_loss": 0.5038126707077026,
  "val_accuracy": 0.0,
  "weighted_f1": 0.0,
  "training_time": 482.8763680458069,
  "training_time_minutes": 8.047939467430115,
  "total_params": 0,
  "actual_epochs": 8,
  "config_summary": {
    "attention_enabled": true,
    "hidden_dim": 256,
    "num_layers": 1,
    "max_epochs": 8,
    "batch_size": 32,
    "learning_rate": 0.0008336219614600974,
    "boundary_weight": 1.9485529221993643,
    "label_smoothing": 0.21566917942225172
  },
  "validation_strategy": "composite",
  "all_metrics": {
    "loss": 0.5038126707077026,
    "chorus_rate": 0.4110334441065788,
    "max_prob_mean": 0.6740964204072952,
    "confidence_over_90": 0.013501657987944782,
    "confidence_over_95": 0.0002312673459528014,
    "verse_f1": 0.8063963449457453,
    "chorus_f1": 0.6482186094776893,
    "macro_f1": 0.7273074772117173,
    "boundary_f1": 0.3783783783783784,
    "boundary_precision": 0.3202614379084967,
    "boundary_recall": 0.46226415094339623,
    "complete_segments": 0.25967299863111104,
    "avg_segment_overlap": 0.6303231372507958,
    "verse_to_chorus_acc": 0.42035398230088494,
    "chorus_to_verse_acc": 0.45454545454545453,
    "window_diff": 0.39490021296091055,
    "pk_metric": 0.29484051186512694
  },
  "parameters": {
    "hidden_dim": 256,
    "num_layers": 1,
    "dropout": 0.16935005135608316,
    "attention_enabled": true,
    "attention_type": "localized",
    "attention_heads": 4,
    "attention_dropout": 0.20339674526239543,
    "max_epochs": 8,
    "batch_size": 32,
    "learning_rate": 0.0008336219614600974,
    "weight_decay": 0.020289351130826635,
    "scheduler": "cosine",
    "min_delta": 0.0006202038786135417,
    "gradient_clip_norm": 0.34061215466524103,
    "validation_strategy": "composite",
    "head_tail_words": 4,
    "boundary_weight": 1.9485529221993643,
    "label_smoothing": 0.21566917942225172,
    "segment_consistency_lambda": 0.029869982022811187,
    "conf_penalty_lambda": 0.008976086480799193,
    "conf_threshold": 0.9303899740100199,
    "entropy_lambda": 0.03598137934360205,
    "max_confidence_threshold": 0.9271492691823154,
    "min_chorus_rate": 0.06913337234407226,
    "max_chorus_rate": 0.8046814481372164,
    "max_conf_over_95_ratio": 0.18498916517965253,
    "head_ssm_enabled": true,
    "tail_ssm_enabled": true,
    "phonetic_ssm_enabled": true,
    "pos_ssm_enabled": true,
    "string_ssm_enabled": true,
    "syllable_pattern_ssm_enabled": true,
    "line_syllable_ssm_enabled": false,
    "word2vec_enabled": true,
    "contextual_enabled": false,
    "phonetic_mode": "rhyme",
    "phonetic_similarity_method": "binary",
    "phonetic_normalize": false,
    "phonetic_normalize_method": "minmax",
    "phonetic_high_sim_threshold": 0.33536878869120923,
    "pos_tagset": "universal",
    "pos_similarity_method": "combined",
    "pos_high_sim_threshold": 0.231953597827708,
    "string_case_sensitive": false,
    "string_remove_punctuation": false,
    "string_similarity_threshold": 0.053165332664971816,
    "string_similarity_method": "word_overlap",
    "syllable_pattern_similarity_method": "cosine",
    "syllable_pattern_levenshtein_weight": 0.6711883336071974,
    "syllable_pattern_cosine_weight": 0.22218452502655567,
    "syllable_pattern_normalize": false,
    "syllable_pattern_normalize_method": "zscore",
    "line_syllable_similarity_method": "cosine",
    "line_syllable_ratio_threshold": 0.10866662453326767,
    "line_syllable_normalize": false,
    "line_syllable_normalize_method": "minmax",
    "word2vec_mode": "summary",
    "word2vec_normalize": true,
    "word2vec_similarity_metric": "cosine",
    "word2vec_high_sim_threshold": 0.77081935790849,
    "contextual_mode": "summary",
    "contextual_normalize": false,
    "contextual_similarity_metric": "dot",
    "contextual_high_sim_threshold": 0.6586893236449725
  },
  "config": {
    "hidden_dim": 256,
    "num_layers": 1,
    "layer_dropout": 0.0,
    "num_classes": 2,
    "dropout": 0.16935005135608316,
    "attention_enabled": true,
    "attention_type": "localized",
    "attention_heads": 4,
    "attention_dropout": 0.20339674526239543,
    "attention_dim": 256,
    "positional_encoding": true,
    "max_seq_length": 1000,
    "window_size": 7,
    "boundary_temperature": 2.0,
    "batch_size": 32,
    "learning_rate": 0.0008336219614600974,
    "weight_decay": 0.020289351130826635,
    "max_epochs": 8,
    "patience": 4,
    "gradient_clip_norm": 0.34061215466524103,
    "scheduler": "cosine",
    "min_lr": 1e-06,
    "cosine_t_max": 8,
    "warmup_epochs": 5,
    "lr_factor": 0.5,
    "lr_patience": 10,
    "step_size": 30,
    "step_gamma": 0.5,
    "cosine_t0": 10,
    "cosine_t_mult": 2,
    "min_delta": 0.0006202038786135417,
    "train_file": "data/train.jsonl",
    "val_file": "data/val.jsonl",
    "test_file": "data/test.jsonl",
    "weighted_sampling": true,
    "emergency_monitoring_enabled": true,
    "max_confidence_threshold": 0.9271492691823154,
    "min_chorus_rate": 0.06913337234407226,
    "max_chorus_rate": 0.8046814481372164,
    "max_conf_over_95_ratio": 0.18498916517965253,
    "val_overconf_threshold": 0.96,
    "val_f1_collapse_threshold": 0.1,
    "loss": {
      "loss_type": "boundary_aware",
      "boundary_weight": 1.9485529221993643,
      "label_smoothing": 0.21566917942225172,
      "segment_consistency_lambda": 0.029869982022811187,
      "conf_penalty_lambda": 0.008976086480799193,
      "conf_threshold": 0.9303899740100199,
      "entropy_lambda": 0.03598137934360205
    },
    "calibration_enabled": true,
    "calibration_methods": [
      "temperature",
      "platt"
    ],
    "validation_strategy": "composite",
    "head_ssm_enabled": true,
    "head_ssm_words": 4,
    "head_ssm_dimension": 12,
    "tail_ssm_enabled": true,
    "tail_ssm_words": 4,
    "tail_ssm_dimension": 12,
    "phonetic_ssm_enabled": true,
    "phonetic_ssm_mode": "rhyme",
    "phonetic_ssm_dimension": 12,
    "phonetic_ssm_similarity_method": "binary",
    "phonetic_ssm_normalize": false,
    "phonetic_ssm_normalize_method": "minmax",
    "phonetic_ssm_high_sim_threshold": 0.33536878869120923,
    "pos_ssm_enabled": true,
    "pos_ssm_tagset": "universal",
    "pos_ssm_similarity_method": "combined",
    "pos_ssm_high_sim_threshold": 0.231953597827708,
    "pos_ssm_dimension": 12,
    "string_ssm_enabled": true,
    "string_ssm_case_sensitive": false,
    "string_ssm_remove_punctuation": false,
    "string_ssm_similarity_threshold": 0.053165332664971816,
    "string_ssm_similarity_method": "word_overlap",
    "string_ssm_dimension": 12,
    "syllable_pattern_ssm_enabled": true,
    "syllable_pattern_ssm_similarity_method": "cosine",
    "syllable_pattern_ssm_levenshtein_weight": 0.7512969832480189,
    "syllable_pattern_ssm_cosine_weight": 0.24870301675198125,
    "syllable_pattern_ssm_normalize": false,
    "syllable_pattern_ssm_normalize_method": "zscore",
    "syllable_pattern_ssm_dimension": 12,
    "line_syllable_ssm_enabled": false,
    "line_syllable_ssm_similarity_method": "cosine",
    "line_syllable_ssm_ratio_threshold": 0.10866662453326767,
    "line_syllable_ssm_normalize": false,
    "line_syllable_ssm_normalize_method": "minmax",
    "line_syllable_ssm_dimension": 12,
    "word2vec_enabled": true,
    "word2vec_model": "word2vec-google-news-300",
    "word2vec_mode": "summary",
    "word2vec_normalize": true,
    "word2vec_similarity_metric": "cosine",
    "word2vec_high_sim_threshold": 0.77081935790849,
    "contextual_enabled": false,
    "contextual_model": "all-MiniLM-L6-v2",
    "contextual_mode": "summary",
    "contextual_normalize": false,
    "contextual_similarity_metric": "dot",