{
  "trial_number": 36,
  "timestamp": 1756085699.766901,
  "boundary_f1": 0.33102081268582756,
  "line_f1": 0.7257502747772069,
  "macro_f1": 0.7257502747772069,
  "verse_f1": 0.8310858765081617,
  "chorus_f1": 0.6204146730462521,
  "windowdiff": 0.3874038353120951,
  "pk": 0.3064120937841348,
  "val_loss": 0.5359890758991241,
  "val_accuracy": 0.0,
  "weighted_f1": 0.0,
  "training_time": 1866.1473231315613,
  "training_time_minutes": 31.10245538552602,
  "total_params": 0,
  "actual_epochs": 15,
  "config_summary": {
    "attention_enabled": true,
    "hidden_dim": 256,
    "num_layers": 2,
    "max_epochs": 15,
    "batch_size": 64,
    "learning_rate": 0.0008647522704377587,
    "boundary_weight": 2.164016119676499,
    "label_smoothing": 0.1975770120472594
  },
  "validation_strategy": "composite",
  "all_metrics": {
    "loss": 0.5359890758991241,
    "chorus_rate": 0.316128671169281,
    "max_prob_mean": 0.667473554611206,
    "confidence_over_90": 0.0066600083373487,
    "confidence_over_95": 0.0,
    "verse_f1": 0.8310858765081617,
    "chorus_f1": 0.6204146730462521,
    "macro_f1": 0.7257502747772069,
    "boundary_f1": 0.33102081268582756,
    "boundary_precision": 0.28547008547008546,
    "boundary_recall": 0.3938679245283019,
    "complete_segments": 0.18516522988505746,
    "avg_segment_overlap": 0.6072314209913745,
    "verse_to_chorus_acc": 0.3584070796460177,
    "chorus_to_verse_acc": 0.3787878787878788,
    "window_diff": 0.3874038353120951,
    "pk_metric": 0.3064120937841348
  },
  "parameters": {
    "hidden_dim": 256,
    "num_layers": 2,
    "dropout": 0.2141698732802953,
    "layer_dropout": 0.27676724834149485,
    "attention_enabled": true,
    "attention_heads": 4,
    "attention_dropout": 0.15000247984174964,
    "max_epochs": 15,
    "batch_size": 64,
    "learning_rate": 0.0008647522704377587,
    "weight_decay": 0.019549975878704745,
    "scheduler": "cosine",
    "min_delta": 8.295175146518869e-05,
    "gradient_clip_norm": 0.3656725454508073,
    "validation_strategy": "composite",
    "head_tail_words": 4,
    "boundary_weight": 2.164016119676499,
    "label_smoothing": 0.1975770120472594,
    "segment_consistency_lambda": 0.010027823521704816,
    "conf_penalty_lambda": 0.013162780079782986,
    "conf_threshold": 0.942535479485624,
    "entropy_lambda": 0.03427470180603802,
    "max_confidence_threshold": 0.9579421667398826,
    "min_chorus_rate": 0.11008150344613063,
    "max_chorus_rate": 0.7742209245247745,
    "max_conf_over_95_ratio": 0.10495383585062396,
    "head_ssm_enabled": true,
    "tail_ssm_enabled": false,
    "phonetic_ssm_enabled": true,
    "pos_ssm_enabled": true,
    "string_ssm_enabled": false,
    "syllable_pattern_ssm_enabled": false,
    "line_syllable_ssm_enabled": false,
    "word2vec_enabled": false,
    "contextual_enabled": false,
    "phonetic_mode": "rhyme",
    "phonetic_similarity_method": "edit_distance",
    "phonetic_normalize": false,
    "phonetic_normalize_method": "zscore",
    "phonetic_high_sim_threshold": 0.3357382085629654,
    "pos_tagset": "universal",
    "pos_similarity_method": "lcs",
    "pos_high_sim_threshold": 0.256355492261411,
    "string_case_sensitive": false,
    "string_remove_punctuation": true,
    "string_similarity_threshold": 0.053515300852178746,
    "string_similarity_method": "jaccard",
    "syllable_pattern_similarity_method": "cosine",
    "syllable_pattern_levenshtein_weight": 0.6779437216440743,
    "syllable_pattern_cosine_weight": 0.2404632805932086,
    "syllable_pattern_normalize": true,
    "syllable_pattern_normalize_method": "minmax",
    "line_syllable_similarity_method": "cosine",
    "line_syllable_ratio_threshold": 0.10409581756298002,
    "line_syllable_normalize": false,
    "line_syllable_normalize_method": "minmax",
    "word2vec_mode": "summary",
    "word2vec_normalize": true,
    "word2vec_similarity_metric": "cosine",
    "word2vec_high_sim_threshold": 0.751511058617201,
    "contextual_mode": "complete",
    "contextual_normalize": false,
    "contextual_similarity_metric": "dot",
    "contextual_high_sim_threshold": 0.6976397911901048
  },
  "config": {
    "hidden_dim": 256,
    "num_layers": 2,
    "layer_dropout": 0.27676724834149485,
    "num_classes": 2,
    "dropout": 0.2141698732802953,
    "attention_enabled": true,
    "attention_type": "boundary_aware",
    "attention_heads": 4,
    "attention_dropout": 0.15000247984174964,
    "attention_dim": 256,
    "positional_encoding": true,
    "max_seq_length": 1000,
    "window_size": 7,
    "boundary_temperature": 2.0,
    "batch_size": 64,
    "learning_rate": 0.0008647522704377587,
    "weight_decay": 0.019549975878704745,
    "max_epochs": 15,
    "patience": 4,
    "gradient_clip_norm": 0.3656725454508073,
    "scheduler": "cosine",
    "min_lr": 1e-06,
    "cosine_t_max": 15,
    "warmup_epochs": 5,
    "lr_factor": 0.5,
    "lr_patience": 10,
    "step_size": 30,
    "step_gamma": 0.5,
    "cosine_t0": 10,
    "cosine_t_mult": 2,
    "min_delta": 8.295175146518869e-05,
    "train_file": "data/train.jsonl",
    "val_file": "data/val.jsonl",
    "test_file": "data/test.jsonl",
    "weighted_sampling": true,
    "emergency_monitoring_enabled": true,
    "max_confidence_threshold": 0.9579421667398826,
    "min_chorus_rate": 0.11008150344613063,
    "max_chorus_rate": 0.7742209245247745,
    "max_conf_over_95_ratio": 0.10495383585062396,
    "val_overconf_threshold": 0.96,
    "val_f1_collapse_threshold": 0.1,
    "loss": {
      "loss_type": "boundary_aware",
      "boundary_weight": 2.164016119676499,
      "label_smoothing": 0.1975770120472594,
      "segment_consistency_lambda": 0.010027823521704816,
      "conf_penalty_lambda": 0.013162780079782986,
      "conf_threshold": 0.942535479485624,
      "entropy_lambda": 0.03427470180603802
    },
    "calibration_enabled": true,
    "calibration_methods": [
      "temperature",
      "platt"
    ],
    "validation_strategy": "composite",
    "head_ssm_enabled": true,
    "head_ssm_words": 4,
    "head_ssm_dimension": 12,
    "tail_ssm_enabled": false,
    "tail_ssm_words": 4,
    "tail_ssm_dimension": 12,
    "phonetic_ssm_enabled": true,
    "phonetic_ssm_mode": "rhyme",
    "phonetic_ssm_dimension": 12,
    "phonetic_ssm_similarity_method": "edit_distance",
    "phonetic_ssm_normalize": false,
    "phonetic_ssm_normalize_method": "zscore",
    "phonetic_ssm_high_sim_threshold": 0.3357382085629654,
    "pos_ssm_enabled": true,
    "pos_ssm_tagset": "universal",
    "pos_ssm_similarity_method": "lcs",
    "pos_ssm_high_sim_threshold": 0.256355492261411,
    "pos_ssm_dimension": 12,
    "string_ssm_enabled": false,
    "string_ssm_case_sensitive": false,
    "string_ssm_remove_punctuation": true,
    "string_ssm_similarity_threshold": 0.053515300852178746,
    "string_ssm_similarity_method": "jaccard",
    "string_ssm_dimension": 12,
    "syllable_pattern_ssm_enabled": false,
    "syllable_pattern_ssm_similarity_method": "cosine",
    "syllable_pattern_ssm_levenshtein_weight": 0.7381735113000786,
    "syllable_pattern_ssm_cosine_weight": 0.2618264886999213,
    "syllable_pattern_ssm_normalize": true,
    "syllable_pattern_ssm_normalize_method": "minmax",
    "syllable_pattern_ssm_dimension": 12,
    "line_syllable_ssm_enabled": false,
    "line_syllable_ssm_similarity_method": "cosine",
    "line_syllable_ssm_ratio_threshold": 0.10409581756298002,
    "line_syllable_ssm_normalize": false,
    "line_syllable_ssm_normalize_method": "minmax",
    "line_syllable_ssm_dimension": 12,
    "word2vec_enabled": false,
    "word2vec_model": "word2vec-google-news-300",
    "word2vec_mode": "summary",
    "word2vec_normalize": true,
    "word2vec_similarity_metric": "cosine",
    "word2vec_high_sim_threshold": 0.751511058617201,
    "contextual_enabled": false,
    "contextual_model": "all-MiniLM-L6-v2",
    "contextual_mode": "complete",
    "contextual_normalize": false,
    "contextual_similarity_metric": "dot",