{
  "metadata": {
    "model_info": {
      "hidden_dim": 256,
      "num_layers": 2,
      "dropout": 0.2141698732802953,
      "layer_dropout": 0.27676724834149485,
      "attention_enabled": true,
      "attention_heads": 4,
      "attention_dropout": 0.15000247984174964,
      "attention_dim": 256,
      "positional_encoding": true,
      "max_seq_length": 1000,
      "total_params": 2739715,
      "lstm_params": 2179072,
      "attention_params": 559617,
      "classifier_params": 1026
    },
    "training_info": {
      "batch_size": 64,
      "learning_rate": 0.0008647522704377587,
      "scheduler": "cosine",
      "label_smoothing": 0.0,
      "weighted_sampling": true,
      "total_epochs": 15,
      "validation_strategy": "composite",
      "weight_decay": 0.019549975878704745,
      "gradient_clip_norm": 0.3656725454508073,
      "max_epochs": 15,
      "patience": 4
    },
    "calibration_info": {
      "temperature": {
        "ece_before": 0.09874966629361823,
        "ece_after": 0.021776839314954458,
        "improvement": 0.07697282697866377,
        "params": {
          "temperature": 0.5738545705902559
        }
      },
      "platt": {
        "ece_before": 0.09874966629361823,
        "ece_after": 0.03432041048008237,
        "improvement": 0.06442925581353585,
        "params": {
          "A": 1.5293045641961092,
          "B": 0.0
        }
      }
    }
  },
  "metrics": [
    {
      "epoch": 1,
      "train_loss": 0.5769116759300232,
      "train_chorus_rate": 0.4069463236257434,
      "train_max_prob": 0.5806849360466003,
      "train_conf_over_90": 0.0,
      "train_conf_over_95": 0.0,
      "val_loss": 0.6091549396514893,
      "val_macro_f1": 0.5019910573639771,
      "val_verse_f1": 0.8104337276311799,
      "val_chorus_f1": 0.1935483870967742,
      "val_chorus_rate": 0.08086821809411049,
      "val_max_prob": 0.5624110102653503,
      "val_conf_over_90": 0.0,
      "val_conf_over_95": 0.0,
      "learning_rate": 0.0008553147406974148,
      "epoch_time": 70.75551986694336,
      "val_boundary_f1": 0.029787234042553193,
      "val_boundary_precision": 0.15217391304347827,
      "val_boundary_recall": 0.01650943396226415,
      "val_complete_segments": 0.056333812260536395,
      "val_avg_segment_overlap": 0.19117627755557462,
      "val_verse_to_chorus_acc": 0.022123893805309734,
      "val_chorus_to_verse_acc": 0.010101010101010102,
      "val_window_diff": 0.2896536799245696,
      "val_pk_metric": 0.29154789087159894
    },
    {
      "epoch": 2,
      "train_loss": 0.5764691710472107,
      "train_chorus_rate": 0.5028298602672294,
      "train_max_prob": 0.5880239427089691,
      "train_conf_over_90": 0.0,
      "train_conf_over_95": 0.0,
      "val_loss": 0.6034475862979889,
      "val_macro_f1": 0.5122956009450129,
      "val_verse_f1": 0.8077687719834837,
      "val_chorus_f1": 0.21682242990654207,
      "val_chorus_rate": 0.09443575888872147,
      "val_max_prob": 0.561072438955307,
      "val_conf_over_90": 0.0,
      "val_conf_over_95": 0.0,
      "learning_rate": 0.0008274146168123282,
      "epoch_time": 457.6631019115448,
      "val_boundary_f1": 0.04453441295546559,
      "val_boundary_precision": 0.15714285714285714,
      "val_boundary_recall": 0.025943396226415096,
      "val_complete_segments": 0.056333812260536395,
      "val_avg_segment_overlap": 0.206953970151028,
      "val_verse_to_chorus_acc": 0.02654867256637168,
      "val_chorus_to_verse_acc": 0.020202020202020204,
      "val_window_diff": 0.29428424951755044,
      "val_pk_metric": 0.29581822674260116
    },
    {
      "epoch": 3,
      "train_loss": 0.5504126965999603,
      "train_chorus_rate": 0.535217797383666,
      "train_max_prob": 0.5896957695484162,
      "train_conf_over_90": 0.0,
      "train_conf_over_95": 0.0,
      "val_loss": 0.6122486591339111,
      "val_macro_f1": 0.5462817188119982,
      "val_verse_f1": 0.7814976548601004,
      "val_chorus_f1": 0.311065782763896,
      "val_chorus_rate": 0.181782566010952,
      "val_max_prob": 0.5724442899227142,
      "val_conf_over_90": 0.0,
      "val_conf_over_95": 0.0,
      "learning_rate": 0.0007822712680759255,
      "epoch_time": 116.67913126945496,
      "val_boundary_f1": 0.05223880597014926,
      "val_boundary_precision": 0.125,
      "val_boundary_recall": 0.0330188679245283,
      "val_complete_segments": 0.05878831417624521,
      "val_avg_segment_overlap": 0.22920862285754195,
      "val_verse_to_chorus_acc": 0.022123893805309734,
      "val_chorus_to_verse_acc": 0.04040404040404041,
      "val_window_diff": 0.3200570870441508,
      "val_pk_metric": 0.3146124275187828
    },
    {
      "epoch": 4,
      "train_loss": 0.5644638061523437,
      "train_chorus_rate": 0.5754576653242112,
      "train_max_prob": 0.5866778135299683,
      "train_conf_over_90": 3.328894672449678e-05,
      "train_conf_over_95": 0.0,
      "val_loss": 0.595166802406311,
      "val_macro_f1": 0.5738269689145876,
      "val_verse_f1": 0.6946039035591274,
      "val_chorus_f1": 0.453050034270048,
      "val_chorus_rate": 0.41701552271842957,
      "val_max_prob": 0.5516983270645142,
      "val_conf_over_90": 0.0,
      "val_conf_over_95": 0.0,
      "learning_rate": 0.0007218576754498083,
      "epoch_time": 66.98266291618347,
      "val_boundary_f1": 0.08959999999999999,
      "val_boundary_precision": 0.13930348258706468,
      "val_boundary_recall": 0.0660377358490566,
      "val_complete_segments": 0.0636374521072797,
      "val_avg_segment_overlap": 0.2883787583334507,
      "val_verse_to_chorus_acc": 0.061946902654867256,
      "val_chorus_to_verse_acc": 0.050505050505050504,
      "val_window_diff": 0.35124597092745713,
      "val_pk_metric": 0.33504682110064055
    },
    {
      "epoch": 5,
      "train_loss": 0.5526388049125671,
      "train_chorus_rate": 0.5411032378673554,
      "train_max_prob": 0.6048478126525879,
      "train_conf_over_90": 3.654970787465572e-05,
      "train_conf_over_95": 0.0,
      "val_loss": 0.5891943871974945,
      "val_macro_f1": 0.5301077829595435,
      "val_verse_f1": 0.5736120476511575,
      "val_chorus_f1": 0.48660351826792964,
      "val_chorus_rate": 0.6078869998455048,
      "val_max_prob": 0.5602006018161774,
      "val_conf_over_90": 0.0,
      "val_conf_over_95": 0.0,
      "learning_rate": 0.000648814202828319,
      "epoch_time": 118.96988272666931,
      "val_boundary_f1": 0.08214849921011058,
      "val_boundary_precision": 0.12440191387559808,
      "val_boundary_recall": 0.06132075471698113,
      "val_complete_segments": 0.036877394636015325,
      "val_avg_segment_overlap": 0.24594653194379446,
      "val_verse_to_chorus_acc": 0.04424778761061947,
      "val_chorus_to_verse_acc": 0.05555555555555555,
      "val_window_diff": 0.4099888862141794,
      "val_pk_metric": 0.3787771317748168
    },
    {
      "epoch": 6,
      "train_loss": 0.5497094392776489,
      "train_chorus_rate": 0.5479192063212395,
      "train_max_prob": 0.599813061952591,
      "train_conf_over_90": 0.0,
      "train_conf_over_95": 0.0,
      "val_loss": 0.5925226807594299,
      "val_macro_f1": 0.5774660414371056,
      "val_verse_f1": 0.6811279826464207,
      "val_chorus_f1": 0.4738041002277904,
      "val_chorus_rate": 0.4548877626657486,
      "val_max_prob": 0.5927031934261322,
      "val_conf_over_90": 0.0,
      "val_conf_over_95": 0.0,
      "learning_rate": 0.0005663332004664858,
      "epoch_time": 91.66556191444397,
      "val_boundary_f1": 0.08653846153846154,
      "val_boundary_precision": 0.135,
      "val_boundary_recall": 0.06367924528301887,
      "val_complete_segments": 0.04346264367816092,
      "val_avg_segment_overlap": 0.26272005722384745,
      "val_verse_to_chorus_acc": 0.048672566371681415,
      "val_chorus_to_verse_acc": 0.05555555555555555,
      "val_window_diff": 0.4008062453542147,
      "val_pk_metric": 0.3643156843964539
    },
    {
      "epoch": 7,
      "train_loss": 0.5412731647491456,