{
  "metadata": {
    "model_info": {
      "hidden_dim": 256,
      "num_layers": 2,
      "dropout": 0.21347224231704243,
      "layer_dropout": 0.2380910615689722,
      "attention_enabled": true,
      "attention_heads": 4,
      "attention_dropout": 0.1902249800522923,
      "attention_dim": 256,
      "positional_encoding": true,
      "max_seq_length": 1000,
      "total_params": 2764291,
      "lstm_params": 2203648,
      "attention_params": 559617,
      "classifier_params": 1026
    },
    "training_info": {
      "batch_size": 32,
      "learning_rate": 0.0006710555368483188,
      "scheduler": "cosine",
      "label_smoothing": 0.0,
      "weighted_sampling": true,
      "total_epochs": 15,
      "validation_strategy": "composite",
      "weight_decay": 0.01470691043045413,
      "gradient_clip_norm": 0.3953661890526009,
      "max_epochs": 15,
      "patience": 4
    },
    "calibration_info": {
      "temperature": {
        "ece_before": 0.12764911720993946,
        "ece_after": 0.020110962828273616,
        "improvement": 0.10753815438166585,
        "params": {
          "temperature": 0.4855160159368984
        }
      },
      "platt": {
        "ece_before": 0.12764911720993946,
        "ece_after": 0.025706204367995512,
        "improvement": 0.10194291284194396,
        "params": {
          "A": 1.9268231992050389,
          "B": 0.0
        }
      }
    }
  },
  "metrics": [
    {
      "epoch": 1,
      "train_loss": 0.6037841945886612,
      "train_chorus_rate": 0.5064010968199,
      "train_max_prob": 0.5884931266307831,
      "train_conf_over_90": 0.0,
      "train_conf_over_95": 0.0,
      "val_loss": 0.6102218478918076,
      "val_macro_f1": 0.3407730517401246,
      "val_verse_f1": 0.19717425431711144,
      "val_chorus_f1": 0.48437184916313775,
      "val_chorus_rate": 0.9179612249135971,
      "val_max_prob": 0.616491824388504,
      "val_conf_over_90": 0.0,
      "val_conf_over_95": 0.0,
      "learning_rate": 0.000663734376287452,
      "epoch_time": 564.2724449634552,
      "val_boundary_f1": 0.0,
      "val_boundary_precision": 0.0,
      "val_boundary_recall": 0.0,
      "val_complete_segments": 0.0,
      "val_avg_segment_overlap": 0.13520014437559946,
      "val_verse_to_chorus_acc": 0.0,
      "val_chorus_to_verse_acc": 0.0,
      "val_window_diff": 0.4148026722328004,
      "val_pk_metric": 0.40213540932247616
    },
    {
      "epoch": 2,
      "train_loss": 0.5781117647886276,
      "train_chorus_rate": 0.4545816439349437,
      "train_max_prob": 0.5827616930007935,
      "train_conf_over_90": 0.0,
      "train_conf_over_95": 0.0,
      "val_loss": 0.5945271402597427,
      "val_macro_f1": 0.4921091656665494,
      "val_verse_f1": 0.5148095909732017,
      "val_chorus_f1": 0.46940874035989716,
      "val_chorus_rate": 0.6558010578155518,
      "val_max_prob": 0.5516369342803955,
      "val_conf_over_90": 0.0,
      "val_conf_over_95": 0.0,
      "learning_rate": 0.0006420908644521873,
      "epoch_time": 943.6382768154144,
      "val_boundary_f1": 0.05828779599271403,
      "val_boundary_precision": 0.128,
      "val_boundary_recall": 0.03773584905660377,
      "val_complete_segments": 0.016572035222618468,
      "val_avg_segment_overlap": 0.20668314811037197,
      "val_verse_to_chorus_acc": 0.04424778761061947,
      "val_chorus_to_verse_acc": 0.0,
      "val_window_diff": 0.43590011307055176,
      "val_pk_metric": 0.4369561823500305
    },
    {
      "epoch": 3,
      "train_loss": 0.5726073861122132,
      "train_chorus_rate": 0.5898828064091504,
      "train_max_prob": 0.5728818863630295,
      "train_conf_over_90": 0.0,
      "train_conf_over_95": 0.0,
      "val_loss": 0.5916891545057297,
      "val_macro_f1": 0.4225100039793923,
      "val_verse_f1": 0.35457834678541605,
      "val_chorus_f1": 0.49044166117336857,
      "val_chorus_rate": 0.8188815861940384,
      "val_max_prob": 0.5583681017160416,
      "val_conf_over_90": 0.0,
      "val_conf_over_95": 0.0,
      "learning_rate": 0.0006070709266668187,
      "epoch_time": 51.1553590297699,
      "val_boundary_f1": 0.05695142378559464,
      "val_boundary_precision": 0.09826589595375723,
      "val_boundary_recall": 0.04009433962264151,
      "val_complete_segments": 0.025211031361614608,
      "val_avg_segment_overlap": 0.19562932413998596,
      "val_verse_to_chorus_acc": 0.05309734513274336,
      "val_chorus_to_verse_acc": 0.005050505050505051,
      "val_window_diff": 0.42824161465256105,
      "val_pk_metric": 0.4230313026899027
    },
    {
      "epoch": 4,
      "train_loss": 0.5673398435115814,
      "train_chorus_rate": 0.5058878149837256,
      "train_max_prob": 0.5750976353883743,
      "train_conf_over_90": 0.0,
      "train_conf_over_95": 0.0,
      "val_loss": 0.5895848721265793,
      "val_macro_f1": 0.5540968977079311,
      "val_verse_f1": 0.6271365266933953,
      "val_chorus_f1": 0.48105726872246696,
      "val_chorus_rate": 0.5376709476113319,
      "val_max_prob": 0.5659133642911911,
      "val_conf_over_90": 0.0,
      "val_conf_over_95": 0.0,
      "learning_rate": 0.0005602051022568723,
      "epoch_time": 60.043030977249146,
      "val_boundary_f1": 0.09582689335394126,
      "val_boundary_precision": 0.13901345291479822,
      "val_boundary_recall": 0.07311320754716981,
      "val_complete_segments": 0.03228324332513092,
      "val_avg_segment_overlap": 0.2499680144707768,
      "val_verse_to_chorus_acc": 0.07079646017699115,
      "val_chorus_to_verse_acc": 0.050505050505050504,
      "val_window_diff": 0.4460260240869825,
      "val_pk_metric": 0.43240471645650874
    },
    {
      "epoch": 5,
      "train_loss": 0.5491521090269089,
      "train_chorus_rate": 0.46682246662676335,
      "train_max_prob": 0.6126302897930145,
      "train_conf_over_90": 0.00030595912830904125,
      "train_conf_over_95": 0.0,
      "val_loss": 0.5595213323831558,
      "val_macro_f1": 0.5585676869067843,
      "val_verse_f1": 0.5780809031044215,
      "val_chorus_f1": 0.539054470709147,
      "val_chorus_rate": 0.6565573066473007,
      "val_max_prob": 0.6209725886583328,
      "val_conf_over_90": 0.0,
      "val_conf_over_95": 0.0,
      "learning_rate": 0.000503541652636239,
      "epoch_time": 59.25090312957764,
      "val_boundary_f1": 0.1395348837209302,
      "val_boundary_precision": 0.1450381679389313,
      "val_boundary_recall": 0.13443396226415094,
      "val_complete_segments": 0.04775622653406322,
      "val_avg_segment_overlap": 0.35439386962494834,
      "val_verse_to_chorus_acc": 0.11504424778761062,
      "val_chorus_to_verse_acc": 0.12121212121212122,
      "val_window_diff": 0.5114523635124448,
      "val_pk_metric": 0.4246447959938084
    },
    {
      "epoch": 6,
      "train_loss": 0.5326125651597977,
      "train_chorus_rate": 0.45292682349681856,
      "train_max_prob": 0.6364284038543702,
      "train_conf_over_90": 0.0053718676790595055,
      "train_conf_over_95": 0.00011918951058760285,
      "val_loss": 0.5297930091619492,
      "val_macro_f1": 0.7070605497160349,
      "val_verse_f1": 0.7922374429223745,
      "val_chorus_f1": 0.6218836565096952,
      "val_chorus_rate": 0.41066448390483856,
      "val_max_prob": 0.639815166592598,
      "val_conf_over_90": 0.0,
      "val_conf_over_95": 0.0,
      "learning_rate": 0.00043955704245473903,
      "epoch_time": 52.32903814315796,
      "val_boundary_f1": 0.2806673209028459,
      "val_boundary_precision": 0.24033613445378152,
      "val_boundary_recall": 0.33726415094339623,
      "val_complete_segments": 0.1677522754537601,
      "val_avg_segment_overlap": 0.589442378470864,
      "val_verse_to_chorus_acc": 0.26991150442477874,
      "val_chorus_to_verse_acc": 0.35353535353535354,
      "val_window_diff": 0.4275501268513402,
      "val_pk_metric": 0.3293015553911739
    },
    {
      "epoch": 7,
      "train_loss": 0.5044708654284478,
      "train_chorus_rate": 0.37188313603401185,
      "train_max_prob": 0.6742953538894654,