{
  "trial_number": 3,
  "trial_id": "cnn_trial_0003",
  "model_type": "CNN",
  "training_score": 0.6151780185865383,
  "optuna_objective": 0.41567912488605285,
  "validation_metrics": {
    "line_f1": 0.7503511131152949,
    "boundary_f1": 0.41567912488605285,
    "macro_f1": 0.7503511131152949,
    "verse_f1": 0.8304202305689847,
    "chorus_f1": 0.6702819956616052,
    "boundary_precision": 0.3387815750371471,
    "boundary_recall": 0.5377358490566038,
    "window_diff": 0.4265032595183695,
    "pk_metric": 0.29242013077781676,
    "confidence": 0.7242651283740997,
    "val_loss": 0.5073189735412598
  },
  "all_results": {
    "line_f1": 0.7503511131152949,
    "boundary_f1": 0.41567912488605285,
    "macro_f1": 0.7503511131152949,
    "verse_f1": 0.8304202305689847,
    "chorus_f1": 0.6702819956616052,
    "boundary_precision": 0.3387815750371471,
    "boundary_recall": 0.5377358490566038,
    "window_diff": 0.4265032595183695,
    "pk_metric": 0.29242013077781676,
    "confidence": 0.7242651283740997,
    "val_loss": 0.5073189735412598
  },
  "parameters": {
    "hidden_dim": 128,
    "num_layers": 2,
    "dropout": 0.3930892865503881,
    "layer_dropout": 0.23722965853306727,
    "cnn_kernel_sizes": "3,5",
    "cnn_dilation_rates": "1,2",
    "cnn_use_residual": true,
    "cnn_batch_multiplier": 1.4833274095218347,
    "attention_enabled": true,
    "attention_type": "boundary_aware",
    "attention_heads": 4,
    "attention_dropout": 0.21136025249167004,
    "max_epochs": 8,
    "batch_size": 64,
    "learning_rate": 0.0009773584004575738,
    "weight_decay": 0.006264472817004565,
    "scheduler": "onecycle",
    "min_delta": 0.0007433609315766624,
    "gradient_clip_norm": 0.7879110186966876,
    "validation_strategy": "cnn_composite",
    "boundary_weight": 2.404680577739257,
    "label_smoothing": 0.19050566973395905,
    "segment_consistency_lambda": 0.02367072318580104,
    "conf_penalty_lambda": 0.009566202762782357,
    "conf_threshold": 0.9353402719658281,
    "entropy_lambda": 0.030030325893743992,
    "max_confidence_threshold": 0.9159659035793355,
    "min_chorus_rate": 0.06299927861555531,
    "max_chorus_rate": 0.8621180126354622,
    "max_conf_over_95_ratio": 0.07387378008308303,
    "head_ssm_enabled": true,
    "tail_ssm_enabled": true,
    "phonetic_ssm_enabled": true,
    "pos_ssm_enabled": false,
    "string_ssm_enabled": false,
    "syllable_pattern_ssm_enabled": false,
    "line_syllable_ssm_enabled": true,
    "word2vec_enabled": false,
    "contextual_enabled": true,
    "head_tail_words": 2,
    "phonetic_mode": "combined",
    "phonetic_similarity": "edit_distance",
    "phonetic_threshold": 0.2822956472941246,
    "pos_tagset": "simplified",
    "pos_similarity": "position",
    "pos_threshold": 0.2895974206093698,
    "string_similarity": "word_overlap",
    "string_threshold": 0.050004857963291904
  },
  "duration_minutes": 0
}