{
  "trial_number": 3,
  "timestamp": 1755971283.614923,
  "boundary_f1": 0.2961082910321489,
  "line_f1": 0.0,
  "windowdiff": 1.0,
  "pk": 1.0,
  "val_loss": Infinity,
  "val_accuracy": 0.0,
  "weighted_f1": 0.0,
  "training_time": 848.1414670944214,
  "training_time_minutes": 14.135691118240356,
  "total_params": 0,
  "actual_epochs": 8,
  "config_summary": {
    "attention_enabled": true,
    "hidden_dim": 256,
    "num_layers": 1,
    "max_epochs": 8,
    "batch_size": 64,
    "learning_rate": 0.0009375765904863061,
    "boundary_weight": 2.1423645078093023,
    "label_smoothing": 0.20425379199882285
  },
  "validation_strategy": "line_f1",
  "all_metrics": {
    "loss": 0.5402671694755554,
    "chorus_rate": 0.3780262619256973,
    "max_prob_mean": 0.6466140449047089,
    "confidence_over_90": 0.002962576923891902,
    "confidence_over_95": 0.0,
    "verse_f1": 0.7838038632986626,
    "chorus_f1": 0.5782608695652174,
    "macro_f1": 0.68103236643194,
    "boundary_f1": 0.2961082910321489,
    "boundary_precision": 0.23087071240105542,
    "boundary_recall": 0.41273584905660377,
    "complete_segments": 0.16924090038314177,
    "avg_segment_overlap": 0.5616076202408912,
    "verse_to_chorus_acc": 0.2920353982300885,
    "chorus_to_verse_acc": 0.42424242424242425,
    "window_diff": 0.43785784463415317,
    "pk_metric": 0.3311536626704028
  },
  "parameters": {
    "hidden_dim": 256,
    "num_layers": 1,
    "dropout": 0.2873157560952451,
    "attention_enabled": true,
    "attention_heads": 4,
    "attention_dropout": 0.14082731714591387,
    "max_epochs": 8,
    "batch_size": 64,
    "learning_rate": 0.0009375765904863061,
    "weight_decay": 0.007682388229446726,
    "scheduler": "cosine",
    "min_delta": 0.0004761242354718318,
    "gradient_clip_norm": 0.5432799765074673,
    "validation_strategy": "line_f1",
    "head_tail_words": 3,
    "boundary_weight": 2.1423645078093023,
    "label_smoothing": 0.20425379199882285,
    "segment_consistency_lambda": 0.010991109448967449,
    "conf_penalty_lambda": 0.01171410706571226,
    "conf_threshold": 0.9083709204960675,
    "entropy_lambda": 0.056630444115800246,
    "max_confidence_threshold": 0.9255863675277218,
    "min_chorus_rate": 0.11021783405947452,
    "max_chorus_rate": 0.7474036250913364,
    "max_conf_over_95_ratio": 0.12937397109189022,
    "head_ssm_enabled": false,
    "tail_ssm_enabled": false,
    "phonetic_ssm_enabled": true,
    "pos_ssm_enabled": false,
    "string_ssm_enabled": true,
    "syllable_pattern_ssm_enabled": false,
    "line_syllable_ssm_enabled": true,
    "word2vec_enabled": true,
    "contextual_enabled": true,
    "phonetic_mode": "combined",
    "phonetic_similarity_method": "binary",
    "phonetic_normalize": false,
    "phonetic_normalize_method": "zscore",
    "phonetic_high_sim_threshold": 0.340195617591178,
    "pos_tagset": "penn",
    "pos_similarity_method": "jaccard",
    "pos_high_sim_threshold": 0.2578344662804285,
    "string_case_sensitive": false,
    "string_remove_punctuation": true,
    "string_similarity_threshold": 0.04600266379783196,
    "string_similarity_method": "jaccard",
    "syllable_pattern_similarity_method": "combined",
    "syllable_pattern_levenshtein_weight": 0.6694911178357064,
    "syllable_pattern_cosine_weight": 0.2645845864476033,
    "syllable_pattern_normalize": false,
    "syllable_pattern_normalize_method": "zscore",
    "line_syllable_similarity_method": "cosine",
    "line_syllable_ratio_threshold": 0.10181337078768454,
    "line_syllable_normalize": true,
    "line_syllable_normalize_method": "zscore",
    "word2vec_mode": "summary",
    "word2vec_normalize": true,
    "word2vec_similarity_metric": "dot",
    "word2vec_high_sim_threshold": 0.7670946568844502,
    "contextual_mode": "summary",
    "contextual_normalize": false,
    "contextual_similarity_metric": "cosine",
    "contextual_high_sim_threshold": 0.6994845649131445
  },
  "config": {
    "hidden_dim": 256,
    "num_layers": 1,
    "layer_dropout": 0.0,
    "num_classes": 2,
    "dropout": 0.2873157560952451,
    "attention_enabled": true,
    "attention_type": "boundary_aware",
    "attention_heads": 4,
    "attention_dropout": 0.14082731714591387,
    "attention_dim": 256,
    "positional_encoding": true,
    "max_seq_length": 1000,
    "window_size": 7,
    "boundary_temperature": 2.0,
    "batch_size": 64,
    "learning_rate": 0.0009375765904863061,
    "weight_decay": 0.007682388229446726,
    "max_epochs": 8,
    "patience": 4,
    "gradient_clip_norm": 0.5432799765074673,
    "scheduler": "cosine",
    "min_lr": 1e-06,
    "cosine_t_max": 8,
    "warmup_epochs": 5,
    "lr_factor": 0.5,
    "lr_patience": 10,
    "step_size": 30,
    "step_gamma": 0.5,
    "cosine_t0": 10,
    "cosine_t_mult": 2,
    "min_delta": 0.0004761242354718318,
    "train_file": "data/train.jsonl",
    "val_file": "data/val.jsonl",
    "test_file": "data/test.jsonl",
    "weighted_sampling": true,
    "emergency_monitoring_enabled": true,
    "max_confidence_threshold": 0.9255863675277218,
    "min_chorus_rate": 0.11021783405947452,
    "max_chorus_rate": 0.7474036250913364,
    "max_conf_over_95_ratio": 0.12937397109189022,
    "val_overconf_threshold": 0.96,
    "val_f1_collapse_threshold": 0.1,
    "loss": {
      "loss_type": "boundary_aware",
      "boundary_weight": 2.1423645078093023,
      "label_smoothing": 0.20425379199882285,
      "segment_consistency_lambda": 0.010991109448967449,
      "conf_penalty_lambda": 0.01171410706571226,
      "conf_threshold": 0.9083709204960675,
      "entropy_lambda": 0.056630444115800246
    },
    "calibration_enabled": true,
    "calibration_methods": [
      "temperature",
      "platt"
    ],
    "validation_strategy": "line_f1",
    "head_ssm_enabled": false,
    "head_ssm_words": 3,
    "head_ssm_dimension": 12,
    "tail_ssm_enabled": false,
    "tail_ssm_words": 3,
    "tail_ssm_dimension": 12,
    "phonetic_ssm_enabled": true,
    "phonetic_ssm_mode": "combined",
    "phonetic_ssm_dimension": 12,
    "phonetic_ssm_similarity_method": "binary",
    "phonetic_ssm_normalize": false,
    "phonetic_ssm_normalize_method": "zscore",
    "phonetic_ssm_high_sim_threshold": 0.340195617591178,
    "pos_ssm_enabled": false,
    "pos_ssm_tagset": "penn",
    "pos_ssm_similarity_method": "jaccard",
    "pos_ssm_high_sim_threshold": 0.2578344662804285,
    "pos_ssm_dimension": 12,
    "string_ssm_enabled": true,
    "string_ssm_case_sensitive": false,
    "string_ssm_remove_punctuation": true,
    "string_ssm_similarity_threshold": 0.04600266379783196,
    "string_ssm_similarity_method": "jaccard",
    "string_ssm_dimension": 12,
    "syllable_pattern_ssm_enabled": false,
    "syllable_pattern_ssm_similarity_method": "combined",
    "syllable_pattern_ssm_levenshtein_weight": 0.7167418173555732,
    "syllable_pattern_ssm_cosine_weight": 0.28325818264442676,
    "syllable_pattern_ssm_normalize": false,
    "syllable_pattern_ssm_normalize_method": "zscore",
    "syllable_pattern_ssm_dimension": 12,
    "line_syllable_ssm_enabled": true,
    "line_syllable_ssm_similarity_method": "cosine",
    "line_syllable_ssm_ratio_threshold": 0.10181337078768454,
    "line_syllable_ssm_normalize": true,
    "line_syllable_ssm_normalize_method": "zscore",
    "line_syllable_ssm_dimension": 12,
    "word2vec_enabled": true,
    "word2vec_model": "word2vec-google-news-300",
    "word2vec_mode": "summary",
    "word2vec_normalize": true,
    "word2vec_similarity_metric": "dot",
    "word2vec_high_sim_threshold": 0.7670946568844502,
    "contextual_enabled": true,
    "contextual_model": "all-MiniLM-L6-v2",
    "contextual_mode": "summary",
    "contextual_normalize": false,
    "contextual_similarity_metric": "cosine",
    "contextual_high_sim_threshold": 0.6994845649131445
  }
}