{
  "metadata": {
    "model_info": {
      "hidden_dim": 128,
      "num_layers": 1,
      "dropout": 0.15241368356436957,
      "layer_dropout": 0.0,
      "attention_enabled": true,
      "attention_heads": 8,
      "attention_dropout": 0.11492106802978277,
      "attention_dim": 128,
      "positional_encoding": true,
      "max_seq_length": 1000,
      "total_params": 655107,
      "lstm_params": 514048,
      "attention_params": 140545,
      "classifier_params": 514
    },
    "training_info": {
      "batch_size": 16,
      "learning_rate": 0.00038237491288139515,
      "scheduler": "cosine_restarts",
      "label_smoothing": 0.0,
      "weighted_sampling": true,
      "total_epochs": 8,
      "validation_strategy": "boundary_f1",
      "weight_decay": 4.5750839223935615e-06,
      "gradient_clip_norm": 0.7212780517059212,
      "max_epochs": 30,
      "patience": 8
    },
    "calibration_info": {
      "temperature": {
        "ece_before": 0.09654141968383302,
        "ece_after": 0.01335285535202983,
        "improvement": 0.08318856433180319,
        "params": {
          "temperature": 0.5556386272015602
        }
      },
      "platt": {
        "ece_before": 0.09654141968383302,
        "ece_after": 0.0183319861621894,
        "improvement": 0.07820943352164363,
        "params": {
          "A": 1.7018193605572465,
          "B": 0.0
        }
      }
    }
  },
  "metrics": [
    {
      "epoch": 1,
      "train_loss": 0.5383240985564697,
      "train_chorus_rate": 0.43625481201049227,
      "train_max_prob": 0.5564057582463974,
      "train_conf_over_90": 0.0,
      "train_conf_over_95": 0.0,
      "val_loss": 0.5463775843381882,
      "val_macro_f1": 0.43884083524267375,
      "val_verse_f1": 0.3703496503496504,
      "val_chorus_f1": 0.5073320201356971,
      "val_chorus_rate": 0.8230180442333221,
      "val_max_prob": 0.5712868943810463,
      "val_conf_over_90": 0.0,
      "val_conf_over_95": 0.0,
      "learning_rate": 0.0003730420044643713,
      "epoch_time": 3214.4372510910034,
      "val_boundary_f1": 0.052083333333333336,
      "val_boundary_precision": 0.09868421052631579,
      "val_boundary_recall": 0.03537735849056604,
      "val_complete_segments": 0.02452880931329207,
      "val_avg_segment_overlap": 0.19801277616540772,
      "val_verse_to_chorus_acc": 0.05309734513274336,
      "val_chorus_to_verse_acc": 0.015151515151515152,
      "val_window_diff": 0.42656970244209874,
      "val_pk_metric": 0.42143827079762086
    },
    {
      "epoch": 2,
      "train_loss": 0.5235655009746552,
      "train_chorus_rate": 0.45560436544772714,
      "train_max_prob": 0.5947034083879911,
      "train_conf_over_90": 2.291423226826084e-05,
      "train_conf_over_95": 0.0,
      "val_loss": 0.5317522510886192,
      "val_macro_f1": 0.47913851852500333,
      "val_verse_f1": 0.43257820927723833,
      "val_chorus_f1": 0.5256988277727683,
      "val_chorus_rate": 0.7870481237769127,
      "val_max_prob": 0.5805647969245911,
      "val_conf_over_90": 0.0,
      "val_conf_over_95": 0.0,
      "learning_rate": 0.00034595684931535445,
      "epoch_time": 5746.0601580142975,
      "val_boundary_f1": 0.1074964639321075,
      "val_boundary_precision": 0.13427561837455831,
      "val_boundary_recall": 0.08962264150943396,
      "val_complete_segments": 0.054416156034619315,
      "val_avg_segment_overlap": 0.2412924956054962,
      "val_verse_to_chorus_acc": 0.11061946902654868,
      "val_chorus_to_verse_acc": 0.050505050505050504,
      "val_window_diff": 0.458885756773857,
      "val_pk_metric": 0.3946445219717869
    },
    {
      "epoch": 3,
      "train_loss": 0.5051709138430082,
      "train_chorus_rate": 0.4227967688288444,
      "train_max_prob": 0.6334495468017383,
      "train_conf_over_90": 0.0005908905832956617,
      "train_conf_over_95": 0.0,
      "val_loss": 0.5387654677033424,
      "val_macro_f1": 0.7054383011322333,
      "val_verse_f1": 0.8488852188274153,
      "val_chorus_f1": 0.5619913834370512,
      "val_chorus_rate": 0.21064556203782558,
      "val_max_prob": 0.690528392791748,
      "val_conf_over_90": 0.002545145252952352,
      "val_conf_over_95": 0.0,
      "learning_rate": 0.000303770731133703,
      "epoch_time": 13319.872624874115,
      "val_boundary_f1": 0.3425641025641026,
      "val_boundary_precision": 0.3030852994555354,
      "val_boundary_recall": 0.3938679245283019,
      "val_complete_segments": 0.21195529296344826,
      "val_avg_segment_overlap": 0.5137139146629182,
      "val_verse_to_chorus_acc": 0.35398230088495575,
      "val_chorus_to_verse_acc": 0.35353535353535354,
      "val_window_diff": 0.31790352944744515,
      "val_pk_metric": 0.2661171689078148
    },
    {
      "epoch": 4,
      "train_loss": 0.4836190541585286,
      "train_chorus_rate": 0.38421141375333834,
      "train_max_prob": 0.6627827286720276,
      "train_conf_over_90": 0.0035911304712032853,
      "train_conf_over_95": 0.0,
      "val_loss": 0.4974663332104683,
      "val_macro_f1": 0.7389880287658475,
      "val_verse_f1": 0.8316113829980063,
      "val_chorus_f1": 0.6463646745336886,
      "val_chorus_rate": 0.34394362196326256,
      "val_max_prob": 0.674532562494278,
      "val_conf_over_90": 0.003398292465135455,
      "val_conf_over_95": 0.0,
      "learning_rate": 0.00025061312109500567,
      "epoch_time": 2193.0031111240387,
      "val_boundary_f1": 0.38803556992724336,
      "val_boundary_precision": 0.2952029520295203,
      "val_boundary_recall": 0.5660377358490566,
      "val_complete_segments": 0.3380345926568731,
      "val_avg_segment_overlap": 0.6463783370104128,
      "val_verse_to_chorus_acc": 0.5442477876106194,
      "val_chorus_to_verse_acc": 0.4595959595959596,
      "val_window_diff": 0.40885644246848846,
      "val_pk_metric": 0.2720035579422252
    },
    {
      "epoch": 5,
      "train_loss": 0.4841745388813508,
      "train_chorus_rate": 0.4122913747261732,
      "train_max_prob": 0.6678383426788526,
      "train_conf_over_90": 0.008962060426337978,
      "train_conf_over_95": 0.0,
      "val_loss": 0.48249315470457077,
      "val_macro_f1": 0.7222686807940264,
      "val_verse_f1": 0.7927927927927928,
      "val_chorus_f1": 0.65174456879526,
      "val_chorus_rate": 0.44493863359093666,
      "val_max_prob": 0.6704042106866837,
      "val_conf_over_90": 0.009976561850635335,
      "val_conf_over_95": 0.0,
      "learning_rate": 0.00019168745644069756,
      "epoch_time": 781.7589938640594,
      "val_boundary_f1": 0.30460251046025105,
      "val_boundary_precision": 0.23605706874189364,
      "val_boundary_recall": 0.42924528301886794,
      "val_complete_segments": 0.22509748378718758,
      "val_avg_segment_overlap": 0.6042305307511044,
      "val_verse_to_chorus_acc": 0.41150442477876104,
      "val_chorus_to_verse_acc": 0.35858585858585856,
      "val_window_diff": 0.43913726802769937,
      "val_pk_metric": 0.30987878637802724
    },
    {
      "epoch": 6,
      "train_loss": 0.46836789219807357,
      "train_chorus_rate": 0.3889917979637782,
      "train_max_prob": 0.6827986087554541,
      "train_conf_over_90": 0.014413399183048079,
      "train_conf_over_95": 0.0007364354573954374,
      "val_loss": 0.4846930392086506,
      "val_macro_f1": 0.7315636811110134,
      "val_verse_f1": 0.8064516129032259,
      "val_chorus_f1": 0.656675749318801,
      "val_chorus_rate": 0.42007286846637726,
      "val_max_prob": 0.6816579028964043,
      "val_conf_over_90": 0.011097096255980432,
      "val_conf_over_95": 0.0,
      "learning_rate": 0.0001327617917863895,
      "epoch_time": 1462.784364938736,
      "val_boundary_f1": 0.3551724137931035,
      "val_boundary_precision": 0.2798913043478261,
      "val_boundary_recall": 0.4858490566037736,
      "val_complete_segments": 0.2712202657245934,
      "val_avg_segment_overlap": 0.6188331085922152,
      "val_verse_to_chorus_acc": 0.4823008849557522,
      "val_chorus_to_verse_acc": 0.3888888888888889,