{
  "trial_number": 101,
  "timestamp": 1756232675.39095,
  "boundary_f1": 0.3981132075471698,
  "line_f1": 0.7431921648516349,
  "macro_f1": 0.7431921648516349,
  "verse_f1": 0.8528652555498194,
  "chorus_f1": 0.6335190741534504,
  "windowdiff": 0.35328377291362456,
  "pk": 0.25392780776752455,
  "val_loss": 0.5248043835163116,
  "val_accuracy": 0.0,
  "weighted_f1": 0.0,
  "training_time": 1598.3637261390686,
  "training_time_minutes": 26.639395435651142,
  "total_params": 0,
  "actual_epochs": 15,
  "config_summary": {
    "attention_enabled": true,
    "hidden_dim": 256,
    "num_layers": 1,
    "max_epochs": 15,
    "batch_size": 32,
    "learning_rate": 0.00019111317811544934,
    "boundary_weight": 1.8274736680923038,
    "label_smoothing": 0.20153160408341744
  },
  "validation_strategy": "composite",
  "all_metrics": {
    "loss": 0.5248043835163116,
    "chorus_rate": 0.274236798286438,
    "max_prob_mean": 0.694521889090538,
    "confidence_over_90": 0.006986248132307082,
    "confidence_over_95": 0.0,
    "verse_f1": 0.8528652555498194,
    "chorus_f1": 0.6335190741534504,
    "macro_f1": 0.7431921648516349,
    "boundary_f1": 0.3981132075471698,
    "boundary_precision": 0.33176100628930816,
    "boundary_recall": 0.49764150943396224,
    "complete_segments": 0.28304855188471306,
    "avg_segment_overlap": 0.6260666183949991,
    "verse_to_chorus_acc": 0.4690265486725664,
    "chorus_to_verse_acc": 0.41414141414141414,
    "window_diff": 0.35328377291362456,
    "pk_metric": 0.25392780776752455
  },
  "parameters": {
    "hidden_dim": 256,
    "num_layers": 1,
    "dropout": 0.22978828578022256,
    "attention_enabled": true,
    "attention_type": "localized",
    "attention_heads": 8,
    "attention_dropout": 0.22044435326695355,
    "max_epochs": 15,
    "batch_size": 32,
    "learning_rate": 0.00019111317811544934,
    "weight_decay": 0.017450993269275038,
    "scheduler": "cosine",
    "min_delta": 0.0005015092993933332,
    "gradient_clip_norm": 0.3040458480748529,
    "validation_strategy": "composite",
    "head_tail_words": 2,
    "boundary_weight": 1.8274736680923038,
    "label_smoothing": 0.20153160408341744,
    "segment_consistency_lambda": 0.01626817205036012,
    "conf_penalty_lambda": 0.009388606770154503,
    "conf_threshold": 0.9233777791251897,
    "entropy_lambda": 0.032367604396586785,
    "max_confidence_threshold": 0.9339733479157772,
    "min_chorus_rate": 0.07626037931246328,
    "max_chorus_rate": 0.7582400496624371,
    "max_conf_over_95_ratio": 0.09209698882769542,
    "head_ssm_enabled": true,
    "tail_ssm_enabled": true,
    "phonetic_ssm_enabled": true,
    "pos_ssm_enabled": true,
    "string_ssm_enabled": true,
    "syllable_pattern_ssm_enabled": false,
    "line_syllable_ssm_enabled": false,
    "word2vec_enabled": true,
    "contextual_enabled": true,
    "phonetic_mode": "combined",
    "phonetic_similarity_method": "sequence_match",
    "phonetic_normalize": true,
    "phonetic_normalize_method": "minmax",
    "phonetic_high_sim_threshold": 0.3392857416589118,
    "pos_tagset": "universal",
    "pos_similarity_method": "combined",
    "pos_high_sim_threshold": 0.22035199840254577,
    "string_case_sensitive": false,
    "string_remove_punctuation": false,
    "string_similarity_threshold": 0.055951784532210384,
    "string_similarity_method": "word_overlap",
    "syllable_pattern_similarity_method": "cosine",
    "syllable_pattern_levenshtein_weight": 0.667731916929897,
    "syllable_pattern_cosine_weight": 0.2043817044443972,
    "syllable_pattern_normalize": true,
    "syllable_pattern_normalize_method": "zscore",
    "line_syllable_similarity_method": "cosine",
    "line_syllable_ratio_threshold": 0.10372450509684243,
    "line_syllable_normalize": true,
    "line_syllable_normalize_method": "minmax",
    "word2vec_mode": "summary",
    "word2vec_normalize": true,
    "word2vec_similarity_metric": "cosine",
    "word2vec_high_sim_threshold": 0.7622876854723931,
    "contextual_mode": "summary",
    "contextual_normalize": false,
    "contextual_similarity_metric": "dot",
    "contextual_high_sim_threshold": 0.7250215009868337
  },
  "config": {
    "hidden_dim": 256,
    "num_layers": 1,
    "layer_dropout": 0.0,
    "num_classes": 2,
    "dropout": 0.22978828578022256,
    "attention_enabled": true,
    "attention_type": "localized",
    "attention_heads": 8,
    "attention_dropout": 0.22044435326695355,
    "attention_dim": 256,
    "positional_encoding": true,
    "max_seq_length": 1000,
    "window_size": 7,
    "boundary_temperature": 2.0,
    "batch_size": 32,
    "learning_rate": 0.00019111317811544934,
    "weight_decay": 0.017450993269275038,
    "max_epochs": 15,
    "patience": 4,
    "gradient_clip_norm": 0.3040458480748529,
    "scheduler": "cosine",
    "min_lr": 1e-06,
    "cosine_t_max": 15,
    "warmup_epochs": 5,
    "lr_factor": 0.5,
    "lr_patience": 10,
    "step_size": 30,
    "step_gamma": 0.5,
    "cosine_t0": 10,
    "cosine_t_mult": 2,
    "min_delta": 0.0005015092993933332,
    "train_file": "data/train.jsonl",
    "val_file": "data/val.jsonl",
    "test_file": "data/test.jsonl",
    "weighted_sampling": true,
    "emergency_monitoring_enabled": true,
    "max_confidence_threshold": 0.9339733479157772,
    "min_chorus_rate": 0.07626037931246328,
    "max_chorus_rate": 0.7582400496624371,
    "max_conf_over_95_ratio": 0.09209698882769542,
    "val_overconf_threshold": 0.96,
    "val_f1_collapse_threshold": 0.1,
    "loss": {
      "loss_type": "boundary_aware",
      "boundary_weight": 1.8274736680923038,
      "label_smoothing": 0.20153160408341744,
      "segment_consistency_lambda": 0.01626817205036012,
      "conf_penalty_lambda": 0.009388606770154503,
      "conf_threshold": 0.9233777791251897,
      "entropy_lambda": 0.032367604396586785
    },
    "calibration_enabled": true,
    "calibration_methods": [
      "temperature",
      "platt"
    ],
    "validation_strategy": "composite",
    "head_ssm_enabled": true,
    "head_ssm_words": 2,
    "head_ssm_dimension": 12,
    "tail_ssm_enabled": true,
    "tail_ssm_words": 2,
    "tail_ssm_dimension": 12,
    "phonetic_ssm_enabled": true,
    "phonetic_ssm_mode": "combined",
    "phonetic_ssm_dimension": 12,
    "phonetic_ssm_similarity_method": "sequence_match",
    "phonetic_ssm_normalize": true,
    "phonetic_ssm_normalize_method": "minmax",
    "phonetic_ssm_high_sim_threshold": 0.3392857416589118,
    "pos_ssm_enabled": true,
    "pos_ssm_tagset": "universal",
    "pos_ssm_similarity_method": "combined",
    "pos_ssm_high_sim_threshold": 0.22035199840254577,
    "pos_ssm_dimension": 12,
    "string_ssm_enabled": true,
    "string_ssm_case_sensitive": false,
    "string_ssm_remove_punctuation": false,
    "string_ssm_similarity_threshold": 0.055951784532210384,
    "string_ssm_similarity_method": "word_overlap",
    "string_ssm_dimension": 12,
    "syllable_pattern_ssm_enabled": false,
    "syllable_pattern_ssm_similarity_method": "cosine",
    "syllable_pattern_ssm_levenshtein_weight": 0.765647847441795,
    "syllable_pattern_ssm_cosine_weight": 0.234352152558205,
    "syllable_pattern_ssm_normalize": true,
    "syllable_pattern_ssm_normalize_method": "zscore",
    "syllable_pattern_ssm_dimension": 12,
    "line_syllable_ssm_enabled": false,
    "line_syllable_ssm_similarity_method": "cosine",
    "line_syllable_ssm_ratio_threshold": 0.10372450509684243,
    "line_syllable_ssm_normalize": true,
    "line_syllable_ssm_normalize_method": "minmax",
    "line_syllable_ssm_dimension": 12,
    "word2vec_enabled": true,
    "word2vec_model": "word2vec-google-news-300",
    "word2vec_mode": "summary",
    "word2vec_normalize": true,
    "word2vec_similarity_metric": "cosine",
    "word2vec_high_sim_threshold": 0.7622876854723931,
    "contextual_enabled": true,
    "contextual_model": "all-MiniLM-L6-v2",
    "contextual_mode": "summary",
    "contextual_normalize": false,
    "contextual_similarity_metric": "dot",