{
  "metadata": {
    "model_info": {
      "hidden_dim": 256,
      "num_layers": 1,
      "dropout": 0.22978828578022256,
      "layer_dropout": 0.0,
      "attention_enabled": true,
      "attention_heads": 8,
      "attention_dropout": 0.22044435326695355,
      "attention_dim": 256,
      "positional_encoding": true,
      "max_seq_length": 1000,
      "total_params": 1228034,
      "lstm_params": 700416,
      "attention_params": 526592,
      "classifier_params": 1026
    },
    "training_info": {
      "batch_size": 32,
      "learning_rate": 0.00019111317811544934,
      "scheduler": "cosine",
      "label_smoothing": 0.0,
      "weighted_sampling": true,
      "total_epochs": 15,
      "validation_strategy": "composite",
      "weight_decay": 0.017450993269275038,
      "gradient_clip_norm": 0.3040458480748529,
      "max_epochs": 15,
      "patience": 4
    },
    "calibration_info": {
      "temperature": {
        "ece_before": 0.09530517862915756,
        "ece_after": 0.019014621940249294,
        "improvement": 0.07629055668890827,
        "params": {
          "temperature": 0.5726843556658594
        }
      },
      "platt": {
        "ece_before": 0.09530517862915756,
        "ece_after": 0.01799930585273825,
        "improvement": 0.07730587277641932,
        "params": {
          "A": 1.707361062802107,
          "B": 0.0
        }
      }
    }
  },
  "metrics": [
    {
      "epoch": 1,
      "train_loss": 0.5407064661383629,
      "train_chorus_rate": 0.4062932427506894,
      "train_max_prob": 0.5594457030296326,
      "train_conf_over_90": 0.0,
      "train_conf_over_95": 0.0,
      "val_loss": 0.5710242390632629,
      "val_macro_f1": 0.5552154482786489,
      "val_verse_f1": 0.6493717065261452,
      "val_chorus_f1": 0.46105919003115264,
      "val_chorus_rate": 0.48914431780576706,
      "val_max_prob": 0.5594714879989624,
      "val_conf_over_90": 0.0,
      "val_conf_over_95": 0.0,
      "learning_rate": 0.00018903596357847737,
      "epoch_time": 118.25698184967041,
      "val_boundary_f1": 0.11678832116788321,
      "val_boundary_precision": 0.1532567049808429,
      "val_boundary_recall": 0.09433962264150944,
      "val_complete_segments": 0.027367952712597468,
      "val_avg_segment_overlap": 0.29498473934790764,
      "val_verse_to_chorus_acc": 0.07964601769911504,
      "val_chorus_to_verse_acc": 0.06565656565656566,
      "val_window_diff": 0.47772446841170946,
      "val_pk_metric": 0.45832321988265934
    },
    {
      "epoch": 2,
      "train_loss": 0.5326442211866379,
      "train_chorus_rate": 0.4870896726846695,
      "train_max_prob": 0.5882210940122604,
      "train_conf_over_90": 0.0,
      "train_conf_over_95": 0.0,
      "val_loss": 0.569608673453331,
      "val_macro_f1": 0.5885395615359034,
      "val_verse_f1": 0.6867565424266455,
      "val_chorus_f1": 0.4903225806451612,
      "val_chorus_rate": 0.4625913053750992,
      "val_max_prob": 0.5766385644674301,
      "val_conf_over_90": 0.0,
      "val_conf_over_95": 0.0,
      "learning_rate": 0.00018289510421040837,
      "epoch_time": 110.72063183784485,
      "val_boundary_f1": 0.1375515818431912,
      "val_boundary_precision": 0.16501650165016502,
      "val_boundary_recall": 0.1179245283018868,
      "val_complete_segments": 0.03402618836075888,
      "val_avg_segment_overlap": 0.3290705013314076,
      "val_verse_to_chorus_acc": 0.09292035398230089,
      "val_chorus_to_verse_acc": 0.09595959595959595,
      "val_window_diff": 0.4716391700823135,
      "val_pk_metric": 0.421210915560827
    },
    {
      "epoch": 3,
      "train_loss": 0.5266956239938736,
      "train_chorus_rate": 0.4591211035847664,
      "train_max_prob": 0.5954716205596924,
      "train_conf_over_90": 0.0,
      "train_conf_over_95": 0.0,
      "val_loss": 0.552131250500679,
      "val_macro_f1": 0.6201429607323137,
      "val_verse_f1": 0.7080175508575987,
      "val_chorus_f1": 0.5322683706070288,
      "val_chorus_rate": 0.47088808566331863,
      "val_max_prob": 0.5861484557390213,
      "val_conf_over_90": 0.0,
      "val_conf_over_95": 0.0,
      "learning_rate": 0.00017295898503273959,
      "epoch_time": 100.4375810623169,
      "val_boundary_f1": 0.18048780487804877,
      "val_boundary_precision": 0.18686868686868688,
      "val_boundary_recall": 0.17452830188679244,
      "val_complete_segments": 0.07913746006269867,
      "val_avg_segment_overlap": 0.3891146789369847,
      "val_verse_to_chorus_acc": 0.15486725663716813,
      "val_chorus_to_verse_acc": 0.15151515151515152,
      "val_window_diff": 0.4265462228740524,
      "val_pk_metric": 0.3701321139418063
    },
    {
      "epoch": 4,
      "train_loss": 0.5118425980210304,
      "train_chorus_rate": 0.4462956741452217,
      "train_max_prob": 0.6222820818424225,
      "train_conf_over_90": 0.001060614426387474,
      "train_conf_over_95": 0.0,
      "val_loss": 0.5327602922916412,
      "val_macro_f1": 0.6850429980842816,
      "val_verse_f1": 0.7811853245531515,
      "val_chorus_f1": 0.5889006716154118,
      "val_chorus_rate": 0.39676570147275925,
      "val_max_prob": 0.6399561911821365,
      "val_conf_over_90": 0.0,
      "val_conf_over_95": 0.0,
      "learning_rate": 0.00015966186213232477,
      "epoch_time": 102.49840688705444,
      "val_boundary_f1": 0.290950744558992,
      "val_boundary_precision": 0.2828507795100223,
      "val_boundary_recall": 0.29952830188679247,
      "val_complete_segments": 0.151799839909596,
      "val_avg_segment_overlap": 0.49168120511370106,
      "val_verse_to_chorus_acc": 0.28761061946902655,
      "val_chorus_to_verse_acc": 0.23232323232323232,
      "val_window_diff": 0.3917532389358249,
      "val_pk_metric": 0.3237055803000565
    },
    {
      "epoch": 5,
      "train_loss": 0.4923157155513763,
      "train_chorus_rate": 0.40635099858045576,
      "train_max_prob": 0.6617837518453598,
      "train_conf_over_90": 0.006262498526484706,
      "train_conf_over_95": 3.5410764394328e-05,
      "val_loss": 0.5224984511733055,
      "val_macro_f1": 0.6470876823385894,
      "val_verse_f1": 0.7102686940220787,
      "val_chorus_f1": 0.5839066706551002,
      "val_chorus_rate": 0.5224420577287674,
      "val_max_prob": 0.6456333547830582,
      "val_conf_over_90": 0.007597212854307145,
      "val_conf_over_95": 0.0,
      "learning_rate": 0.000143584883586587,
      "epoch_time": 92.47082495689392,
      "val_boundary_f1": 0.24554455445544557,
      "val_boundary_precision": 0.21160409556313994,
      "val_boundary_recall": 0.29245283018867924,
      "val_complete_segments": 0.12182811504126456,
      "val_avg_segment_overlap": 0.4665029608600375,
      "val_verse_to_chorus_acc": 0.24778761061946902,
      "val_chorus_to_verse_acc": 0.2878787878787879,
      "val_window_diff": 0.47786448537057563,
      "val_pk_metric": 0.38324595493622887
    },
    {
      "epoch": 6,
      "train_loss": 0.4850186973810196,
      "train_chorus_rate": 0.3562934763729572,
      "train_max_prob": 0.6668593317270279,
      "train_conf_over_90": 0.005979029182344675,
      "train_conf_over_95": 0.00011624394683167339,
      "val_loss": 0.5082072019577026,
      "val_macro_f1": 0.6911312959883508,
      "val_verse_f1": 0.7595496582227583,
      "val_chorus_f1": 0.6227129337539432,
      "val_chorus_rate": 0.48032815754413605,
      "val_max_prob": 0.647191509604454,
      "val_conf_over_90": 0.00240224547451362,
      "val_conf_over_95": 0.0,
      "learning_rate": 0.00012543069050387727,
      "epoch_time": 111.15456891059875,
      "val_boundary_f1": 0.3139866793529971,
      "val_boundary_precision": 0.2631578947368421,
      "val_boundary_recall": 0.3891509433962264,
      "val_complete_segments": 0.1896521616298923,
      "val_avg_segment_overlap": 0.5576923197405619,
      "val_verse_to_chorus_acc": 0.3274336283185841,
      "val_chorus_to_verse_acc": 0.3787878787878788,
      "val_window_diff": 0.4128044774542487,