{
  "method": "platt",
  "params": {
    "A": 0.9999954439181844,
    "B": -0.02053748399143923
  },
  "ece_before": 0.08304318113797773,
  "ece_after": 0.07607888851922248,
  "improvement": 0.006964292618755252,
  "all_results": [
    {
      "method": "temperature",
      "params": {
        "temperature": 0.7326662534470667
      },
      "ece_before": 0.08304318113797773,
      "ece_after": 0.10167961260248963,
      "improvement": -0.018636431464511896
    },
    {
      "method": "platt",
      "params": {
        "A": 0.9999954439181844,
        "B": -0.02053748399143923
      },
      "ece_before": 0.08304318113797773,
      "ece_after": 0.07607888851922248,
      "improvement": 0.006964292618755252
    }
  ]
}