{
  "trial_number": 41,
  "timestamp": 1756150878.6538072,
  "boundary_f1": 0.061488673139158574,
  "line_f1": 0.5037428736676857,
  "macro_f1": 0.5037428736676857,
  "verse_f1": 0.5461538461538461,
  "chorus_f1": 0.4613319011815253,
  "windowdiff": 0.4578499020577268,
  "pk": 0.45894440025248884,
  "val_loss": 0.6010069698095322,
  "val_accuracy": 0.0,
  "weighted_f1": 0.0,
  "training_time": 756.5078241825104,
  "training_time_minutes": 12.608463736375173,
  "total_params": 0,
  "actual_epochs": 8,
  "config_summary": {
    "attention_enabled": true,
    "hidden_dim": 256,
    "num_layers": 2,
    "max_epochs": 8,
    "batch_size": 32,
    "learning_rate": 0.0006829265086656474,
    "boundary_weight": 2.1632779760567167,
    "label_smoothing": 0.1995271219786954
  },
  "validation_strategy": "composite",
  "all_metrics": {
    "loss": 0.6010069698095322,
    "chorus_rate": 0.6149957925081253,
    "max_prob_mean": 0.5504128634929657,
    "confidence_over_90": 0.0,
    "confidence_over_95": 0.0,
    "verse_f1": 0.5461538461538461,
    "chorus_f1": 0.4613319011815253,
    "macro_f1": 0.5037428736676857,
    "boundary_f1": 0.061488673139158574,
    "boundary_precision": 0.0979381443298969,
    "boundary_recall": 0.04481132075471698,
    "complete_segments": 0.02577528861993337,
    "avg_segment_overlap": 0.23143122194012863,
    "verse_to_chorus_acc": 0.03982300884955752,
    "chorus_to_verse_acc": 0.015151515151515152,
    "window_diff": 0.4578499020577268,
    "pk_metric": 0.45894440025248884
  },
  "parameters": {
    "hidden_dim": 256,
    "num_layers": 2,
    "dropout": 0.26141583585346806,
    "layer_dropout": 0.2005268114791217,
    "attention_enabled": true,
    "attention_heads": 4,
    "attention_dropout": 0.16235645244554667,
    "max_epochs": 8,
    "batch_size": 32,
    "learning_rate": 0.0006829265086656474,
    "weight_decay": 0.02132441779106332,
    "scheduler": "cosine",
    "min_delta": 0.0003449584835198322,
    "gradient_clip_norm": 0.3457761230819491,
    "validation_strategy": "composite",
    "head_tail_words": 4,
    "boundary_weight": 2.1632779760567167,
    "label_smoothing": 0.1995271219786954,
    "segment_consistency_lambda": 0.012700181522116086,
    "conf_penalty_lambda": 0.014355290877842654,
    "conf_threshold": 0.9304315005493717,
    "entropy_lambda": 0.03317088299036004,
    "max_confidence_threshold": 0.9587299983419928,
    "min_chorus_rate": 0.0927422457638608,
    "max_chorus_rate": 0.7687909250906919,
    "max_conf_over_95_ratio": 0.12340814759731238,
    "head_ssm_enabled": true,
    "tail_ssm_enabled": false,
    "phonetic_ssm_enabled": false,
    "pos_ssm_enabled": true,
    "string_ssm_enabled": false,
    "syllable_pattern_ssm_enabled": true,
    "line_syllable_ssm_enabled": false,
    "word2vec_enabled": false,
    "contextual_enabled": false,
    "phonetic_mode": "rhyme",
    "phonetic_similarity_method": "edit_distance",
    "phonetic_normalize": false,
    "phonetic_normalize_method": "zscore",
    "phonetic_high_sim_threshold": 0.3430942522687062,
    "pos_tagset": "penn",
    "pos_similarity_method": "position",
    "pos_high_sim_threshold": 0.2839472466825295,
    "string_case_sensitive": true,
    "string_remove_punctuation": true,
    "string_similarity_threshold": 0.04922762238540211,
    "string_similarity_method": "word_overlap",
    "syllable_pattern_similarity_method": "combined",
    "syllable_pattern_levenshtein_weight": 0.6752186212486457,
    "syllable_pattern_cosine_weight": 0.2638792470459203,
    "syllable_pattern_normalize": false,
    "syllable_pattern_normalize_method": "minmax",
    "line_syllable_similarity_method": "cosine",
    "line_syllable_ratio_threshold": 0.07475374777688558,
    "line_syllable_normalize": false,
    "line_syllable_normalize_method": "minmax",
    "word2vec_mode": "summary",
    "word2vec_normalize": false,
    "word2vec_similarity_metric": "cosine",
    "word2vec_high_sim_threshold": 0.8107931659999064,
    "contextual_mode": "complete",
    "contextual_normalize": true,
    "contextual_similarity_metric": "cosine",
    "contextual_high_sim_threshold": 0.6931702286446361
  },
  "config": {
    "hidden_dim": 256,
    "num_layers": 2,
    "layer_dropout": 0.2005268114791217,
    "num_classes": 2,
    "dropout": 0.26141583585346806,
    "attention_enabled": true,
    "attention_type": "boundary_aware",
    "attention_heads": 4,
    "attention_dropout": 0.16235645244554667,
    "attention_dim": 256,
    "positional_encoding": true,
    "max_seq_length": 1000,
    "window_size": 7,
    "boundary_temperature": 2.0,
    "batch_size": 32,
    "learning_rate": 0.0006829265086656474,
    "weight_decay": 0.02132441779106332,
    "max_epochs": 8,
    "patience": 4,
    "gradient_clip_norm": 0.3457761230819491,
    "scheduler": "cosine",
    "min_lr": 1e-06,
    "cosine_t_max": 8,
    "warmup_epochs": 5,
    "lr_factor": 0.5,
    "lr_patience": 10,
    "step_size": 30,
    "step_gamma": 0.5,
    "cosine_t0": 10,
    "cosine_t_mult": 2,
    "min_delta": 0.0003449584835198322,
    "train_file": "data/train.jsonl",
    "val_file": "data/val.jsonl",
    "test_file": "data/test.jsonl",
    "weighted_sampling": true,
    "emergency_monitoring_enabled": true,
    "max_confidence_threshold": 0.9587299983419928,
    "min_chorus_rate": 0.0927422457638608,
    "max_chorus_rate": 0.7687909250906919,
    "max_conf_over_95_ratio": 0.12340814759731238,
    "val_overconf_threshold": 0.96,
    "val_f1_collapse_threshold": 0.1,
    "loss": {
      "loss_type": "boundary_aware",
      "boundary_weight": 2.1632779760567167,
      "label_smoothing": 0.1995271219786954,
      "segment_consistency_lambda": 0.012700181522116086,
      "conf_penalty_lambda": 0.014355290877842654,
      "conf_threshold": 0.9304315005493717,
      "entropy_lambda": 0.03317088299036004
    },
    "calibration_enabled": true,
    "calibration_methods": [
      "temperature",
      "platt"
    ],
    "validation_strategy": "composite",
    "head_ssm_enabled": true,
    "head_ssm_words": 4,
    "head_ssm_dimension": 12,
    "tail_ssm_enabled": false,
    "tail_ssm_words": 4,
    "tail_ssm_dimension": 12,
    "phonetic_ssm_enabled": false,
    "phonetic_ssm_mode": "rhyme",
    "phonetic_ssm_dimension": 12,
    "phonetic_ssm_similarity_method": "edit_distance",
    "phonetic_ssm_normalize": false,
    "phonetic_ssm_normalize_method": "zscore",
    "phonetic_ssm_high_sim_threshold": 0.3430942522687062,
    "pos_ssm_enabled": true,
    "pos_ssm_tagset": "penn",
    "pos_ssm_similarity_method": "position",
    "pos_ssm_high_sim_threshold": 0.2839472466825295,
    "pos_ssm_dimension": 12,
    "string_ssm_enabled": false,
    "string_ssm_case_sensitive": true,
    "string_ssm_remove_punctuation": true,
    "string_ssm_similarity_threshold": 0.04922762238540211,
    "string_ssm_similarity_method": "word_overlap",
    "string_ssm_dimension": 12,
    "syllable_pattern_ssm_enabled": true,
    "syllable_pattern_ssm_similarity_method": "combined",
    "syllable_pattern_ssm_levenshtein_weight": 0.7190077243758054,
    "syllable_pattern_ssm_cosine_weight": 0.2809922756241946,
    "syllable_pattern_ssm_normalize": false,
    "syllable_pattern_ssm_normalize_method": "minmax",
    "syllable_pattern_ssm_dimension": 12,
    "line_syllable_ssm_enabled": false,
    "line_syllable_ssm_similarity_method": "cosine",
    "line_syllable_ssm_ratio_threshold": 0.07475374777688558,
    "line_syllable_ssm_normalize": false,
    "line_syllable_ssm_normalize_method": "minmax",
    "line_syllable_ssm_dimension": 12,
    "word2vec_enabled": false,
    "word2vec_model": "word2vec-google-news-300",
    "word2vec_mode": "summary",
    "word2vec_normalize": false,
    "word2vec_similarity_metric": "cosine",
    "word2vec_high_sim_threshold": 0.8107931659999064,
    "contextual_enabled": false,
    "contextual_model": "all-MiniLM-L6-v2",
    "contextual_mode": "complete",
    "contextual_normalize": true,
    "contextual_similarity_metric": "cosine",