{
  "method": "platt",
  "params": {
    "A": 0.999999522443859,
    "B": -0.16239601962913291
  },
  "ece_before": 0.025492783204043058,
  "ece_after": 0.01948995998015809,
  "improvement": 0.006002823223884967,
  "all_results": [
    {
      "method": "temperature",
      "params": {
        "temperature": 1.0265691828654377
      },
      "ece_before": 0.025492783204043058,
      "ece_after": 0.02687031289741894,
      "improvement": -0.0013775296933758834
    },
    {
      "method": "platt",
      "params": {
        "A": 0.999999522443859,
        "B": -0.16239601962913291
      },
      "ece_before": 0.025492783204043058,
      "ece_after": 0.01948995998015809,
      "improvement": 0.006002823223884967
    }
  ]
}