{
  "trial_number": 35,
  "timestamp": 1756083833.588902,
  "boundary_f1": 0.14550641940085593,
  "line_f1": 0.5964768083754496,
  "macro_f1": 0.5964768083754496,
  "verse_f1": 0.6940874035989717,
  "chorus_f1": 0.4988662131519274,
  "windowdiff": 0.3694363393833957,
  "pk": 0.34821577670305565,
  "val_loss": 0.5890444219112396,
  "val_accuracy": 0.0,
  "weighted_f1": 0.0,
  "training_time": 4597.669586896896,
  "training_time_minutes": 76.62782644828161,
  "total_params": 0,
  "actual_epochs": 12,
  "config_summary": {
    "attention_enabled": true,
    "hidden_dim": 256,
    "num_layers": 2,
    "max_epochs": 12,
    "batch_size": 64,
    "learning_rate": 0.0008496187994948538,
    "boundary_weight": 2.1045089497638263,
    "label_smoothing": 0.1864653449181008
  },
  "validation_strategy": "composite",
  "all_metrics": {
    "loss": 0.5890444219112396,
    "chorus_rate": 0.4584650546312332,
    "max_prob_mean": 0.5777804255485535,
    "confidence_over_90": 0.0,
    "confidence_over_95": 0.0,
    "verse_f1": 0.6940874035989717,
    "chorus_f1": 0.4988662131519274,
    "macro_f1": 0.5964768083754496,
    "boundary_f1": 0.14550641940085593,
    "boundary_precision": 0.18411552346570398,
    "boundary_recall": 0.12028301886792453,
    "complete_segments": 0.0693845785440613,
    "avg_segment_overlap": 0.3262354916053162,
    "verse_to_chorus_acc": 0.09734513274336283,
    "chorus_to_verse_acc": 0.10606060606060606,
    "window_diff": 0.3694363393833957,
    "pk_metric": 0.34821577670305565
  },
  "parameters": {
    "hidden_dim": 256,
    "num_layers": 2,
    "dropout": 0.24401736296647442,
    "layer_dropout": 0.22700574569049722,
    "attention_enabled": true,
    "attention_heads": 4,
    "attention_dropout": 0.19909139018138775,
    "max_epochs": 12,
    "batch_size": 64,
    "learning_rate": 0.0008496187994948538,
    "weight_decay": 0.018394556390922266,
    "scheduler": "cosine",
    "min_delta": 0.00022346162371799736,
    "gradient_clip_norm": 0.49076793806047053,
    "validation_strategy": "composite",
    "head_tail_words": 4,
    "boundary_weight": 2.1045089497638263,
    "label_smoothing": 0.1864653449181008,
    "segment_consistency_lambda": 0.015339930506326165,
    "conf_penalty_lambda": 0.01233724390706547,
    "conf_threshold": 0.9467682745861358,
    "entropy_lambda": 0.027424497951307948,
    "max_confidence_threshold": 0.9430072632173335,
    "min_chorus_rate": 0.11938346043729398,
    "max_chorus_rate": 0.799202154813117,
    "max_conf_over_95_ratio": 0.13141198759239947,
    "head_ssm_enabled": false,
    "tail_ssm_enabled": false,
    "phonetic_ssm_enabled": true,
    "pos_ssm_enabled": true,
    "string_ssm_enabled": false,
    "syllable_pattern_ssm_enabled": true,
    "line_syllable_ssm_enabled": false,
    "word2vec_enabled": false,
    "contextual_enabled": false,
    "phonetic_mode": "rhyme",
    "phonetic_similarity_method": "edit_distance",
    "phonetic_normalize": false,
    "phonetic_normalize_method": "zscore",
    "phonetic_high_sim_threshold": 0.3438109887820344,
    "pos_tagset": "simplified",
    "pos_similarity_method": "lcs",
    "pos_high_sim_threshold": 0.2736207419825207,
    "string_case_sensitive": true,
    "string_remove_punctuation": true,
    "string_similarity_threshold": 0.047143871257309365,
    "string_similarity_method": "word_overlap",
    "syllable_pattern_similarity_method": "cosine",
    "syllable_pattern_levenshtein_weight": 0.6560425656814948,
    "syllable_pattern_cosine_weight": 0.22269163951894547,
    "syllable_pattern_normalize": true,
    "syllable_pattern_normalize_method": "minmax",
    "line_syllable_similarity_method": "cosine",
    "line_syllable_ratio_threshold": 0.10767042174372875,
    "line_syllable_normalize": false,
    "line_syllable_normalize_method": "zscore",
    "word2vec_mode": "summary",
    "word2vec_normalize": true,
    "word2vec_similarity_metric": "cosine",
    "word2vec_high_sim_threshold": 0.7840215487230213,
    "contextual_mode": "complete",
    "contextual_normalize": true,
    "contextual_similarity_metric": "dot",
    "contextual_high_sim_threshold": 0.684232250196365
  },
  "config": {
    "hidden_dim": 256,
    "num_layers": 2,
    "layer_dropout": 0.22700574569049722,
    "num_classes": 2,
    "dropout": 0.24401736296647442,
    "attention_enabled": true,
    "attention_type": "boundary_aware",
    "attention_heads": 4,
    "attention_dropout": 0.19909139018138775,
    "attention_dim": 256,
    "positional_encoding": true,
    "max_seq_length": 1000,
    "window_size": 7,
    "boundary_temperature": 2.0,
    "batch_size": 64,
    "learning_rate": 0.0008496187994948538,
    "weight_decay": 0.018394556390922266,
    "max_epochs": 12,
    "patience": 4,
    "gradient_clip_norm": 0.49076793806047053,
    "scheduler": "cosine",
    "min_lr": 1e-06,
    "cosine_t_max": 12,
    "warmup_epochs": 5,
    "lr_factor": 0.5,
    "lr_patience": 10,
    "step_size": 30,
    "step_gamma": 0.5,
    "cosine_t0": 10,
    "cosine_t_mult": 2,
    "min_delta": 0.00022346162371799736,
    "train_file": "data/train.jsonl",
    "val_file": "data/val.jsonl",
    "test_file": "data/test.jsonl",
    "weighted_sampling": true,
    "emergency_monitoring_enabled": true,
    "max_confidence_threshold": 0.9430072632173335,
    "min_chorus_rate": 0.11938346043729398,
    "max_chorus_rate": 0.799202154813117,
    "max_conf_over_95_ratio": 0.13141198759239947,
    "val_overconf_threshold": 0.96,
    "val_f1_collapse_threshold": 0.1,
    "loss": {
      "loss_type": "boundary_aware",
      "boundary_weight": 2.1045089497638263,
      "label_smoothing": 0.1864653449181008,
      "segment_consistency_lambda": 0.015339930506326165,
      "conf_penalty_lambda": 0.01233724390706547,
      "conf_threshold": 0.9467682745861358,
      "entropy_lambda": 0.027424497951307948
    },
    "calibration_enabled": true,
    "calibration_methods": [
      "temperature",
      "platt"
    ],
    "validation_strategy": "composite",
    "head_ssm_enabled": false,
    "head_ssm_words": 4,
    "head_ssm_dimension": 12,
    "tail_ssm_enabled": false,
    "tail_ssm_words": 4,
    "tail_ssm_dimension": 12,
    "phonetic_ssm_enabled": true,
    "phonetic_ssm_mode": "rhyme",
    "phonetic_ssm_dimension": 12,
    "phonetic_ssm_similarity_method": "edit_distance",
    "phonetic_ssm_normalize": false,
    "phonetic_ssm_normalize_method": "zscore",
    "phonetic_ssm_high_sim_threshold": 0.3438109887820344,
    "pos_ssm_enabled": true,
    "pos_ssm_tagset": "simplified",
    "pos_ssm_similarity_method": "lcs",
    "pos_ssm_high_sim_threshold": 0.2736207419825207,
    "pos_ssm_dimension": 12,
    "string_ssm_enabled": false,
    "string_ssm_case_sensitive": true,
    "string_ssm_remove_punctuation": true,
    "string_ssm_similarity_threshold": 0.047143871257309365,
    "string_ssm_similarity_method": "word_overlap",
    "string_ssm_dimension": 12,
    "syllable_pattern_ssm_enabled": true,
    "syllable_pattern_ssm_similarity_method": "cosine",
    "syllable_pattern_ssm_levenshtein_weight": 0.746576793982716,
    "syllable_pattern_ssm_cosine_weight": 0.253423206017284,
    "syllable_pattern_ssm_normalize": true,
    "syllable_pattern_ssm_normalize_method": "minmax",
    "syllable_pattern_ssm_dimension": 12,
    "line_syllable_ssm_enabled": false,
    "line_syllable_ssm_similarity_method": "cosine",
    "line_syllable_ssm_ratio_threshold": 0.10767042174372875,
    "line_syllable_ssm_normalize": false,
    "line_syllable_ssm_normalize_method": "zscore",
    "line_syllable_ssm_dimension": 12,
    "word2vec_enabled": false,
    "word2vec_model": "word2vec-google-news-300",
    "word2vec_mode": "summary",
    "word2vec_normalize": true,
    "word2vec_similarity_metric": "cosine",
    "word2vec_high_sim_threshold": 0.7840215487230213,
    "contextual_enabled": false,
    "contextual_model": "all-MiniLM-L6-v2",
    "contextual_mode": "complete",
    "contextual_normalize": true,
    "contextual_similarity_metric": "dot",