{
  "metadata": {
    "model_info": {
      "hidden_dim": 256,
      "num_layers": 2,
      "dropout": 0.24401736296647442,
      "layer_dropout": 0.22700574569049722,
      "attention_enabled": true,
      "attention_heads": 4,
      "attention_dropout": 0.19909139018138775,
      "attention_dim": 256,
      "positional_encoding": true,
      "max_seq_length": 1000,
      "total_params": 2739715,
      "lstm_params": 2179072,
      "attention_params": 559617,
      "classifier_params": 1026
    },
    "training_info": {
      "batch_size": 64,
      "learning_rate": 0.0008496187994948538,
      "scheduler": "cosine",
      "label_smoothing": 0.0,
      "weighted_sampling": true,
      "total_epochs": 12,
      "validation_strategy": "composite",
      "weight_decay": 0.018394556390922266,
      "gradient_clip_norm": 0.49076793806047053,
      "max_epochs": 12,
      "patience": 4
    },
    "calibration_info": {
      "temperature": {
        "ece_before": 0.04227119612494714,
        "ece_after": 0.030552880468911893,
        "improvement": 0.011718315656035247,
        "params": {
          "temperature": 0.6344828588934445
        }
      },
      "platt": {
        "ece_before": 0.04227119612494714,
        "ece_after": 0.030884429358663194,
        "improvement": 0.011386766766283946,
        "params": {
          "A": 1.4848881386397788,
          "B": 0.0
        }
      }
    }
  },
  "metrics": [
    {
      "epoch": 1,
      "train_loss": 0.578920590877533,
      "train_chorus_rate": 0.4525878464861307,
      "train_max_prob": 0.5803737461566925,
      "train_conf_over_90": 0.0,
      "train_conf_over_95": 0.0,
      "val_loss": 0.5983060002326965,
      "val_macro_f1": 0.46877214835090975,
      "val_verse_f1": 0.47333820306793284,
      "val_chorus_f1": 0.46420609363388665,
      "val_chorus_rate": 0.6915484368801117,
      "val_max_prob": 0.5604011118412018,
      "val_conf_over_90": 0.0,
      "val_conf_over_95": 0.0,
      "learning_rate": 0.0008351608073006787,
      "epoch_time": 85.38729190826416,
      "val_boundary_f1": 0.04735883424408014,
      "val_boundary_precision": 0.104,
      "val_boundary_recall": 0.030660377358490566,
      "val_complete_segments": 0.018438697318007662,
      "val_avg_segment_overlap": 0.1972252707068598,
      "val_verse_to_chorus_acc": 0.03982300884955752,
      "val_chorus_to_verse_acc": 0.0,
      "val_window_diff": 0.4274669258852102,
      "val_pk_metric": 0.42565045120191614
    },
    {
      "epoch": 2,
      "train_loss": 0.581977379322052,
      "train_chorus_rate": 0.42583810561336577,
      "train_max_prob": 0.5833517730236053,
      "train_conf_over_90": 0.0,
      "train_conf_over_95": 0.0,
      "val_loss": 0.602168083190918,
      "val_macro_f1": 0.4116457159370033,
      "val_verse_f1": 0.8232914318740066,
      "val_chorus_f1": 0.0,
      "val_chorus_rate": 0.0004950495203956962,
      "val_max_prob": 0.5487957000732422,
      "val_conf_over_90": 0.0,
      "val_conf_over_95": 0.0,
      "learning_rate": 0.0007927721189932251,
      "epoch_time": 63.990076780319214,
      "val_boundary_f1": 0.0,
      "val_boundary_precision": 0.0,
      "val_boundary_recall": 0.0,
      "val_complete_segments": 0.05860871647509579,
      "val_avg_segment_overlap": 0.166826488197893,
      "val_verse_to_chorus_acc": 0.0,
      "val_chorus_to_verse_acc": 0.0,
      "val_window_diff": 0.26590494613311666,
      "val_pk_metric": 0.2721064272061856
    },
    {
      "epoch": 3,
      "train_loss": 0.5611580014228821,
      "train_chorus_rate": 0.5282250218093395,
      "train_max_prob": 0.5730045974254608,
      "train_conf_over_90": 0.0,
      "train_conf_over_95": 0.0,
      "val_loss": 0.5964409112930298,
      "val_macro_f1": 0.4293167571516845,
      "val_verse_f1": 0.3822269807280514,
      "val_chorus_f1": 0.47640653357531765,
      "val_chorus_rate": 0.7828088402748108,
      "val_max_prob": 0.5624162554740906,
      "val_conf_over_90": 0.0,
      "val_conf_over_95": 0.0,
      "learning_rate": 0.0007253414536300259,
      "epoch_time": 128.07383799552917,
      "val_boundary_f1": 0.03616636528028933,
      "val_boundary_precision": 0.07751937984496124,
      "val_boundary_recall": 0.02358490566037736,
      "val_complete_segments": 0.012691570881226053,
      "val_avg_segment_overlap": 0.19174656889615194,
      "val_verse_to_chorus_acc": 0.030973451327433628,
      "val_chorus_to_verse_acc": 0.0,
      "val_window_diff": 0.4392627503359774,
      "val_pk_metric": 0.4431063566483498
    },
    {
      "epoch": 4,
      "train_loss": 0.5646268129348755,
      "train_chorus_rate": 0.5967682003974915,
      "train_max_prob": 0.5778876900672912,
      "train_conf_over_90": 0.00010191358160227537,
      "train_conf_over_95": 0.0,
      "val_loss": 0.60051628947258,
      "val_macro_f1": 0.547390731728618,
      "val_verse_f1": 0.7547995958235096,
      "val_chorus_f1": 0.3399818676337262,
      "val_chorus_rate": 0.24205557256937027,
      "val_max_prob": 0.5423966944217682,
      "val_conf_over_90": 0.0,
      "val_conf_over_95": 0.0,
      "learning_rate": 0.0006374640996211404,
      "epoch_time": 75.21669411659241,
      "val_boundary_f1": 0.09665427509293681,
      "val_boundary_precision": 0.22807017543859648,
      "val_boundary_recall": 0.06132075471698113,
      "val_complete_segments": 0.06435584291187739,
      "val_avg_segment_overlap": 0.2382576046885727,
      "val_verse_to_chorus_acc": 0.030973451327433628,
      "val_chorus_to_verse_acc": 0.07575757575757576,
      "val_window_diff": 0.29454504496203127,
      "val_pk_metric": 0.29471586485162254
    },
    {
      "epoch": 5,
      "train_loss": 0.554847925901413,
      "train_chorus_rate": 0.5396163076162338,
      "train_max_prob": 0.5667404413223267,
      "train_conf_over_90": 0.0,
      "train_conf_over_95": 0.0,
      "val_loss": 0.6017844676971436,
      "val_macro_f1": 0.5720699457317598,
      "val_verse_f1": 0.7431578947368421,
      "val_chorus_f1": 0.40098199672667756,
      "val_chorus_rate": 0.3003218322992325,
      "val_max_prob": 0.5622407793998718,
      "val_conf_over_90": 0.0,
      "val_conf_over_95": 0.0,
      "learning_rate": 0.0005351287534180797,
      "epoch_time": 1173.6270089149475,
      "val_boundary_f1": 0.11012433392539962,
      "val_boundary_precision": 0.22302158273381295,
      "val_boundary_recall": 0.07311320754716981,
      "val_complete_segments": 0.0676484674329502,
      "val_avg_segment_overlap": 0.25589220903172005,
      "val_verse_to_chorus_acc": 0.07964601769911504,
      "val_chorus_to_verse_acc": 0.050505050505050504,
      "val_window_diff": 0.30029638337280967,
      "val_pk_metric": 0.30181690279347495
    },
    {
      "epoch": 6,
      "train_loss": 0.5584892809391022,
      "train_chorus_rate": 0.591792431473732,
      "train_max_prob": 0.5780375599861145,
      "train_conf_over_90": 0.0,
      "train_conf_over_95": 0.0,
      "val_loss": 0.5929689407348633,
      "val_macro_f1": 0.40207710758100035,
      "val_verse_f1": 0.3210227272727273,
      "val_chorus_f1": 0.4831314878892734,
      "val_chorus_rate": 0.83594611287117,
      "val_max_prob": 0.5980838537216187,
      "val_conf_over_90": 0.0,
      "val_conf_over_95": 0.0,
      "learning_rate": 0.0004253093997474269,
      "epoch_time": 2571.381654024124,
      "val_boundary_f1": 0.0718132854578097,
      "val_boundary_precision": 0.15037593984962405,
      "val_boundary_recall": 0.04716981132075472,
      "val_complete_segments": 0.029214559386973177,
      "val_avg_segment_overlap": 0.1806703694040711,
      "val_verse_to_chorus_acc": 0.07079646017699115,
      "val_chorus_to_verse_acc": 0.0,
      "val_window_diff": 0.4259219696882756,
      "val_pk_metric": 0.42920480103101205
    },
    {
      "epoch": 7,
      "train_loss": 0.5679615616798401,
      "train_chorus_rate": 0.4844285728409886,
      "train_max_prob": 0.5843894600868225,
      "train_conf_over_90": 0.0,
      "train_conf_over_95": 0.0,