{
  "trial_number": 69,
  "timestamp": 1756191298.9554298,
  "boundary_f1": 0.35514018691588783,
  "line_f1": 0.7507755782523386,
  "macro_f1": 0.7507755782523386,
  "verse_f1": 0.8545170799375759,
  "chorus_f1": 0.6470340765671014,
  "windowdiff": 0.3380101114011068,
  "pk": 0.2534248063879471,
  "val_loss": 0.507003903388977,
  "val_accuracy": 0.0,
  "weighted_f1": 0.0,
  "training_time": 949.5936634540558,
  "training_time_minutes": 15.826561057567597,
  "total_params": 0,
  "actual_epochs": 15,
  "config_summary": {
    "attention_enabled": true,
    "hidden_dim": 128,
    "num_layers": 2,
    "max_epochs": 15,
    "batch_size": 32,
    "learning_rate": 0.0009200344193431324,
    "boundary_weight": 2.0450899460811156,
    "label_smoothing": 0.20469306881189556
  },
  "validation_strategy": "boundary_f1",
  "all_metrics": {
    "loss": 0.507003903388977,
    "chorus_rate": 0.2843846306204796,
    "max_prob_mean": 0.6954869031906128,
    "confidence_over_90": 0.005300431221257895,
    "confidence_over_95": 0.0,
    "verse_f1": 0.8545170799375759,
    "chorus_f1": 0.6470340765671014,
    "macro_f1": 0.7507755782523386,
    "boundary_f1": 0.35514018691588783,
    "boundary_precision": 0.3172541743970315,
    "boundary_recall": 0.4033018867924528,
    "complete_segments": 0.2310855849031883,
    "avg_segment_overlap": 0.6101549755089992,
    "verse_to_chorus_acc": 0.3230088495575221,
    "chorus_to_verse_acc": 0.3838383838383838,
    "window_diff": 0.3380101114011068,
    "pk_metric": 0.2534248063879471
  },
  "parameters": {
    "hidden_dim": 128,
    "num_layers": 2,
    "dropout": 0.15691736517142468,
    "layer_dropout": 0.20026896842886752,
    "attention_enabled": true,
    "attention_heads": 8,
    "attention_dropout": 0.13958706208777497,
    "max_epochs": 15,
    "batch_size": 32,
    "learning_rate": 0.0009200344193431324,
    "weight_decay": 0.012858432369209553,
    "scheduler": "cosine",
    "min_delta": 0.00031399358414484853,
    "gradient_clip_norm": 0.4176814379888316,
    "validation_strategy": "boundary_f1",
    "head_tail_words": 4,
    "boundary_weight": 2.0450899460811156,
    "label_smoothing": 0.20469306881189556,
    "segment_consistency_lambda": 0.02997205820944996,
    "conf_penalty_lambda": 0.009368664252445374,
    "conf_threshold": 0.9375016731848482,
    "entropy_lambda": 0.05904036914769464,
    "max_confidence_threshold": 0.9131043884829823,
    "min_chorus_rate": 0.07963595074711893,
    "max_chorus_rate": 0.7614234627954304,
    "max_conf_over_95_ratio": 0.16335902559276647,
    "head_ssm_enabled": true,
    "tail_ssm_enabled": false,
    "phonetic_ssm_enabled": true,
    "pos_ssm_enabled": true,
    "string_ssm_enabled": false,
    "syllable_pattern_ssm_enabled": true,
    "line_syllable_ssm_enabled": false,
    "word2vec_enabled": false,
    "contextual_enabled": false,
    "phonetic_mode": "alliteration",
    "phonetic_similarity_method": "binary",
    "phonetic_normalize": false,
    "phonetic_normalize_method": "zscore",
    "phonetic_high_sim_threshold": 0.31903648687015607,
    "pos_tagset": "simplified",
    "pos_similarity_method": "position",
    "pos_high_sim_threshold": 0.27709218524485374,
    "string_case_sensitive": true,
    "string_remove_punctuation": true,
    "string_similarity_threshold": 0.04766691451584769,
    "string_similarity_method": "word_overlap",
    "syllable_pattern_similarity_method": "levenshtein",
    "syllable_pattern_levenshtein_weight": 0.6616516147288737,
    "syllable_pattern_cosine_weight": 0.2449381907216896,
    "syllable_pattern_normalize": false,
    "syllable_pattern_normalize_method": "minmax",
    "line_syllable_similarity_method": "cosine",
    "line_syllable_ratio_threshold": 0.10449781857835412,
    "line_syllable_normalize": false,
    "line_syllable_normalize_method": "minmax",
    "word2vec_mode": "summary",
    "word2vec_normalize": false,
    "word2vec_similarity_metric": "cosine",
    "word2vec_high_sim_threshold": 0.7888859078819057,
    "contextual_mode": "complete",
    "contextual_normalize": false,
    "contextual_similarity_metric": "cosine",
    "contextual_high_sim_threshold": 0.6768723709673541
  },
  "config": {
    "hidden_dim": 128,
    "num_layers": 2,
    "layer_dropout": 0.20026896842886752,
    "num_classes": 2,
    "dropout": 0.15691736517142468,
    "attention_enabled": true,
    "attention_type": "boundary_aware",
    "attention_heads": 8,
    "attention_dropout": 0.13958706208777497,
    "attention_dim": 128,
    "positional_encoding": true,
    "max_seq_length": 1000,
    "window_size": 7,
    "boundary_temperature": 2.0,
    "batch_size": 32,
    "learning_rate": 0.0009200344193431324,
    "weight_decay": 0.012858432369209553,
    "max_epochs": 15,
    "patience": 4,
    "gradient_clip_norm": 0.4176814379888316,
    "scheduler": "cosine",
    "min_lr": 1e-06,
    "cosine_t_max": 15,
    "warmup_epochs": 5,
    "lr_factor": 0.5,
    "lr_patience": 10,
    "step_size": 30,
    "step_gamma": 0.5,
    "cosine_t0": 10,
    "cosine_t_mult": 2,
    "min_delta": 0.00031399358414484853,
    "train_file": "data/train.jsonl",
    "val_file": "data/val.jsonl",
    "test_file": "data/test.jsonl",
    "weighted_sampling": true,
    "emergency_monitoring_enabled": true,
    "max_confidence_threshold": 0.9131043884829823,
    "min_chorus_rate": 0.07963595074711893,
    "max_chorus_rate": 0.7614234627954304,
    "max_conf_over_95_ratio": 0.16335902559276647,
    "val_overconf_threshold": 0.96,
    "val_f1_collapse_threshold": 0.1,
    "loss": {
      "loss_type": "boundary_aware",
      "boundary_weight": 2.0450899460811156,
      "label_smoothing": 0.20469306881189556,
      "segment_consistency_lambda": 0.02997205820944996,
      "conf_penalty_lambda": 0.009368664252445374,
      "conf_threshold": 0.9375016731848482,
      "entropy_lambda": 0.05904036914769464
    },
    "calibration_enabled": true,
    "calibration_methods": [
      "temperature",
      "platt"
    ],
    "validation_strategy": "boundary_f1",
    "head_ssm_enabled": true,
    "head_ssm_words": 4,
    "head_ssm_dimension": 12,
    "tail_ssm_enabled": false,
    "tail_ssm_words": 4,
    "tail_ssm_dimension": 12,
    "phonetic_ssm_enabled": true,
    "phonetic_ssm_mode": "alliteration",
    "phonetic_ssm_dimension": 12,
    "phonetic_ssm_similarity_method": "binary",
    "phonetic_ssm_normalize": false,
    "phonetic_ssm_normalize_method": "zscore",
    "phonetic_ssm_high_sim_threshold": 0.31903648687015607,
    "pos_ssm_enabled": true,
    "pos_ssm_tagset": "simplified",
    "pos_ssm_similarity_method": "position",
    "pos_ssm_high_sim_threshold": 0.27709218524485374,
    "pos_ssm_dimension": 12,
    "string_ssm_enabled": false,
    "string_ssm_case_sensitive": true,
    "string_ssm_remove_punctuation": true,
    "string_ssm_similarity_threshold": 0.04766691451584769,
    "string_ssm_similarity_method": "word_overlap",
    "string_ssm_dimension": 12,
    "syllable_pattern_ssm_enabled": true,
    "syllable_pattern_ssm_similarity_method": "levenshtein",
    "syllable_pattern_ssm_levenshtein_weight": 0.7298246800823461,
    "syllable_pattern_ssm_cosine_weight": 0.270175319917654,
    "syllable_pattern_ssm_normalize": false,
    "syllable_pattern_ssm_normalize_method": "minmax",
    "syllable_pattern_ssm_dimension": 12,
    "line_syllable_ssm_enabled": false,
    "line_syllable_ssm_similarity_method": "cosine",
    "line_syllable_ssm_ratio_threshold": 0.10449781857835412,
    "line_syllable_ssm_normalize": false,
    "line_syllable_ssm_normalize_method": "minmax",
    "line_syllable_ssm_dimension": 12,
    "word2vec_enabled": false,
    "word2vec_model": "word2vec-google-news-300",
    "word2vec_mode": "summary",
    "word2vec_normalize": false,
    "word2vec_similarity_metric": "cosine",
    "word2vec_high_sim_threshold": 0.7888859078819057,
    "contextual_enabled": false,
    "contextual_model": "all-MiniLM-L6-v2",
    "contextual_mode": "complete",
    "contextual_normalize": false,