{
  "metadata": {
    "model_info": {
      "hidden_dim": 256,
      "num_layers": 1,
      "dropout": 0.15546104535241762,
      "layer_dropout": 0.0,
      "attention_enabled": true,
      "attention_heads": 8,
      "attention_dropout": 0.19265291704223497,
      "attention_dim": 256,
      "positional_encoding": true,
      "max_seq_length": 1000,
      "total_params": 1228034,
      "lstm_params": 700416,
      "attention_params": 526592,
      "classifier_params": 1026
    },
    "training_info": {
      "batch_size": 32,
      "learning_rate": 0.0006810683268704416,
      "scheduler": "cosine",
      "label_smoothing": 0.0,
      "weighted_sampling": true,
      "total_epochs": 15,
      "validation_strategy": "composite",
      "weight_decay": 0.01922643029220703,
      "gradient_clip_norm": 0.32189236313726177,
      "max_epochs": 15,
      "patience": 4
    },
    "calibration_info": {
      "temperature": {
        "ece_before": 0.0731466554237021,
        "ece_after": 0.023388994392922434,
        "improvement": 0.04975766103077967,
        "params": {
          "temperature": 0.6902929031324494
        }
      },
      "platt": {
        "ece_before": 0.0731466554237021,
        "ece_after": 0.15882185394262754,
        "improvement": -0.08567519851892544,
        "params": {
          "A": 0.49999952906629525,
          "B": 0.0
        }
      }
    }
  },
  "metrics": [
    {
      "epoch": 1,
      "train_loss": 0.5589473634958267,
      "train_chorus_rate": 0.3988275730982423,
      "train_max_prob": 0.5954469054937362,
      "train_conf_over_90": 0.0,
      "train_conf_over_95": 0.0,
      "val_loss": 0.5751999616622925,
      "val_macro_f1": 0.41804128806623275,
      "val_verse_f1": 0.3475831237775915,
      "val_chorus_f1": 0.48849945235487396,
      "val_chorus_rate": 0.8212843984365463,
      "val_max_prob": 0.6025830954313278,
      "val_conf_over_90": 0.0,
      "val_conf_over_95": 0.0,
      "learning_rate": 0.0006736377645669087,
      "epoch_time": 65.09101581573486,
      "val_boundary_f1": 0.05765765765765766,
      "val_boundary_precision": 0.12213740458015267,
      "val_boundary_recall": 0.03773584905660377,
      "val_complete_segments": 0.023672123115389285,
      "val_avg_segment_overlap": 0.19215921337526998,
      "val_verse_to_chorus_acc": 0.05752212389380531,
      "val_chorus_to_verse_acc": 0.0,
      "val_window_diff": 0.43702882279537103,
      "val_pk_metric": 0.43898555068310957
    },
    {
      "epoch": 2,
      "train_loss": 0.5373142018914223,
      "train_chorus_rate": 0.471479033306241,
      "train_max_prob": 0.5897603988647461,
      "train_conf_over_90": 0.0,
      "train_conf_over_95": 0.0,
      "val_loss": 0.5798305869102478,
      "val_macro_f1": 0.6099475186008902,
      "val_verse_f1": 0.8047821814608581,
      "val_chorus_f1": 0.4151128557409225,
      "val_chorus_rate": 0.20144490525126457,
      "val_max_prob": 0.5931585431098938,
      "val_conf_over_90": 0.0,
      "val_conf_over_95": 0.0,
      "learning_rate": 0.0006516708288847685,
      "epoch_time": 60.41538691520691,
      "val_boundary_f1": 0.24435590969455512,
      "val_boundary_precision": 0.2796352583586626,
      "val_boundary_recall": 0.2169811320754717,
      "val_complete_segments": 0.09182761006727073,
      "val_avg_segment_overlap": 0.3613574061581082,
      "val_verse_to_chorus_acc": 0.18141592920353983,
      "val_chorus_to_verse_acc": 0.1919191919191919,
      "val_window_diff": 0.4008928150539903,
      "val_pk_metric": 0.3572773728169316
    },
    {
      "epoch": 3,
      "train_loss": 0.5207809776067733,
      "train_chorus_rate": 0.41922769173979757,
      "train_max_prob": 0.6155420660972595,
      "train_conf_over_90": 0.0032365466468036175,
      "train_conf_over_95": 0.0,
      "val_loss": 0.5464369505643845,
      "val_macro_f1": 0.6949840485093324,
      "val_verse_f1": 0.7999269139411658,
      "val_chorus_f1": 0.590041183077499,
      "val_chorus_rate": 0.3579314947128296,
      "val_max_prob": 0.6597595661878586,
      "val_conf_over_90": 0.000693802023306489,
      "val_conf_over_95": 0.0,
      "learning_rate": 0.0006161275803223828,
      "epoch_time": 53.31546759605408,
      "val_boundary_f1": 0.32359081419624214,
      "val_boundary_precision": 0.2902621722846442,
      "val_boundary_recall": 0.36556603773584906,
      "val_complete_segments": 0.19708609533636046,
      "val_avg_segment_overlap": 0.5366707061299169,
      "val_verse_to_chorus_acc": 0.336283185840708,
      "val_chorus_to_verse_acc": 0.3434343434343434,
      "val_window_diff": 0.38265489460411944,
      "val_pk_metric": 0.3041790942209501
    },
    {
      "epoch": 4,
      "train_loss": 0.4986871376633644,
      "train_chorus_rate": 0.37616344913840294,
      "train_max_prob": 0.6605268478393554,
      "train_conf_over_90": 0.00989973351242952,
      "train_conf_over_95": 0.00014725282380823046,
      "val_loss": 0.524091824889183,
      "val_macro_f1": 0.6441149981039059,
      "val_verse_f1": 0.6979522184300341,
      "val_chorus_f1": 0.5902777777777778,
      "val_chorus_rate": 0.549717091023922,
      "val_max_prob": 0.6898874789476395,
      "val_conf_over_90": 0.05033890809863806,
      "val_conf_over_95": 0.00679912866326049,
      "learning_rate": 0.0005685614293973572,
      "epoch_time": 54.13101315498352,
      "val_boundary_f1": 0.2620423892100192,
      "val_boundary_precision": 0.22149837133550487,
      "val_boundary_recall": 0.32075471698113206,
      "val_complete_segments": 0.17632021697504202,
      "val_avg_segment_overlap": 0.5222789763454264,
      "val_verse_to_chorus_acc": 0.2920353982300885,
      "val_chorus_to_verse_acc": 0.30303030303030304,
      "val_window_diff": 0.4524096896204801,
      "val_pk_metric": 0.34223666567327904
    },
    {
      "epoch": 5,
      "train_loss": 0.5087915495038032,
      "train_chorus_rate": 0.42141680121421815,
      "train_max_prob": 0.6833797097206116,
      "train_conf_over_90": 0.027338854849222115,
      "train_conf_over_95": 0.0015155083732679487,
      "val_loss": 0.5391570329666138,
      "val_macro_f1": 0.727411782505515,
      "val_verse_f1": 0.8554720133667502,
      "val_chorus_f1": 0.5993515516442798,
      "val_chorus_rate": 0.23136399686336517,
      "val_max_prob": 0.6916843354701996,
      "val_conf_over_90": 0.000693802023306489,
      "val_conf_over_95": 0.0,
      "learning_rate": 0.0005110512451528312,
      "epoch_time": 46.87330102920532,
      "val_boundary_f1": 0.35922330097087374,
      "val_boundary_precision": 0.30528052805280526,
      "val_boundary_recall": 0.4363207547169811,
      "val_complete_segments": 0.23888146213172723,
      "val_avg_segment_overlap": 0.603601401845923,
      "val_verse_to_chorus_acc": 0.36283185840707965,
      "val_chorus_to_verse_acc": 0.43434343434343436,
      "val_window_diff": 0.35421908401367197,
      "val_pk_metric": 0.2649296675315296
    },
    {
      "epoch": 6,
      "train_loss": 0.48313445746898653,
      "train_chorus_rate": 0.3444913372397423,
      "train_max_prob": 0.6657272398471832,
      "train_conf_over_90": 0.005549149634316563,
      "train_conf_over_95": 0.0,
      "val_loss": 0.5035803914070129,
      "val_macro_f1": 0.6930635519117928,
      "val_verse_f1": 0.7573604060913706,
      "val_chorus_f1": 0.628766697732215,
      "val_chorus_rate": 0.4918094426393509,
      "val_max_prob": 0.6562555134296417,
      "val_conf_over_90": 0.009557187149766833,
      "val_conf_over_95": 0.0,
      "learning_rate": 0.00044611049860477243,
      "epoch_time": 59.786771059036255,
      "val_boundary_f1": 0.28347996089931576,
      "val_boundary_precision": 0.24207011686143573,
      "val_boundary_recall": 0.3419811320754717,
      "val_complete_segments": 0.15204106735124762,
      "val_avg_segment_overlap": 0.5851469826990322,
      "val_verse_to_chorus_acc": 0.27876106194690264,
      "val_chorus_to_verse_acc": 0.3888888888888889,
      "val_window_diff": 0.4362012949909427,