{
  "trial_number": 109,
  "timestamp": 1756244292.926187,
  "boundary_f1": 0.40674789128397376,
  "line_f1": 0.7522533994836114,
  "macro_f1": 0.7522533994836114,
  "verse_f1": 0.8474095102909865,
  "chorus_f1": 0.6570972886762361,
  "windowdiff": 0.3782630647937298,
  "pk": 0.2685008478506963,
  "val_loss": 0.5112323313951492,
  "val_accuracy": 0.0,
  "weighted_f1": 0.0,
  "training_time": 1265.4995489120483,
  "training_time_minutes": 21.091659148534138,
  "total_params": 0,
  "actual_epochs": 12,
  "config_summary": {
    "attention_enabled": true,
    "hidden_dim": 256,
    "num_layers": 1,
    "max_epochs": 12,
    "batch_size": 32,
    "learning_rate": 0.000951636484328313,
    "boundary_weight": 1.8989085337116147,
    "label_smoothing": 0.24419636338339482
  },
  "validation_strategy": "composite",
  "all_metrics": {
    "loss": 0.5112323313951492,
    "chorus_rate": 0.317225381731987,
    "max_prob_mean": 0.6423138827085495,
    "confidence_over_90": 0.0,
    "confidence_over_95": 0.0,
    "verse_f1": 0.8474095102909865,
    "chorus_f1": 0.6570972886762361,
    "macro_f1": 0.7522533994836114,
    "boundary_f1": 0.40674789128397376,
    "boundary_precision": 0.33748055987558323,
    "boundary_recall": 0.5117924528301887,
    "complete_segments": 0.3055489817950051,
    "avg_segment_overlap": 0.6637928698312019,
    "verse_to_chorus_acc": 0.4557522123893805,
    "chorus_to_verse_acc": 0.4898989898989899,
    "window_diff": 0.3782630647937298,
    "pk_metric": 0.2685008478506963
  },
  "parameters": {
    "hidden_dim": 256,
    "num_layers": 1,
    "dropout": 0.27317445571097543,
    "attention_enabled": true,
    "attention_type": "localized",
    "attention_heads": 4,
    "attention_dropout": 0.2595771380461574,
    "max_epochs": 12,
    "batch_size": 32,
    "learning_rate": 0.000951636484328313,
    "weight_decay": 0.02124686386245611,
    "scheduler": "cosine",
    "min_delta": 0.0006897046807882826,
    "gradient_clip_norm": 0.3736744151177367,
    "validation_strategy": "composite",
    "head_tail_words": 2,
    "boundary_weight": 1.8989085337116147,
    "label_smoothing": 0.24419636338339482,
    "segment_consistency_lambda": 0.02821633890578826,
    "conf_penalty_lambda": 0.006852832762799446,
    "conf_threshold": 0.912772058322547,
    "entropy_lambda": 0.040821979926841556,
    "max_confidence_threshold": 0.9318701354707826,
    "min_chorus_rate": 0.050649595833976394,
    "max_chorus_rate": 0.7896189490409449,
    "max_conf_over_95_ratio": 0.18022749628659426,
    "head_ssm_enabled": true,
    "tail_ssm_enabled": true,
    "phonetic_ssm_enabled": false,
    "pos_ssm_enabled": true,
    "string_ssm_enabled": true,
    "syllable_pattern_ssm_enabled": true,
    "line_syllable_ssm_enabled": false,
    "word2vec_enabled": true,
    "contextual_enabled": true,
    "phonetic_mode": "combined",
    "phonetic_similarity_method": "binary",
    "phonetic_normalize": true,
    "phonetic_normalize_method": "minmax",
    "phonetic_high_sim_threshold": 0.2714141549168737,
    "pos_tagset": "universal",
    "pos_similarity_method": "combined",
    "pos_high_sim_threshold": 0.22481887930790215,
    "string_case_sensitive": false,
    "string_remove_punctuation": false,
    "string_similarity_threshold": 0.055703277047245266,
    "string_similarity_method": "jaccard",
    "syllable_pattern_similarity_method": "cosine",
    "syllable_pattern_levenshtein_weight": 0.71628915370842,
    "syllable_pattern_cosine_weight": 0.21252199083223797,
    "syllable_pattern_normalize": true,
    "syllable_pattern_normalize_method": "zscore",
    "line_syllable_similarity_method": "cosine",
    "line_syllable_ratio_threshold": 0.09750749824173803,
    "line_syllable_normalize": true,
    "line_syllable_normalize_method": "minmax",
    "word2vec_mode": "summary",
    "word2vec_normalize": true,
    "word2vec_similarity_metric": "cosine",
    "word2vec_high_sim_threshold": 0.8252016519108226,
    "contextual_mode": "summary",
    "contextual_normalize": false,
    "contextual_similarity_metric": "dot",
    "contextual_high_sim_threshold": 0.6525029299277101
  },
  "config": {
    "hidden_dim": 256,
    "num_layers": 1,
    "layer_dropout": 0.0,
    "num_classes": 2,
    "dropout": 0.27317445571097543,
    "attention_enabled": true,
    "attention_type": "localized",
    "attention_heads": 4,
    "attention_dropout": 0.2595771380461574,
    "attention_dim": 256,
    "positional_encoding": true,
    "max_seq_length": 1000,
    "window_size": 7,
    "boundary_temperature": 2.0,
    "batch_size": 32,
    "learning_rate": 0.000951636484328313,
    "weight_decay": 0.02124686386245611,
    "max_epochs": 12,
    "patience": 4,
    "gradient_clip_norm": 0.3736744151177367,
    "scheduler": "cosine",
    "min_lr": 1e-06,
    "cosine_t_max": 12,
    "warmup_epochs": 5,
    "lr_factor": 0.5,
    "lr_patience": 10,
    "step_size": 30,
    "step_gamma": 0.5,
    "cosine_t0": 10,
    "cosine_t_mult": 2,
    "min_delta": 0.0006897046807882826,
    "train_file": "data/train.jsonl",
    "val_file": "data/val.jsonl",
    "test_file": "data/test.jsonl",
    "weighted_sampling": true,
    "emergency_monitoring_enabled": true,
    "max_confidence_threshold": 0.9318701354707826,
    "min_chorus_rate": 0.050649595833976394,
    "max_chorus_rate": 0.7896189490409449,
    "max_conf_over_95_ratio": 0.18022749628659426,
    "val_overconf_threshold": 0.96,
    "val_f1_collapse_threshold": 0.1,
    "loss": {
      "loss_type": "boundary_aware",
      "boundary_weight": 1.8989085337116147,
      "label_smoothing": 0.24419636338339482,
      "segment_consistency_lambda": 0.02821633890578826,
      "conf_penalty_lambda": 0.006852832762799446,
      "conf_threshold": 0.912772058322547,
      "entropy_lambda": 0.040821979926841556
    },
    "calibration_enabled": true,
    "calibration_methods": [
      "temperature",
      "platt"
    ],
    "validation_strategy": "composite",
    "head_ssm_enabled": true,
    "head_ssm_words": 2,
    "head_ssm_dimension": 12,
    "tail_ssm_enabled": true,
    "tail_ssm_words": 2,
    "tail_ssm_dimension": 12,
    "phonetic_ssm_enabled": false,
    "phonetic_ssm_mode": "combined",
    "phonetic_ssm_dimension": 12,
    "phonetic_ssm_similarity_method": "binary",
    "phonetic_ssm_normalize": true,
    "phonetic_ssm_normalize_method": "minmax",
    "phonetic_ssm_high_sim_threshold": 0.2714141549168737,
    "pos_ssm_enabled": true,
    "pos_ssm_tagset": "universal",
    "pos_ssm_similarity_method": "combined",
    "pos_ssm_high_sim_threshold": 0.22481887930790215,
    "pos_ssm_dimension": 12,
    "string_ssm_enabled": true,
    "string_ssm_case_sensitive": false,
    "string_ssm_remove_punctuation": false,
    "string_ssm_similarity_threshold": 0.055703277047245266,
    "string_ssm_similarity_method": "jaccard",
    "string_ssm_dimension": 12,
    "syllable_pattern_ssm_enabled": true,
    "syllable_pattern_ssm_similarity_method": "cosine",
    "syllable_pattern_ssm_levenshtein_weight": 0.7711892325136339,
    "syllable_pattern_ssm_cosine_weight": 0.228810767486366,
    "syllable_pattern_ssm_normalize": true,
    "syllable_pattern_ssm_normalize_method": "zscore",
    "syllable_pattern_ssm_dimension": 12,
    "line_syllable_ssm_enabled": false,
    "line_syllable_ssm_similarity_method": "cosine",
    "line_syllable_ssm_ratio_threshold": 0.09750749824173803,
    "line_syllable_ssm_normalize": true,
    "line_syllable_ssm_normalize_method": "minmax",
    "line_syllable_ssm_dimension": 12,
    "word2vec_enabled": true,
    "word2vec_model": "word2vec-google-news-300",
    "word2vec_mode": "summary",
    "word2vec_normalize": true,
    "word2vec_similarity_metric": "cosine",
    "word2vec_high_sim_threshold": 0.8252016519108226,
    "contextual_enabled": true,
    "contextual_model": "all-MiniLM-L6-v2",
    "contextual_mode": "summary",
    "contextual_normalize": false,
    "contextual_similarity_metric": "dot",