{
  "trial_number": 20,
  "timestamp": 1756051372.165341,
  "boundary_f1": 0.3345454545454546,
  "line_f1": 0.7091477090919016,
  "macro_f1": 0.7091477090919016,
  "verse_f1": 0.8407169428474804,
  "chorus_f1": 0.5775784753363228,
  "windowdiff": 0.3547107056422751,
  "pk": 0.27875195735848685,
  "val_loss": 0.5407298803329468,
  "val_accuracy": 0.0,
  "weighted_f1": 0.0,
  "training_time": 1083.3245990276337,
  "training_time_minutes": 18.055409983793894,
  "total_params": 0,
  "actual_epochs": 12,
  "config_summary": {
    "attention_enabled": true,
    "hidden_dim": 256,
    "num_layers": 1,
    "max_epochs": 12,
    "batch_size": 32,
    "learning_rate": 0.00020046044393918702,
    "boundary_weight": 1.9115880428026744,
    "label_smoothing": 0.1783757064576918
  },
  "validation_strategy": "boundary_f1",
  "all_metrics": {
    "loss": 0.5407298803329468,
    "chorus_rate": 0.24888334423303604,
    "max_prob_mean": 0.6620456427335739,
    "confidence_over_90": 0.0012054002145305276,
    "confidence_over_95": 0.0,
    "verse_f1": 0.8407169428474804,
    "chorus_f1": 0.5775784753363228,
    "macro_f1": 0.7091477090919016,
    "boundary_f1": 0.3345454545454546,
    "boundary_precision": 0.27218934911242604,
    "boundary_recall": 0.4339622641509434,
    "complete_segments": 0.2026398709723206,
    "avg_segment_overlap": 0.5602247268599212,
    "verse_to_chorus_acc": 0.41150442477876104,
    "chorus_to_verse_acc": 0.36363636363636365,
    "window_diff": 0.3547107056422751,
    "pk_metric": 0.27875195735848685
  },
  "parameters": {
    "hidden_dim": 256,
    "num_layers": 1,
    "dropout": 0.17775060442816143,
    "attention_enabled": true,
    "attention_heads": 4,
    "attention_dropout": 0.2976856015424646,
    "max_epochs": 12,
    "batch_size": 32,
    "learning_rate": 0.00020046044393918702,
    "weight_decay": 0.01399206428588458,
    "scheduler": "cosine",
    "min_delta": 0.00032818938307509736,
    "gradient_clip_norm": 0.5584311657893698,
    "validation_strategy": "boundary_f1",
    "head_tail_words": 2,
    "boundary_weight": 1.9115880428026744,
    "label_smoothing": 0.1783757064576918,
    "segment_consistency_lambda": 0.017837084743504025,
    "conf_penalty_lambda": 0.010768021170051096,
    "conf_threshold": 0.933306310212183,
    "entropy_lambda": 0.03134846888474872,
    "max_confidence_threshold": 0.9757698897979897,
    "min_chorus_rate": 0.12273595881959164,
    "max_chorus_rate": 0.8862589208076384,
    "max_conf_over_95_ratio": 0.16718880030428074,
    "head_ssm_enabled": true,
    "tail_ssm_enabled": true,
    "phonetic_ssm_enabled": true,
    "pos_ssm_enabled": true,
    "string_ssm_enabled": false,
    "syllable_pattern_ssm_enabled": true,
    "line_syllable_ssm_enabled": false,
    "word2vec_enabled": true,
    "contextual_enabled": false,
    "phonetic_mode": "combined",
    "phonetic_similarity_method": "sequence_match",
    "phonetic_normalize": false,
    "phonetic_normalize_method": "zscore",
    "phonetic_high_sim_threshold": 0.2879566892316669,
    "pos_tagset": "penn",
    "pos_similarity_method": "combined",
    "pos_high_sim_threshold": 0.23475877961333458,
    "string_case_sensitive": true,
    "string_remove_punctuation": false,
    "string_similarity_threshold": 0.06295084241888639,
    "string_similarity_method": "levenshtein",
    "syllable_pattern_similarity_method": "levenshtein",
    "syllable_pattern_levenshtein_weight": 0.6041931896960354,
    "syllable_pattern_cosine_weight": 0.31740877033202874,
    "syllable_pattern_normalize": true,
    "syllable_pattern_normalize_method": "zscore",
    "line_syllable_similarity_method": "cosine",
    "line_syllable_ratio_threshold": 0.09816161640994896,
    "line_syllable_normalize": false,
    "line_syllable_normalize_method": "minmax",
    "word2vec_mode": "summary",
    "word2vec_normalize": true,
    "word2vec_similarity_metric": "cosine",
    "word2vec_high_sim_threshold": 0.8227763868976832,
    "contextual_mode": "summary",
    "contextual_normalize": false,
    "contextual_similarity_metric": "dot",
    "contextual_high_sim_threshold": 0.7205413546295654
  },
  "config": {
    "hidden_dim": 256,
    "num_layers": 1,
    "layer_dropout": 0.0,
    "num_classes": 2,
    "dropout": 0.17775060442816143,
    "attention_enabled": true,
    "attention_type": "boundary_aware",
    "attention_heads": 4,
    "attention_dropout": 0.2976856015424646,
    "attention_dim": 256,
    "positional_encoding": true,
    "max_seq_length": 1000,
    "window_size": 7,
    "boundary_temperature": 2.0,
    "batch_size": 32,
    "learning_rate": 0.00020046044393918702,
    "weight_decay": 0.01399206428588458,
    "max_epochs": 12,
    "patience": 4,
    "gradient_clip_norm": 0.5584311657893698,
    "scheduler": "cosine",
    "min_lr": 1e-06,
    "cosine_t_max": 12,
    "warmup_epochs": 5,
    "lr_factor": 0.5,
    "lr_patience": 10,
    "step_size": 30,
    "step_gamma": 0.5,
    "cosine_t0": 10,
    "cosine_t_mult": 2,
    "min_delta": 0.00032818938307509736,
    "train_file": "data/train.jsonl",
    "val_file": "data/val.jsonl",
    "test_file": "data/test.jsonl",
    "weighted_sampling": true,
    "emergency_monitoring_enabled": true,
    "max_confidence_threshold": 0.9757698897979897,
    "min_chorus_rate": 0.12273595881959164,
    "max_chorus_rate": 0.8862589208076384,
    "max_conf_over_95_ratio": 0.16718880030428074,
    "val_overconf_threshold": 0.96,
    "val_f1_collapse_threshold": 0.1,
    "loss": {
      "loss_type": "boundary_aware",
      "boundary_weight": 1.9115880428026744,
      "label_smoothing": 0.1783757064576918,
      "segment_consistency_lambda": 0.017837084743504025,
      "conf_penalty_lambda": 0.010768021170051096,
      "conf_threshold": 0.933306310212183,
      "entropy_lambda": 0.03134846888474872
    },
    "calibration_enabled": true,
    "calibration_methods": [
      "temperature",
      "platt"
    ],
    "validation_strategy": "boundary_f1",
    "head_ssm_enabled": true,
    "head_ssm_words": 2,
    "head_ssm_dimension": 12,
    "tail_ssm_enabled": true,
    "tail_ssm_words": 2,
    "tail_ssm_dimension": 12,
    "phonetic_ssm_enabled": true,
    "phonetic_ssm_mode": "combined",
    "phonetic_ssm_dimension": 12,
    "phonetic_ssm_similarity_method": "sequence_match",
    "phonetic_ssm_normalize": false,
    "phonetic_ssm_normalize_method": "zscore",
    "phonetic_ssm_high_sim_threshold": 0.2879566892316669,
    "pos_ssm_enabled": true,
    "pos_ssm_tagset": "penn",
    "pos_ssm_similarity_method": "combined",
    "pos_ssm_high_sim_threshold": 0.23475877961333458,
    "pos_ssm_dimension": 12,
    "string_ssm_enabled": false,
    "string_ssm_case_sensitive": true,
    "string_ssm_remove_punctuation": false,
    "string_ssm_similarity_threshold": 0.06295084241888639,
    "string_ssm_similarity_method": "levenshtein",
    "string_ssm_dimension": 12,
    "syllable_pattern_ssm_enabled": true,
    "syllable_pattern_ssm_similarity_method": "levenshtein",
    "syllable_pattern_ssm_levenshtein_weight": 0.6555901743933322,
    "syllable_pattern_ssm_cosine_weight": 0.3444098256066677,
    "syllable_pattern_ssm_normalize": true,
    "syllable_pattern_ssm_normalize_method": "zscore",
    "syllable_pattern_ssm_dimension": 12,
    "line_syllable_ssm_enabled": false,
    "line_syllable_ssm_similarity_method": "cosine",
    "line_syllable_ssm_ratio_threshold": 0.09816161640994896,
    "line_syllable_ssm_normalize": false,
    "line_syllable_ssm_normalize_method": "minmax",
    "line_syllable_ssm_dimension": 12,
    "word2vec_enabled": true,
    "word2vec_model": "word2vec-google-news-300",
    "word2vec_mode": "summary",
    "word2vec_normalize": true,
    "word2vec_similarity_metric": "cosine",
    "word2vec_high_sim_threshold": 0.8227763868976832,
    "contextual_enabled": false,
    "contextual_model": "all-MiniLM-L6-v2",
    "contextual_mode": "summary",
    "contextual_normalize": false,
    "contextual_similarity_metric": "dot",