{
  "metadata": {
    "model_info": {
      "hidden_dim": 256,
      "num_layers": 1,
      "dropout": 0.1869195904073402,
      "layer_dropout": 0.0,
      "attention_enabled": true,
      "attention_heads": 4,
      "attention_dropout": 0.17595037273197336,
      "attention_dim": 256,
      "positional_encoding": true,
      "max_seq_length": 1000,
      "total_params": 1236483,
      "lstm_params": 675840,
      "attention_params": 559617,
      "classifier_params": 1026
    },
    "training_info": {
      "batch_size": 32,
      "learning_rate": 0.0007708910922798473,
      "scheduler": "cosine",
      "label_smoothing": 0.0,
      "weighted_sampling": true,
      "total_epochs": 15,
      "validation_strategy": "composite",
      "weight_decay": 0.01092958151751556,
      "gradient_clip_norm": 0.3085783635718896,
      "max_epochs": 15,
      "patience": 4
    },
    "calibration_info": {
      "temperature": {
        "ece_before": 0.07451581616825582,
        "ece_after": 0.007906087357660624,
        "improvement": 0.0666097288105952,
        "params": {
          "temperature": 0.6638641175938386
        }
      },
      "platt": {
        "ece_before": 0.07451581616825582,
        "ece_after": 0.00915057904476736,
        "improvement": 0.06536523712348846,
        "params": {
          "A": 1.48367854360655,
          "B": 0.0
        }
      }
    }
  },
  "metrics": [
    {
      "epoch": 1,
      "train_loss": 0.5883409291505813,
      "train_chorus_rate": 0.4971751724369824,
      "train_max_prob": 0.5889840334653854,
      "train_conf_over_90": 0.0,
      "train_conf_over_95": 0.0,
      "val_loss": 0.5856799632310867,
      "val_macro_f1": 0.514075393914154,
      "val_verse_f1": 0.5319753671245855,
      "val_chorus_f1": 0.4961754207037226,
      "val_chorus_rate": 0.663996085524559,
      "val_max_prob": 0.5518006831407547,
      "val_conf_over_90": 0.0,
      "val_conf_over_95": 0.0,
      "learning_rate": 0.0007624791085098545,
      "epoch_time": 903.1177802085876,
      "val_boundary_f1": 0.1205564142194745,
      "val_boundary_precision": 0.17488789237668162,
      "val_boundary_recall": 0.09198113207547169,
      "val_complete_segments": 0.038679370174598174,
      "val_avg_segment_overlap": 0.24892733401740258,
      "val_verse_to_chorus_acc": 0.10619469026548672,
      "val_chorus_to_verse_acc": 0.04040404040404041,
      "val_window_diff": 0.4407190037395111,
      "val_pk_metric": 0.4423140341031321
    },
    {
      "epoch": 2,
      "train_loss": 0.5500345528125763,
      "train_chorus_rate": 0.43014167472720144,
      "train_max_prob": 0.5833850055932999,
      "train_conf_over_90": 0.0038358414778485892,
      "train_conf_over_95": 8.403361425735056e-05,
      "val_loss": 0.5603511929512024,
      "val_macro_f1": 0.643826855514292,
      "val_verse_f1": 0.7341821743388834,
      "val_chorus_f1": 0.5534715366897005,
      "val_chorus_rate": 0.4473908767104149,
      "val_max_prob": 0.6481901407241821,
      "val_conf_over_90": 0.009317091666162014,
      "val_conf_over_95": 0.0,
      "learning_rate": 0.0007376108012558011,
      "epoch_time": 56.280319929122925,
      "val_boundary_f1": 0.24324324324324328,
      "val_boundary_precision": 0.18947368421052632,
      "val_boundary_recall": 0.33962264150943394,
      "val_complete_segments": 0.10689350917346674,
      "val_avg_segment_overlap": 0.5042155462463973,
      "val_verse_to_chorus_acc": 0.2345132743362832,
      "val_chorus_to_verse_acc": 0.3484848484848485,
      "val_window_diff": 0.49884072319634165,
      "val_pk_metric": 0.3779680440267219
    },
    {
      "epoch": 3,
      "train_loss": 0.5076543673872947,
      "train_chorus_rate": 0.3700601287186146,
      "train_max_prob": 0.6706153392791748,
      "train_conf_over_90": 0.01915802937292028,
      "train_conf_over_95": 0.0008758115844102576,
      "val_loss": 0.5456399172544479,
      "val_macro_f1": 0.5815821459990327,
      "val_verse_f1": 0.5985367004956337,
      "val_chorus_f1": 0.5646275915024316,
      "val_chorus_rate": 0.6603533625602722,
      "val_max_prob": 0.6956749856472015,
      "val_conf_over_90": 0.06269730720669031,
      "val_conf_over_95": 0.009346164704766124,
      "learning_rate": 0.0006973730348760674,
      "epoch_time": 133.19326615333557,
      "val_boundary_f1": 0.17054263565891473,
      "val_boundary_precision": 0.13432835820895522,
      "val_boundary_recall": 0.23349056603773585,
      "val_complete_segments": 0.07589878546930508,
      "val_avg_segment_overlap": 0.44692742237915395,
      "val_verse_to_chorus_acc": 0.18584070796460178,
      "val_chorus_to_verse_acc": 0.25757575757575757,
      "val_window_diff": 0.5505751597450157,
      "val_pk_metric": 0.4111857939963911
    },
    {
      "epoch": 4,
      "train_loss": 0.4946232050657272,
      "train_chorus_rate": 0.3846593573689461,
      "train_max_prob": 0.6860476166009903,
      "train_conf_over_90": 0.03600944611243904,
      "train_conf_over_95": 0.003989324276335538,
      "val_loss": 0.5131301879882812,
      "val_macro_f1": 0.7332623749989214,
      "val_verse_f1": 0.8280485595216525,
      "val_chorus_f1": 0.6384761904761904,
      "val_chorus_rate": 0.34600669890642166,
      "val_max_prob": 0.6554418802261353,
      "val_conf_over_90": 0.0007735613908153027,
      "val_conf_over_95": 0.0,
      "learning_rate": 0.0006435243928436727,
      "epoch_time": 113.37103915214539,
      "val_boundary_f1": 0.32784041630529054,
      "val_boundary_precision": 0.25925925925925924,
      "val_boundary_recall": 0.44575471698113206,
      "val_complete_segments": 0.19553120193364096,
      "val_avg_segment_overlap": 0.6154045305338606,
      "val_verse_to_chorus_acc": 0.3584070796460177,
      "val_chorus_to_verse_acc": 0.4696969696969697,
      "val_window_diff": 0.40515826679833034,
      "val_pk_metric": 0.29701664562074825
    },
    {
      "epoch": 5,
      "train_loss": 0.48296051621437075,
      "train_chorus_rate": 0.3719037719070911,
      "train_max_prob": 0.6983715862035751,
      "train_conf_over_90": 0.035411132778972385,
      "train_conf_over_95": 0.004395362554350868,
      "val_loss": 0.5054701939225197,
      "val_macro_f1": 0.7178272696620118,
      "val_verse_f1": 0.7972403219624378,
      "val_chorus_f1": 0.6384142173615859,
      "val_chorus_rate": 0.4201558455824852,
      "val_max_prob": 0.6810440570116043,
      "val_conf_over_90": 0.025927377166226506,
      "val_conf_over_95": 0.003978806314989924,
      "learning_rate": 0.0005784183192098856,
      "epoch_time": 54.02121686935425,
      "val_boundary_f1": 0.26273458445040215,
      "val_boundary_precision": 0.21151079136690648,
      "val_boundary_recall": 0.3466981132075472,
      "val_complete_segments": 0.12476305460133669,
      "val_avg_segment_overlap": 0.5792492899811263,
      "val_verse_to_chorus_acc": 0.24336283185840707,
      "val_chorus_to_verse_acc": 0.41414141414141414,
      "val_window_diff": 0.46499592432932624,
      "val_pk_metric": 0.3482767551887928
    },
    {
      "epoch": 6,
      "train_loss": 0.48317872136831286,
      "train_chorus_rate": 0.3798889234662056,
      "train_max_prob": 0.6936707973480225,
      "train_conf_over_90": 0.03173224637284875,
      "train_conf_over_95": 0.005337560866610147,
      "val_loss": 0.5067647024989128,
      "val_macro_f1": 0.758601755289567,
      "val_verse_f1": 0.8604490500863557,
      "val_chorus_f1": 0.6567544604927783,
      "val_chorus_rate": 0.2795116491615772,
      "val_max_prob": 0.6943083256483078,
      "val_conf_over_90": 0.009696536406408995,
      "val_conf_over_95": 0.0,
      "learning_rate": 0.0005049002618061056,
      "epoch_time": 73.82620000839233,
      "val_boundary_f1": 0.3726829268292683,
      "val_boundary_precision": 0.3178036605657238,
      "val_boundary_recall": 0.45047169811320753,
      "val_complete_segments": 0.2403001490355679,
      "val_avg_segment_overlap": 0.6372400095740415,