{
  "method": "temperature",
  "params": {
    "temperature": 0.7349492359161128
  },
  "ece_before": 0.060071905478395984,
  "ece_after": 0.016624312064736673,
  "improvement": 0.04344759341365931,
  "all_results": [
    {
      "method": "temperature",
      "params": {
        "temperature": 0.7349492359161128
      },
      "ece_before": 0.060071905478395984,
      "ece_after": 0.016624312064736673,
      "improvement": 0.04344759341365931
    },
    {
      "method": "platt",
      "params": {
        "A": 1.289730760069967,
        "B": -4.1812407508347086e-07
      },
      "ece_before": 0.060071905478395984,
      "ece_after": 0.01927191939768481,
      "improvement": 0.04079998608071117
    }
  ]
}