{
  "trial_number": 81,
  "timestamp": 1756210627.667379,
  "boundary_f1": 0.4073732718894009,
  "line_f1": 0.7609599042312232,
  "macro_f1": 0.7609599042312232,
  "verse_f1": 0.843966460080204,
  "chorus_f1": 0.6779533483822423,
  "windowdiff": 0.40949809481697663,
  "pk": 0.28024381610015225,
  "val_loss": 0.49183855950832367,
  "val_accuracy": 0.0,
  "weighted_f1": 0.0,
  "training_time": 2718.95703291893,
  "training_time_minutes": 45.315950548648836,
  "total_params": 0,
  "actual_epochs": 15,
  "config_summary": {
    "attention_enabled": true,
    "hidden_dim": 256,
    "num_layers": 2,
    "max_epochs": 15,
    "batch_size": 64,
    "learning_rate": 0.0009322767647844197,
    "boundary_weight": 2.0971535326784165,
    "label_smoothing": 0.17216987193178865
  },
  "validation_strategy": "composite",
  "all_metrics": {
    "loss": 0.49183855950832367,
    "chorus_rate": 0.35277101397514343,
    "max_prob_mean": 0.7327446043491364,
    "confidence_over_90": 0.054023122414946556,
    "confidence_over_95": 0.0017133731162175536,
    "verse_f1": 0.843966460080204,
    "chorus_f1": 0.6779533483822423,
    "macro_f1": 0.7609599042312232,
    "boundary_f1": 0.4073732718894009,
    "boundary_precision": 0.33434190620272314,
    "boundary_recall": 0.5212264150943396,
    "complete_segments": 0.305735153256705,
    "avg_segment_overlap": 0.6608257096209489,
    "verse_to_chorus_acc": 0.4778761061946903,
    "chorus_to_verse_acc": 0.4898989898989899,
    "window_diff": 0.40949809481697663,
    "pk_metric": 0.28024381610015225
  },
  "parameters": {
    "hidden_dim": 256,
    "num_layers": 2,
    "dropout": 0.17684458715448795,
    "layer_dropout": 0.21646958726769452,
    "attention_enabled": true,
    "attention_heads": 8,
    "attention_dropout": 0.17767153981028241,
    "max_epochs": 15,
    "batch_size": 64,
    "learning_rate": 0.0009322767647844197,
    "weight_decay": 0.015927579951160727,
    "scheduler": "cosine",
    "min_delta": 0.000328725200970871,
    "gradient_clip_norm": 0.4123697322330954,
    "validation_strategy": "composite",
    "head_tail_words": 3,
    "boundary_weight": 2.0971535326784165,
    "label_smoothing": 0.17216987193178865,
    "segment_consistency_lambda": 0.02930927123535759,
    "conf_penalty_lambda": 0.012963315987993445,
    "conf_threshold": 0.9466018146571068,
    "entropy_lambda": 0.029709633550681777,
    "max_confidence_threshold": 0.9153077399567773,
    "min_chorus_rate": 0.09129881206184601,
    "max_chorus_rate": 0.795094662856721,
    "max_conf_over_95_ratio": 0.17726135591567782,
    "head_ssm_enabled": false,
    "tail_ssm_enabled": false,
    "phonetic_ssm_enabled": true,
    "pos_ssm_enabled": true,
    "string_ssm_enabled": false,
    "syllable_pattern_ssm_enabled": true,
    "line_syllable_ssm_enabled": false,
    "word2vec_enabled": false,
    "contextual_enabled": true,
    "phonetic_mode": "combined",
    "phonetic_similarity_method": "binary",
    "phonetic_normalize": true,
    "phonetic_normalize_method": "zscore",
    "phonetic_high_sim_threshold": 0.2612849152788468,
    "pos_tagset": "universal",
    "pos_similarity_method": "lcs",
    "pos_high_sim_threshold": 0.2486642326127766,
    "string_case_sensitive": false,
    "string_remove_punctuation": true,
    "string_similarity_threshold": 0.04729108650226928,
    "string_similarity_method": "jaccard",
    "syllable_pattern_similarity_method": "cosine",
    "syllable_pattern_levenshtein_weight": 0.6821487155901875,
    "syllable_pattern_cosine_weight": 0.23375968148063292,
    "syllable_pattern_normalize": false,
    "syllable_pattern_normalize_method": "minmax",
    "line_syllable_similarity_method": "cosine",
    "line_syllable_ratio_threshold": 0.10313562120840611,
    "line_syllable_normalize": true,
    "line_syllable_normalize_method": "zscore",
    "word2vec_mode": "summary",
    "word2vec_normalize": true,
    "word2vec_similarity_metric": "cosine",
    "word2vec_high_sim_threshold": 0.7878909416379825,
    "contextual_mode": "complete",
    "contextual_normalize": true,
    "contextual_similarity_metric": "dot",
    "contextual_high_sim_threshold": 0.6661413551916344
  },
  "config": {
    "hidden_dim": 256,
    "num_layers": 2,
    "layer_dropout": 0.21646958726769452,
    "num_classes": 2,
    "dropout": 0.17684458715448795,
    "attention_enabled": true,
    "attention_type": "boundary_aware",
    "attention_heads": 8,
    "attention_dropout": 0.17767153981028241,
    "attention_dim": 256,
    "positional_encoding": true,
    "max_seq_length": 1000,
    "window_size": 7,
    "boundary_temperature": 2.0,
    "batch_size": 64,
    "learning_rate": 0.0009322767647844197,
    "weight_decay": 0.015927579951160727,
    "max_epochs": 15,
    "patience": 4,
    "gradient_clip_norm": 0.4123697322330954,
    "scheduler": "cosine",
    "min_lr": 1e-06,
    "cosine_t_max": 15,
    "warmup_epochs": 5,
    "lr_factor": 0.5,
    "lr_patience": 10,
    "step_size": 30,
    "step_gamma": 0.5,
    "cosine_t0": 10,
    "cosine_t_mult": 2,
    "min_delta": 0.000328725200970871,
    "train_file": "data/train.jsonl",
    "val_file": "data/val.jsonl",
    "test_file": "data/test.jsonl",
    "weighted_sampling": true,
    "emergency_monitoring_enabled": true,
    "max_confidence_threshold": 0.9153077399567773,
    "min_chorus_rate": 0.09129881206184601,
    "max_chorus_rate": 0.795094662856721,
    "max_conf_over_95_ratio": 0.17726135591567782,
    "val_overconf_threshold": 0.96,
    "val_f1_collapse_threshold": 0.1,
    "loss": {
      "loss_type": "boundary_aware",
      "boundary_weight": 2.0971535326784165,
      "label_smoothing": 0.17216987193178865,
      "segment_consistency_lambda": 0.02930927123535759,
      "conf_penalty_lambda": 0.012963315987993445,
      "conf_threshold": 0.9466018146571068,
      "entropy_lambda": 0.029709633550681777
    },
    "calibration_enabled": true,
    "calibration_methods": [
      "temperature",
      "platt"
    ],
    "validation_strategy": "composite",
    "head_ssm_enabled": false,
    "head_ssm_words": 3,
    "head_ssm_dimension": 12,
    "tail_ssm_enabled": false,
    "tail_ssm_words": 3,
    "tail_ssm_dimension": 12,
    "phonetic_ssm_enabled": true,
    "phonetic_ssm_mode": "combined",
    "phonetic_ssm_dimension": 12,
    "phonetic_ssm_similarity_method": "binary",
    "phonetic_ssm_normalize": true,
    "phonetic_ssm_normalize_method": "zscore",
    "phonetic_ssm_high_sim_threshold": 0.2612849152788468,
    "pos_ssm_enabled": true,
    "pos_ssm_tagset": "universal",
    "pos_ssm_similarity_method": "lcs",
    "pos_ssm_high_sim_threshold": 0.2486642326127766,
    "pos_ssm_dimension": 12,
    "string_ssm_enabled": false,
    "string_ssm_case_sensitive": false,
    "string_ssm_remove_punctuation": true,
    "string_ssm_similarity_threshold": 0.04729108650226928,
    "string_ssm_similarity_method": "jaccard",
    "string_ssm_dimension": 12,
    "syllable_pattern_ssm_enabled": true,
    "syllable_pattern_ssm_similarity_method": "cosine",
    "syllable_pattern_ssm_levenshtein_weight": 0.7447783181940214,
    "syllable_pattern_ssm_cosine_weight": 0.2552216818059787,
    "syllable_pattern_ssm_normalize": false,
    "syllable_pattern_ssm_normalize_method": "minmax",
    "syllable_pattern_ssm_dimension": 12,
    "line_syllable_ssm_enabled": false,
    "line_syllable_ssm_similarity_method": "cosine",
    "line_syllable_ssm_ratio_threshold": 0.10313562120840611,
    "line_syllable_ssm_normalize": true,
    "line_syllable_ssm_normalize_method": "zscore",
    "line_syllable_ssm_dimension": 12,
    "word2vec_enabled": false,
    "word2vec_model": "word2vec-google-news-300",
    "word2vec_mode": "summary",
    "word2vec_normalize": true,
    "word2vec_similarity_metric": "cosine",
    "word2vec_high_sim_threshold": 0.7878909416379825,
    "contextual_enabled": true,
    "contextual_model": "all-MiniLM-L6-v2",
    "contextual_mode": "complete",
    "contextual_normalize": true,