{
  "trial_number": 12,
  "trial_id": "cnn_trial_0012",
  "model_type": "CNN",
  "training_score": 0.6387082051498904,
  "optuna_objective": 0.4413665743305632,
  "validation_metrics": {
    "line_f1": 0.7737492380014828,
    "boundary_f1": 0.4413665743305632,
    "macro_f1": 0.7737492380014828,
    "verse_f1": 0.8413688788050672,
    "chorus_f1": 0.7061295971978984,
    "boundary_precision": 0.3626707132018209,
    "boundary_recall": 0.5636792452830188,
    "window_diff": 0.41494142561838476,
    "pk_metric": 0.2805521521609954,
    "confidence": 0.7319898903369904,
    "val_loss": 0.4794624298810959
  },
  "all_results": {
    "line_f1": 0.7737492380014828,
    "boundary_f1": 0.4413665743305632,
    "macro_f1": 0.7737492380014828,
    "verse_f1": 0.8413688788050672,
    "chorus_f1": 0.7061295971978984,
    "boundary_precision": 0.3626707132018209,
    "boundary_recall": 0.5636792452830188,
    "window_diff": 0.41494142561838476,
    "pk_metric": 0.2805521521609954,
    "confidence": 0.7319898903369904,
    "val_loss": 0.4794624298810959
  },
  "parameters": {
    "hidden_dim": 128,
    "num_layers": 2,
    "dropout": 0.25533263132235867,
    "layer_dropout": 0.10037518382920467,
    "cnn_kernel_sizes": "3,7,11",
    "cnn_dilation_rates": "1,2,4,8",
    "cnn_use_residual": true,
    "cnn_batch_multiplier": 1.0075106058128436,
    "attention_enabled": false,
    "max_epochs": 8,
    "batch_size": 64,
    "learning_rate": 0.00044613549870196976,
    "weight_decay": 0.005005235378317229,
    "scheduler": "cosine",
    "min_delta": 2.5200841429583035e-05,
    "gradient_clip_norm": 0.7374178825880214,
    "validation_strategy": "cnn_composite",
    "boundary_weight": 2.3880219939841236,
    "label_smoothing": 0.1663374762503936,
    "segment_consistency_lambda": 0.018890317759896635,
    "conf_penalty_lambda": 0.005057456991435141,
    "conf_threshold": 0.9483159740609286,
    "entropy_lambda": 0.033780963119333624,
    "max_confidence_threshold": 0.9199922186746223,
    "min_chorus_rate": 0.05819648090807672,
    "max_chorus_rate": 0.8795266518585888,
    "max_conf_over_95_ratio": 0.061150411465477464,
    "head_ssm_enabled": false,
    "tail_ssm_enabled": true,
    "phonetic_ssm_enabled": true,
    "pos_ssm_enabled": true,
    "string_ssm_enabled": true,
    "syllable_pattern_ssm_enabled": false,
    "line_syllable_ssm_enabled": true,
    "word2vec_enabled": true,
    "contextual_enabled": false,
    "head_tail_words": 2,
    "phonetic_mode": "combined",
    "phonetic_similarity": "binary",
    "phonetic_threshold": 0.2765810726983916,
    "pos_tagset": "universal",
    "pos_similarity": "position",
    "pos_threshold": 0.28232569056698475,
    "string_similarity": "word_overlap",
    "string_threshold": 0.05516713080040277
  },
  "duration_minutes": 0
}