{
  "metadata": {
    "model_info": {
      "hidden_dim": 256,
      "num_layers": 1,
      "dropout": 0.16160864979184558,
      "layer_dropout": 0.0,
      "attention_enabled": true,
      "attention_heads": 8,
      "attention_dropout": 0.1801791433282895,
      "attention_dim": 256,
      "positional_encoding": true,
      "max_seq_length": 1000,
      "total_params": 1228034,
      "lstm_params": 700416,
      "attention_params": 526592,
      "classifier_params": 1026
    },
    "training_info": {
      "batch_size": 32,
      "learning_rate": 0.0009364363515835176,
      "scheduler": "cosine",
      "label_smoothing": 0.0,
      "weighted_sampling": true,
      "total_epochs": 14,
      "validation_strategy": "composite",
      "weight_decay": 0.018187351635761986,
      "gradient_clip_norm": 0.34503498859907583,
      "max_epochs": 15,
      "patience": 4
    },
    "calibration_info": {
      "temperature": {
        "ece_before": 0.11774253101620555,
        "ece_after": 0.014343031072780494,
        "improvement": 0.10339949994342505,
        "params": {
          "temperature": 0.49937573337143754
        }
      },
      "platt": {
        "ece_before": 0.11774253101620555,
        "ece_after": 0.021707157093907144,
        "improvement": 0.09603537392229841,
        "params": {
          "A": 1.8796588792435904,
          "B": 0.0
        }
      }
    }
  },
  "metrics": [
    {
      "epoch": 1,
      "train_loss": 0.556341215968132,
      "train_chorus_rate": 0.5079426742624491,
      "train_max_prob": 0.5848144203424454,
      "train_conf_over_90": 0.0,
      "train_conf_over_95": 0.0,
      "val_loss": 0.5935966521501541,
      "val_macro_f1": 0.42930810126717966,
      "val_verse_f1": 0.8210281054317752,
      "val_chorus_f1": 0.037588097102584185,
      "val_chorus_rate": 0.013994654756970704,
      "val_max_prob": 0.5988423824310303,
      "val_conf_over_90": 0.0,
      "val_conf_over_95": 0.0,
      "learning_rate": 0.00092621558726206,
      "epoch_time": 65.0683331489563,
      "val_boundary_f1": 0.008620689655172414,
      "val_boundary_precision": 0.05,
      "val_boundary_recall": 0.0047169811320754715,
      "val_complete_segments": 0.0532656463462402,
      "val_avg_segment_overlap": 0.1707137165513971,
      "val_verse_to_chorus_acc": 0.004424778761061947,
      "val_chorus_to_verse_acc": 0.0,
      "val_window_diff": 0.28973713046164334,
      "val_pk_metric": 0.2816820950740775
    },
    {
      "epoch": 2,
      "train_loss": 0.5400208786129952,
      "train_chorus_rate": 0.4804810389410704,
      "train_max_prob": 0.599302613735199,
      "train_conf_over_90": 0.0,
      "train_conf_over_95": 0.0,
      "val_loss": 0.5728919208049774,
      "val_macro_f1": 0.6197220437017995,
      "val_verse_f1": 0.8206940874035991,
      "val_chorus_f1": 0.41874999999999996,
      "val_chorus_rate": 0.1724262870848179,
      "val_max_prob": 0.5851114243268967,
      "val_conf_over_90": 0.0,
      "val_conf_over_95": 0.0,
      "learning_rate": 0.0008959999907432035,
      "epoch_time": 60.51942706108093,
      "val_boundary_f1": 0.30751445086705204,
      "val_boundary_precision": 0.30158730158730157,
      "val_boundary_recall": 0.3136792452830189,
      "val_complete_segments": 0.1564494391376682,
      "val_avg_segment_overlap": 0.4180735726209454,
      "val_verse_to_chorus_acc": 0.28761061946902655,
      "val_chorus_to_verse_acc": 0.25757575757575757,
      "val_window_diff": 0.38966903831573774,
      "val_pk_metric": 0.31578992332924793
    },
    {
      "epoch": 3,
      "train_loss": 0.5165755495429039,
      "train_chorus_rate": 0.37424031868577,
      "train_max_prob": 0.6236525923013687,
      "train_conf_over_90": 0.0037156200967729093,
      "train_conf_over_95": 0.0003696151019539684,
      "val_loss": 0.5459616780281067,
      "val_macro_f1": 0.7038680167247734,
      "val_verse_f1": 0.8250261415127222,
      "val_chorus_f1": 0.5827098919368245,
      "val_chorus_rate": 0.2927344925701618,
      "val_max_prob": 0.6807876378297806,
      "val_conf_over_90": 0.0009348820603918284,
      "val_conf_over_95": 0.0,
      "learning_rate": 0.0008471101285853408,
      "epoch_time": 52.94481897354126,
      "val_boundary_f1": 0.3629268292682927,
      "val_boundary_precision": 0.30948419301164726,
      "val_boundary_recall": 0.4386792452830189,
      "val_complete_segments": 0.2384258937016095,
      "val_avg_segment_overlap": 0.5665935114462063,
      "val_verse_to_chorus_acc": 0.40707964601769914,
      "val_chorus_to_verse_acc": 0.398989898989899,
      "val_window_diff": 0.3756790515524344,
      "val_pk_metric": 0.29365367536388154
    },
    {
      "epoch": 4,
      "train_loss": 0.512309941649437,
      "train_chorus_rate": 0.40268524289131163,
      "train_max_prob": 0.6644418776035309,
      "train_conf_over_90": 0.01069959411979653,
      "train_conf_over_95": 9.299741650465876e-05,
      "val_loss": 0.5102773830294609,
      "val_macro_f1": 0.7191961691516672,
      "val_verse_f1": 0.7994652406417112,
      "val_chorus_f1": 0.6389270976616231,
      "val_chorus_rate": 0.41529739648103714,
      "val_max_prob": 0.6600092947483063,
      "val_conf_over_90": 0.0041355398134328425,
      "val_conf_over_95": 0.0,
      "learning_rate": 0.0007816827223643574,
      "epoch_time": 53.799784898757935,
      "val_boundary_f1": 0.36363636363636365,
      "val_boundary_precision": 0.3059581320450886,
      "val_boundary_recall": 0.4481132075471698,
      "val_complete_segments": 0.2275812189253335,
      "val_avg_segment_overlap": 0.6228434032785227,
      "val_verse_to_chorus_acc": 0.37168141592920356,
      "val_chorus_to_verse_acc": 0.48484848484848486,
      "val_window_diff": 0.40440807330548734,
      "val_pk_metric": 0.30966784816111725
    },
    {
      "epoch": 5,
      "train_loss": 0.49172143787145617,
      "train_chorus_rate": 0.3477861098945141,
      "train_max_prob": 0.6838533461093903,
      "train_conf_over_90": 0.024246344208950176,
      "train_conf_over_95": 0.0018208933906862512,
      "val_loss": 0.5094950720667839,
      "val_macro_f1": 0.7321487910855333,
      "val_verse_f1": 0.8076628352490421,
      "val_chorus_f1": 0.6566347469220245,
      "val_chorus_rate": 0.4190778508782387,
      "val_max_prob": 0.6131422817707062,
      "val_conf_over_90": 0.0,
      "val_conf_over_95": 0.0,
      "learning_rate": 0.0007025772636876382,
      "epoch_time": 47.051488161087036,
      "val_boundary_f1": 0.36250000000000004,
      "val_boundary_precision": 0.2916666666666667,
      "val_boundary_recall": 0.47877358490566035,
      "val_complete_segments": 0.2505423864252072,
      "val_avg_segment_overlap": 0.642483116503952,
      "val_verse_to_chorus_acc": 0.42035398230088494,
      "val_chorus_to_verse_acc": 0.48484848484848486,
      "val_window_diff": 0.4260624354929459,
      "val_pk_metric": 0.31275802487094306
    },
    {
      "epoch": 6,
      "train_loss": 0.48268246054649355,
      "train_chorus_rate": 0.34833901524543764,
      "train_max_prob": 0.6637313336133956,
      "train_conf_over_90": 0.027277896617306396,
      "train_conf_over_95": 0.0020122737274505197,
      "val_loss": 0.5077395886182785,
      "val_macro_f1": 0.7267030555788137,
      "val_verse_f1": 0.8097928436911488,
      "val_chorus_f1": 0.6436132674664785,
      "val_chorus_rate": 0.3974810764193535,
      "val_max_prob": 0.7093147784471512,
      "val_conf_over_90": 0.032353777438402176,
      "val_conf_over_95": 0.005296463845297694,
      "learning_rate": 0.0006132510406894614,
      "epoch_time": 59.862300157547,
      "val_boundary_f1": 0.36947791164658633,
      "val_boundary_precision": 0.32167832167832167,
      "val_boundary_recall": 0.4339622641509434,
      "val_complete_segments": 0.2435352410431944,
      "val_avg_segment_overlap": 0.6172272907543254,
      "val_verse_to_chorus_acc": 0.37610619469026546,
      "val_chorus_to_verse_acc": 0.46464646464646464,
      "val_window_diff": 0.3899934955610912,