{
  "trial_number": 6,
  "timestamp": 1755974541.704483,
  "boundary_f1": 0.05828779599271403,
  "line_f1": 0.0,
  "windowdiff": 1.0,
  "pk": 1.0,
  "val_loss": Infinity,
  "val_accuracy": 0.0,
  "weighted_f1": 0.0,
  "training_time": 655.105954170227,
  "training_time_minutes": 10.918432569503784,
  "total_params": 0,
  "actual_epochs": 8,
  "config_summary": {
    "attention_enabled": false,
    "hidden_dim": 128,
    "num_layers": 2,
    "max_epochs": 8,
    "batch_size": 64,
    "learning_rate": 0.00010307245765631671,
    "boundary_weight": 1.567716257735748,
    "label_smoothing": 0.2264485027777344
  },
  "validation_strategy": "line_f1",
  "all_metrics": {
    "loss": 0.5654822885990143,
    "chorus_rate": 0.3845318704843521,
    "max_prob_mean": 0.5323593318462372,
    "confidence_over_90": 0.0,
    "confidence_over_95": 0.0,
    "verse_f1": 0.6794847862609669,
    "chorus_f1": 0.38392536777897385,
    "macro_f1": 0.5317050770199704,
    "boundary_f1": 0.05828779599271403,
    "boundary_precision": 0.128,
    "boundary_recall": 0.03773584905660377,
    "complete_segments": 0.0,
    "avg_segment_overlap": 0.2107419434806379,
    "verse_to_chorus_acc": 0.02654867256637168,
    "chorus_to_verse_acc": 0.0,
    "window_diff": 0.469492424081158,
    "pk_metric": 0.49408609037996976
  },
  "parameters": {
    "hidden_dim": 128,
    "num_layers": 2,
    "dropout": 0.27753127081919693,
    "layer_dropout": 0.37039352968512945,
    "attention_enabled": false,
    "max_epochs": 8,
    "batch_size": 64,
    "learning_rate": 0.00010307245765631671,
    "weight_decay": 0.010455332516352094,
    "scheduler": "cosine",
    "min_delta": 0.0007342674118646002,
    "gradient_clip_norm": 0.4475011224069123,
    "validation_strategy": "line_f1",
    "head_tail_words": 3,
    "boundary_weight": 1.567716257735748,
    "label_smoothing": 0.2264485027777344,
    "segment_consistency_lambda": 0.02938631165439421,
    "conf_penalty_lambda": 0.008926017082428465,
    "conf_threshold": 0.9129138883703126,
    "entropy_lambda": 0.02599433519299637,
    "max_confidence_threshold": 0.9018497069855272,
    "min_chorus_rate": 0.10840981754221804,
    "max_chorus_rate": 0.8179405538168021,
    "max_conf_over_95_ratio": 0.19739010778124672,
    "head_ssm_enabled": false,
    "tail_ssm_enabled": false,
    "phonetic_ssm_enabled": false,
    "pos_ssm_enabled": true,
    "string_ssm_enabled": true,
    "syllable_pattern_ssm_enabled": false,
    "line_syllable_ssm_enabled": false,
    "word2vec_enabled": false,
    "contextual_enabled": false,
    "phonetic_mode": "alliteration",
    "phonetic_similarity_method": "edit_distance",
    "phonetic_normalize": true,
    "phonetic_normalize_method": "zscore",
    "phonetic_high_sim_threshold": 0.34669165162872795,
    "pos_tagset": "universal",
    "pos_similarity_method": "jaccard",
    "pos_high_sim_threshold": 0.28151677607683845,
    "string_case_sensitive": false,
    "string_remove_punctuation": true,
    "string_similarity_threshold": 0.06458315441829993,
    "string_similarity_method": "word_overlap",
    "syllable_pattern_similarity_method": "levenshtein",
    "syllable_pattern_levenshtein_weight": 0.6550327290404073,
    "syllable_pattern_cosine_weight": 0.20979925950379583,
    "syllable_pattern_normalize": false,
    "syllable_pattern_normalize_method": "zscore",
    "line_syllable_similarity_method": "cosine",
    "line_syllable_ratio_threshold": 0.09476407633653794,
    "line_syllable_normalize": false,
    "line_syllable_normalize_method": "zscore",
    "word2vec_mode": "complete",
    "word2vec_normalize": false,
    "word2vec_similarity_metric": "dot",
    "word2vec_high_sim_threshold": 0.7927610917014496,
    "contextual_mode": "complete",
    "contextual_normalize": true,
    "contextual_similarity_metric": "dot",
    "contextual_high_sim_threshold": 0.7444468475647046
  },
  "config": {
    "hidden_dim": 128,
    "num_layers": 2,
    "layer_dropout": 0.37039352968512945,
    "num_classes": 2,
    "dropout": 0.27753127081919693,
    "attention_enabled": false,
    "attention_type": null,
    "attention_heads": 1,
    "attention_dropout": 0.0,
    "attention_dim": 128,
    "positional_encoding": false,
    "max_seq_length": 1000,
    "window_size": 7,
    "boundary_temperature": 2.0,
    "batch_size": 64,
    "learning_rate": 0.00010307245765631671,
    "weight_decay": 0.010455332516352094,
    "max_epochs": 8,
    "patience": 4,
    "gradient_clip_norm": 0.4475011224069123,
    "scheduler": "cosine",
    "min_lr": 1e-06,
    "cosine_t_max": 8,
    "warmup_epochs": 5,
    "lr_factor": 0.5,
    "lr_patience": 10,
    "step_size": 30,
    "step_gamma": 0.5,
    "cosine_t0": 10,
    "cosine_t_mult": 2,
    "min_delta": 0.0007342674118646002,
    "train_file": "data/train.jsonl",
    "val_file": "data/val.jsonl",
    "test_file": "data/test.jsonl",
    "weighted_sampling": true,
    "emergency_monitoring_enabled": true,
    "max_confidence_threshold": 0.9018497069855272,
    "min_chorus_rate": 0.10840981754221804,
    "max_chorus_rate": 0.8179405538168021,
    "max_conf_over_95_ratio": 0.19739010778124672,
    "val_overconf_threshold": 0.96,
    "val_f1_collapse_threshold": 0.1,
    "loss": {
      "loss_type": "boundary_aware",
      "boundary_weight": 1.567716257735748,
      "label_smoothing": 0.2264485027777344,
      "segment_consistency_lambda": 0.02938631165439421,
      "conf_penalty_lambda": 0.008926017082428465,
      "conf_threshold": 0.9129138883703126,
      "entropy_lambda": 0.02599433519299637
    },
    "calibration_enabled": true,
    "calibration_methods": [
      "temperature",
      "platt"
    ],
    "validation_strategy": "line_f1",
    "head_ssm_enabled": false,
    "head_ssm_words": 3,
    "head_ssm_dimension": 12,
    "tail_ssm_enabled": false,
    "tail_ssm_words": 3,
    "tail_ssm_dimension": 12,
    "phonetic_ssm_enabled": false,
    "phonetic_ssm_mode": "alliteration",
    "phonetic_ssm_dimension": 12,
    "phonetic_ssm_similarity_method": "edit_distance",
    "phonetic_ssm_normalize": true,
    "phonetic_ssm_normalize_method": "zscore",
    "phonetic_ssm_high_sim_threshold": 0.34669165162872795,
    "pos_ssm_enabled": true,
    "pos_ssm_tagset": "universal",
    "pos_ssm_similarity_method": "jaccard",
    "pos_ssm_high_sim_threshold": 0.28151677607683845,
    "pos_ssm_dimension": 12,
    "string_ssm_enabled": true,
    "string_ssm_case_sensitive": false,
    "string_ssm_remove_punctuation": true,
    "string_ssm_similarity_threshold": 0.06458315441829993,
    "string_ssm_similarity_method": "word_overlap",
    "string_ssm_dimension": 12,
    "syllable_pattern_ssm_enabled": false,
    "syllable_pattern_ssm_similarity_method": "levenshtein",
    "syllable_pattern_ssm_levenshtein_weight": 0.757410384580065,
    "syllable_pattern_ssm_cosine_weight": 0.24258961541993493,
    "syllable_pattern_ssm_normalize": false,
    "syllable_pattern_ssm_normalize_method": "zscore",
    "syllable_pattern_ssm_dimension": 12,
    "line_syllable_ssm_enabled": false,
    "line_syllable_ssm_similarity_method": "cosine",
    "line_syllable_ssm_ratio_threshold": 0.09476407633653794,
    "line_syllable_ssm_normalize": false,
    "line_syllable_ssm_normalize_method": "zscore",
    "line_syllable_ssm_dimension": 12,
    "word2vec_enabled": false,
    "word2vec_model": "word2vec-google-news-300",
    "word2vec_mode": "complete",
    "word2vec_normalize": false,
    "word2vec_similarity_metric": "dot",
    "word2vec_high_sim_threshold": 0.7927610917014496,
    "contextual_enabled": false,
    "contextual_model": "all-MiniLM-L6-v2",
    "contextual_mode": "complete",
    "contextual_normalize": true,
    "contextual_similarity_metric": "dot",
    "contextual_high_sim_threshold": 0.7444468475647046
  }
}