{
  "trial_number": 23,
  "timestamp": 1756061692.965014,
  "boundary_f1": 0.32460732984293195,
  "line_f1": 0.7150978706922316,
  "macro_f1": 0.7150978706922316,
  "verse_f1": 0.8331307518666434,
  "chorus_f1": 0.5970649895178198,
  "windowdiff": 0.40322893124144066,
  "pk": 0.30121280105720416,
  "val_loss": 0.5414470657706261,
  "val_accuracy": 0.0,
  "weighted_f1": 0.0,
  "training_time": 7887.930157899857,
  "training_time_minutes": 131.46550263166426,
  "total_params": 0,
  "actual_epochs": 15,
  "config_summary": {
    "attention_enabled": true,
    "hidden_dim": 256,
    "num_layers": 1,
    "max_epochs": 15,
    "batch_size": 32,
    "learning_rate": 0.00024301156065392228,
    "boundary_weight": 2.039733100792185,
    "label_smoothing": 0.1513924353017832
  },
  "validation_strategy": "composite",
  "all_metrics": {
    "loss": 0.5414470657706261,
    "chorus_rate": 0.28746695071458817,
    "max_prob_mean": 0.6935246586799622,
    "confidence_over_90": 0.02577406819909811,
    "confidence_over_95": 0.0007134274201234803,
    "verse_f1": 0.8331307518666434,
    "chorus_f1": 0.5970649895178198,
    "macro_f1": 0.7150978706922316,
    "boundary_f1": 0.32460732984293195,
    "boundary_precision": 0.25761772853185594,
    "boundary_recall": 0.4386792452830189,
    "complete_segments": 0.22151752191518895,
    "avg_segment_overlap": 0.6028319950811625,
    "verse_to_chorus_acc": 0.3893805309734513,
    "chorus_to_verse_acc": 0.42424242424242425,
    "window_diff": 0.40322893124144066,
    "pk_metric": 0.30121280105720416
  },
  "parameters": {
    "hidden_dim": 256,
    "num_layers": 1,
    "dropout": 0.23742290399428773,
    "attention_enabled": true,
    "attention_heads": 4,
    "attention_dropout": 0.21595984414081335,
    "max_epochs": 15,
    "batch_size": 32,
    "learning_rate": 0.00024301156065392228,
    "weight_decay": 0.009207539814908794,
    "scheduler": "cosine",
    "min_delta": 0.0005981860446371446,
    "gradient_clip_norm": 0.32311595025028383,
    "validation_strategy": "composite",
    "head_tail_words": 2,
    "boundary_weight": 2.039733100792185,
    "label_smoothing": 0.1513924353017832,
    "segment_consistency_lambda": 0.011904619464085416,
    "conf_penalty_lambda": 0.011353992497497465,
    "conf_threshold": 0.9400320122593584,
    "entropy_lambda": 0.02008964059607882,
    "max_confidence_threshold": 0.963903804803705,
    "min_chorus_rate": 0.1349327242179105,
    "max_chorus_rate": 0.7369553336399356,
    "max_conf_over_95_ratio": 0.13996383199284557,
    "head_ssm_enabled": true,
    "tail_ssm_enabled": true,
    "phonetic_ssm_enabled": true,
    "pos_ssm_enabled": true,
    "string_ssm_enabled": false,
    "syllable_pattern_ssm_enabled": true,
    "line_syllable_ssm_enabled": false,
    "word2vec_enabled": true,
    "contextual_enabled": false,
    "phonetic_mode": "rhyme",
    "phonetic_similarity_method": "edit_distance",
    "phonetic_normalize": false,
    "phonetic_normalize_method": "zscore",
    "phonetic_high_sim_threshold": 0.31844308375217195,
    "pos_tagset": "universal",
    "pos_similarity_method": "combined",
    "pos_high_sim_threshold": 0.24925025236023637,
    "string_case_sensitive": true,
    "string_remove_punctuation": false,
    "string_similarity_threshold": 0.05521437643476756,
    "string_similarity_method": "word_overlap",
    "syllable_pattern_similarity_method": "cosine",
    "syllable_pattern_levenshtein_weight": 0.6243145912980532,
    "syllable_pattern_cosine_weight": 0.25508207802601734,
    "syllable_pattern_normalize": true,
    "syllable_pattern_normalize_method": "zscore",
    "line_syllable_similarity_method": "cosine",
    "line_syllable_ratio_threshold": 0.1071595210756071,
    "line_syllable_normalize": false,
    "line_syllable_normalize_method": "minmax",
    "word2vec_mode": "summary",
    "word2vec_normalize": true,
    "word2vec_similarity_metric": "cosine",
    "word2vec_high_sim_threshold": 0.8018713642994095,
    "contextual_mode": "summary",
    "contextual_normalize": false,
    "contextual_similarity_metric": "dot",
    "contextual_high_sim_threshold": 0.7026402933845743
  },
  "config": {
    "hidden_dim": 256,
    "num_layers": 1,
    "layer_dropout": 0.0,
    "num_classes": 2,
    "dropout": 0.23742290399428773,
    "attention_enabled": true,
    "attention_type": "boundary_aware",
    "attention_heads": 4,
    "attention_dropout": 0.21595984414081335,
    "attention_dim": 256,
    "positional_encoding": true,
    "max_seq_length": 1000,
    "window_size": 7,
    "boundary_temperature": 2.0,
    "batch_size": 32,
    "learning_rate": 0.00024301156065392228,
    "weight_decay": 0.009207539814908794,
    "max_epochs": 15,
    "patience": 4,
    "gradient_clip_norm": 0.32311595025028383,
    "scheduler": "cosine",
    "min_lr": 1e-06,
    "cosine_t_max": 15,
    "warmup_epochs": 5,
    "lr_factor": 0.5,
    "lr_patience": 10,
    "step_size": 30,
    "step_gamma": 0.5,
    "cosine_t0": 10,
    "cosine_t_mult": 2,
    "min_delta": 0.0005981860446371446,
    "train_file": "data/train.jsonl",
    "val_file": "data/val.jsonl",
    "test_file": "data/test.jsonl",
    "weighted_sampling": true,
    "emergency_monitoring_enabled": true,
    "max_confidence_threshold": 0.963903804803705,
    "min_chorus_rate": 0.1349327242179105,
    "max_chorus_rate": 0.7369553336399356,
    "max_conf_over_95_ratio": 0.13996383199284557,
    "val_overconf_threshold": 0.96,
    "val_f1_collapse_threshold": 0.1,
    "loss": {
      "loss_type": "boundary_aware",
      "boundary_weight": 2.039733100792185,
      "label_smoothing": 0.1513924353017832,
      "segment_consistency_lambda": 0.011904619464085416,
      "conf_penalty_lambda": 0.011353992497497465,
      "conf_threshold": 0.9400320122593584,
      "entropy_lambda": 0.02008964059607882
    },
    "calibration_enabled": true,
    "calibration_methods": [
      "temperature",
      "platt"
    ],
    "validation_strategy": "composite",
    "head_ssm_enabled": true,
    "head_ssm_words": 2,
    "head_ssm_dimension": 12,
    "tail_ssm_enabled": true,
    "tail_ssm_words": 2,
    "tail_ssm_dimension": 12,
    "phonetic_ssm_enabled": true,
    "phonetic_ssm_mode": "rhyme",
    "phonetic_ssm_dimension": 12,
    "phonetic_ssm_similarity_method": "edit_distance",
    "phonetic_ssm_normalize": false,
    "phonetic_ssm_normalize_method": "zscore",
    "phonetic_ssm_high_sim_threshold": 0.31844308375217195,
    "pos_ssm_enabled": true,
    "pos_ssm_tagset": "universal",
    "pos_ssm_similarity_method": "combined",
    "pos_ssm_high_sim_threshold": 0.24925025236023637,
    "pos_ssm_dimension": 12,
    "string_ssm_enabled": false,
    "string_ssm_case_sensitive": true,
    "string_ssm_remove_punctuation": false,
    "string_ssm_similarity_threshold": 0.05521437643476756,
    "string_ssm_similarity_method": "word_overlap",
    "string_ssm_dimension": 12,
    "syllable_pattern_ssm_enabled": true,
    "syllable_pattern_ssm_similarity_method": "cosine",
    "syllable_pattern_ssm_levenshtein_weight": 0.7099351328882326,
    "syllable_pattern_ssm_cosine_weight": 0.2900648671117674,
    "syllable_pattern_ssm_normalize": true,
    "syllable_pattern_ssm_normalize_method": "zscore",
    "syllable_pattern_ssm_dimension": 12,
    "line_syllable_ssm_enabled": false,
    "line_syllable_ssm_similarity_method": "cosine",
    "line_syllable_ssm_ratio_threshold": 0.1071595210756071,
    "line_syllable_ssm_normalize": false,
    "line_syllable_ssm_normalize_method": "minmax",
    "line_syllable_ssm_dimension": 12,
    "word2vec_enabled": true,
    "word2vec_model": "word2vec-google-news-300",
    "word2vec_mode": "summary",
    "word2vec_normalize": true,
    "word2vec_similarity_metric": "cosine",
    "word2vec_high_sim_threshold": 0.8018713642994095,
    "contextual_enabled": false,
    "contextual_model": "all-MiniLM-L6-v2",
    "contextual_mode": "summary",
    "contextual_normalize": false,
    "contextual_similarity_metric": "dot",