{
  "method": "temperature",
  "params": {
    "temperature": 0.460443089533143
  },
  "ece_before": 0.13365134598288417,
  "ece_after": 0.017451516405655496,
  "improvement": 0.11619982957722867,
  "all_results": [
    {
      "method": "temperature",
      "params": {
        "temperature": 0.460443089533143
      },
      "ece_before": 0.13365134598288417,
      "ece_after": 0.017451516405655496,
      "improvement": 0.11619982957722867
    },
    {
      "method": "platt",
      "params": {
        "A": 1.9843408567675507,
        "B": 0.0
      },
      "ece_before": 0.13365134598288417,
      "ece_after": 0.02520327410552732,
      "improvement": 0.10844807187735685
    }
  ]
}