{
  "method": "temperature",
  "params": {
    "temperature": 0.49627820625130464
  },
  "ece_before": 0.0736408499755653,
  "ece_after": 0.06462582492055499,
  "improvement": 0.009015025055010312,
  "all_results": [
    {
      "method": "temperature",
      "params": {
        "temperature": 0.49627820625130464
      },
      "ece_before": 0.0736408499755653,
      "ece_after": 0.06462582492055499,
      "improvement": 0.009015025055010312
    },
    {
      "method": "platt",
      "params": {
        "A": 0.4999990798343848,
        "B": 0.0
      },
      "ece_before": 0.0736408499755653,
      "ece_after": 0.09493470164143969,
      "improvement": -0.021293851665874386
    }
  ]
}