{
  "trial_number": 38,
  "timestamp": 1756141894.5054998,
  "boundary_f1": 0.04609929078014184,
  "line_f1": 0.5480196829569315,
  "macro_f1": 0.5480196829569315,
  "verse_f1": 0.6887640449438203,
  "chorus_f1": 0.4072753209700428,
  "windowdiff": 0.31818198791054697,
  "pk": 0.3059464286675633,
  "val_loss": 0.594824880361557,
  "val_accuracy": 0.0,
  "weighted_f1": 0.0,
  "training_time": 298.62130212783813,
  "training_time_minutes": 4.977021702130636,
  "total_params": 0,
  "actual_epochs": 8,
  "config_summary": {
    "attention_enabled": true,
    "hidden_dim": 256,
    "num_layers": 2,
    "max_epochs": 8,
    "batch_size": 64,
    "learning_rate": 0.0007098396883776576,
    "boundary_weight": 2.1104773231235447,
    "label_smoothing": 0.16298048866298226
  },
  "validation_strategy": "line_f1",
  "all_metrics": {
    "loss": 0.594824880361557,
    "chorus_rate": 0.3889366537332535,
    "max_prob_mean": 0.5683106184005737,
    "confidence_over_90": 0.0,
    "confidence_over_95": 0.0,
    "verse_f1": 0.6887640449438203,
    "chorus_f1": 0.4072753209700428,
    "macro_f1": 0.5480196829569315,
    "boundary_f1": 0.04609929078014184,
    "boundary_precision": 0.09285714285714286,
    "boundary_recall": 0.030660377358490566,
    "complete_segments": 0.053220785440613025,
    "avg_segment_overlap": 0.23560731810698232,
    "verse_to_chorus_acc": 0.017699115044247787,
    "chorus_to_verse_acc": 0.025252525252525252,
    "window_diff": 0.31818198791054697,
    "pk_metric": 0.3059464286675633
  },
  "parameters": {
    "hidden_dim": 256,
    "num_layers": 2,
    "dropout": 0.19045562255324486,
    "layer_dropout": 0.29796183105372787,
    "attention_enabled": true,
    "attention_heads": 8,
    "attention_dropout": 0.2434839676899592,
    "max_epochs": 8,
    "batch_size": 64,
    "learning_rate": 0.0007098396883776576,
    "weight_decay": 0.008311642728241947,
    "scheduler": "cosine",
    "min_delta": 0.0001865693401417647,
    "gradient_clip_norm": 0.46757065225605243,
    "validation_strategy": "line_f1",
    "head_tail_words": 4,
    "boundary_weight": 2.1104773231235447,
    "label_smoothing": 0.16298048866298226,
    "segment_consistency_lambda": 0.011450052478413629,
    "conf_penalty_lambda": 0.013834551290430437,
    "conf_threshold": 0.9499635338195414,
    "entropy_lambda": 0.030167728085056418,
    "max_confidence_threshold": 0.9705628409520697,
    "min_chorus_rate": 0.10495694469648299,
    "max_chorus_rate": 0.7886309409790316,
    "max_conf_over_95_ratio": 0.13538368159728764,
    "head_ssm_enabled": false,
    "tail_ssm_enabled": false,
    "phonetic_ssm_enabled": true,
    "pos_ssm_enabled": false,
    "string_ssm_enabled": false,
    "syllable_pattern_ssm_enabled": false,
    "line_syllable_ssm_enabled": true,
    "word2vec_enabled": false,
    "contextual_enabled": false,
    "phonetic_mode": "alliteration",
    "phonetic_similarity_method": "edit_distance",
    "phonetic_normalize": false,
    "phonetic_normalize_method": "zscore",
    "phonetic_high_sim_threshold": 0.32099882377052924,
    "pos_tagset": "universal",
    "pos_similarity_method": "lcs",
    "pos_high_sim_threshold": 0.30132899320342,
    "string_case_sensitive": false,
    "string_remove_punctuation": true,
    "string_similarity_threshold": 0.05082574220331866,
    "string_similarity_method": "word_overlap",
    "syllable_pattern_similarity_method": "cosine",
    "syllable_pattern_levenshtein_weight": 0.6500396259579985,
    "syllable_pattern_cosine_weight": 0.20018544684048237,
    "syllable_pattern_normalize": true,
    "syllable_pattern_normalize_method": "minmax",
    "line_syllable_similarity_method": "cosine",
    "line_syllable_ratio_threshold": 0.10228603084664416,
    "line_syllable_normalize": false,
    "line_syllable_normalize_method": "zscore",
    "word2vec_mode": "complete",
    "word2vec_normalize": true,
    "word2vec_similarity_metric": "dot",
    "word2vec_high_sim_threshold": 0.7967722473377493,
    "contextual_mode": "complete",
    "contextual_normalize": false,
    "contextual_similarity_metric": "dot",
    "contextual_high_sim_threshold": 0.6898847029906884
  },
  "config": {
    "hidden_dim": 256,
    "num_layers": 2,
    "layer_dropout": 0.29796183105372787,
    "num_classes": 2,
    "dropout": 0.19045562255324486,
    "attention_enabled": true,
    "attention_type": "boundary_aware",
    "attention_heads": 8,
    "attention_dropout": 0.2434839676899592,
    "attention_dim": 256,
    "positional_encoding": true,
    "max_seq_length": 1000,
    "window_size": 7,
    "boundary_temperature": 2.0,
    "batch_size": 64,
    "learning_rate": 0.0007098396883776576,
    "weight_decay": 0.008311642728241947,
    "max_epochs": 8,
    "patience": 4,
    "gradient_clip_norm": 0.46757065225605243,
    "scheduler": "cosine",
    "min_lr": 1e-06,
    "cosine_t_max": 8,
    "warmup_epochs": 5,
    "lr_factor": 0.5,
    "lr_patience": 10,
    "step_size": 30,
    "step_gamma": 0.5,
    "cosine_t0": 10,
    "cosine_t_mult": 2,
    "min_delta": 0.0001865693401417647,
    "train_file": "data/train.jsonl",
    "val_file": "data/val.jsonl",
    "test_file": "data/test.jsonl",
    "weighted_sampling": true,
    "emergency_monitoring_enabled": true,
    "max_confidence_threshold": 0.9705628409520697,
    "min_chorus_rate": 0.10495694469648299,
    "max_chorus_rate": 0.7886309409790316,
    "max_conf_over_95_ratio": 0.13538368159728764,
    "val_overconf_threshold": 0.96,
    "val_f1_collapse_threshold": 0.1,
    "loss": {
      "loss_type": "boundary_aware",
      "boundary_weight": 2.1104773231235447,
      "label_smoothing": 0.16298048866298226,
      "segment_consistency_lambda": 0.011450052478413629,
      "conf_penalty_lambda": 0.013834551290430437,
      "conf_threshold": 0.9499635338195414,
      "entropy_lambda": 0.030167728085056418
    },
    "calibration_enabled": true,
    "calibration_methods": [
      "temperature",
      "platt"
    ],
    "validation_strategy": "line_f1",
    "head_ssm_enabled": false,
    "head_ssm_words": 4,
    "head_ssm_dimension": 12,
    "tail_ssm_enabled": false,
    "tail_ssm_words": 4,
    "tail_ssm_dimension": 12,
    "phonetic_ssm_enabled": true,
    "phonetic_ssm_mode": "alliteration",
    "phonetic_ssm_dimension": 12,
    "phonetic_ssm_similarity_method": "edit_distance",
    "phonetic_ssm_normalize": false,
    "phonetic_ssm_normalize_method": "zscore",
    "phonetic_ssm_high_sim_threshold": 0.32099882377052924,
    "pos_ssm_enabled": false,
    "pos_ssm_tagset": "universal",
    "pos_ssm_similarity_method": "lcs",
    "pos_ssm_high_sim_threshold": 0.30132899320342,
    "pos_ssm_dimension": 12,
    "string_ssm_enabled": false,
    "string_ssm_case_sensitive": false,
    "string_ssm_remove_punctuation": true,
    "string_ssm_similarity_threshold": 0.05082574220331866,
    "string_ssm_similarity_method": "word_overlap",
    "string_ssm_dimension": 12,
    "syllable_pattern_ssm_enabled": false,
    "syllable_pattern_ssm_similarity_method": "cosine",
    "syllable_pattern_ssm_levenshtein_weight": 0.7645500547501144,
    "syllable_pattern_ssm_cosine_weight": 0.23544994524988566,
    "syllable_pattern_ssm_normalize": true,
    "syllable_pattern_ssm_normalize_method": "minmax",
    "syllable_pattern_ssm_dimension": 12,
    "line_syllable_ssm_enabled": true,
    "line_syllable_ssm_similarity_method": "cosine",
    "line_syllable_ssm_ratio_threshold": 0.10228603084664416,
    "line_syllable_ssm_normalize": false,
    "line_syllable_ssm_normalize_method": "zscore",
    "line_syllable_ssm_dimension": 12,
    "word2vec_enabled": false,
    "word2vec_model": "word2vec-google-news-300",
    "word2vec_mode": "complete",
    "word2vec_normalize": true,
    "word2vec_similarity_metric": "dot",
    "word2vec_high_sim_threshold": 0.7967722473377493,
    "contextual_enabled": false,
    "contextual_model": "all-MiniLM-L6-v2",
    "contextual_mode": "complete",
    "contextual_normalize": false,