{
  "trial_number": 21,
  "timestamp": 1756052549.729731,
  "boundary_f1": 0.3813868613138687,
  "line_f1": 0.757021107554054,
  "macro_f1": 0.757021107554054,
  "verse_f1": 0.8455723542116631,
  "chorus_f1": 0.6684698608964451,
  "windowdiff": 0.3565614770167117,
  "pk": 0.2632068983417494,
  "val_loss": 0.4852325990796089,
  "val_accuracy": 0.0,
  "weighted_f1": 0.0,
  "training_time": 1177.539766073227,
  "training_time_minutes": 19.625662767887114,
  "total_params": 0,
  "actual_epochs": 15,
  "config_summary": {
    "attention_enabled": true,
    "hidden_dim": 256,
    "num_layers": 1,
    "max_epochs": 15,
    "batch_size": 32,
    "learning_rate": 0.0003892521290548651,
    "boundary_weight": 2.0304037661615184,
    "label_smoothing": 0.15878082051136402
  },
  "validation_strategy": "composite",
  "all_metrics": {
    "loss": 0.4852325990796089,
    "chorus_rate": 0.33747363090515137,
    "max_prob_mean": 0.7077605873346329,
    "confidence_over_90": 0.03748351614922285,
    "confidence_over_95": 0.0022857108706375584,
    "verse_f1": 0.8455723542116631,
    "chorus_f1": 0.6684698608964451,
    "macro_f1": 0.757021107554054,
    "boundary_f1": 0.3813868613138687,
    "boundary_precision": 0.31101190476190477,
    "boundary_recall": 0.49292452830188677,
    "complete_segments": 0.2678442626083135,
    "avg_segment_overlap": 0.6505703874795186,
    "verse_to_chorus_acc": 0.43805309734513276,
    "chorus_to_verse_acc": 0.46464646464646464,
    "window_diff": 0.3565614770167117,
    "pk_metric": 0.2632068983417494
  },
  "parameters": {
    "hidden_dim": 256,
    "num_layers": 1,
    "dropout": 0.1827137381470021,
    "attention_enabled": true,
    "attention_heads": 4,
    "attention_dropout": 0.224178746545034,
    "max_epochs": 15,
    "batch_size": 32,
    "learning_rate": 0.0003892521290548651,
    "weight_decay": 0.013159697690786218,
    "scheduler": "cosine",
    "min_delta": 0.00044476449371692536,
    "gradient_clip_norm": 0.5088281304125487,
    "validation_strategy": "composite",
    "head_tail_words": 2,
    "boundary_weight": 2.0304037661615184,
    "label_smoothing": 0.15878082051136402,
    "segment_consistency_lambda": 0.01351285116858632,
    "conf_penalty_lambda": 0.010906306818646138,
    "conf_threshold": 0.93993402474289,
    "entropy_lambda": 0.03209849324801822,
    "max_confidence_threshold": 0.962086765012659,
    "min_chorus_rate": 0.13410028963766982,
    "max_chorus_rate": 0.7288797232794811,
    "max_conf_over_95_ratio": 0.1388925623072306,
    "head_ssm_enabled": true,
    "tail_ssm_enabled": true,
    "phonetic_ssm_enabled": true,
    "pos_ssm_enabled": true,
    "string_ssm_enabled": false,
    "syllable_pattern_ssm_enabled": true,
    "line_syllable_ssm_enabled": false,
    "word2vec_enabled": true,
    "contextual_enabled": false,
    "phonetic_mode": "rhyme",
    "phonetic_similarity_method": "edit_distance",
    "phonetic_normalize": false,
    "phonetic_normalize_method": "zscore",
    "phonetic_high_sim_threshold": 0.312972459586,
    "pos_tagset": "universal",
    "pos_similarity_method": "combined",
    "pos_high_sim_threshold": 0.2506179612246563,
    "string_case_sensitive": true,
    "string_remove_punctuation": false,
    "string_similarity_threshold": 0.05535880786351249,
    "string_similarity_method": "word_overlap",
    "syllable_pattern_similarity_method": "cosine",
    "syllable_pattern_levenshtein_weight": 0.6243125307565459,
    "syllable_pattern_cosine_weight": 0.2548641406909967,
    "syllable_pattern_normalize": true,
    "syllable_pattern_normalize_method": "zscore",
    "line_syllable_similarity_method": "cosine",
    "line_syllable_ratio_threshold": 0.1064874346762117,
    "line_syllable_normalize": false,
    "line_syllable_normalize_method": "minmax",
    "word2vec_mode": "summary",
    "word2vec_normalize": true,
    "word2vec_similarity_metric": "cosine",
    "word2vec_high_sim_threshold": 0.8036436220260367,
    "contextual_mode": "summary",
    "contextual_normalize": false,
    "contextual_similarity_metric": "dot",
    "contextual_high_sim_threshold": 0.705515894987831
  },
  "config": {
    "hidden_dim": 256,
    "num_layers": 1,
    "layer_dropout": 0.0,
    "num_classes": 2,
    "dropout": 0.1827137381470021,
    "attention_enabled": true,
    "attention_type": "boundary_aware",
    "attention_heads": 4,
    "attention_dropout": 0.224178746545034,
    "attention_dim": 256,
    "positional_encoding": true,
    "max_seq_length": 1000,
    "window_size": 7,
    "boundary_temperature": 2.0,
    "batch_size": 32,
    "learning_rate": 0.0003892521290548651,
    "weight_decay": 0.013159697690786218,
    "max_epochs": 15,
    "patience": 4,
    "gradient_clip_norm": 0.5088281304125487,
    "scheduler": "cosine",
    "min_lr": 1e-06,
    "cosine_t_max": 15,
    "warmup_epochs": 5,
    "lr_factor": 0.5,
    "lr_patience": 10,
    "step_size": 30,
    "step_gamma": 0.5,
    "cosine_t0": 10,
    "cosine_t_mult": 2,
    "min_delta": 0.00044476449371692536,
    "train_file": "data/train.jsonl",
    "val_file": "data/val.jsonl",
    "test_file": "data/test.jsonl",
    "weighted_sampling": true,
    "emergency_monitoring_enabled": true,
    "max_confidence_threshold": 0.962086765012659,
    "min_chorus_rate": 0.13410028963766982,
    "max_chorus_rate": 0.7288797232794811,
    "max_conf_over_95_ratio": 0.1388925623072306,
    "val_overconf_threshold": 0.96,
    "val_f1_collapse_threshold": 0.1,
    "loss": {
      "loss_type": "boundary_aware",
      "boundary_weight": 2.0304037661615184,
      "label_smoothing": 0.15878082051136402,
      "segment_consistency_lambda": 0.01351285116858632,
      "conf_penalty_lambda": 0.010906306818646138,
      "conf_threshold": 0.93993402474289,
      "entropy_lambda": 0.03209849324801822
    },
    "calibration_enabled": true,
    "calibration_methods": [
      "temperature",
      "platt"
    ],
    "validation_strategy": "composite",
    "head_ssm_enabled": true,
    "head_ssm_words": 2,
    "head_ssm_dimension": 12,
    "tail_ssm_enabled": true,
    "tail_ssm_words": 2,
    "tail_ssm_dimension": 12,
    "phonetic_ssm_enabled": true,
    "phonetic_ssm_mode": "rhyme",
    "phonetic_ssm_dimension": 12,
    "phonetic_ssm_similarity_method": "edit_distance",
    "phonetic_ssm_normalize": false,
    "phonetic_ssm_normalize_method": "zscore",
    "phonetic_ssm_high_sim_threshold": 0.312972459586,
    "pos_ssm_enabled": true,
    "pos_ssm_tagset": "universal",
    "pos_ssm_similarity_method": "combined",
    "pos_ssm_high_sim_threshold": 0.2506179612246563,
    "pos_ssm_dimension": 12,
    "string_ssm_enabled": false,
    "string_ssm_case_sensitive": true,
    "string_ssm_remove_punctuation": false,
    "string_ssm_similarity_threshold": 0.05535880786351249,
    "string_ssm_similarity_method": "word_overlap",
    "string_ssm_dimension": 12,
    "syllable_pattern_ssm_enabled": true,
    "syllable_pattern_ssm_similarity_method": "cosine",
    "syllable_pattern_ssm_levenshtein_weight": 0.7101104374489723,
    "syllable_pattern_ssm_cosine_weight": 0.28988956255102766,
    "syllable_pattern_ssm_normalize": true,
    "syllable_pattern_ssm_normalize_method": "zscore",
    "syllable_pattern_ssm_dimension": 12,
    "line_syllable_ssm_enabled": false,
    "line_syllable_ssm_similarity_method": "cosine",
    "line_syllable_ssm_ratio_threshold": 0.1064874346762117,
    "line_syllable_ssm_normalize": false,
    "line_syllable_ssm_normalize_method": "minmax",
    "line_syllable_ssm_dimension": 12,
    "word2vec_enabled": true,
    "word2vec_model": "word2vec-google-news-300",
    "word2vec_mode": "summary",
    "word2vec_normalize": true,
    "word2vec_similarity_metric": "cosine",
    "word2vec_high_sim_threshold": 0.8036436220260367,
    "contextual_enabled": false,
    "contextual_model": "all-MiniLM-L6-v2",
    "contextual_mode": "summary",
    "contextual_normalize": false,
    "contextual_similarity_metric": "dot",