{
  "metadata": {
    "model_info": {
      "hidden_dim": 256,
      "num_layers": 1,
      "dropout": 0.1827137381470021,
      "layer_dropout": 0.0,
      "attention_enabled": true,
      "attention_heads": 4,
      "attention_dropout": 0.224178746545034,
      "attention_dim": 256,
      "positional_encoding": true,
      "max_seq_length": 1000,
      "total_params": 1236483,
      "lstm_params": 675840,
      "attention_params": 559617,
      "classifier_params": 1026
    },
    "training_info": {
      "batch_size": 32,
      "learning_rate": 0.0003892521290548651,
      "scheduler": "cosine",
      "label_smoothing": 0.0,
      "weighted_sampling": true,
      "total_epochs": 15,
      "validation_strategy": "composite",
      "weight_decay": 0.013159697690786218,
      "gradient_clip_norm": 0.5088281304125487,
      "max_epochs": 15,
      "patience": 4
    },
    "calibration_info": {
      "temperature": {
        "ece_before": 0.08160875354159791,
        "ece_after": 0.023487684563944053,
        "improvement": 0.05812106897765386,
        "params": {
          "temperature": 0.6425923891012103
        }
      },
      "platt": {
        "ece_before": 0.08160875354159791,
        "ece_after": 0.024649727057614357,
        "improvement": 0.05695902648398356,
        "params": {
          "A": 1.5273765982902086,
          "B": 0.0
        }
      }
    }
  },
  "metrics": [
    {
      "epoch": 1,
      "train_loss": 0.5636683583259583,
      "train_chorus_rate": 0.5091686107218265,
      "train_max_prob": 0.5590442925691604,
      "train_conf_over_90": 0.0,
      "train_conf_over_95": 0.0,
      "val_loss": 0.5880083739757538,
      "val_macro_f1": 0.5687207569436383,
      "val_verse_f1": 0.8050134856417578,
      "val_chorus_f1": 0.33242802824551876,
      "val_chorus_rate": 0.15243625827133656,
      "val_max_prob": 0.5966870486736298,
      "val_conf_over_90": 0.0,
      "val_conf_over_95": 0.0,
      "learning_rate": 0.0003850100087848366,
      "epoch_time": 52.208658933639526,
      "val_boundary_f1": 0.20461095100864551,
      "val_boundary_precision": 0.26296296296296295,
      "val_boundary_recall": 0.16745283018867924,
      "val_complete_segments": 0.08475239555568294,
      "val_avg_segment_overlap": 0.29493249568523117,
      "val_verse_to_chorus_acc": 0.1415929203539823,
      "val_chorus_to_verse_acc": 0.13131313131313133,
      "val_window_diff": 0.31447120083322366,
      "val_pk_metric": 0.2920017634348052
    },
    {
      "epoch": 2,
      "train_loss": 0.5552995055913925,
      "train_chorus_rate": 0.4216375095769763,
      "train_max_prob": 0.5875015676021575,
      "train_conf_over_90": 0.0,
      "train_conf_over_95": 0.0,
      "val_loss": 0.5834832638502121,
      "val_macro_f1": 0.5490105946659926,
      "val_verse_f1": 0.8273348519362186,
      "val_chorus_f1": 0.27068633739576653,
      "val_chorus_rate": 0.08308759145438671,
      "val_max_prob": 0.6136405020952225,
      "val_conf_over_90": 0.0,
      "val_conf_over_95": 0.0,
      "learning_rate": 0.00037246904898650295,
      "epoch_time": 49.76736617088318,
      "val_boundary_f1": 0.22707423580786024,
      "val_boundary_precision": 0.2965779467680608,
      "val_boundary_recall": 0.18396226415094338,
      "val_complete_segments": 0.10666268829047196,
      "val_avg_segment_overlap": 0.3112611192170147,
      "val_verse_to_chorus_acc": 0.18584070796460178,
      "val_chorus_to_verse_acc": 0.13636363636363635,
      "val_window_diff": 0.29778904908536596,
      "val_pk_metric": 0.2753838197610779
    },
    {
      "epoch": 3,
      "train_loss": 0.5082939937710762,
      "train_chorus_rate": 0.3885659150779247,
      "train_max_prob": 0.6403804332017898,
      "train_conf_over_90": 0.007915018318453804,
      "train_conf_over_95": 0.00011765288072638214,
      "val_loss": 0.5448523759841919,
      "val_macro_f1": 0.5746022430692144,
      "val_verse_f1": 0.6000926784059314,
      "val_chorus_f1": 0.5491118077324973,
      "val_chorus_rate": 0.6413542628288269,
      "val_max_prob": 0.6828921437263489,
      "val_conf_over_90": 0.01973346248269081,
      "val_conf_over_95": 0.0,
      "learning_rate": 0.00035217734978125313,
      "epoch_time": 61.466517210006714,
      "val_boundary_f1": 0.1851106639839034,
      "val_boundary_precision": 0.16140350877192983,
      "val_boundary_recall": 0.2169811320754717,
      "val_complete_segments": 0.06197129564043667,
      "val_avg_segment_overlap": 0.4013049412654712,
      "val_verse_to_chorus_acc": 0.1592920353982301,
      "val_chorus_to_verse_acc": 0.21212121212121213,
      "val_window_diff": 0.49026279461667677,
      "val_pk_metric": 0.3883521800799835
    },
    {
      "epoch": 4,
      "train_loss": 0.4994931861758232,
      "train_chorus_rate": 0.40329704955220225,
      "train_max_prob": 0.6605394542217254,
      "train_conf_over_90": 0.011698531376896425,
      "train_conf_over_95": 0.0004234547057421878,
      "val_loss": 0.5513212829828262,
      "val_macro_f1": 0.7018478192231,
      "val_verse_f1": 0.8422107196526967,
      "val_chorus_f1": 0.5614849187935034,
      "val_chorus_rate": 0.23071276396512985,
      "val_max_prob": 0.701892226934433,
      "val_conf_over_90": 0.03203092189505696,
      "val_conf_over_95": 0.0,
      "learning_rate": 0.00032502175579473234,
      "epoch_time": 60.1393768787384,
      "val_boundary_f1": 0.32866479925303455,
      "val_boundary_precision": 0.27202472952086554,
      "val_boundary_recall": 0.41509433962264153,
      "val_complete_segments": 0.20162045472225748,
      "val_avg_segment_overlap": 0.5532176035512951,
      "val_verse_to_chorus_acc": 0.38495575221238937,
      "val_chorus_to_verse_acc": 0.35353535353535354,
      "val_window_diff": 0.3650264860524753,
      "val_pk_metric": 0.2848133792408527
    },
    {
      "epoch": 5,
      "train_loss": 0.49113098084926604,
      "train_chorus_rate": 0.37835162654519083,
      "train_max_prob": 0.6835916042327881,
      "train_conf_over_90": 0.025381938903592527,
      "train_conf_over_95": 0.0012278006295673549,
      "val_loss": 0.5197140350937843,
      "val_macro_f1": 0.6832817778169575,
      "val_verse_f1": 0.7634724671761709,
      "val_chorus_f1": 0.6030910884577442,
      "val_chorus_rate": 0.44844889640808105,
      "val_max_prob": 0.667633131146431,
      "val_conf_over_90": 0.017621633829548955,
      "val_conf_over_95": 0.0012207481631776318,
      "learning_rate": 0.00029218909679114887,
      "epoch_time": 49.16994380950928,
      "val_boundary_f1": 0.2549187339606501,
      "val_boundary_precision": 0.2,
      "val_boundary_recall": 0.35141509433962265,
      "val_complete_segments": 0.12275800076701457,
      "val_avg_segment_overlap": 0.5551149729922766,
      "val_verse_to_chorus_acc": 0.25663716814159293,
      "val_chorus_to_verse_acc": 0.41919191919191917,
      "val_window_diff": 0.48259868946897966,
      "val_pk_metric": 0.3553684803038518
    },
    {
      "epoch": 6,
      "train_loss": 0.501286293566227,
      "train_chorus_rate": 0.4457688473165035,
      "train_max_prob": 0.6835055142641068,
      "train_conf_over_90": 0.031625451368745415,
      "train_conf_over_95": 0.003261850227136165,
      "val_loss": 0.5524965226650238,
      "val_macro_f1": 0.706362618586369,
      "val_verse_f1": 0.8555609835531673,
      "val_chorus_f1": 0.5571642536195707,
      "val_chorus_rate": 0.19289201870560646,
      "val_max_prob": 0.7169995754957199,
      "val_conf_over_90": 0.01568095711991191,
      "val_conf_over_95": 0.0,
      "learning_rate": 0.0002551143175175369,
      "epoch_time": 50.62759780883789,
      "val_boundary_f1": 0.34136546184738953,
      "val_boundary_precision": 0.2972027972027972,
      "val_boundary_recall": 0.4009433962264151,
      "val_complete_segments": 0.21485729025495728,
      "val_avg_segment_overlap": 0.5662846642491226,
      "val_verse_to_chorus_acc": 0.3672566371681416,
      "val_chorus_to_verse_acc": 0.35858585858585856,