{
  "trial_number": 0,
  "trial_id": "cnn_trial_0000",
  "model_type": "CNN",
  "training_score": 0.745707521753666,
  "optuna_objective": 0.4093896713615024,
  "validation_metrics": {
    "line_f1": 0.745707521753666,
    "boundary_f1": 0.4093896713615024,
    "macro_f1": 0.745707521753666,
    "verse_f1": 0.8050965558431217,
    "chorus_f1": 0.6863184876642102,
    "boundary_precision": 0.34009360374414976,
    "boundary_recall": 0.5141509433962265,
    "window_diff": 0.4084067305417942,
    "pk_metric": 0.30766699650491935,
    "confidence": 0.7220154106616974,
    "val_loss": 0.4763404577970505
  },
  "all_results": {
    "line_f1": 0.745707521753666,
    "boundary_f1": 0.4093896713615024,
    "macro_f1": 0.745707521753666,
    "verse_f1": 0.8050965558431217,
    "chorus_f1": 0.6863184876642102,
    "boundary_precision": 0.34009360374414976,
    "boundary_recall": 0.5141509433962265,
    "window_diff": 0.4084067305417942,
    "pk_metric": 0.30766699650491935,
    "confidence": 0.7220154106616974,
    "val_loss": 0.4763404577970505
  },
  "parameters": {
    "hidden_dim": 256,
    "num_layers": 1,
    "dropout": 0.2733991780504304,
    "cnn_kernel_sizes": "3,5",
    "cnn_dilation_rates": "1,2",
    "cnn_use_residual": true,
    "cnn_batch_multiplier": 1.0909124836035504,
    "attention_enabled": false,
    "max_epochs": 8,
    "batch_size": 32,
    "learning_rate": 0.00019594972058679176,
    "weight_decay": 0.00901666518861717,
    "scheduler": "onecycle",
    "min_delta": 0.00020767704433677614,
    "gradient_clip_norm": 0.6599641068895281,
    "validation_strategy": "line_f1",
    "boundary_weight": 2.085262061843646,
    "label_smoothing": 0.15325257964926398,
    "segment_consistency_lambda": 0.024488855372533334,
    "conf_penalty_lambda": 0.009828160165372798,
    "conf_threshold": 0.9442519204434938,
    "entropy_lambda": 0.026092275383467416,
    "max_confidence_threshold": 0.9019534422801277,
    "min_chorus_rate": 0.06368466053024315,
    "max_chorus_rate": 0.8464091496243761,
    "max_conf_over_95_ratio": 0.05366114704534337,
    "head_ssm_enabled": true,
    "tail_ssm_enabled": true,
    "phonetic_ssm_enabled": true,
    "pos_ssm_enabled": false,
    "string_ssm_enabled": false,
    "syllable_pattern_ssm_enabled": false,
    "line_syllable_ssm_enabled": true,
    "word2vec_enabled": true,
    "contextual_enabled": true,
    "head_tail_words": 3,
    "phonetic_mode": "rhyme",
    "phonetic_similarity": "sequence_match",
    "phonetic_threshold": 0.2574550643679771,
    "pos_tagset": "simplified",
    "pos_similarity": "lcs",
    "pos_threshold": 0.2971270346685946,
    "string_similarity": "jaccard",
    "string_threshold": 0.06226206851751187
  },
  "duration_minutes": 0
}