{
  "method": "platt",
  "params": {
    "A": 1.4991001508084554,
    "B": 0.0
  },
  "ece_before": 0.06150762949043735,
  "ece_after": 0.06008733522095707,
  "improvement": 0.0014202942694802809,
  "all_results": [
    {
      "method": "temperature",
      "params": {
        "temperature": 0.6133542236507612
      },
      "ece_before": 0.06150762949043735,
      "ece_after": 0.06490032609061783,
      "improvement": -0.0033926966001804754
    },
    {
      "method": "platt",
      "params": {
        "A": 1.4991001508084554,
        "B": 0.0
      },
      "ece_before": 0.06150762949043735,
      "ece_after": 0.06008733522095707,
      "improvement": 0.0014202942694802809
    }
  ]
}