{
  "trial_number": 70,
  "timestamp": 1756192560.697658,
  "boundary_f1": 0.07272727272727274,
  "line_f1": 0.5582628244146708,
  "macro_f1": 0.5582628244146708,
  "verse_f1": 0.6324642556770395,
  "chorus_f1": 0.48406139315230223,
  "windowdiff": 0.32428735035308287,
  "pk": 0.32918234136630065,
  "val_loss": 0.5762005746364594,
  "val_accuracy": 0.0,
  "weighted_f1": 0.0,
  "training_time": 1261.697574853897,
  "training_time_minutes": 21.028292914231617,
  "total_params": 0,
  "actual_epochs": 12,
  "config_summary": {
    "attention_enabled": true,
    "hidden_dim": 128,
    "num_layers": 2,
    "max_epochs": 12,
    "batch_size": 64,
    "learning_rate": 0.000245955318992536,
    "boundary_weight": 2.099304787064109,
    "label_smoothing": 0.15773911689071965
  },
  "validation_strategy": "boundary_f1",
  "all_metrics": {
    "loss": 0.5762005746364594,
    "chorus_rate": 0.5323987305164337,
    "max_prob_mean": 0.5648033618927002,
    "confidence_over_90": 0.0,
    "confidence_over_95": 0.0,
    "verse_f1": 0.6324642556770395,
    "chorus_f1": 0.48406139315230223,
    "macro_f1": 0.5582628244146708,
    "boundary_f1": 0.07272727272727274,
    "boundary_precision": 0.15873015873015872,
    "boundary_recall": 0.04716981132075472,
    "complete_segments": 0.06573275862068965,
    "avg_segment_overlap": 0.24218058662896844,
    "verse_to_chorus_acc": 0.048672566371681415,
    "chorus_to_verse_acc": 0.015151515151515152,
    "window_diff": 0.32428735035308287,
    "pk_metric": 0.32918234136630065
  },
  "parameters": {
    "hidden_dim": 128,
    "num_layers": 2,
    "dropout": 0.16679868819803345,
    "layer_dropout": 0.2074864280246231,
    "attention_enabled": true,
    "attention_heads": 8,
    "attention_dropout": 0.12156719141997327,
    "max_epochs": 12,
    "batch_size": 64,
    "learning_rate": 0.000245955318992536,
    "weight_decay": 0.01893381298026579,
    "scheduler": "cosine",
    "min_delta": 0.0003948915161326445,
    "gradient_clip_norm": 0.786779760678525,
    "validation_strategy": "boundary_f1",
    "head_tail_words": 4,
    "boundary_weight": 2.099304787064109,
    "label_smoothing": 0.15773911689071965,
    "segment_consistency_lambda": 0.02673187331802994,
    "conf_penalty_lambda": 0.011552657968040031,
    "conf_threshold": 0.9439705103826821,
    "entropy_lambda": 0.03925656201875299,
    "max_confidence_threshold": 0.9327992527946612,
    "min_chorus_rate": 0.09690134223701422,
    "max_chorus_rate": 0.7792151884031491,
    "max_conf_over_95_ratio": 0.17399437388097558,
    "head_ssm_enabled": true,
    "tail_ssm_enabled": false,
    "phonetic_ssm_enabled": true,
    "pos_ssm_enabled": true,
    "string_ssm_enabled": false,
    "syllable_pattern_ssm_enabled": true,
    "line_syllable_ssm_enabled": false,
    "word2vec_enabled": false,
    "contextual_enabled": false,
    "phonetic_mode": "combined",
    "phonetic_similarity_method": "binary",
    "phonetic_normalize": false,
    "phonetic_normalize_method": "zscore",
    "phonetic_high_sim_threshold": 0.309761801676925,
    "pos_tagset": "simplified",
    "pos_similarity_method": "position",
    "pos_high_sim_threshold": 0.2909600315974257,
    "string_case_sensitive": true,
    "string_remove_punctuation": true,
    "string_similarity_threshold": 0.045796050832558235,
    "string_similarity_method": "word_overlap",
    "syllable_pattern_similarity_method": "levenshtein",
    "syllable_pattern_levenshtein_weight": 0.741539371054147,
    "syllable_pattern_cosine_weight": 0.24076489721210137,
    "syllable_pattern_normalize": false,
    "syllable_pattern_normalize_method": "minmax",
    "line_syllable_similarity_method": "cosine",
    "line_syllable_ratio_threshold": 0.10219266908207963,
    "line_syllable_normalize": false,
    "line_syllable_normalize_method": "minmax",
    "word2vec_mode": "summary",
    "word2vec_normalize": false,
    "word2vec_similarity_metric": "cosine",
    "word2vec_high_sim_threshold": 0.8069360179421244,
    "contextual_mode": "complete",
    "contextual_normalize": true,
    "contextual_similarity_metric": "cosine",
    "contextual_high_sim_threshold": 0.6681272886588081
  },
  "config": {
    "hidden_dim": 128,
    "num_layers": 2,
    "layer_dropout": 0.2074864280246231,
    "num_classes": 2,
    "dropout": 0.16679868819803345,
    "attention_enabled": true,
    "attention_type": "boundary_aware",
    "attention_heads": 8,
    "attention_dropout": 0.12156719141997327,
    "attention_dim": 128,
    "positional_encoding": true,
    "max_seq_length": 1000,
    "window_size": 7,
    "boundary_temperature": 2.0,
    "batch_size": 64,
    "learning_rate": 0.000245955318992536,
    "weight_decay": 0.01893381298026579,
    "max_epochs": 12,
    "patience": 4,
    "gradient_clip_norm": 0.786779760678525,
    "scheduler": "cosine",
    "min_lr": 1e-06,
    "cosine_t_max": 12,
    "warmup_epochs": 5,
    "lr_factor": 0.5,
    "lr_patience": 10,
    "step_size": 30,
    "step_gamma": 0.5,
    "cosine_t0": 10,
    "cosine_t_mult": 2,
    "min_delta": 0.0003948915161326445,
    "train_file": "data/train.jsonl",
    "val_file": "data/val.jsonl",
    "test_file": "data/test.jsonl",
    "weighted_sampling": true,
    "emergency_monitoring_enabled": true,
    "max_confidence_threshold": 0.9327992527946612,
    "min_chorus_rate": 0.09690134223701422,
    "max_chorus_rate": 0.7792151884031491,
    "max_conf_over_95_ratio": 0.17399437388097558,
    "val_overconf_threshold": 0.96,
    "val_f1_collapse_threshold": 0.1,
    "loss": {
      "loss_type": "boundary_aware",
      "boundary_weight": 2.099304787064109,
      "label_smoothing": 0.15773911689071965,
      "segment_consistency_lambda": 0.02673187331802994,
      "conf_penalty_lambda": 0.011552657968040031,
      "conf_threshold": 0.9439705103826821,
      "entropy_lambda": 0.03925656201875299
    },
    "calibration_enabled": true,
    "calibration_methods": [
      "temperature",
      "platt"
    ],
    "validation_strategy": "boundary_f1",
    "head_ssm_enabled": true,
    "head_ssm_words": 4,
    "head_ssm_dimension": 12,
    "tail_ssm_enabled": false,
    "tail_ssm_words": 4,
    "tail_ssm_dimension": 12,
    "phonetic_ssm_enabled": true,
    "phonetic_ssm_mode": "combined",
    "phonetic_ssm_dimension": 12,
    "phonetic_ssm_similarity_method": "binary",
    "phonetic_ssm_normalize": false,
    "phonetic_ssm_normalize_method": "zscore",
    "phonetic_ssm_high_sim_threshold": 0.309761801676925,
    "pos_ssm_enabled": true,
    "pos_ssm_tagset": "simplified",
    "pos_ssm_similarity_method": "position",
    "pos_ssm_high_sim_threshold": 0.2909600315974257,
    "pos_ssm_dimension": 12,
    "string_ssm_enabled": false,
    "string_ssm_case_sensitive": true,
    "string_ssm_remove_punctuation": true,
    "string_ssm_similarity_threshold": 0.045796050832558235,
    "string_ssm_similarity_method": "word_overlap",
    "string_ssm_dimension": 12,
    "syllable_pattern_ssm_enabled": true,
    "syllable_pattern_ssm_similarity_method": "levenshtein",
    "syllable_pattern_ssm_levenshtein_weight": 0.7548978407300951,
    "syllable_pattern_ssm_cosine_weight": 0.24510215926990486,
    "syllable_pattern_ssm_normalize": false,
    "syllable_pattern_ssm_normalize_method": "minmax",
    "syllable_pattern_ssm_dimension": 12,
    "line_syllable_ssm_enabled": false,
    "line_syllable_ssm_similarity_method": "cosine",
    "line_syllable_ssm_ratio_threshold": 0.10219266908207963,
    "line_syllable_ssm_normalize": false,
    "line_syllable_ssm_normalize_method": "minmax",
    "line_syllable_ssm_dimension": 12,
    "word2vec_enabled": false,
    "word2vec_model": "word2vec-google-news-300",
    "word2vec_mode": "summary",
    "word2vec_normalize": false,
    "word2vec_similarity_metric": "cosine",
    "word2vec_high_sim_threshold": 0.8069360179421244,
    "contextual_enabled": false,
    "contextual_model": "all-MiniLM-L6-v2",
    "contextual_mode": "complete",
    "contextual_normalize": true,