{
  "trial_number": 107,
  "timestamp": 1756241468.36219,
  "boundary_f1": 0.45245245245245247,
  "line_f1": 0.7828952936721829,
  "macro_f1": 0.7828952936721829,
  "verse_f1": 0.862230215827338,
  "chorus_f1": 0.7035603715170278,
  "windowdiff": 0.34303599219906844,
  "pk": 0.2390406205963747,
  "val_loss": 0.4912727400660515,
  "val_accuracy": 0.0,
  "weighted_f1": 0.0,
  "training_time": 1557.6789910793304,
  "training_time_minutes": 25.96131651798884,
  "total_params": 0,
  "actual_epochs": 15,
  "config_summary": {
    "attention_enabled": true,
    "hidden_dim": 256,
    "num_layers": 1,
    "max_epochs": 15,
    "batch_size": 32,
    "learning_rate": 0.00094993276693061,
    "boundary_weight": 1.9426172272621531,
    "label_smoothing": 0.24325820948076443
  },
  "validation_strategy": "composite",
  "all_metrics": {
    "loss": 0.4912727400660515,
    "chorus_rate": 0.33544696122407913,
    "max_prob_mean": 0.6738122999668121,
    "confidence_over_90": 0.0004625346919056028,
    "confidence_over_95": 0.0,
    "verse_f1": 0.862230215827338,
    "chorus_f1": 0.7035603715170278,
    "macro_f1": 0.7828952936721829,
    "boundary_f1": 0.45245245245245247,
    "boundary_precision": 0.39304347826086955,
    "boundary_recall": 0.5330188679245284,
    "complete_segments": 0.336239561027472,
    "avg_segment_overlap": 0.6839014370444843,
    "verse_to_chorus_acc": 0.5,
    "chorus_to_verse_acc": 0.494949494949495,
    "window_diff": 0.34303599219906844,
    "pk_metric": 0.2390406205963747
  },
  "parameters": {
    "hidden_dim": 256,
    "num_layers": 1,
    "dropout": 0.2660365194797597,
    "attention_enabled": true,
    "attention_type": "localized",
    "attention_heads": 4,
    "attention_dropout": 0.2641288072907107,
    "max_epochs": 15,
    "batch_size": 32,
    "learning_rate": 0.00094993276693061,
    "weight_decay": 0.015637680348729376,
    "scheduler": "cosine",
    "min_delta": 0.0006781209314247349,
    "gradient_clip_norm": 0.37110109750452763,
    "validation_strategy": "composite",
    "head_tail_words": 2,
    "boundary_weight": 1.9426172272621531,
    "label_smoothing": 0.24325820948076443,
    "segment_consistency_lambda": 0.029792242994853207,
    "conf_penalty_lambda": 0.006794387987798909,
    "conf_threshold": 0.9137224542818845,
    "entropy_lambda": 0.03819482114196655,
    "max_confidence_threshold": 0.9315189956699388,
    "min_chorus_rate": 0.06476197023264885,
    "max_chorus_rate": 0.7790841612971914,
    "max_conf_over_95_ratio": 0.1805663260948306,
    "head_ssm_enabled": true,
    "tail_ssm_enabled": true,
    "phonetic_ssm_enabled": true,
    "pos_ssm_enabled": true,
    "string_ssm_enabled": true,
    "syllable_pattern_ssm_enabled": true,
    "line_syllable_ssm_enabled": false,
    "word2vec_enabled": true,
    "contextual_enabled": true,
    "phonetic_mode": "combined",
    "phonetic_similarity_method": "binary",
    "phonetic_normalize": true,
    "phonetic_normalize_method": "minmax",
    "phonetic_high_sim_threshold": 0.27257723391741123,
    "pos_tagset": "universal",
    "pos_similarity_method": "combined",
    "pos_high_sim_threshold": 0.23382662355852973,
    "string_case_sensitive": false,
    "string_remove_punctuation": false,
    "string_similarity_threshold": 0.05563381763452914,
    "string_similarity_method": "jaccard",
    "syllable_pattern_similarity_method": "cosine",
    "syllable_pattern_levenshtein_weight": 0.7119850646544226,
    "syllable_pattern_cosine_weight": 0.2096977709433013,
    "syllable_pattern_normalize": true,
    "syllable_pattern_normalize_method": "zscore",
    "line_syllable_similarity_method": "cosine",
    "line_syllable_ratio_threshold": 0.09775717936574778,
    "line_syllable_normalize": true,
    "line_syllable_normalize_method": "minmax",
    "word2vec_mode": "summary",
    "word2vec_normalize": true,
    "word2vec_similarity_metric": "cosine",
    "word2vec_high_sim_threshold": 0.816361167261686,
    "contextual_mode": "summary",
    "contextual_normalize": false,
    "contextual_similarity_metric": "dot",
    "contextual_high_sim_threshold": 0.653431610745066
  },
  "config": {
    "hidden_dim": 256,
    "num_layers": 1,
    "layer_dropout": 0.0,
    "num_classes": 2,
    "dropout": 0.2660365194797597,
    "attention_enabled": true,
    "attention_type": "localized",
    "attention_heads": 4,
    "attention_dropout": 0.2641288072907107,
    "attention_dim": 256,
    "positional_encoding": true,
    "max_seq_length": 1000,
    "window_size": 7,
    "boundary_temperature": 2.0,
    "batch_size": 32,
    "learning_rate": 0.00094993276693061,
    "weight_decay": 0.015637680348729376,
    "max_epochs": 15,
    "patience": 4,
    "gradient_clip_norm": 0.37110109750452763,
    "scheduler": "cosine",
    "min_lr": 1e-06,
    "cosine_t_max": 15,
    "warmup_epochs": 5,
    "lr_factor": 0.5,
    "lr_patience": 10,
    "step_size": 30,
    "step_gamma": 0.5,
    "cosine_t0": 10,
    "cosine_t_mult": 2,
    "min_delta": 0.0006781209314247349,
    "train_file": "data/train.jsonl",
    "val_file": "data/val.jsonl",
    "test_file": "data/test.jsonl",
    "weighted_sampling": true,
    "emergency_monitoring_enabled": true,
    "max_confidence_threshold": 0.9315189956699388,
    "min_chorus_rate": 0.06476197023264885,
    "max_chorus_rate": 0.7790841612971914,
    "max_conf_over_95_ratio": 0.1805663260948306,
    "val_overconf_threshold": 0.96,
    "val_f1_collapse_threshold": 0.1,
    "loss": {
      "loss_type": "boundary_aware",
      "boundary_weight": 1.9426172272621531,
      "label_smoothing": 0.24325820948076443,
      "segment_consistency_lambda": 0.029792242994853207,
      "conf_penalty_lambda": 0.006794387987798909,
      "conf_threshold": 0.9137224542818845,
      "entropy_lambda": 0.03819482114196655
    },
    "calibration_enabled": true,
    "calibration_methods": [
      "temperature",
      "platt"
    ],
    "validation_strategy": "composite",
    "head_ssm_enabled": true,
    "head_ssm_words": 2,
    "head_ssm_dimension": 12,
    "tail_ssm_enabled": true,
    "tail_ssm_words": 2,
    "tail_ssm_dimension": 12,
    "phonetic_ssm_enabled": true,
    "phonetic_ssm_mode": "combined",
    "phonetic_ssm_dimension": 12,
    "phonetic_ssm_similarity_method": "binary",
    "phonetic_ssm_normalize": true,
    "phonetic_ssm_normalize_method": "minmax",
    "phonetic_ssm_high_sim_threshold": 0.27257723391741123,
    "pos_ssm_enabled": true,
    "pos_ssm_tagset": "universal",
    "pos_ssm_similarity_method": "combined",
    "pos_ssm_high_sim_threshold": 0.23382662355852973,
    "pos_ssm_dimension": 12,
    "string_ssm_enabled": true,
    "string_ssm_case_sensitive": false,
    "string_ssm_remove_punctuation": false,
    "string_ssm_similarity_threshold": 0.05563381763452914,
    "string_ssm_similarity_method": "jaccard",
    "string_ssm_dimension": 12,
    "syllable_pattern_ssm_enabled": true,
    "syllable_pattern_ssm_similarity_method": "cosine",
    "syllable_pattern_ssm_levenshtein_weight": 0.7724838058774205,
    "syllable_pattern_ssm_cosine_weight": 0.22751619412257953,
    "syllable_pattern_ssm_normalize": true,
    "syllable_pattern_ssm_normalize_method": "zscore",
    "syllable_pattern_ssm_dimension": 12,
    "line_syllable_ssm_enabled": false,
    "line_syllable_ssm_similarity_method": "cosine",
    "line_syllable_ssm_ratio_threshold": 0.09775717936574778,
    "line_syllable_ssm_normalize": true,
    "line_syllable_ssm_normalize_method": "minmax",
    "line_syllable_ssm_dimension": 12,
    "word2vec_enabled": true,
    "word2vec_model": "word2vec-google-news-300",
    "word2vec_mode": "summary",
    "word2vec_normalize": true,
    "word2vec_similarity_metric": "cosine",
    "word2vec_high_sim_threshold": 0.816361167261686,
    "contextual_enabled": true,
    "contextual_model": "all-MiniLM-L6-v2",
    "contextual_mode": "summary",
    "contextual_normalize": false,
    "contextual_similarity_metric": "dot",
    "contextual_high_sim_threshold": 0.653431610745066
  }
}