{
  "metadata": {
    "model_info": {
      "hidden_dim": 256,
      "num_layers": 1,
      "dropout": 0.2660365194797597,
      "layer_dropout": 0.0,
      "attention_enabled": true,
      "attention_heads": 4,
      "attention_dropout": 0.2641288072907107,
      "attention_dim": 256,
      "positional_encoding": true,
      "max_seq_length": 1000,
      "total_params": 1252610,
      "lstm_params": 724992,
      "attention_params": 526592,
      "classifier_params": 1026
    },
    "training_info": {
      "batch_size": 32,
      "learning_rate": 0.00094993276693061,
      "scheduler": "cosine",
      "label_smoothing": 0.0,
      "weighted_sampling": true,
      "total_epochs": 15,
      "validation_strategy": "composite",
      "weight_decay": 0.015637680348729376,
      "gradient_clip_norm": 0.37110109750452763,
      "max_epochs": 15,
      "patience": 4
    },
    "calibration_info": {
      "temperature": {
        "ece_before": 0.1382488321900836,
        "ece_after": 0.02564035981073827,
        "improvement": 0.11260847237934533,
        "params": {
          "temperature": 0.45817542280432244
        }
      },
      "platt": {
        "ece_before": 0.1382488321900836,
        "ece_after": 0.07584765887213599,
        "improvement": 0.06240117331794762,
        "params": {
          "A": 1.4999993524657893,
          "B": 0.0
        }
      }
    }
  },
  "metrics": [
    {
      "epoch": 1,
      "train_loss": 0.5758128315210342,
      "train_chorus_rate": 0.503401374979876,
      "train_max_prob": 0.5904210180044174,
      "train_conf_over_90": 4.0650405571796e-05,
      "train_conf_over_95": 0.0,
      "val_loss": 0.5672353506088257,
      "val_macro_f1": 0.47546679884378884,
      "val_verse_f1": 0.447900466562986,
      "val_chorus_f1": 0.5030331311245917,
      "val_chorus_rate": 0.7531168311834335,
      "val_max_prob": 0.579638347029686,
      "val_conf_over_90": 0.0,
      "val_conf_over_95": 0.0,
      "learning_rate": 0.0009395645380807389,
      "epoch_time": 100.52980089187622,
      "val_boundary_f1": 0.057324840764331204,
      "val_boundary_precision": 0.08823529411764706,
      "val_boundary_recall": 0.04245283018867924,
      "val_complete_segments": 0.01838362942551702,
      "val_avg_segment_overlap": 0.23579845580089895,
      "val_verse_to_chorus_acc": 0.04424778761061947,
      "val_chorus_to_verse_acc": 0.020202020202020204,
      "val_window_diff": 0.4485807245367137,
      "val_pk_metric": 0.45100859189960335
    },
    {
      "epoch": 2,
      "train_loss": 0.5408577963709831,
      "train_chorus_rate": 0.5246902324259282,
      "train_max_prob": 0.6070438086986542,
      "train_conf_over_90": 0.0001623768883291632,
      "train_conf_over_95": 0.0,
      "val_loss": 0.5407537221908569,
      "val_macro_f1": 0.7080967018183518,
      "val_verse_f1": 0.7908934379185001,
      "val_chorus_f1": 0.6252999657182036,
      "val_chorus_rate": 0.4178374856710434,
      "val_max_prob": 0.5987180173397064,
      "val_conf_over_90": 0.0,
      "val_conf_over_95": 0.0,
      "learning_rate": 0.0009089129928841468,
      "epoch_time": 105.5328221321106,
      "val_boundary_f1": 0.3339449541284404,
      "val_boundary_precision": 0.2732732732732733,
      "val_boundary_recall": 0.42924528301886794,
      "val_complete_segments": 0.2097399588650914,
      "val_avg_segment_overlap": 0.5830095152502744,
      "val_verse_to_chorus_acc": 0.37168141592920356,
      "val_chorus_to_verse_acc": 0.4292929292929293,
      "val_window_diff": 0.4083171721910605,
      "val_pk_metric": 0.3100453133160582
    },
    {
      "epoch": 3,
      "train_loss": 0.5180928215384484,
      "train_chorus_rate": 0.40984050640836356,
      "train_max_prob": 0.6449184358119965,
      "train_conf_over_90": 0.0018373012950178235,
      "train_conf_over_95": 0.0,
      "val_loss": 0.5241497978568077,
      "val_macro_f1": 0.715852139461833,
      "val_verse_f1": 0.7928902627511593,
      "val_chorus_f1": 0.6388140161725068,
      "val_chorus_rate": 0.4301973432302475,
      "val_max_prob": 0.6712207496166229,
      "val_conf_over_90": 0.0034518602769821882,
      "val_conf_over_95": 0.0,
      "learning_rate": 0.0008593177509483573,
      "epoch_time": 123.2702808380127,
      "val_boundary_f1": 0.33185448092280395,
      "val_boundary_precision": 0.26600284495021337,
      "val_boundary_recall": 0.4410377358490566,
      "val_complete_segments": 0.22784532373609787,
      "val_avg_segment_overlap": 0.6136027606946455,
      "val_verse_to_chorus_acc": 0.3938053097345133,
      "val_chorus_to_verse_acc": 0.4444444444444444,
      "val_window_diff": 0.4256146125726283,
      "val_pk_metric": 0.31358797315176395
    },
    {
      "epoch": 4,
      "train_loss": 0.5000485613942146,
      "train_chorus_rate": 0.4250542141497135,
      "train_max_prob": 0.6630623042583466,
      "train_conf_over_90": 0.0074936033401172605,
      "train_conf_over_95": 0.00031124770175665616,
      "val_loss": 0.5252904817461967,
      "val_macro_f1": 0.7519902487361978,
      "val_verse_f1": 0.849744583406729,
      "val_chorus_f1": 0.6542359140656667,
      "val_chorus_rate": 0.3074057176709175,
      "val_max_prob": 0.6438305974006653,
      "val_conf_over_90": 0.000693802023306489,
      "val_conf_over_95": 0.0,
      "learning_rate": 0.000792946362330339,
      "epoch_time": 96.58800029754639,
      "val_boundary_f1": 0.4128787878787879,
      "val_boundary_precision": 0.3449367088607595,
      "val_boundary_recall": 0.5141509433962265,
      "val_complete_segments": 0.2959526334393779,
      "val_avg_segment_overlap": 0.6419122887694411,
      "val_verse_to_chorus_acc": 0.4690265486725664,
      "val_chorus_to_verse_acc": 0.46464646464646464,
      "val_window_diff": 0.3846956183932598,
      "val_pk_metric": 0.27340844598691016
    },
    {
      "epoch": 5,
      "train_loss": 0.49179804772138597,
      "train_chorus_rate": 0.38516443520784377,
      "train_max_prob": 0.662765446305275,
      "train_conf_over_90": 0.010541385225951671,
      "train_conf_over_95": 0.00033427350572310386,
      "val_loss": 0.5248392969369888,
      "val_macro_f1": 0.7580154161804828,
      "val_verse_f1": 0.856544502617801,
      "val_chorus_f1": 0.6594863297431648,
      "val_chorus_rate": 0.29439112544059753,
      "val_max_prob": 0.701824888586998,
      "val_conf_over_90": 0.0048695404548197985,
      "val_conf_over_95": 0.0,
      "learning_rate": 0.0007126995751979574,
      "epoch_time": 100.69616532325745,
      "val_boundary_f1": 0.4169184290030212,
      "val_boundary_precision": 0.36379613356766255,
      "val_boundary_recall": 0.4882075471698113,
      "val_complete_segments": 0.28925562056527065,
      "val_avg_segment_overlap": 0.6345053266609026,
      "val_verse_to_chorus_acc": 0.4690265486725664,
      "val_chorus_to_verse_acc": 0.41414141414141414,
      "val_window_diff": 0.32747845540816056,
      "val_pk_metric": 0.24006129951898758
    },
    {
      "epoch": 6,
      "train_loss": 0.4947229251265526,
      "train_chorus_rate": 0.3755756437778473,
      "train_max_prob": 0.6729182481765748,
      "train_conf_over_90": 0.006940789558575489,
      "train_conf_over_95": 0.0,
      "val_loss": 0.5036724731326103,
      "val_macro_f1": 0.7111259798566301,
      "val_verse_f1": 0.7708587708587709,
      "val_chorus_f1": 0.6513931888544892,
      "val_chorus_rate": 0.4934709891676903,
      "val_max_prob": 0.6355855613946915,
      "val_conf_over_90": 0.0,
      "val_conf_over_95": 0.0,
      "learning_rate": 0.0006220845592157047,
      "epoch_time": 91.84447479248047,
      "val_boundary_f1": 0.3618361836183619,
      "val_boundary_precision": 0.2925764192139738,
      "val_boundary_recall": 0.4740566037735849,
      "val_complete_segments": 0.2425397086982453,
      "val_avg_segment_overlap": 0.6235500680377853,
      "val_verse_to_chorus_acc": 0.47345132743362833,
      "val_chorus_to_verse_acc": 0.41414141414141414,
      "val_window_diff": 0.46022992560235765,