{
  "method": "platt",
  "params": {
    "A": 1.1101464639242813,
    "B": 0.0
  },
  "ece_before": 0.033373296260833726,
  "ece_after": 0.022118226732978218,
  "improvement": 0.011255069527855509,
  "all_results": [
    {
      "method": "temperature",
      "params": {
        "temperature": 0.8593658202827441
      },
      "ece_before": 0.033373296260833726,
      "ece_after": 0.024609580343270817,
      "improvement": 0.00876371591756291
    },
    {
      "method": "platt",
      "params": {
        "A": 1.1101464639242813,
        "B": 0.0
      },
      "ece_before": 0.033373296260833726,
      "ece_after": 0.022118226732978218,
      "improvement": 0.011255069527855509
    }
  ]
}