{
  "trial_number": 8,
  "trial_id": "cnn_trial_0008",
  "model_type": "CNN",
  "training_score": 0.5786610982925787,
  "optuna_objective": 0.3254113345521024,
  "validation_metrics": {
    "line_f1": 0.7487753155448513,
    "boundary_f1": 0.3254113345521024,
    "macro_f1": 0.7487753155448513,
    "verse_f1": 0.8130621822448182,
    "chorus_f1": 0.6844884488448846,
    "boundary_precision": 0.2656716417910448,
    "boundary_recall": 0.419811320754717,
    "window_diff": 0.43651737354135317,
    "pk_metric": 0.32038413543829664,
    "confidence": 0.733402818441391,
    "val_loss": 0.4794352799654007
  },
  "all_results": {
    "line_f1": 0.7487753155448513,
    "boundary_f1": 0.3254113345521024,
    "macro_f1": 0.7487753155448513,
    "verse_f1": 0.8130621822448182,
    "chorus_f1": 0.6844884488448846,
    "boundary_precision": 0.2656716417910448,
    "boundary_recall": 0.419811320754717,
    "window_diff": 0.43651737354135317,
    "pk_metric": 0.32038413543829664,
    "confidence": 0.733402818441391,
    "val_loss": 0.4794352799654007
  },
  "parameters": {
    "hidden_dim": 256,
    "num_layers": 2,
    "dropout": 0.3096783398568613,
    "layer_dropout": 0.24542056499130532,
    "cnn_kernel_sizes": "3,5,7",
    "cnn_dilation_rates": "1,2",
    "cnn_use_residual": true,
    "cnn_batch_multiplier": 1.139989546830142,
    "attention_enabled": true,
    "attention_type": "boundary_aware",
    "attention_heads": 4,
    "attention_dropout": 0.2221240084883265,
    "max_epochs": 12,
    "batch_size": 64,
    "learning_rate": 0.0001126739544670391,
    "weight_decay": 0.008595008254745951,
    "scheduler": "cosine",
    "min_delta": 0.0009900606300660458,
    "gradient_clip_norm": 0.5256476914823061,
    "validation_strategy": "cnn_composite",
    "boundary_weight": 2.3801139299448435,
    "label_smoothing": 0.17978193703039222,
    "segment_consistency_lambda": 0.019715761885501584,
    "conf_penalty_lambda": 0.007059204570736343,
    "conf_threshold": 0.9304660479962898,
    "entropy_lambda": 0.038590582884956516,
    "max_confidence_threshold": 0.9166123881557546,
    "min_chorus_rate": 0.06930053821333026,
    "max_chorus_rate": 0.8274578334091326,
    "max_conf_over_95_ratio": 0.07192602425610933,
    "head_ssm_enabled": true,
    "tail_ssm_enabled": false,
    "phonetic_ssm_enabled": false,
    "pos_ssm_enabled": false,
    "string_ssm_enabled": true,
    "syllable_pattern_ssm_enabled": false,
    "line_syllable_ssm_enabled": true,
    "word2vec_enabled": false,
    "contextual_enabled": false,
    "head_tail_words": 4,
    "phonetic_mode": "alliteration",
    "phonetic_similarity": "edit_distance",
    "phonetic_threshold": 0.30435528611139884,
    "pos_tagset": "simplified",
    "pos_similarity": "combined",
    "pos_threshold": 0.2994025189270296,
    "string_similarity": "levenshtein",
    "string_threshold": 0.060771944224490615
  },
  "duration_minutes": 0
}