{
  "metadata": {
    "model_info": {
      "architecture": "CNN",
      "hidden_dim": 256,
      "num_layers": 2,
      "dropout": 0.3096783398568613,
      "layer_dropout": 0.24542056499130532,
      "kernel_sizes": [
        3,
        5,
        7
      ],
      "dilation_rates": [
        1,
        2
      ],
      "use_residual": true,
      "attention_enabled": true,
      "attention_type": "boundary_aware",
      "attention_heads": 4,
      "total_params": 1085953,
      "cnn_params": 785406,
      "attention_params": 296705
    },
    "training_info": {
      "batch_size": 64,
      "learning_rate": 0.0001126739544670391,
      "scheduler": "cosine",
      "scheduler_type": "epoch",
      "validation_strategy": "cnn_composite",
      "total_epochs": 12,
      "early_stopping_mode": "cnn_calibration",
      "convergence_window": 5
    },
    "calibration_info": {
      "temperature": {
        "ece_before": 0.032438736182064824,
        "ece_after": 0.014890395880682309,
        "improvement": 0.017548340301382515,
        "params": {
          "temperature": 0.7940123429514786
        }
      },
      "platt": {
        "ece_before": 0.032438736182064824,
        "ece_after": 0.015895473509148675,
        "improvement": 0.01654326267291615,
        "params": {
          "A": 1.1895673901135009,
          "B": 0.0
        }
      }
    }
  },
  "metrics": [
    {
      "epoch": 1,
      "train_loss": 0.5701145993338691,
      "train_chorus_rate": 0.4813086324267917,
      "train_max_prob": 0.6111011240217421,
      "train_conf_over_90": 0.00010553915247631569,
      "train_conf_over_95": 0.0,
      "val_loss": 0.5832279324531555,
      "val_macro_f1": 0.6571919922826976,
      "val_verse_f1": 0.7981204316045946,
      "val_chorus_f1": 0.5162635529608007,
      "val_chorus_rate": 0.28803834319114685,
      "val_max_prob": 0.6826288104057312,
      "val_conf_over_90": 0.0,
      "val_conf_over_95": 0.0,
      "learning_rate": 0.00011077135560529082,
      "epoch_time": 61.190468072891235,
      "val_boundary_f1": 0.21841541755888652,
      "val_boundary_precision": 0.2,
      "val_boundary_recall": 0.24056603773584906,
      "val_complete_segments": 0.08401193980577182,
      "val_avg_segment_overlap": 0.4713518771128785,
      "val_verse_to_chorus_acc": 0.10176991150442478,
      "val_chorus_to_verse_acc": 0.3383838383838384,
      "val_window_diff": 0.41222778241307,
      "val_pk_metric": 0.3215657694891513,
      "cnn_receptive_field_usage": 0.5,
      "cnn_gradient_norm": 7.967272731992933,
      "cnn_effective_layers": 2
    },
    {
      "epoch": 2,
      "train_loss": 0.551917552947998,
      "train_chorus_rate": 0.4282456636428833,
      "train_max_prob": 0.6538632843229506,
      "train_conf_over_90": 0.002459264454147261,
      "train_conf_over_95": 0.0,
      "val_loss": 0.561279833316803,
      "val_macro_f1": 0.6873354550302535,
      "val_verse_f1": 0.8158719108945354,
      "val_chorus_f1": 0.5587989991659716,
      "val_chorus_rate": 0.28803834319114685,
      "val_max_prob": 0.6935965120792389,
      "val_conf_over_90": 0.008266278309747577,
      "val_conf_over_95": 0.0,
      "learning_rate": 0.00010519321798828085,
      "epoch_time": 66.52485299110413,
      "val_boundary_f1": 0.26202661207778916,
      "val_boundary_precision": 0.2314647377938517,
      "val_boundary_recall": 0.3018867924528302,
      "val_complete_segments": 0.10383366805139069,
      "val_avg_segment_overlap": 0.5290929094969161,
      "val_verse_to_chorus_acc": 0.18584070796460178,
      "val_chorus_to_verse_acc": 0.3838383838383838,
      "val_window_diff": 0.4270222643179177,
      "val_pk_metric": 0.32436701282141644,
      "cnn_receptive_field_usage": 0.5,
      "cnn_gradient_norm": 5.19677213827769,
      "cnn_effective_layers": 2
    },
    {
      "epoch": 3,
      "train_loss": 0.5209169122907851,
      "train_chorus_rate": 0.3737713081969155,
      "train_max_prob": 0.6545491417249044,
      "train_conf_over_90": 0.002929211361333728,
      "train_conf_over_95": 0.0,
      "val_loss": 0.5430052578449249,
      "val_macro_f1": 0.7148697968887243,
      "val_verse_f1": 0.8002268002268003,
      "val_chorus_f1": 0.6295127935506485,
      "val_chorus_rate": 0.4005545824766159,
      "val_max_prob": 0.7238088846206665,
      "val_conf_over_90": 0.04383608512580395,
      "val_conf_over_95": 0.0,
      "learning_rate": 9.63196824763001e-05,
      "epoch_time": 58.77765202522278,
      "val_boundary_f1": 0.25303643724696356,
      "val_boundary_precision": 0.22163120567375885,
      "val_boundary_recall": 0.294811320754717,
      "val_complete_segments": 0.1058419763954992,
      "val_avg_segment_overlap": 0.5765479250676507,
      "val_verse_to_chorus_acc": 0.168141592920354,
      "val_chorus_to_verse_acc": 0.41414141414141414,
      "val_window_diff": 0.40143559494816855,
      "val_pk_metric": 0.3148057756626076,
      "cnn_receptive_field_usage": 0.5,
      "cnn_gradient_norm": 2.8294130033916898,
      "cnn_effective_layers": 2
    },
    {
      "epoch": 4,
      "train_loss": 0.5188343988524543,
      "train_chorus_rate": 0.38948989907900494,
      "train_max_prob": 0.6686574286884732,
      "train_conf_over_90": 0.005231083137914538,
      "train_conf_over_95": 3.688948021994697e-05,
      "val_loss": 0.5128238499164581,
      "val_macro_f1": 0.7002029616807823,
      "val_verse_f1": 0.7543166215935095,
      "val_chorus_f1": 0.6460893017680551,
      "val_chorus_rate": 0.5183711051940918,
      "val_max_prob": 0.6798311173915863,
      "val_conf_over_90": 0.007762916851788759,
      "val_conf_over_95": 0.0,
      "learning_rate": 8.475546585027933e-05,
      "epoch_time": 59.94170689582825,
      "val_boundary_f1": 0.22846441947565543,
      "val_boundary_precision": 0.18944099378881987,
      "val_boundary_recall": 0.28773584905660377,
      "val_complete_segments": 0.09451429200253103,
      "val_avg_segment_overlap": 0.5936360824659422,
      "val_verse_to_chorus_acc": 0.17256637168141592,
      "val_chorus_to_verse_acc": 0.40404040404040403,
      "val_window_diff": 0.4662169328651426,
      "val_pk_metric": 0.3692665588150843,
      "cnn_receptive_field_usage": 0.5,
      "cnn_gradient_norm": 2.69618511862225,
      "cnn_effective_layers": 2
    },
    {
      "epoch": 5,
      "train_loss": 0.4985962212085724,
      "train_chorus_rate": 0.40848932332462734,
      "train_max_prob": 0.67184360159768,
      "train_conf_over_90": 0.007721085510436549,
      "train_conf_over_95": 0.0,
      "val_loss": 0.5001764595508575,
      "val_macro_f1": 0.7274307300367308,
      "val_verse_f1": 0.7869381173150575,
      "val_chorus_f1": 0.667923342758404,
      "val_chorus_rate": 0.48094457387924194,
      "val_max_prob": 0.7093349397182465,
      "val_conf_over_90": 0.03637454193085432,
      "val_conf_over_95": 0.0,
      "learning_rate": 7.128865036251028e-05,
      "epoch_time": 46.54148983955383,
      "val_boundary_f1": 0.27911453320500484,
      "val_boundary_precision": 0.23577235772357724,
      "val_boundary_recall": 0.3419811320754717,
      "val_complete_segments": 0.13817436518198575,
      "val_avg_segment_overlap": 0.6082827944366466,
      "val_verse_to_chorus_acc": 0.2610619469026549,
      "val_chorus_to_verse_acc": 0.40404040404040403,
      "val_window_diff": 0.43655548364506924,
      "val_pk_metric": 0.3267755746935571,
      "cnn_receptive_field_usage": 0.5,
      "cnn_gradient_norm": 2.7102520200941296,
      "cnn_effective_layers": 2
    },
    {
      "epoch": 6,
      "train_loss": 0.5010049839814504,
      "train_chorus_rate": 0.40611936648686725,
      "train_max_prob": 0.6823189126120673,
      "train_conf_over_90": 0.00799024249944422,
      "train_conf_over_95": 0.00010366930574592616,
      "val_loss": 0.4904033690690994,
      "val_macro_f1": 0.7337139949109415,
      "val_verse_f1": 0.7944,
      "val_chorus_f1": 0.6730279898218829,
      "val_chorus_rate": 0.4721086770296097,