{
  "method": "temperature",
  "params": {
    "temperature": 0.881702739498581
  },
  "ece_before": 0.028141033965618532,
  "ece_after": 0.02418724756343897,
  "improvement": 0.003953786402179561,
  "all_results": [
    {
      "method": "temperature",
      "params": {
        "temperature": 0.881702739498581
      },
      "ece_before": 0.028141033965618532,
      "ece_after": 0.02418724756343897,
      "improvement": 0.003953786402179561
    },
    {
      "method": "platt",
      "params": {
        "A": 0.4999995344225341,
        "B": 0.0
      },
      "ece_before": 0.028141033965618532,
      "ece_after": 0.1228720824762974,
      "improvement": -0.09473104851067887
    }
  ]
}