{
  "trial_number": 79,
  "timestamp": 1756206761.418693,
  "boundary_f1": 0.3468208092485549,
  "line_f1": 0.7591455638846412,
  "macro_f1": 0.7591455638846412,
  "verse_f1": 0.8393515106853352,
  "chorus_f1": 0.678939617083947,
  "windowdiff": 0.37961249002884057,
  "pk": 0.26818856721200685,
  "val_loss": 0.49424001574516296,
  "val_accuracy": 0.0,
  "weighted_f1": 0.0,
  "training_time": 2295.1654160022736,
  "training_time_minutes": 38.252756933371224,
  "total_params": 0,
  "actual_epochs": 15,
  "config_summary": {
    "attention_enabled": true,
    "hidden_dim": 256,
    "num_layers": 2,
    "max_epochs": 15,
    "batch_size": 32,
    "learning_rate": 0.000321806854161616,
    "boundary_weight": 2.0572966844431417,
    "label_smoothing": 0.18797003533613016
  },
  "validation_strategy": "composite",
  "all_metrics": {
    "loss": 0.49424001574516296,
    "chorus_rate": 0.368530310690403,
    "max_prob_mean": 0.7175882756710052,
    "confidence_over_90": 0.04912539245560765,
    "confidence_over_95": 0.006733844988048077,
    "verse_f1": 0.8393515106853352,
    "chorus_f1": 0.678939617083947,
    "macro_f1": 0.7591455638846412,
    "boundary_f1": 0.3468208092485549,
    "boundary_precision": 0.2931596091205212,
    "boundary_recall": 0.42452830188679247,
    "complete_segments": 0.22391799085860592,
    "avg_segment_overlap": 0.6437229089790284,
    "verse_to_chorus_acc": 0.4247787610619469,
    "chorus_to_verse_acc": 0.3888888888888889,
    "window_diff": 0.37961249002884057,
    "pk_metric": 0.26818856721200685
  },
  "parameters": {
    "hidden_dim": 256,
    "num_layers": 2,
    "dropout": 0.1618579236987564,
    "layer_dropout": 0.23553445640916942,
    "attention_enabled": true,
    "attention_heads": 4,
    "attention_dropout": 0.16586034010227074,
    "max_epochs": 15,
    "batch_size": 32,
    "learning_rate": 0.000321806854161616,
    "weight_decay": 0.019705202719299823,
    "scheduler": "cosine",
    "min_delta": 0.00030083647213664333,
    "gradient_clip_norm": 0.4395742126050699,
    "validation_strategy": "composite",
    "head_tail_words": 3,
    "boundary_weight": 2.0572966844431417,
    "label_smoothing": 0.18797003533613016,
    "segment_consistency_lambda": 0.027143163373609617,
    "conf_penalty_lambda": 0.011224218912665895,
    "conf_threshold": 0.9486071777188857,
    "entropy_lambda": 0.03265110303296631,
    "max_confidence_threshold": 0.9272354053739973,
    "min_chorus_rate": 0.0860879236922016,
    "max_chorus_rate": 0.7544849284349864,
    "max_conf_over_95_ratio": 0.10054531073012687,
    "head_ssm_enabled": false,
    "tail_ssm_enabled": false,
    "phonetic_ssm_enabled": true,
    "pos_ssm_enabled": true,
    "string_ssm_enabled": true,
    "syllable_pattern_ssm_enabled": true,
    "line_syllable_ssm_enabled": false,
    "word2vec_enabled": false,
    "contextual_enabled": true,
    "phonetic_mode": "rhyme",
    "phonetic_similarity_method": "binary",
    "phonetic_normalize": true,
    "phonetic_normalize_method": "zscore",
    "phonetic_high_sim_threshold": 0.3384915568451775,
    "pos_tagset": "simplified",
    "pos_similarity_method": "lcs",
    "pos_high_sim_threshold": 0.2359651041908292,
    "string_case_sensitive": false,
    "string_remove_punctuation": true,
    "string_similarity_threshold": 0.048245221702651796,
    "string_similarity_method": "jaccard",
    "syllable_pattern_similarity_method": "combined",
    "syllable_pattern_levenshtein_weight": 0.6316554366341771,
    "syllable_pattern_cosine_weight": 0.24889014694952763,
    "syllable_pattern_normalize": false,
    "syllable_pattern_normalize_method": "minmax",
    "line_syllable_similarity_method": "cosine",
    "line_syllable_ratio_threshold": 0.10408846942571691,
    "line_syllable_normalize": true,
    "line_syllable_normalize_method": "zscore",
    "word2vec_mode": "summary",
    "word2vec_normalize": true,
    "word2vec_similarity_metric": "cosine",
    "word2vec_high_sim_threshold": 0.7949026423741327,
    "contextual_mode": "complete",
    "contextual_normalize": false,
    "contextual_similarity_metric": "dot",
    "contextual_high_sim_threshold": 0.6572403474912881
  },
  "config": {
    "hidden_dim": 256,
    "num_layers": 2,
    "layer_dropout": 0.23553445640916942,
    "num_classes": 2,
    "dropout": 0.1618579236987564,
    "attention_enabled": true,
    "attention_type": "boundary_aware",
    "attention_heads": 4,
    "attention_dropout": 0.16586034010227074,
    "attention_dim": 256,
    "positional_encoding": true,
    "max_seq_length": 1000,
    "window_size": 7,
    "boundary_temperature": 2.0,
    "batch_size": 32,
    "learning_rate": 0.000321806854161616,
    "weight_decay": 0.019705202719299823,
    "max_epochs": 15,
    "patience": 4,
    "gradient_clip_norm": 0.4395742126050699,
    "scheduler": "cosine",
    "min_lr": 1e-06,
    "cosine_t_max": 15,
    "warmup_epochs": 5,
    "lr_factor": 0.5,
    "lr_patience": 10,
    "step_size": 30,
    "step_gamma": 0.5,
    "cosine_t0": 10,
    "cosine_t_mult": 2,
    "min_delta": 0.00030083647213664333,
    "train_file": "data/train.jsonl",
    "val_file": "data/val.jsonl",
    "test_file": "data/test.jsonl",
    "weighted_sampling": true,
    "emergency_monitoring_enabled": true,
    "max_confidence_threshold": 0.9272354053739973,
    "min_chorus_rate": 0.0860879236922016,
    "max_chorus_rate": 0.7544849284349864,
    "max_conf_over_95_ratio": 0.10054531073012687,
    "val_overconf_threshold": 0.96,
    "val_f1_collapse_threshold": 0.1,
    "loss": {
      "loss_type": "boundary_aware",
      "boundary_weight": 2.0572966844431417,
      "label_smoothing": 0.18797003533613016,
      "segment_consistency_lambda": 0.027143163373609617,
      "conf_penalty_lambda": 0.011224218912665895,
      "conf_threshold": 0.9486071777188857,
      "entropy_lambda": 0.03265110303296631
    },
    "calibration_enabled": true,
    "calibration_methods": [
      "temperature",
      "platt"
    ],
    "validation_strategy": "composite",
    "head_ssm_enabled": false,
    "head_ssm_words": 3,
    "head_ssm_dimension": 12,
    "tail_ssm_enabled": false,
    "tail_ssm_words": 3,
    "tail_ssm_dimension": 12,
    "phonetic_ssm_enabled": true,
    "phonetic_ssm_mode": "rhyme",
    "phonetic_ssm_dimension": 12,
    "phonetic_ssm_similarity_method": "binary",
    "phonetic_ssm_normalize": true,
    "phonetic_ssm_normalize_method": "zscore",
    "phonetic_ssm_high_sim_threshold": 0.3384915568451775,
    "pos_ssm_enabled": true,
    "pos_ssm_tagset": "simplified",
    "pos_ssm_similarity_method": "lcs",
    "pos_ssm_high_sim_threshold": 0.2359651041908292,
    "pos_ssm_dimension": 12,
    "string_ssm_enabled": true,
    "string_ssm_case_sensitive": false,
    "string_ssm_remove_punctuation": true,
    "string_ssm_similarity_threshold": 0.048245221702651796,
    "string_ssm_similarity_method": "jaccard",
    "string_ssm_dimension": 12,
    "syllable_pattern_ssm_enabled": true,
    "syllable_pattern_ssm_similarity_method": "combined",
    "syllable_pattern_ssm_levenshtein_weight": 0.7173455280570741,
    "syllable_pattern_ssm_cosine_weight": 0.282654471942926,
    "syllable_pattern_ssm_normalize": false,
    "syllable_pattern_ssm_normalize_method": "minmax",
    "syllable_pattern_ssm_dimension": 12,
    "line_syllable_ssm_enabled": false,
    "line_syllable_ssm_similarity_method": "cosine",
    "line_syllable_ssm_ratio_threshold": 0.10408846942571691,
    "line_syllable_ssm_normalize": true,
    "line_syllable_ssm_normalize_method": "zscore",
    "line_syllable_ssm_dimension": 12,
    "word2vec_enabled": false,
    "word2vec_model": "word2vec-google-news-300",
    "word2vec_mode": "summary",
    "word2vec_normalize": true,
    "word2vec_similarity_metric": "cosine",
    "word2vec_high_sim_threshold": 0.7949026423741327,
    "contextual_enabled": true,
    "contextual_model": "all-MiniLM-L6-v2",
    "contextual_mode": "complete",
    "contextual_normalize": false,