{
  "metadata": {
    "model_info": {
      "hidden_dim": 256,
      "num_layers": 2,
      "dropout": 0.1618579236987564,
      "layer_dropout": 0.23553445640916942,
      "attention_enabled": true,
      "attention_heads": 4,
      "attention_dropout": 0.16586034010227074,
      "attention_dim": 256,
      "positional_encoding": true,
      "max_seq_length": 1000,
      "total_params": 3550723,
      "lstm_params": 2990080,
      "attention_params": 559617,
      "classifier_params": 1026
    },
    "training_info": {
      "batch_size": 32,
      "learning_rate": 0.000321806854161616,
      "scheduler": "cosine",
      "label_smoothing": 0.0,
      "weighted_sampling": true,
      "total_epochs": 15,
      "validation_strategy": "composite",
      "weight_decay": 0.019705202719299823,
      "gradient_clip_norm": 0.4395742126050699,
      "max_epochs": 15,
      "patience": 4
    },
    "calibration_info": {
      "temperature": {
        "ece_before": 0.06968349651643947,
        "ece_after": 0.02530496194226802,
        "improvement": 0.04437853457417145,
        "params": {
          "temperature": 0.694963239528752
        }
      },
      "platt": {
        "ece_before": 0.06968349651643947,
        "ece_after": 0.163902714219098,
        "improvement": -0.09421921770265852,
        "params": {
          "A": 0.4999997054989728,
          "B": 0.0
        }
      }
    }
  },
  "metrics": [
    {
      "epoch": 1,
      "train_loss": 0.5662844777107239,
      "train_chorus_rate": 0.5529484957456589,
      "train_max_prob": 0.5627236038446426,
      "train_conf_over_90": 0.0,
      "train_conf_over_95": 0.0,
      "val_loss": 0.5716917216777802,
      "val_macro_f1": 0.5906388746281905,
      "val_verse_f1": 0.6515604959384352,
      "val_chorus_f1": 0.5297172533179458,
      "val_chorus_rate": 0.5515518635511398,
      "val_max_prob": 0.5646868348121643,
      "val_conf_over_90": 0.0,
      "val_conf_over_95": 0.0,
      "learning_rate": 0.0003183016544293803,
      "epoch_time": 162.01223397254944,
      "val_boundary_f1": 0.09523809523809523,
      "val_boundary_precision": 0.15675675675675677,
      "val_boundary_recall": 0.06839622641509434,
      "val_complete_segments": 0.04613967853628511,
      "val_avg_segment_overlap": 0.2915164803183152,
      "val_verse_to_chorus_acc": 0.084070796460177,
      "val_chorus_to_verse_acc": 0.045454545454545456,
      "val_window_diff": 0.3889356970168654,
      "val_pk_metric": 0.39612356368914625
    },
    {
      "epoch": 2,
      "train_loss": 0.5390565544366837,
      "train_chorus_rate": 0.44922608491033317,
      "train_max_prob": 0.62275250852108,
      "train_conf_over_90": 0.007846484333276749,
      "train_conf_over_95": 0.0,
      "val_loss": 0.5581300258636475,
      "val_macro_f1": 0.596605058468048,
      "val_verse_f1": 0.6525770972611602,
      "val_chorus_f1": 0.5406330196749358,
      "val_chorus_rate": 0.5628277584910393,
      "val_max_prob": 0.5933369100093842,
      "val_conf_over_90": 0.0,
      "val_conf_over_95": 0.0,
      "learning_rate": 0.0003079392492807863,
      "epoch_time": 207.01185703277588,
      "val_boundary_f1": 0.11310344827586208,
      "val_boundary_precision": 0.1362126245847176,
      "val_boundary_recall": 0.09669811320754718,
      "val_complete_segments": 0.05968065854067975,
      "val_avg_segment_overlap": 0.3486740338250123,
      "val_verse_to_chorus_acc": 0.08849557522123894,
      "val_chorus_to_verse_acc": 0.09090909090909091,
      "val_window_diff": 0.42681119237855514,
      "val_pk_metric": 0.4071530734727806
    },
    {
      "epoch": 3,
      "train_loss": 0.5050642728805542,
      "train_chorus_rate": 0.4172756612300873,
      "train_max_prob": 0.6476657778024674,
      "train_conf_over_90": 0.004484679552842863,
      "train_conf_over_95": 3.075030690524727e-05,
      "val_loss": 0.5420535206794739,
      "val_macro_f1": 0.676582342403119,
      "val_verse_f1": 0.76657060518732,
      "val_chorus_f1": 0.5865940796189181,
      "val_chorus_rate": 0.42333022505044937,
      "val_max_prob": 0.6492375433444977,
      "val_conf_over_90": 0.000985221704468131,
      "val_conf_over_95": 0.0,
      "learning_rate": 0.0002911725255451644,
      "epoch_time": 177.03186202049255,
      "val_boundary_f1": 0.24832214765100674,
      "val_boundary_precision": 0.23617021276595745,
      "val_boundary_recall": 0.2617924528301887,
      "val_complete_segments": 0.10234384702836453,
      "val_avg_segment_overlap": 0.5203204668718808,
      "val_verse_to_chorus_acc": 0.23893805309734514,
      "val_chorus_to_verse_acc": 0.2474747474747475,
      "val_window_diff": 0.41666945939530897,
      "val_pk_metric": 0.361370583248948
    },
    {
      "epoch": 4,
      "train_loss": 0.4988230258226395,
      "train_chorus_rate": 0.4072701372206211,
      "train_max_prob": 0.6739402621984482,
      "train_conf_over_90": 0.007852383915451355,
      "train_conf_over_95": 3.584229270927608e-05,
      "val_loss": 0.5171279609203339,
      "val_macro_f1": 0.691788538413848,
      "val_verse_f1": 0.7597585513078472,
      "val_chorus_f1": 0.6238185255198488,
      "val_chorus_rate": 0.4808258041739464,
      "val_max_prob": 0.6645054370164871,
      "val_conf_over_90": 0.003974547260440886,
      "val_conf_over_95": 0.0,
      "learning_rate": 0.000268734269505428,
      "epoch_time": 131.8552758693695,
      "val_boundary_f1": 0.2545090180360722,
      "val_boundary_precision": 0.22125435540069685,
      "val_boundary_recall": 0.29952830188679247,
      "val_complete_segments": 0.13546403356848746,
      "val_avg_segment_overlap": 0.5689206396633363,
      "val_verse_to_chorus_acc": 0.24778761061946902,
      "val_chorus_to_verse_acc": 0.3333333333333333,
      "val_window_diff": 0.46603376739196106,
      "val_pk_metric": 0.3769083702067636
    },
    {
      "epoch": 5,
      "train_loss": 0.47864079028367995,
      "train_chorus_rate": 0.3573161758482456,
      "train_max_prob": 0.6956865668296814,
      "train_conf_over_90": 0.013752011733595281,
      "train_conf_over_95": 0.00026200211723335085,
      "val_loss": 0.5069608315825462,
      "val_macro_f1": 0.7209117880384532,
      "val_verse_f1": 0.790889456116238,
      "val_chorus_f1": 0.6509341199606686,
      "val_chorus_rate": 0.4504227489233017,
      "val_max_prob": 0.6883956789970398,
      "val_conf_over_90": 0.024037039605900645,
      "val_conf_over_95": 0.0004975080228177831,
      "learning_rate": 0.000241605140621212,
      "epoch_time": 208.97697687149048,
      "val_boundary_f1": 0.29732225300092335,
      "val_boundary_precision": 0.24430955993930198,
      "val_boundary_recall": 0.37971698113207547,
      "val_complete_segments": 0.2027238228987964,
      "val_avg_segment_overlap": 0.6301759000554839,
      "val_verse_to_chorus_acc": 0.33185840707964603,
      "val_chorus_to_verse_acc": 0.40404040404040403,
      "val_window_diff": 0.4541598146513024,
      "val_pk_metric": 0.3342942827715904
    },
    {
      "epoch": 6,
      "train_loss": 0.4776526927947998,
      "train_chorus_rate": 0.38449264913797376,
      "train_max_prob": 0.7033396363258362,
      "train_conf_over_90": 0.028204016643576323,
      "train_conf_over_95": 0.0027029116346966474,
      "val_loss": 0.5036997422575951,
      "val_macro_f1": 0.703578652572241,
      "val_verse_f1": 0.7639257294429709,
      "val_chorus_f1": 0.6432315757015109,
      "val_chorus_rate": 0.4973103702068329,
      "val_max_prob": 0.6875197142362595,
      "val_conf_over_90": 0.028139830566942692,
      "val_conf_over_95": 0.0018501387676224113,
      "learning_rate": 0.00021097081200476035,
      "epoch_time": 108.94909691810608,
      "val_boundary_f1": 0.2798029556650246,
      "val_boundary_precision": 0.24027072758037224,
      "val_boundary_recall": 0.33490566037735847,
      "val_complete_segments": 0.16252584579731982,
      "val_avg_segment_overlap": 0.5975488199668137,
      "val_verse_to_chorus_acc": 0.2831858407079646,