{
  "trial_number": 98,
  "timestamp": 1756227928.1876638,
  "boundary_f1": 0.4258872651356993,
  "line_f1": 0.7802001155871702,
  "macro_f1": 0.7802001155871702,
  "verse_f1": 0.8642984014209593,
  "chorus_f1": 0.6961018297533811,
  "windowdiff": 0.29084555479002583,
  "pk": 0.21994146878160376,
  "val_loss": 0.48105742037296295,
  "val_accuracy": 0.0,
  "weighted_f1": 0.0,
  "training_time": 857.0640399456024,
  "training_time_minutes": 14.28440066576004,
  "total_params": 0,
  "actual_epochs": 15,
  "config_summary": {
    "attention_enabled": true,
    "hidden_dim": 256,
    "num_layers": 1,
    "max_epochs": 15,
    "batch_size": 32,
    "learning_rate": 0.0009365400266168018,
    "boundary_weight": 1.8772967102779887,
    "label_smoothing": 0.2070536092867185
  },
  "validation_strategy": "composite",
  "all_metrics": {
    "loss": 0.48105742037296295,
    "chorus_rate": 0.317813016474247,
    "max_prob_mean": 0.7233865708112717,
    "confidence_over_90": 0.049041364807635546,
    "confidence_over_95": 0.0,
    "verse_f1": 0.8642984014209593,
    "chorus_f1": 0.6961018297533811,
    "macro_f1": 0.7802001155871702,
    "boundary_f1": 0.4258872651356993,
    "boundary_precision": 0.38202247191011235,
    "boundary_recall": 0.4811320754716981,
    "complete_segments": 0.30885231353152875,
    "avg_segment_overlap": 0.662748153599106,
    "verse_to_chorus_acc": 0.4557522123893805,
    "chorus_to_verse_acc": 0.4444444444444444,
    "window_diff": 0.29084555479002583,
    "pk_metric": 0.21994146878160376
  },
  "parameters": {
    "hidden_dim": 256,
    "num_layers": 1,
    "dropout": 0.1628768870881864,
    "attention_enabled": true,
    "attention_type": "self",
    "attention_heads": 8,
    "attention_dropout": 0.19621941237000612,
    "max_epochs": 15,
    "batch_size": 32,
    "learning_rate": 0.0009365400266168018,
    "weight_decay": 0.02232429711995684,
    "scheduler": "cosine",
    "min_delta": 0.0005425531091438137,
    "gradient_clip_norm": 0.3610494757139939,
    "validation_strategy": "composite",
    "head_tail_words": 4,
    "boundary_weight": 1.8772967102779887,
    "label_smoothing": 0.2070536092867185,
    "segment_consistency_lambda": 0.020930649118967148,
    "conf_penalty_lambda": 0.007427635177033865,
    "conf_threshold": 0.9358881340781137,
    "entropy_lambda": 0.03335015366217672,
    "max_confidence_threshold": 0.9256365156128868,
    "min_chorus_rate": 0.07314494901589946,
    "max_chorus_rate": 0.7829066613240959,
    "max_conf_over_95_ratio": 0.18741963919958046,
    "head_ssm_enabled": true,
    "tail_ssm_enabled": true,
    "phonetic_ssm_enabled": true,
    "pos_ssm_enabled": true,
    "string_ssm_enabled": true,
    "syllable_pattern_ssm_enabled": true,
    "line_syllable_ssm_enabled": false,
    "word2vec_enabled": true,
    "contextual_enabled": false,
    "phonetic_mode": "rhyme",
    "phonetic_similarity_method": "binary",
    "phonetic_normalize": false,
    "phonetic_normalize_method": "minmax",
    "phonetic_high_sim_threshold": 0.3419693637609585,
    "pos_tagset": "universal",
    "pos_similarity_method": "combined",
    "pos_high_sim_threshold": 0.23680073339803864,
    "string_case_sensitive": false,
    "string_remove_punctuation": false,
    "string_similarity_threshold": 0.055537034482298325,
    "string_similarity_method": "word_overlap",
    "syllable_pattern_similarity_method": "cosine",
    "syllable_pattern_levenshtein_weight": 0.6520848419069357,
    "syllable_pattern_cosine_weight": 0.2278900029070445,
    "syllable_pattern_normalize": true,
    "syllable_pattern_normalize_method": "zscore",
    "line_syllable_similarity_method": "cosine",
    "line_syllable_ratio_threshold": 0.10996048059963694,
    "line_syllable_normalize": false,
    "line_syllable_normalize_method": "minmax",
    "word2vec_mode": "summary",
    "word2vec_normalize": true,
    "word2vec_similarity_metric": "cosine",
    "word2vec_high_sim_threshold": 0.7800042558230039,
    "contextual_mode": "summary",
    "contextual_normalize": false,
    "contextual_similarity_metric": "dot",
    "contextual_high_sim_threshold": 0.6595239357954754
  },
  "config": {
    "hidden_dim": 256,
    "num_layers": 1,
    "layer_dropout": 0.0,
    "num_classes": 2,
    "dropout": 0.1628768870881864,
    "attention_enabled": true,
    "attention_type": "self",
    "attention_heads": 8,
    "attention_dropout": 0.19621941237000612,
    "attention_dim": 256,
    "positional_encoding": true,
    "max_seq_length": 1000,
    "window_size": 7,
    "boundary_temperature": 2.0,
    "batch_size": 32,
    "learning_rate": 0.0009365400266168018,
    "weight_decay": 0.02232429711995684,
    "max_epochs": 15,
    "patience": 4,
    "gradient_clip_norm": 0.3610494757139939,
    "scheduler": "cosine",
    "min_lr": 1e-06,
    "cosine_t_max": 15,
    "warmup_epochs": 5,
    "lr_factor": 0.5,
    "lr_patience": 10,
    "step_size": 30,
    "step_gamma": 0.5,
    "cosine_t0": 10,
    "cosine_t_mult": 2,
    "min_delta": 0.0005425531091438137,
    "train_file": "data/train.jsonl",
    "val_file": "data/val.jsonl",
    "test_file": "data/test.jsonl",
    "weighted_sampling": true,
    "emergency_monitoring_enabled": true,
    "max_confidence_threshold": 0.9256365156128868,
    "min_chorus_rate": 0.07314494901589946,
    "max_chorus_rate": 0.7829066613240959,
    "max_conf_over_95_ratio": 0.18741963919958046,
    "val_overconf_threshold": 0.96,
    "val_f1_collapse_threshold": 0.1,
    "loss": {
      "loss_type": "boundary_aware",
      "boundary_weight": 1.8772967102779887,
      "label_smoothing": 0.2070536092867185,
      "segment_consistency_lambda": 0.020930649118967148,
      "conf_penalty_lambda": 0.007427635177033865,
      "conf_threshold": 0.9358881340781137,
      "entropy_lambda": 0.03335015366217672
    },
    "calibration_enabled": true,
    "calibration_methods": [
      "temperature",
      "platt"
    ],
    "validation_strategy": "composite",
    "head_ssm_enabled": true,
    "head_ssm_words": 4,
    "head_ssm_dimension": 12,
    "tail_ssm_enabled": true,
    "tail_ssm_words": 4,
    "tail_ssm_dimension": 12,
    "phonetic_ssm_enabled": true,
    "phonetic_ssm_mode": "rhyme",
    "phonetic_ssm_dimension": 12,
    "phonetic_ssm_similarity_method": "binary",
    "phonetic_ssm_normalize": false,
    "phonetic_ssm_normalize_method": "minmax",
    "phonetic_ssm_high_sim_threshold": 0.3419693637609585,
    "pos_ssm_enabled": true,
    "pos_ssm_tagset": "universal",
    "pos_ssm_similarity_method": "combined",
    "pos_ssm_high_sim_threshold": 0.23680073339803864,
    "pos_ssm_dimension": 12,
    "string_ssm_enabled": true,
    "string_ssm_case_sensitive": false,
    "string_ssm_remove_punctuation": false,
    "string_ssm_similarity_threshold": 0.055537034482298325,
    "string_ssm_similarity_method": "word_overlap",
    "string_ssm_dimension": 12,
    "syllable_pattern_ssm_enabled": true,
    "syllable_pattern_ssm_similarity_method": "cosine",
    "syllable_pattern_ssm_levenshtein_weight": 0.7410266847398136,
    "syllable_pattern_ssm_cosine_weight": 0.2589733152601864,
    "syllable_pattern_ssm_normalize": true,
    "syllable_pattern_ssm_normalize_method": "zscore",
    "syllable_pattern_ssm_dimension": 12,
    "line_syllable_ssm_enabled": false,
    "line_syllable_ssm_similarity_method": "cosine",
    "line_syllable_ssm_ratio_threshold": 0.10996048059963694,
    "line_syllable_ssm_normalize": false,
    "line_syllable_ssm_normalize_method": "minmax",
    "line_syllable_ssm_dimension": 12,
    "word2vec_enabled": true,
    "word2vec_model": "word2vec-google-news-300",
    "word2vec_mode": "summary",
    "word2vec_normalize": true,
    "word2vec_similarity_metric": "cosine",
    "word2vec_high_sim_threshold": 0.7800042558230039,
    "contextual_enabled": false,
    "contextual_model": "all-MiniLM-L6-v2",
    "contextual_mode": "summary",
    "contextual_normalize": false,
    "contextual_similarity_metric": "dot",