{
  "metadata": {
    "model_info": {
      "hidden_dim": 256,
      "num_layers": 1,
      "dropout": 0.1628768870881864,
      "layer_dropout": 0.0,
      "attention_enabled": true,
      "attention_heads": 8,
      "attention_dropout": 0.19621941237000612,
      "attention_dim": 256,
      "positional_encoding": true,
      "max_seq_length": 1000,
      "total_params": 1228034,
      "lstm_params": 700416,
      "attention_params": 526592,
      "classifier_params": 1026
    },
    "training_info": {
      "batch_size": 32,
      "learning_rate": 0.0009365400266168018,
      "scheduler": "cosine",
      "label_smoothing": 0.0,
      "weighted_sampling": true,
      "total_epochs": 15,
      "validation_strategy": "composite",
      "weight_decay": 0.02232429711995684,
      "gradient_clip_norm": 0.3610494757139939,
      "max_epochs": 15,
      "patience": 4
    },
    "calibration_info": {
      "temperature": {
        "ece_before": 0.08922051044074863,
        "ece_after": 0.025950411096771483,
        "improvement": 0.06327009934397715,
        "params": {
          "temperature": 0.6224202870916442
        }
      },
      "platt": {
        "ece_before": 0.08922051044074863,
        "ece_after": 0.030326410498623776,
        "improvement": 0.058894099942124856,
        "params": {
          "A": 1.5052923727833032,
          "B": 0.0
        }
      }
    }
  },
  "metrics": [
    {
      "epoch": 1,
      "train_loss": 0.5728663533926011,
      "train_chorus_rate": 0.40300521430617664,
      "train_max_prob": 0.6073326855897904,
      "train_conf_over_90": 0.0,
      "train_conf_over_95": 0.0,
      "val_loss": 0.5703013837337494,
      "val_macro_f1": 0.4551012818651223,
      "val_verse_f1": 0.41883714811891604,
      "val_chorus_f1": 0.4913654156113285,
      "val_chorus_rate": 0.76755690574646,
      "val_max_prob": 0.5467980951070786,
      "val_conf_over_90": 0.0,
      "val_conf_over_95": 0.0,
      "learning_rate": 0.0009263181295212336,
      "epoch_time": 65.7092957496643,
      "val_boundary_f1": 0.07704654895666131,
      "val_boundary_precision": 0.12060301507537688,
      "val_boundary_recall": 0.05660377358490566,
      "val_complete_segments": 0.029203430820610034,
      "val_avg_segment_overlap": 0.21271905999600252,
      "val_verse_to_chorus_acc": 0.06637168141592921,
      "val_chorus_to_verse_acc": 0.030303030303030304,
      "val_window_diff": 0.4312982580324396,
      "val_pk_metric": 0.42455801503544643
    },
    {
      "epoch": 2,
      "train_loss": 0.5420055598020553,
      "train_chorus_rate": 0.4430367909371853,
      "train_max_prob": 0.6033429026603698,
      "train_conf_over_90": 0.00013924215454608202,
      "train_conf_over_95": 0.0,
      "val_loss": 0.5625929087400436,
      "val_macro_f1": 0.6744697934430023,
      "val_verse_f1": 0.8274018379281537,
      "val_chorus_f1": 0.5215377489578509,
      "val_chorus_rate": 0.2313910573720932,
      "val_max_prob": 0.5822040885686874,
      "val_conf_over_90": 0.0,
      "val_conf_over_95": 0.0,
      "learning_rate": 0.0008960991841877094,
      "epoch_time": 60.56063389778137,
      "val_boundary_f1": 0.3421550094517959,
      "val_boundary_precision": 0.2854889589905363,
      "val_boundary_recall": 0.4268867924528302,
      "val_complete_segments": 0.20996787955960808,
      "val_avg_segment_overlap": 0.5290599366077559,
      "val_verse_to_chorus_acc": 0.4026548672566372,
      "val_chorus_to_verse_acc": 0.3434343434343434,
      "val_window_diff": 0.35728358955143846,
      "val_pk_metric": 0.2841992869086746
    },
    {
      "epoch": 3,
      "train_loss": 0.5149050891399384,
      "train_chorus_rate": 0.43782280534505846,
      "train_max_prob": 0.6248591929674149,
      "train_conf_over_90": 0.001251455961028114,
      "train_conf_over_95": 0.0,
      "val_loss": 0.5198584571480751,
      "val_macro_f1": 0.6475916454591941,
      "val_verse_f1": 0.7026338147833475,
      "val_chorus_f1": 0.5925494761350407,
      "val_chorus_rate": 0.544607475399971,
      "val_max_prob": 0.6536015868186951,
      "val_conf_over_90": 0.0034015390556305647,
      "val_conf_over_95": 0.0,
      "learning_rate": 0.0008472039035338925,
      "epoch_time": 53.339807987213135,
      "val_boundary_f1": 0.26276150627615064,
      "val_boundary_precision": 0.20363164721141375,
      "val_boundary_recall": 0.37028301886792453,
      "val_complete_segments": 0.131913076915728,
      "val_avg_segment_overlap": 0.5367411169891007,
      "val_verse_to_chorus_acc": 0.25663716814159293,
      "val_chorus_to_verse_acc": 0.4444444444444444,
      "val_window_diff": 0.5035756538348968,
      "val_pk_metric": 0.3668951804460275
    },
    {
      "epoch": 4,
      "train_loss": 0.4924715667963028,
      "train_chorus_rate": 0.4080790027976036,
      "train_max_prob": 0.6701314628124238,
      "train_conf_over_90": 0.014416454083402641,
      "train_conf_over_95": 0.0005746402777731419,
      "val_loss": 0.5189288929104805,
      "val_macro_f1": 0.749448211851616,
      "val_verse_f1": 0.8579263067694944,
      "val_chorus_f1": 0.6409701169337376,
      "val_chorus_rate": 0.2683528773486614,
      "val_max_prob": 0.6856568306684494,
      "val_conf_over_90": 0.001753229516907595,
      "val_conf_over_95": 0.0,
      "learning_rate": 0.0007817692459499424,
      "epoch_time": 54.126113176345825,
      "val_boundary_f1": 0.39848197343453506,
      "val_boundary_precision": 0.3333333333333333,
      "val_boundary_recall": 0.49528301886792453,
      "val_complete_segments": 0.29495809057049777,
      "val_avg_segment_overlap": 0.6328414931325341,
      "val_verse_to_chorus_acc": 0.42035398230088494,
      "val_chorus_to_verse_acc": 0.4898989898989899,
      "val_window_diff": 0.3465060631277964,
      "val_pk_metric": 0.25184485215345603
    },
    {
      "epoch": 5,
      "train_loss": 0.47320829927921293,
      "train_chorus_rate": 0.37595183998346327,
      "train_max_prob": 0.6863272041082382,
      "train_conf_over_90": 0.02062500083993655,
      "train_conf_over_95": 0.0016726916073821485,
      "val_loss": 0.510438546538353,
      "val_macro_f1": 0.7638734094127134,
      "val_verse_f1": 0.8684255319148935,
      "val_chorus_f1": 0.6593212869105334,
      "val_chorus_rate": 0.2579214684665203,
      "val_max_prob": 0.6760191768407822,
      "val_conf_over_90": 0.00026624067686498165,
      "val_conf_over_95": 0.0,
      "learning_rate": 0.0007026550199626014,
      "epoch_time": 47.049479246139526,
      "val_boundary_f1": 0.41330645161290325,
      "val_boundary_precision": 0.3609154929577465,
      "val_boundary_recall": 0.4834905660377358,
      "val_complete_segments": 0.28703163662071407,
      "val_avg_segment_overlap": 0.6479180926251336,
      "val_verse_to_chorus_acc": 0.45132743362831856,
      "val_chorus_to_verse_acc": 0.4494949494949495,
      "val_window_diff": 0.3057489887313287,
      "val_pk_metric": 0.23431570752479708
    },
    {
      "epoch": 6,
      "train_loss": 0.47217798978090286,
      "train_chorus_rate": 0.33285261169075964,
      "train_max_prob": 0.6862224221229554,
      "train_conf_over_90": 0.01668357393646147,
      "train_conf_over_95": 0.0011707374593243002,
      "val_loss": 0.5123315304517746,
      "val_macro_f1": 0.7405809307850124,
      "val_verse_f1": 0.8251851851851851,
      "val_chorus_f1": 0.6559766763848397,
      "val_chorus_rate": 0.37473220378160477,
      "val_max_prob": 0.7606384456157684,
      "val_conf_over_90": 0.11419677175581455,
      "val_conf_over_95": 0.0087327784858644,
      "learning_rate": 0.0006133188968796922,
      "epoch_time": 60.381210803985596,
      "val_boundary_f1": 0.3849056603773585,
      "val_boundary_precision": 0.32075471698113206,
      "val_boundary_recall": 0.4811320754716981,
      "val_complete_segments": 0.26877573490776036,
      "val_avg_segment_overlap": 0.640691912958837,
      "val_verse_to_chorus_acc": 0.43805309734513276,
      "val_chorus_to_verse_acc": 0.4797979797979798,