{
  "trial_number": 14,
  "timestamp": 1756040515.0269408,
  "boundary_f1": 0.3649906890130354,
  "line_f1": 0.0,
  "windowdiff": 1.0,
  "pk": 1.0,
  "val_loss": Infinity,
  "val_accuracy": 0.0,
  "weighted_f1": 0.0,
  "training_time": 24891.77473282814,
  "training_time_minutes": 414.86291221380236,
  "total_params": 0,
  "actual_epochs": 15,
  "config_summary": {
    "attention_enabled": false,
    "hidden_dim": 128,
    "num_layers": 1,
    "max_epochs": 15,
    "batch_size": 32,
    "learning_rate": 0.0003899270654258322,
    "boundary_weight": 1.767174035988279,
    "label_smoothing": 0.13150811274253849
  },
  "validation_strategy": "composite",
  "all_metrics": {
    "loss": 0.4862014725804329,
    "chorus_rate": 0.3485029265284538,
    "max_prob_mean": 0.6412651240825653,
    "confidence_over_90": 0.0,
    "confidence_over_95": 0.0,
    "verse_f1": 0.8150299509892902,
    "chorus_f1": 0.6132827324478178,
    "macro_f1": 0.714156341718554,
    "boundary_f1": 0.3649906890130354,
    "boundary_precision": 0.30153846153846153,
    "boundary_recall": 0.46226415094339623,
    "complete_segments": 0.24416954638322613,
    "avg_segment_overlap": 0.6010213357956826,
    "verse_to_chorus_acc": 0.40707964601769914,
    "chorus_to_verse_acc": 0.4444444444444444,
    "window_diff": 0.41900025369826827,
    "pk_metric": 0.3055667132292269
  },
  "parameters": {
    "hidden_dim": 128,
    "num_layers": 1,
    "dropout": 0.228366385076347,
    "attention_enabled": false,
    "max_epochs": 15,
    "batch_size": 32,
    "learning_rate": 0.0003899270654258322,
    "weight_decay": 0.02464466980779403,
    "scheduler": "cosine",
    "min_delta": 0.0009861622370584669,
    "gradient_clip_norm": 0.99103766838987,
    "validation_strategy": "composite",
    "head_tail_words": 4,
    "boundary_weight": 1.767174035988279,
    "label_smoothing": 0.13150811274253849,
    "segment_consistency_lambda": 0.019934973274806436,
    "conf_penalty_lambda": 0.013497602535712201,
    "conf_threshold": 0.934740305614107,
    "entropy_lambda": 0.04956937007905271,
    "max_confidence_threshold": 0.910970697875159,
    "min_chorus_rate": 0.08709334179826078,
    "max_chorus_rate": 0.7750281618959909,
    "max_conf_over_95_ratio": 0.09761975657815516,
    "head_ssm_enabled": true,
    "tail_ssm_enabled": true,
    "phonetic_ssm_enabled": true,
    "pos_ssm_enabled": false,
    "string_ssm_enabled": true,
    "syllable_pattern_ssm_enabled": true,
    "line_syllable_ssm_enabled": true,
    "word2vec_enabled": true,
    "contextual_enabled": true,
    "phonetic_mode": "combined",
    "phonetic_similarity_method": "sequence_match",
    "phonetic_normalize": true,
    "phonetic_normalize_method": "minmax",
    "phonetic_high_sim_threshold": 0.2769196636453123,
    "pos_tagset": "universal",
    "pos_similarity_method": "lcs",
    "pos_high_sim_threshold": 0.24337946590211995,
    "string_case_sensitive": true,
    "string_remove_punctuation": false,
    "string_similarity_threshold": 0.055334686078089564,
    "string_similarity_method": "word_overlap",
    "syllable_pattern_similarity_method": "cosine",
    "syllable_pattern_levenshtein_weight": 0.7081639511534479,
    "syllable_pattern_cosine_weight": 0.3552043082646212,
    "syllable_pattern_normalize": false,
    "syllable_pattern_normalize_method": "zscore",
    "line_syllable_similarity_method": "cosine",
    "line_syllable_ratio_threshold": 0.10283263293842775,
    "line_syllable_normalize": true,
    "line_syllable_normalize_method": "minmax",
    "word2vec_mode": "complete",
    "word2vec_normalize": false,
    "word2vec_similarity_metric": "dot",
    "word2vec_high_sim_threshold": 0.833453563194805,
    "contextual_mode": "summary",
    "contextual_normalize": false,
    "contextual_similarity_metric": "cosine",
    "contextual_high_sim_threshold": 0.7158488332262364
  },
  "config": {
    "hidden_dim": 128,
    "num_layers": 1,
    "layer_dropout": 0.0,
    "num_classes": 2,
    "dropout": 0.228366385076347,
    "attention_enabled": false,
    "attention_type": null,
    "attention_heads": 1,
    "attention_dropout": 0.0,
    "attention_dim": 128,
    "positional_encoding": false,
    "max_seq_length": 1000,
    "window_size": 7,
    "boundary_temperature": 2.0,
    "batch_size": 32,
    "learning_rate": 0.0003899270654258322,
    "weight_decay": 0.02464466980779403,
    "max_epochs": 15,
    "patience": 4,
    "gradient_clip_norm": 0.99103766838987,
    "scheduler": "cosine",
    "min_lr": 1e-06,
    "cosine_t_max": 15,
    "warmup_epochs": 5,
    "lr_factor": 0.5,
    "lr_patience": 10,
    "step_size": 30,
    "step_gamma": 0.5,
    "cosine_t0": 10,
    "cosine_t_mult": 2,
    "min_delta": 0.0009861622370584669,
    "train_file": "data/train.jsonl",
    "val_file": "data/val.jsonl",
    "test_file": "data/test.jsonl",
    "weighted_sampling": true,
    "emergency_monitoring_enabled": true,
    "max_confidence_threshold": 0.910970697875159,
    "min_chorus_rate": 0.08709334179826078,
    "max_chorus_rate": 0.7750281618959909,
    "max_conf_over_95_ratio": 0.09761975657815516,
    "val_overconf_threshold": 0.96,
    "val_f1_collapse_threshold": 0.1,
    "loss": {
      "loss_type": "boundary_aware",
      "boundary_weight": 1.767174035988279,
      "label_smoothing": 0.13150811274253849,
      "segment_consistency_lambda": 0.019934973274806436,
      "conf_penalty_lambda": 0.013497602535712201,
      "conf_threshold": 0.934740305614107,
      "entropy_lambda": 0.04956937007905271
    },
    "calibration_enabled": true,
    "calibration_methods": [
      "temperature",
      "platt"
    ],
    "validation_strategy": "composite",
    "head_ssm_enabled": true,
    "head_ssm_words": 4,
    "head_ssm_dimension": 12,
    "tail_ssm_enabled": true,
    "tail_ssm_words": 4,
    "tail_ssm_dimension": 12,
    "phonetic_ssm_enabled": true,
    "phonetic_ssm_mode": "combined",
    "phonetic_ssm_dimension": 12,
    "phonetic_ssm_similarity_method": "sequence_match",
    "phonetic_ssm_normalize": true,
    "phonetic_ssm_normalize_method": "minmax",
    "phonetic_ssm_high_sim_threshold": 0.2769196636453123,
    "pos_ssm_enabled": false,
    "pos_ssm_tagset": "universal",
    "pos_ssm_similarity_method": "lcs",
    "pos_ssm_high_sim_threshold": 0.24337946590211995,
    "pos_ssm_dimension": 12,
    "string_ssm_enabled": true,
    "string_ssm_case_sensitive": true,
    "string_ssm_remove_punctuation": false,
    "string_ssm_similarity_threshold": 0.055334686078089564,
    "string_ssm_similarity_method": "word_overlap",
    "string_ssm_dimension": 12,
    "syllable_pattern_ssm_enabled": true,
    "syllable_pattern_ssm_similarity_method": "cosine",
    "syllable_pattern_ssm_levenshtein_weight": 0.6659630329204976,
    "syllable_pattern_ssm_cosine_weight": 0.33403696707950226,
    "syllable_pattern_ssm_normalize": false,
    "syllable_pattern_ssm_normalize_method": "zscore",
    "syllable_pattern_ssm_dimension": 12,
    "line_syllable_ssm_enabled": true,
    "line_syllable_ssm_similarity_method": "cosine",
    "line_syllable_ssm_ratio_threshold": 0.10283263293842775,
    "line_syllable_ssm_normalize": true,
    "line_syllable_ssm_normalize_method": "minmax",
    "line_syllable_ssm_dimension": 12,
    "word2vec_enabled": true,
    "word2vec_model": "word2vec-google-news-300",
    "word2vec_mode": "complete",
    "word2vec_normalize": false,
    "word2vec_similarity_metric": "dot",
    "word2vec_high_sim_threshold": 0.833453563194805,
    "contextual_enabled": true,
    "contextual_model": "all-MiniLM-L6-v2",
    "contextual_mode": "summary",
    "contextual_normalize": false,
    "contextual_similarity_metric": "cosine",
    "contextual_high_sim_threshold": 0.7158488332262364
  }
}