{
  "metadata": {
    "model_info": {
      "hidden_dim": 128,
      "num_layers": 1,
      "dropout": 0.228366385076347,
      "layer_dropout": 0.0,
      "attention_enabled": false,
      "attention_heads": 1,
      "attention_dropout": 0.0,
      "attention_dim": 128,
      "positional_encoding": false,
      "max_seq_length": 1000,
      "total_params": 526850,
      "lstm_params": 526336,
      "attention_params": 0,
      "classifier_params": 514
    },
    "training_info": {
      "batch_size": 32,
      "learning_rate": 0.0003899270654258322,
      "scheduler": "cosine",
      "label_smoothing": 0.0,
      "weighted_sampling": true,
      "total_epochs": 15,
      "validation_strategy": "composite",
      "weight_decay": 0.02464466980779403,
      "gradient_clip_norm": 0.99103766838987,
      "max_epochs": 15,
      "patience": 4
    },
    "calibration_info": {
      "temperature": {
        "ece_before": 0.10847799001309165,
        "ece_after": 0.018989229834618426,
        "improvement": 0.08948876017847322,
        "params": {
          "temperature": 0.505522646669437
        }
      },
      "platt": {
        "ece_before": 0.10847799001309165,
        "ece_after": 0.028450622847248874,
        "improvement": 0.08002736716584277,
        "params": {
          "A": 1.760170877861868,
          "B": 0.0
        }
      }
    }
  },
  "metrics": [
    {
      "epoch": 1,
      "train_loss": 0.5340236827731133,
      "train_chorus_rate": 0.41699427966959773,
      "train_max_prob": 0.5384035229682922,
      "train_conf_over_90": 0.0,
      "train_conf_over_95": 0.0,
      "val_loss": 0.5514469295740128,
      "val_macro_f1": 0.5535698013486423,
      "val_verse_f1": 0.7281073446327685,
      "val_chorus_f1": 0.37903225806451607,
      "val_chorus_rate": 0.3095039054751396,
      "val_max_prob": 0.5367092937231064,
      "val_conf_over_90": 0.0,
      "val_conf_over_95": 0.0,
      "learning_rate": 0.00038567757066627494,
      "epoch_time": 11623.105945110321,
      "val_boundary_f1": 0.10291595197255575,
      "val_boundary_precision": 0.18867924528301888,
      "val_boundary_recall": 0.07075471698113207,
      "val_complete_segments": 0.009694869464222593,
      "val_avg_segment_overlap": 0.23603406557054668,
      "val_verse_to_chorus_acc": 0.084070796460177,
      "val_chorus_to_verse_acc": 0.03535353535353535,
      "val_window_diff": 0.44636778248710257,
      "val_pk_metric": 0.4639262053721793
    },
    {
      "epoch": 2,
      "train_loss": 0.5215780168771744,
      "train_chorus_rate": 0.39231552481651305,
      "train_max_prob": 0.5465240806341172,
      "train_conf_over_90": 0.0,
      "train_conf_over_95": 0.0,
      "val_loss": 0.5500616878271103,
      "val_macro_f1": 0.5677160707110488,
      "val_verse_f1": 0.7529654461062403,
      "val_chorus_f1": 0.3824666953158573,
      "val_chorus_rate": 0.27204085141420364,
      "val_max_prob": 0.5630878359079361,
      "val_conf_over_90": 0.0,
      "val_conf_over_95": 0.0,
      "learning_rate": 0.0003731148096999339,
      "epoch_time": 1575.059496164322,
      "val_boundary_f1": 0.1818181818181818,
      "val_boundary_precision": 0.26222222222222225,
      "val_boundary_recall": 0.1391509433962264,
      "val_complete_segments": 0.023672123115389285,
      "val_avg_segment_overlap": 0.2705312808433428,
      "val_verse_to_chorus_acc": 0.13274336283185842,
      "val_chorus_to_verse_acc": 0.10101010101010101,
      "val_window_diff": 0.416799089591472,
      "val_pk_metric": 0.4241273999210927
    },
    {
      "epoch": 3,
      "train_loss": 0.5154596403241157,
      "train_chorus_rate": 0.3525303456932306,
      "train_max_prob": 0.5700013965368271,
      "train_conf_over_90": 0.0,
      "train_conf_over_95": 0.0,
      "val_loss": 0.544344112277031,
      "val_macro_f1": 0.570650347135316,
      "val_verse_f1": 0.7213233957462281,
      "val_chorus_f1": 0.4199772985244041,
      "val_chorus_rate": 0.3500191494822502,
      "val_max_prob": 0.5713873654603958,
      "val_conf_over_90": 0.0,
      "val_conf_over_95": 0.0,
      "learning_rate": 0.0003527878354638538,
      "epoch_time": 181.97080087661743,
      "val_boundary_f1": 0.19653179190751444,
      "val_boundary_precision": 0.2537313432835821,
      "val_boundary_recall": 0.16037735849056603,
      "val_complete_segments": 0.0425941298820408,
      "val_avg_segment_overlap": 0.28351616673752184,
      "val_verse_to_chorus_acc": 0.14601769911504425,
      "val_chorus_to_verse_acc": 0.12121212121212122,
      "val_window_diff": 0.4300369862841513,
      "val_pk_metric": 0.4299595683304689
    },
    {
      "epoch": 4,
      "train_loss": 0.5116158962249756,
      "train_chorus_rate": 0.4428771287202835,
      "train_max_prob": 0.5735458254814148,
      "train_conf_over_90": 0.0,
      "train_conf_over_95": 0.0,
      "val_loss": 0.5320581346750259,
      "val_macro_f1": 0.5758347687221722,
      "val_verse_f1": 0.6355220667384285,
      "val_chorus_f1": 0.5161474707059159,
      "val_chorus_rate": 0.5604509115219116,
      "val_max_prob": 0.5644404739141464,
      "val_conf_over_90": 0.0,
      "val_conf_over_95": 0.0,
      "learning_rate": 0.00032558503427179534,
      "epoch_time": 281.4210379123688,
      "val_boundary_f1": 0.19897959183673466,
      "val_boundary_precision": 0.21666666666666667,
      "val_boundary_recall": 0.18396226415094338,
      "val_complete_segments": 0.0719239577405007,
      "val_avg_segment_overlap": 0.32897942101386296,
      "val_verse_to_chorus_acc": 0.17256637168141592,
      "val_chorus_to_verse_acc": 0.17676767676767677,
      "val_window_diff": 0.4238123974545117,
      "val_pk_metric": 0.40675244752269757
    },
    {
      "epoch": 5,
      "train_loss": 0.48657336384058,
      "train_chorus_rate": 0.4016311004757881,
      "train_max_prob": 0.6007430464029312,
      "train_conf_over_90": 0.0,
      "train_conf_over_95": 0.0,
      "val_loss": 0.5198964774608612,
      "val_macro_f1": 0.6154855434333153,
      "val_verse_f1": 0.6812080536912751,
      "val_chorus_f1": 0.5497630331753556,
      "val_chorus_rate": 0.5306472256779671,
      "val_max_prob": 0.5778606086969376,
      "val_conf_over_90": 0.0,
      "val_conf_over_95": 0.0,
      "learning_rate": 0.0002926952990693742,
      "epoch_time": 172.8347887992859,
      "val_boundary_f1": 0.2449438202247191,
      "val_boundary_precision": 0.23390557939914164,
      "val_boundary_recall": 0.25707547169811323,
      "val_complete_segments": 0.11898693686869721,
      "val_avg_segment_overlap": 0.4150801364435968,
      "val_verse_to_chorus_acc": 0.24778761061946902,
      "val_chorus_to_verse_acc": 0.21212121212121213,
      "val_window_diff": 0.43939672039741134,
      "val_pk_metric": 0.3855635593129782
    },
    {
      "epoch": 6,
      "train_loss": 0.47704286128282547,
      "train_chorus_rate": 0.34625557735562323,
      "train_max_prob": 0.6063261896371841,
      "train_conf_over_90": 0.0,
      "train_conf_over_95": 0.0,
      "val_loss": 0.5126520618796349,
      "val_macro_f1": 0.6780992608088134,
      "val_verse_f1": 0.7992863514719002,
      "val_chorus_f1": 0.5569121701457266,
      "val_chorus_rate": 0.3249516114592552,
      "val_max_prob": 0.6078928411006927,
      "val_conf_over_90": 0.0,
      "val_conf_over_95": 0.0,
      "learning_rate": 0.00025555606910739574,
      "epoch_time": 1377.868098974228,
      "val_boundary_f1": 0.3556910569105691,
      "val_boundary_precision": 0.3125,
      "val_boundary_recall": 0.41273584905660377,
      "val_complete_segments": 0.21649930873154627,
      "val_avg_segment_overlap": 0.5301923627798396,
      "val_verse_to_chorus_acc": 0.3672566371681416,
      "val_chorus_to_verse_acc": 0.3939393939393939,
      "val_window_diff": 0.39301841261287496,
      "val_pk_metric": 0.3197058794509766
    },
    {
      "epoch": 7,
      "train_loss": 0.4674998387694359,
      "train_chorus_rate": 0.3831896960735321,
      "train_max_prob": 0.6228428393602371,