{
  "trial_number": 2,
  "trial_id": "cnn_trial_0002",
  "model_type": "CNN",
  "training_score": 0.6163289655553993,
  "optuna_objective": 0.4120328167730173,
  "validation_metrics": {
    "line_f1": 0.7553435421254159,
    "boundary_f1": 0.4120328167730173,
    "macro_f1": 0.7553435421254159,
    "verse_f1": 0.8184303006638033,
    "chorus_f1": 0.6922567835870285,
    "boundary_precision": 0.33580980683506684,
    "boundary_recall": 0.5330188679245284,
    "window_diff": 0.5041169140015859,
    "pk_metric": 0.3400489985599625,
    "confidence": 0.7215378135442734,
    "val_loss": 0.47554564476013184
  },
  "all_results": {
    "line_f1": 0.7553435421254159,
    "boundary_f1": 0.4120328167730173,
    "macro_f1": 0.7553435421254159,
    "verse_f1": 0.8184303006638033,
    "chorus_f1": 0.6922567835870285,
    "boundary_precision": 0.33580980683506684,
    "boundary_recall": 0.5330188679245284,
    "window_diff": 0.5041169140015859,
    "pk_metric": 0.3400489985599625,
    "confidence": 0.7215378135442734,
    "val_loss": 0.47554564476013184
  },
  "parameters": {
    "hidden_dim": 128,
    "num_layers": 2,
    "dropout": 0.2981170097457604,
    "layer_dropout": 0.12797777655997813,
    "cnn_kernel_sizes": "3,5,7",
    "cnn_dilation_rates": "1,2",
    "cnn_use_residual": true,
    "cnn_batch_multiplier": 1.2560465291496405,
    "attention_enabled": false,
    "max_epochs": 12,
    "batch_size": 32,
    "learning_rate": 0.00021931399753552855,
    "weight_decay": 0.006001842464920124,
    "scheduler": "cosine",
    "min_delta": 0.00026536221143800404,
    "gradient_clip_norm": 0.7619888322239253,
    "validation_strategy": "cnn_composite",
    "boundary_weight": 2.120926145450226,
    "label_smoothing": 0.15465513839029496,
    "segment_consistency_lambda": 0.02397215757953327,
    "conf_penalty_lambda": 0.009502090285816653,
    "conf_threshold": 0.938993043718198,
    "entropy_lambda": 0.026780595820974015,
    "max_confidence_threshold": 0.9069841914922533,
    "min_chorus_rate": 0.0645191135774048,
    "max_chorus_rate": 0.8738266155971546,
    "max_conf_over_95_ratio": 0.07661259272795352,
    "head_ssm_enabled": true,
    "tail_ssm_enabled": false,
    "phonetic_ssm_enabled": true,
    "pos_ssm_enabled": false,
    "string_ssm_enabled": true,
    "syllable_pattern_ssm_enabled": false,
    "line_syllable_ssm_enabled": true,
    "word2vec_enabled": false,
    "contextual_enabled": false,
    "head_tail_words": 4,
    "phonetic_mode": "rhyme",
    "phonetic_similarity": "binary",
    "phonetic_threshold": 0.34730105547524454,
    "pos_tagset": "universal",
    "pos_similarity": "combined",
    "pos_threshold": 0.23952429877980444,
    "string_similarity": "word_overlap",
    "string_threshold": 0.05790944591814336
  },
  "duration_minutes": 0
}