{
  "method": "platt",
  "params": {
    "A": 1.6737002287591363,
    "B": -0.048132598768678696
  },
  "ece_before": 0.08977258865573318,
  "ece_after": 0.007266138473522004,
  "improvement": 0.08250645018221117,
  "all_results": [
    {
      "method": "temperature",
      "params": {
        "temperature": 0.6029764231908565
      },
      "ece_before": 0.08977258865573318,
      "ece_after": 0.009686415696659359,
      "improvement": 0.08008617295907382
    },
    {
      "method": "platt",
      "params": {
        "A": 1.6737002287591363,
        "B": -0.048132598768678696
      },
      "ece_before": 0.08977258865573318,
      "ece_after": 0.007266138473522004,
      "improvement": 0.08250645018221117
    }
  ]
}