{
  "trial_number": 15,
  "trial_id": "cnn_trial_0015",
  "model_type": "CNN",
  "training_score": 0.64286333899825,
  "optuna_objective": 0.45013723696248864,
  "validation_metrics": {
    "line_f1": 0.7742059350219338,
    "boundary_f1": 0.45013723696248864,
    "macro_f1": 0.7742059350219338,
    "verse_f1": 0.8465687186163288,
    "chorus_f1": 0.7018431514275388,
    "boundary_precision": 0.36771300448430494,
    "boundary_recall": 0.5801886792452831,
    "window_diff": 0.38492604931422303,
    "pk_metric": 0.27623190516063534,
    "confidence": 0.739903599023819,
    "val_loss": 0.4772089123725891
  },
  "all_results": {
    "line_f1": 0.7742059350219338,
    "boundary_f1": 0.45013723696248864,
    "macro_f1": 0.7742059350219338,
    "verse_f1": 0.8465687186163288,
    "chorus_f1": 0.7018431514275388,
    "boundary_precision": 0.36771300448430494,
    "boundary_recall": 0.5801886792452831,
    "window_diff": 0.38492604931422303,
    "pk_metric": 0.27623190516063534,
    "confidence": 0.739903599023819,
    "val_loss": 0.4772089123725891
  },
  "parameters": {
    "hidden_dim": 128,
    "num_layers": 2,
    "dropout": 0.2907305918349628,
    "layer_dropout": 0.13213801995376015,
    "cnn_kernel_sizes": "3,7,11",
    "cnn_dilation_rates": "1,2,4,8",
    "cnn_use_residual": true,
    "cnn_batch_multiplier": 1.0165686577777948,
    "attention_enabled": false,
    "max_epochs": 15,
    "batch_size": 64,
    "learning_rate": 0.0005143177369180814,
    "weight_decay": 0.01376448813165231,
    "scheduler": "cosine",
    "min_delta": 0.0001533279709318542,
    "gradient_clip_norm": 0.49039159275805416,
    "validation_strategy": "cnn_composite",
    "boundary_weight": 2.337320481959756,
    "label_smoothing": 0.1626237280023707,
    "segment_consistency_lambda": 0.02002362015370223,
    "conf_penalty_lambda": 0.006036607773733913,
    "conf_threshold": 0.9394419374975324,
    "entropy_lambda": 0.035556836463973965,
    "max_confidence_threshold": 0.9053565027297454,
    "min_chorus_rate": 0.06135911356401585,
    "max_chorus_rate": 0.8381493150063617,
    "max_conf_over_95_ratio": 0.056912067466361994,
    "head_ssm_enabled": false,
    "tail_ssm_enabled": true,
    "phonetic_ssm_enabled": true,
    "pos_ssm_enabled": true,
    "string_ssm_enabled": true,
    "syllable_pattern_ssm_enabled": false,
    "line_syllable_ssm_enabled": true,
    "word2vec_enabled": true,
    "contextual_enabled": false,
    "head_tail_words": 2,
    "phonetic_mode": "combined",
    "phonetic_similarity": "binary",
    "phonetic_threshold": 0.26501174358705154,
    "pos_tagset": "universal",
    "pos_similarity": "position",
    "pos_threshold": 0.2822614861997215,
    "string_similarity": "word_overlap",
    "string_threshold": 0.05798707865510839
  },
  "duration_minutes": 0
}