{
  "metadata": {
    "model_info": {
      "architecture": "CNN",
      "hidden_dim": 128,
      "num_layers": 2,
      "dropout": 0.2907305918349628,
      "layer_dropout": 0.13213801995376015,
      "kernel_sizes": [
        3,
        7,
        11
      ],
      "dilation_rates": [
        1,
        2,
        4,
        8
      ],
      "use_residual": true,
      "attention_enabled": false,
      "attention_type": "self",
      "attention_heads": 4,
      "total_params": 264062,
      "cnn_params": 259068,
      "attention_params": 0
    },
    "training_info": {
      "batch_size": 64,
      "learning_rate": 0.0005143177369180814,
      "scheduler": "cosine",
      "scheduler_type": "epoch",
      "validation_strategy": "cnn_composite",
      "total_epochs": 15,
      "early_stopping_mode": "cnn_calibration",
      "convergence_window": 5
    },
    "calibration_info": {
      "temperature": {
        "ece_before": 0.08977258865573318,
        "ece_after": 0.009686415696659359,
        "improvement": 0.08008617295907382,
        "params": {
          "temperature": 0.6029764231908565
        }
      },
      "platt": {
        "ece_before": 0.08977258865573318,
        "ece_after": 0.007266138473522004,
        "improvement": 0.08250645018221117,
        "params": {
          "A": 1.6737002287591363,
          "B": -0.048132598768678696
        }
      }
    }
  },
  "metrics": [
    {
      "epoch": 1,
      "train_loss": 0.5340900480747223,
      "train_chorus_rate": 0.45765776336193087,
      "train_max_prob": 0.6389757394790649,
      "train_conf_over_90": 0.0,
      "train_conf_over_95": 0.0,
      "val_loss": 0.5032261312007904,
      "val_macro_f1": 0.7224804764798993,
      "val_verse_f1": 0.784840585522358,
      "val_chorus_f1": 0.6601203674374406,
      "val_chorus_rate": 0.47539547085762024,
      "val_max_prob": 0.706415444612503,
      "val_conf_over_90": 0.0,
      "val_conf_over_95": 0.0,
      "learning_rate": 0.0005087091248493048,
      "epoch_time": 27.327006816864014,
      "val_boundary_f1": 0.3737821080602303,
      "val_boundary_precision": 0.29929078014184396,
      "val_boundary_recall": 0.49764150943396224,
      "val_complete_segments": 0.2820565806313993,
      "val_avg_segment_overlap": 0.6406943552517728,
      "val_verse_to_chorus_acc": 0.4469026548672566,
      "val_chorus_to_verse_acc": 0.4898989898989899,
      "val_window_diff": 0.4537300765180582,
      "val_pk_metric": 0.32859488567469386,
      "cnn_receptive_field_usage": 0.7000000000000001,
      "cnn_gradient_norm": 2.3028615206480025,
      "cnn_effective_layers": 2
    },
    {
      "epoch": 2,
      "train_loss": 0.49561154246330263,
      "train_chorus_rate": 0.45324647128582,
      "train_max_prob": 0.6801716327667237,
      "train_conf_over_90": 0.0,
      "train_conf_over_95": 0.0,
      "val_loss": 0.49765972793102264,
      "val_macro_f1": 0.7498347569381268,
      "val_verse_f1": 0.8206698564593301,
      "val_chorus_f1": 0.6789996574169236,
      "val_chorus_rate": 0.4172411262989044,
      "val_max_prob": 0.7383977472782135,
      "val_conf_over_90": 0.0,
      "val_conf_over_95": 0.0,
      "learning_rate": 0.0004921284119034871,
      "epoch_time": 21.00789999961853,
      "val_boundary_f1": 0.3795233892321271,
      "val_boundary_precision": 0.3032440056417489,
      "val_boundary_recall": 0.5070754716981132,
      "val_complete_segments": 0.2837630652730375,
      "val_avg_segment_overlap": 0.6680200205803697,
      "val_verse_to_chorus_acc": 0.4646017699115044,
      "val_chorus_to_verse_acc": 0.5050505050505051,
      "val_window_diff": 0.4526021926992798,
      "val_pk_metric": 0.3117761826365862,
      "cnn_receptive_field_usage": 0.7000000000000001,
      "cnn_gradient_norm": 1.1084419190883636,
      "cnn_effective_layers": 2
    },
    {
      "epoch": 3,
      "train_loss": 0.4914542675018311,
      "train_chorus_rate": 0.39773876070976255,
      "train_max_prob": 0.6969338178634643,
      "train_conf_over_90": 0.0,
      "train_conf_over_95": 0.0,
      "val_loss": 0.4917084574699402,
      "val_macro_f1": 0.7292930283607144,
      "val_verse_f1": 0.7871307163091866,
      "val_chorus_f1": 0.6714553404122423,
      "val_chorus_rate": 0.4869880974292755,
      "val_max_prob": 0.6957213282585144,
      "val_conf_over_90": 0.0,
      "val_conf_over_95": 0.0,
      "learning_rate": 0.0004653002547994488,
      "epoch_time": 21.426223278045654,
      "val_boundary_f1": 0.3431952662721893,
      "val_boundary_precision": 0.29491525423728815,
      "val_boundary_recall": 0.41037735849056606,
      "val_complete_segments": 0.22837563993174062,
      "val_avg_segment_overlap": 0.6305973920197774,
      "val_verse_to_chorus_acc": 0.336283185840708,
      "val_chorus_to_verse_acc": 0.4595959595959596,
      "val_window_diff": 0.45479588036017676,
      "val_pk_metric": 0.359903305973558,
      "cnn_receptive_field_usage": 0.7000000000000001,
      "cnn_gradient_norm": 0.7314524233341217,
      "cnn_effective_layers": 2
    },
    {
      "epoch": 4,
      "train_loss": 0.48194451034069063,
      "train_chorus_rate": 0.42817160189151765,
      "train_max_prob": 0.7125338315963745,
      "train_conf_over_90": 0.0002555570041295141,
      "train_conf_over_95": 0.0,
      "val_loss": 0.48752300441265106,
      "val_macro_f1": 0.7512767163281291,
      "val_verse_f1": 0.8141905135241082,
      "val_chorus_f1": 0.6883629191321499,
      "val_chorus_rate": 0.44727347791194916,
      "val_max_prob": 0.7575389444828033,
      "val_conf_over_90": 0.0,
      "val_conf_over_95": 0.0,
      "learning_rate": 0.00042939717273841703,
      "epoch_time": 20.714340925216675,
      "val_boundary_f1": 0.39788732394366194,
      "val_boundary_precision": 0.31741573033707865,
      "val_boundary_recall": 0.5330188679245284,
      "val_complete_segments": 0.3140265038395904,
      "val_avg_segment_overlap": 0.6845820158765784,
      "val_verse_to_chorus_acc": 0.4778761061946903,
      "val_chorus_to_verse_acc": 0.5606060606060606,
      "val_window_diff": 0.45484196808119237,
      "val_pk_metric": 0.31738392321363657,
      "cnn_receptive_field_usage": 0.7000000000000001,
      "cnn_gradient_norm": 0.7995891511440277,
      "cnn_effective_layers": 2
    },
    {
      "epoch": 5,
      "train_loss": 0.47911583483219145,
      "train_chorus_rate": 0.42931655049324036,
      "train_max_prob": 0.7168726444244384,
      "train_conf_over_90": 0.0009447776712477208,
      "train_conf_over_95": 0.0,
      "val_loss": 0.48205748200416565,
      "val_macro_f1": 0.7960759368299763,
      "val_verse_f1": 0.8710951526032316,
      "val_chorus_f1": 0.721056721056721,
      "val_chorus_rate": 0.3323979824781418,
      "val_max_prob": 0.7358973026275635,
      "val_conf_over_90": 0.0,
      "val_conf_over_95": 0.0,
      "learning_rate": 0.00038598830268856104,
      "epoch_time": 21.352049112319946,
      "val_boundary_f1": 0.49713193116634796,
      "val_boundary_precision": 0.4180064308681672,
      "val_boundary_recall": 0.6132075471698113,
      "val_complete_segments": 0.4084564313139932,
      "val_avg_segment_overlap": 0.7115512321854478,
      "val_verse_to_chorus_acc": 0.6371681415929203,
      "val_chorus_to_verse_acc": 0.5252525252525253,
      "val_window_diff": 0.3682753952924831,
      "val_pk_metric": 0.24639278668994818,
      "cnn_receptive_field_usage": 0.7000000000000001,
      "cnn_gradient_norm": 1.071562686562538,
      "cnn_effective_layers": 2
    },
    {
      "epoch": 6,
      "train_loss": 0.46783673465251924,
      "train_chorus_rate": 0.3711774438619614,
      "train_max_prob": 0.7032393515110016,
      "train_conf_over_90": 0.000581398670328781,
      "train_conf_over_95": 0.0,
      "val_loss": 0.4835503548383713,
      "val_macro_f1": 0.7804872722905509,
      "val_verse_f1": 0.8553113553113554,
      "val_chorus_f1": 0.7056631892697466,
      "val_chorus_rate": 0.3593379408121109,
      "val_max_prob": 0.7235417366027832,