{
  "trial_number": 116,
  "timestamp": 1756255987.870432,
  "boundary_f1": 0.4495967741935484,
  "line_f1": 0.7688522365078416,
  "macro_f1": 0.7688522365078416,
  "verse_f1": 0.8630256499738266,
  "chorus_f1": 0.6746788230418567,
  "windowdiff": 0.3262584145974314,
  "pk": 0.23728131633344293,
  "val_loss": 0.501419760286808,
  "val_accuracy": 0.0,
  "weighted_f1": 0.0,
  "training_time": 1492.684189081192,
  "training_time_minutes": 24.878069818019867,
  "total_params": 0,
  "actual_epochs": 15,
  "config_summary": {
    "attention_enabled": true,
    "hidden_dim": 256,
    "num_layers": 1,
    "max_epochs": 15,
    "batch_size": 32,
    "learning_rate": 0.0008428650014094005,
    "boundary_weight": 1.8096352692771491,
    "label_smoothing": 0.2619114616613609
  },
  "validation_strategy": "composite",
  "all_metrics": {
    "loss": 0.501419760286808,
    "chorus_rate": 0.29377196729183197,
    "max_prob_mean": 0.6987307369709015,
    "confidence_over_90": 0.0072358648176305,
    "confidence_over_95": 0.0,
    "verse_f1": 0.8630256499738266,
    "chorus_f1": 0.6746788230418567,
    "macro_f1": 0.7688522365078416,
    "boundary_f1": 0.4495967741935484,
    "boundary_precision": 0.3926056338028169,
    "boundary_recall": 0.5259433962264151,
    "complete_segments": 0.351891110546996,
    "avg_segment_overlap": 0.6612347774848251,
    "verse_to_chorus_acc": 0.5132743362831859,
    "chorus_to_verse_acc": 0.47474747474747475,
    "window_diff": 0.3262584145974314,
    "pk_metric": 0.23728131633344293
  },
  "parameters": {
    "hidden_dim": 256,
    "num_layers": 1,
    "dropout": 0.2924261834826333,
    "attention_enabled": true,
    "attention_type": "localized",
    "attention_heads": 4,
    "attention_dropout": 0.2841485370923501,
    "max_epochs": 15,
    "batch_size": 32,
    "learning_rate": 0.0008428650014094005,
    "weight_decay": 0.023913605906902318,
    "scheduler": "cosine",
    "min_delta": 0.0008828899417010108,
    "gradient_clip_norm": 0.37516722114442574,
    "validation_strategy": "composite",
    "head_tail_words": 2,
    "boundary_weight": 1.8096352692771491,
    "label_smoothing": 0.2619114616613609,
    "segment_consistency_lambda": 0.029187735141671986,
    "conf_penalty_lambda": 0.005087927536235755,
    "conf_threshold": 0.9182245667324013,
    "entropy_lambda": 0.04235292748819635,
    "max_confidence_threshold": 0.9241216966446547,
    "min_chorus_rate": 0.061135789727655016,
    "max_chorus_rate": 0.7783848006598689,
    "max_conf_over_95_ratio": 0.17149488632624546,
    "head_ssm_enabled": true,
    "tail_ssm_enabled": true,
    "phonetic_ssm_enabled": true,
    "pos_ssm_enabled": true,
    "string_ssm_enabled": true,
    "syllable_pattern_ssm_enabled": true,
    "line_syllable_ssm_enabled": true,
    "word2vec_enabled": true,
    "contextual_enabled": true,
    "phonetic_mode": "combined",
    "phonetic_similarity_method": "binary",
    "phonetic_normalize": true,
    "phonetic_normalize_method": "minmax",
    "phonetic_high_sim_threshold": 0.27484166399358406,
    "pos_tagset": "universal",
    "pos_similarity_method": "combined",
    "pos_high_sim_threshold": 0.23711324619304344,
    "string_case_sensitive": false,
    "string_remove_punctuation": false,
    "string_similarity_threshold": 0.05854640873425529,
    "string_similarity_method": "jaccard",
    "syllable_pattern_similarity_method": "cosine",
    "syllable_pattern_levenshtein_weight": 0.7441645370939933,
    "syllable_pattern_cosine_weight": 0.21483704214862037,
    "syllable_pattern_normalize": true,
    "syllable_pattern_normalize_method": "zscore",
    "line_syllable_similarity_method": "cosine",
    "line_syllable_ratio_threshold": 0.09677666619914876,
    "line_syllable_normalize": true,
    "line_syllable_normalize_method": "minmax",
    "word2vec_mode": "complete",
    "word2vec_normalize": true,
    "word2vec_similarity_metric": "cosine",
    "word2vec_high_sim_threshold": 0.8276140391297809,
    "contextual_mode": "summary",
    "contextual_normalize": false,
    "contextual_similarity_metric": "dot",
    "contextual_high_sim_threshold": 0.6520978830344853
  },
  "config": {
    "hidden_dim": 256,
    "num_layers": 1,
    "layer_dropout": 0.0,
    "num_classes": 2,
    "dropout": 0.2924261834826333,
    "attention_enabled": true,
    "attention_type": "localized",
    "attention_heads": 4,
    "attention_dropout": 0.2841485370923501,
    "attention_dim": 256,
    "positional_encoding": true,
    "max_seq_length": 1000,
    "window_size": 7,
    "boundary_temperature": 2.0,
    "batch_size": 32,
    "learning_rate": 0.0008428650014094005,
    "weight_decay": 0.023913605906902318,
    "max_epochs": 15,
    "patience": 4,
    "gradient_clip_norm": 0.37516722114442574,
    "scheduler": "cosine",
    "min_lr": 1e-06,
    "cosine_t_max": 15,
    "warmup_epochs": 5,
    "lr_factor": 0.5,
    "lr_patience": 10,
    "step_size": 30,
    "step_gamma": 0.5,
    "cosine_t0": 10,
    "cosine_t_mult": 2,
    "min_delta": 0.0008828899417010108,
    "train_file": "data/train.jsonl",
    "val_file": "data/val.jsonl",
    "test_file": "data/test.jsonl",
    "weighted_sampling": true,
    "emergency_monitoring_enabled": true,
    "max_confidence_threshold": 0.9241216966446547,
    "min_chorus_rate": 0.061135789727655016,
    "max_chorus_rate": 0.7783848006598689,
    "max_conf_over_95_ratio": 0.17149488632624546,
    "val_overconf_threshold": 0.96,
    "val_f1_collapse_threshold": 0.1,
    "loss": {
      "loss_type": "boundary_aware",
      "boundary_weight": 1.8096352692771491,
      "label_smoothing": 0.2619114616613609,
      "segment_consistency_lambda": 0.029187735141671986,
      "conf_penalty_lambda": 0.005087927536235755,
      "conf_threshold": 0.9182245667324013,
      "entropy_lambda": 0.04235292748819635
    },
    "calibration_enabled": true,
    "calibration_methods": [
      "temperature",
      "platt"
    ],
    "validation_strategy": "composite",
    "head_ssm_enabled": true,
    "head_ssm_words": 2,
    "head_ssm_dimension": 12,
    "tail_ssm_enabled": true,
    "tail_ssm_words": 2,
    "tail_ssm_dimension": 12,
    "phonetic_ssm_enabled": true,
    "phonetic_ssm_mode": "combined",
    "phonetic_ssm_dimension": 12,
    "phonetic_ssm_similarity_method": "binary",
    "phonetic_ssm_normalize": true,
    "phonetic_ssm_normalize_method": "minmax",
    "phonetic_ssm_high_sim_threshold": 0.27484166399358406,
    "pos_ssm_enabled": true,
    "pos_ssm_tagset": "universal",
    "pos_ssm_similarity_method": "combined",
    "pos_ssm_high_sim_threshold": 0.23711324619304344,
    "pos_ssm_dimension": 12,
    "string_ssm_enabled": true,
    "string_ssm_case_sensitive": false,
    "string_ssm_remove_punctuation": false,
    "string_ssm_similarity_threshold": 0.05854640873425529,
    "string_ssm_similarity_method": "jaccard",
    "string_ssm_dimension": 12,
    "syllable_pattern_ssm_enabled": true,
    "syllable_pattern_ssm_similarity_method": "cosine",
    "syllable_pattern_ssm_levenshtein_weight": 0.7759784271488988,
    "syllable_pattern_ssm_cosine_weight": 0.2240215728511013,
    "syllable_pattern_ssm_normalize": true,
    "syllable_pattern_ssm_normalize_method": "zscore",
    "syllable_pattern_ssm_dimension": 12,
    "line_syllable_ssm_enabled": true,
    "line_syllable_ssm_similarity_method": "cosine",
    "line_syllable_ssm_ratio_threshold": 0.09677666619914876,
    "line_syllable_ssm_normalize": true,
    "line_syllable_ssm_normalize_method": "minmax",
    "line_syllable_ssm_dimension": 12,
    "word2vec_enabled": true,
    "word2vec_model": "word2vec-google-news-300",
    "word2vec_mode": "complete",
    "word2vec_normalize": true,
    "word2vec_similarity_metric": "cosine",
    "word2vec_high_sim_threshold": 0.8276140391297809,
    "contextual_enabled": true,
    "contextual_model": "all-MiniLM-L6-v2",
    "contextual_mode": "summary",
    "contextual_normalize": false,
    "contextual_similarity_metric": "dot",