{
  "metadata": {
    "model_info": {
      "hidden_dim": 256,
      "num_layers": 1,
      "dropout": 0.2924261834826333,
      "layer_dropout": 0.0,
      "attention_enabled": true,
      "attention_heads": 4,
      "attention_dropout": 0.2841485370923501,
      "attention_dim": 256,
      "positional_encoding": true,
      "max_seq_length": 1000,
      "total_params": 1867010,
      "lstm_params": 1339392,
      "attention_params": 526592,
      "classifier_params": 1026
    },
    "training_info": {
      "batch_size": 32,
      "learning_rate": 0.0008428650014094005,
      "scheduler": "cosine",
      "label_smoothing": 0.0,
      "weighted_sampling": true,
      "total_epochs": 15,
      "validation_strategy": "composite",
      "weight_decay": 0.023913605906902318,
      "gradient_clip_norm": 0.37516722114442574,
      "max_epochs": 15,
      "patience": 4
    },
    "calibration_info": {
      "temperature": {
        "ece_before": 0.10859637675268946,
        "ece_after": 0.02638771821157402,
        "improvement": 0.08220865854111545,
        "params": {
          "temperature": 0.5473433933770055
        }
      },
      "platt": {
        "ece_before": 0.10859637675268946,
        "ece_after": 0.039732953756754896,
        "improvement": 0.06886342299593456,
        "params": {
          "A": 1.5402016342673015,
          "B": 0.0
        }
      }
    }
  },
  "metrics": [
    {
      "epoch": 1,
      "train_loss": 0.5930278047919273,
      "train_chorus_rate": 0.4772109607234597,
      "train_max_prob": 0.618581822514534,
      "train_conf_over_90": 0.00029880478978157045,
      "train_conf_over_95": 0.0,
      "val_loss": 0.5598038136959076,
      "val_macro_f1": 0.4718152037740566,
      "val_verse_f1": 0.438090241343127,
      "val_chorus_f1": 0.5055401662049862,
      "val_chorus_rate": 0.764233335852623,
      "val_max_prob": 0.5697593688964844,
      "val_conf_over_90": 0.0,
      "val_conf_over_95": 0.0,
      "learning_rate": 0.0008336666163398838,
      "epoch_time": 110.62913823127747,
      "val_boundary_f1": 0.06942148760330578,
      "val_boundary_precision": 0.11602209944751381,
      "val_boundary_recall": 0.049528301886792456,
      "val_complete_segments": 0.024769179117005203,
      "val_avg_segment_overlap": 0.23092481132224515,
      "val_verse_to_chorus_acc": 0.061946902654867256,
      "val_chorus_to_verse_acc": 0.020202020202020204,
      "val_window_diff": 0.43969487788390604,
      "val_pk_metric": 0.4433469372519794
    },
    {
      "epoch": 2,
      "train_loss": 0.5346522316336632,
      "train_chorus_rate": 0.46550100594758986,
      "train_max_prob": 0.5841023206710816,
      "train_conf_over_90": 0.0,
      "train_conf_over_95": 0.0,
      "val_loss": 0.5445747524499893,
      "val_macro_f1": 0.6876391672087117,
      "val_verse_f1": 0.7769289533995416,
      "val_chorus_f1": 0.5983493810178817,
      "val_chorus_rate": 0.41501159220933914,
      "val_max_prob": 0.5696130692958832,
      "val_conf_over_90": 0.0,
      "val_conf_over_95": 0.0,
      "learning_rate": 0.00080647347469762,
      "epoch_time": 101.85041928291321,
      "val_boundary_f1": 0.30243024302430244,
      "val_boundary_precision": 0.2445414847161572,
      "val_boundary_recall": 0.39622641509433965,
      "val_complete_segments": 0.17786768930724392,
      "val_avg_segment_overlap": 0.5694627776838148,
      "val_verse_to_chorus_acc": 0.3805309734513274,
      "val_chorus_to_verse_acc": 0.3484848484848485,
      "val_window_diff": 0.4348168038302875,
      "val_pk_metric": 0.34002256700065603
    },
    {
      "epoch": 3,
      "train_loss": 0.5260371565818787,
      "train_chorus_rate": 0.5261030033230781,
      "train_max_prob": 0.6355091899633407,
      "train_conf_over_90": 0.001964651345042512,
      "train_conf_over_95": 3.5038540954701605e-05,
      "val_loss": 0.5452452003955841,
      "val_macro_f1": 0.46541710020467886,
      "val_verse_f1": 0.4060773480662984,
      "val_chorus_f1": 0.5247568523430592,
      "val_chorus_rate": 0.8118866533041,
      "val_max_prob": 0.6568497121334076,
      "val_conf_over_90": 0.001879576884675771,
      "val_conf_over_95": 0.0,
      "learning_rate": 0.0007624740472595474,
      "epoch_time": 101.91294622421265,
      "val_boundary_f1": 0.07644882860665843,
      "val_boundary_precision": 0.08010335917312661,
      "val_boundary_recall": 0.07311320754716981,
      "val_complete_segments": 0.01977425274084871,
      "val_avg_segment_overlap": 0.29242315822551723,
      "val_verse_to_chorus_acc": 0.035398230088495575,
      "val_chorus_to_verse_acc": 0.09595959595959595,
      "val_window_diff": 0.4466749009059188,
      "val_pk_metric": 0.3820959311558153
    },
    {
      "epoch": 4,
      "train_loss": 0.49964779913425444,
      "train_chorus_rate": 0.434970148652792,
      "train_max_prob": 0.6499337553977966,
      "train_conf_over_90": 0.0018146245856769383,
      "train_conf_over_95": 0.0,
      "val_loss": 0.5193817764520645,
      "val_macro_f1": 0.6499093295082035,
      "val_verse_f1": 0.6876524052316559,
      "val_chorus_f1": 0.6121662537847509,
      "val_chorus_rate": 0.5930391997098923,
      "val_max_prob": 0.6803888529539108,
      "val_conf_over_90": 0.015376975759863853,
      "val_conf_over_95": 0.0,
      "learning_rate": 0.0007035913201373869,
      "epoch_time": 102.50053215026855,
      "val_boundary_f1": 0.2602602602602603,
      "val_boundary_precision": 0.22608695652173913,
      "val_boundary_recall": 0.30660377358490565,
      "val_complete_segments": 0.13270308825717098,
      "val_avg_segment_overlap": 0.5299132656041539,
      "val_verse_to_chorus_acc": 0.27876106194690264,
      "val_chorus_to_verse_acc": 0.3181818181818182,
      "val_window_diff": 0.4673496927046242,
      "val_pk_metric": 0.3619130884134927
    },
    {
      "epoch": 5,
      "train_loss": 0.4896455600857735,
      "train_chorus_rate": 0.3860722191631794,
      "train_max_prob": 0.6642755955457688,
      "train_conf_over_90": 0.004385243321303278,
      "train_conf_over_95": 3.154574078507721e-05,
      "val_loss": 0.5191526412963867,
      "val_macro_f1": 0.7513068536160512,
      "val_verse_f1": 0.8503688092729188,
      "val_chorus_f1": 0.6522448979591837,
      "val_chorus_rate": 0.30324896425008774,
      "val_max_prob": 0.6849211156368256,
      "val_conf_over_90": 0.001166149420896545,
      "val_conf_over_95": 0.0,
      "learning_rate": 0.0006323987510570505,
      "epoch_time": 86.67467999458313,
      "val_boundary_f1": 0.41666666666666663,
      "val_boundary_precision": 0.3536184210526316,
      "val_boundary_recall": 0.5070754716981132,
      "val_complete_segments": 0.33152330864419943,
      "val_avg_segment_overlap": 0.6420703740687839,
      "val_verse_to_chorus_acc": 0.49557522123893805,
      "val_chorus_to_verse_acc": 0.4444444444444444,
      "val_window_diff": 0.36168081616940573,
      "val_pk_metric": 0.2528223463896429
    },
    {
      "epoch": 6,
      "train_loss": 0.4823776602745056,
      "train_chorus_rate": 0.3620588481426239,
      "train_max_prob": 0.6683474183082581,
      "train_conf_over_90": 0.006183444420457818,
      "train_conf_over_95": 0.0,
      "val_loss": 0.5185080543160439,
      "val_macro_f1": 0.6795065737367336,
      "val_verse_f1": 0.7305084745762711,
      "val_chorus_f1": 0.6285046728971962,
      "val_chorus_rate": 0.5420485436916351,
      "val_max_prob": 0.7233066260814667,
      "val_conf_over_90": 0.05490310676395893,
      "val_conf_over_95": 0.0,
      "learning_rate": 0.0005520077969071973,
      "epoch_time": 90.81230092048645,
      "val_boundary_f1": 0.3158995815899582,
      "val_boundary_precision": 0.28383458646616544,
      "val_boundary_recall": 0.3561320754716981,
      "val_complete_segments": 0.1926265608131992,
      "val_avg_segment_overlap": 0.5516585702626522,
      "val_verse_to_chorus_acc": 0.3407079646017699,
      "val_chorus_to_verse_acc": 0.3434343434343434,