{
  "trial_number": 2,
  "timestamp": 1755970435.419849,
  "boundary_f1": 0.19431279620853084,
  "line_f1": 0.0,
  "windowdiff": 1.0,
  "pk": 1.0,
  "val_loss": Infinity,
  "val_accuracy": 0.0,
  "weighted_f1": 0.0,
  "training_time": 1509.8920938968658,
  "training_time_minutes": 25.16486823161443,
  "total_params": 0,
  "actual_epochs": 12,
  "config_summary": {
    "attention_enabled": true,
    "hidden_dim": 256,
    "num_layers": 2,
    "max_epochs": 12,
    "batch_size": 64,
    "learning_rate": 0.0005956922327280767,
    "boundary_weight": 2.1394666368845128,
    "label_smoothing": 0.21852662017021918
  },
  "validation_strategy": "composite",
  "all_metrics": {
    "loss": 0.5429215133190155,
    "chorus_rate": 0.4198159724473953,
    "max_prob_mean": 0.6228793859481812,
    "confidence_over_90": 0.0,
    "confidence_over_95": 0.0,
    "verse_f1": 0.7537399309551208,
    "chorus_f1": 0.5617747440273038,
    "macro_f1": 0.6577573374912122,
    "boundary_f1": 0.19431279620853084,
    "boundary_precision": 0.19523809523809524,
    "boundary_recall": 0.19339622641509435,
    "complete_segments": 0.07393438697318008,
    "avg_segment_overlap": 0.4495727386443483,
    "verse_to_chorus_acc": 0.17256637168141592,
    "chorus_to_verse_acc": 0.18181818181818182,
    "window_diff": 0.4171263059228624,
    "pk_metric": 0.3557137287037556
  },
  "parameters": {
    "hidden_dim": 256,
    "num_layers": 2,
    "dropout": 0.29616254224068694,
    "layer_dropout": 0.20673195274160727,
    "attention_enabled": true,
    "attention_heads": 8,
    "attention_dropout": 0.11495981424532142,
    "max_epochs": 12,
    "batch_size": 64,
    "learning_rate": 0.0005956922327280767,
    "weight_decay": 0.007034122927341671,
    "scheduler": "cosine",
    "min_delta": 0.0001468002698208038,
    "gradient_clip_norm": 0.46508980485730844,
    "validation_strategy": "composite",
    "head_tail_words": 4,
    "boundary_weight": 2.1394666368845128,
    "label_smoothing": 0.21852662017021918,
    "segment_consistency_lambda": 0.02786732307913993,
    "conf_penalty_lambda": 0.006599984489295595,
    "conf_threshold": 0.9048724202961976,
    "entropy_lambda": 0.059346388598367536,
    "max_confidence_threshold": 0.9255807031466707,
    "min_chorus_rate": 0.12124364581092485,
    "max_chorus_rate": 0.8646063979123292,
    "max_conf_over_95_ratio": 0.10901714218897102,
    "head_ssm_enabled": true,
    "tail_ssm_enabled": true,
    "phonetic_ssm_enabled": false,
    "pos_ssm_enabled": false,
    "string_ssm_enabled": true,
    "syllable_pattern_ssm_enabled": false,
    "line_syllable_ssm_enabled": true,
    "word2vec_enabled": false,
    "contextual_enabled": true,
    "phonetic_mode": "alliteration",
    "phonetic_similarity_method": "edit_distance",
    "phonetic_normalize": true,
    "phonetic_normalize_method": "zscore",
    "phonetic_high_sim_threshold": 0.32329173147055323,
    "pos_tagset": "simplified",
    "pos_similarity_method": "position",
    "pos_high_sim_threshold": 0.29275079228603124,
    "string_case_sensitive": false,
    "string_remove_punctuation": false,
    "string_similarity_threshold": 0.04535024806946186,
    "string_similarity_method": "jaccard",
    "syllable_pattern_similarity_method": "combined",
    "syllable_pattern_levenshtein_weight": 0.7212234940231966,
    "syllable_pattern_cosine_weight": 0.2925546944883715,
    "syllable_pattern_normalize": true,
    "syllable_pattern_normalize_method": "minmax",
    "line_syllable_similarity_method": "cosine",
    "line_syllable_ratio_threshold": 0.07150094928432776,
    "line_syllable_normalize": true,
    "line_syllable_normalize_method": "minmax",
    "word2vec_mode": "complete",
    "word2vec_normalize": false,
    "word2vec_similarity_metric": "dot",
    "word2vec_high_sim_threshold": 0.7578528166594727,
    "contextual_mode": "summary",
    "contextual_normalize": true,
    "contextual_similarity_metric": "cosine",
    "contextual_high_sim_threshold": 0.6911983434237903
  },
  "config": {
    "hidden_dim": 256,
    "num_layers": 2,
    "layer_dropout": 0.20673195274160727,
    "num_classes": 2,
    "dropout": 0.29616254224068694,
    "attention_enabled": true,
    "attention_type": "boundary_aware",
    "attention_heads": 8,
    "attention_dropout": 0.11495981424532142,
    "attention_dim": 256,
    "positional_encoding": true,
    "max_seq_length": 1000,
    "window_size": 7,
    "boundary_temperature": 2.0,
    "batch_size": 64,
    "learning_rate": 0.0005956922327280767,
    "weight_decay": 0.007034122927341671,
    "max_epochs": 12,
    "patience": 4,
    "gradient_clip_norm": 0.46508980485730844,
    "scheduler": "cosine",
    "min_lr": 1e-06,
    "cosine_t_max": 12,
    "warmup_epochs": 5,
    "lr_factor": 0.5,
    "lr_patience": 10,
    "step_size": 30,
    "step_gamma": 0.5,
    "cosine_t0": 10,
    "cosine_t_mult": 2,
    "min_delta": 0.0001468002698208038,
    "train_file": "data/train.jsonl",
    "val_file": "data/val.jsonl",
    "test_file": "data/test.jsonl",
    "weighted_sampling": true,
    "emergency_monitoring_enabled": true,
    "max_confidence_threshold": 0.9255807031466707,
    "min_chorus_rate": 0.12124364581092485,
    "max_chorus_rate": 0.8646063979123292,
    "max_conf_over_95_ratio": 0.10901714218897102,
    "val_overconf_threshold": 0.96,
    "val_f1_collapse_threshold": 0.1,
    "loss": {
      "loss_type": "boundary_aware",
      "boundary_weight": 2.1394666368845128,
      "label_smoothing": 0.21852662017021918,
      "segment_consistency_lambda": 0.02786732307913993,
      "conf_penalty_lambda": 0.006599984489295595,
      "conf_threshold": 0.9048724202961976,
      "entropy_lambda": 0.059346388598367536
    },
    "calibration_enabled": true,
    "calibration_methods": [
      "temperature",
      "platt"
    ],
    "validation_strategy": "composite",
    "head_ssm_enabled": true,
    "head_ssm_words": 4,
    "head_ssm_dimension": 12,
    "tail_ssm_enabled": true,
    "tail_ssm_words": 4,
    "tail_ssm_dimension": 12,
    "phonetic_ssm_enabled": false,
    "phonetic_ssm_mode": "alliteration",
    "phonetic_ssm_dimension": 12,
    "phonetic_ssm_similarity_method": "edit_distance",
    "phonetic_ssm_normalize": true,
    "phonetic_ssm_normalize_method": "zscore",
    "phonetic_ssm_high_sim_threshold": 0.32329173147055323,
    "pos_ssm_enabled": false,
    "pos_ssm_tagset": "simplified",
    "pos_ssm_similarity_method": "position",
    "pos_ssm_high_sim_threshold": 0.29275079228603124,
    "pos_ssm_dimension": 12,
    "string_ssm_enabled": true,
    "string_ssm_case_sensitive": false,
    "string_ssm_remove_punctuation": false,
    "string_ssm_similarity_threshold": 0.04535024806946186,
    "string_ssm_similarity_method": "jaccard",
    "string_ssm_dimension": 12,
    "syllable_pattern_ssm_enabled": false,
    "syllable_pattern_ssm_similarity_method": "combined",
    "syllable_pattern_ssm_levenshtein_weight": 0.7114213959190608,
    "syllable_pattern_ssm_cosine_weight": 0.2885786040809391,
    "syllable_pattern_ssm_normalize": true,
    "syllable_pattern_ssm_normalize_method": "minmax",
    "syllable_pattern_ssm_dimension": 12,
    "line_syllable_ssm_enabled": true,
    "line_syllable_ssm_similarity_method": "cosine",
    "line_syllable_ssm_ratio_threshold": 0.07150094928432776,
    "line_syllable_ssm_normalize": true,
    "line_syllable_ssm_normalize_method": "minmax",
    "line_syllable_ssm_dimension": 12,
    "word2vec_enabled": false,
    "word2vec_model": "word2vec-google-news-300",
    "word2vec_mode": "complete",
    "word2vec_normalize": false,
    "word2vec_similarity_metric": "dot",
    "word2vec_high_sim_threshold": 0.7578528166594727,
    "contextual_enabled": true,
    "contextual_model": "all-MiniLM-L6-v2",
    "contextual_mode": "summary",
    "contextual_normalize": true,
    "contextual_similarity_metric": "cosine",
    "contextual_high_sim_threshold": 0.6911983434237903
  }
}