{
  "metadata": {
    "model_info": {
      "hidden_dim": 256,
      "num_layers": 2,
      "dropout": 0.29616254224068694,
      "layer_dropout": 0.20673195274160727,
      "attention_enabled": true,
      "attention_heads": 8,
      "attention_dropout": 0.11495981424532142,
      "attention_dim": 256,
      "positional_encoding": true,
      "max_seq_length": 1000,
      "total_params": 2788867,
      "lstm_params": 2228224,
      "attention_params": 559617,
      "classifier_params": 1026
    },
    "training_info": {
      "batch_size": 64,
      "learning_rate": 0.0005956922327280767,
      "scheduler": "cosine",
      "label_smoothing": 0.0,
      "weighted_sampling": true,
      "total_epochs": 12,
      "validation_strategy": "composite",
      "weight_decay": 0.007034122927341671,
      "gradient_clip_norm": 0.46508980485730844,
      "max_epochs": 12,
      "patience": 4
    },
    "calibration_info": {
      "temperature": {
        "ece_before": 0.07167211466254793,
        "ece_after": 0.03118522296895682,
        "improvement": 0.04048689169359111,
        "params": {
          "temperature": 0.6064281823247074
        }
      },
      "platt": {
        "ece_before": 0.07167211466254793,
        "ece_after": 0.07167212023950512,
        "improvement": -5.576957187725107e-09,
        "params": {
          "A": 0.9999997991558279,
          "B": 0.0
        }
      }
    }
  },
  "metrics": [
    {
      "epoch": 1,
      "train_loss": 0.6051837027072906,
      "train_chorus_rate": 0.6295652446802705,
      "train_max_prob": 0.6028815388679505,
      "train_conf_over_90": 0.0,
      "train_conf_over_95": 0.0,
      "val_loss": 0.5832005739212036,
      "val_macro_f1": 0.5284298208731923,
      "val_verse_f1": 0.6576715497301465,
      "val_chorus_f1": 0.39918809201623817,
      "val_chorus_rate": 0.42605090141296387,
      "val_max_prob": 0.5353518724441528,
      "val_conf_over_90": 0.0,
      "val_conf_over_95": 0.0,
      "learning_rate": 0.0005855604095068175,
      "epoch_time": 155.62701511383057,
      "val_boundary_f1": 0.06557377049180327,
      "val_boundary_precision": 0.144,
      "val_boundary_recall": 0.04245283018867924,
      "val_complete_segments": 0.003651819923371647,
      "val_avg_segment_overlap": 0.21464184665321295,
      "val_verse_to_chorus_acc": 0.05309734513274336,
      "val_chorus_to_verse_acc": 0.0,
      "val_window_diff": 0.47334892134302375,
      "val_pk_metric": 0.4998421106884689
    },
    {
      "epoch": 2,
      "train_loss": 0.5565664589405059,
      "train_chorus_rate": 0.37593166845617815,
      "train_max_prob": 0.5605448722839356,
      "train_conf_over_90": 0.0,
      "train_conf_over_95": 0.0,
      "val_loss": 0.5839095711708069,
      "val_macro_f1": 0.5475027549794331,
      "val_verse_f1": 0.6997427416391032,
      "val_chorus_f1": 0.39526276831976315,
      "val_chorus_rate": 0.36360807716846466,
      "val_max_prob": 0.5400457680225372,
      "val_conf_over_90": 0.0,
      "val_conf_over_95": 0.0,
      "learning_rate": 0.0005558554068519394,
      "epoch_time": 116.51608896255493,
      "val_boundary_f1": 0.06629834254143646,
      "val_boundary_precision": 0.15126050420168066,
      "val_boundary_recall": 0.04245283018867924,
      "val_complete_segments": 0.003651819923371647,
      "val_avg_segment_overlap": 0.21973085363494296,
      "val_verse_to_chorus_acc": 0.061946902654867256,
      "val_chorus_to_verse_acc": 0.0,
      "val_window_diff": 0.43225709028910053,
      "val_pk_metric": 0.4533572329608596
    },
    {
      "epoch": 3,
      "train_loss": 0.5458308160305023,
      "train_chorus_rate": 0.597520625591278,
      "train_max_prob": 0.55623077750206,
      "train_conf_over_90": 0.0,
      "train_conf_over_95": 0.0,
      "val_loss": 0.5797451436519623,
      "val_macro_f1": 0.5084797806117054,
      "val_verse_f1": 0.5516930022573364,
      "val_chorus_f1": 0.46526655896607433,
      "val_chorus_rate": 0.6120109856128693,
      "val_max_prob": 0.556540459394455,
      "val_conf_over_90": 0.0,
      "val_conf_over_95": 0.0,
      "learning_rate": 0.000508601571604534,
      "epoch_time": 107.38200116157532,
      "val_boundary_f1": 0.06509945750452079,
      "val_boundary_precision": 0.13953488372093023,
      "val_boundary_recall": 0.04245283018867924,
      "val_complete_segments": 0.01670258620689655,
      "val_avg_segment_overlap": 0.21426058328231917,
      "val_verse_to_chorus_acc": 0.05752212389380531,
      "val_chorus_to_verse_acc": 0.0,
      "val_window_diff": 0.4501075831201421,
      "val_pk_metric": 0.4626170831950528
    },
    {
      "epoch": 4,
      "train_loss": 0.5537251174449921,
      "train_chorus_rate": 0.6631023198366165,
      "train_max_prob": 0.5653731226921082,
      "train_conf_over_90": 0.0,
      "train_conf_over_95": 0.0,
      "val_loss": 0.5750109553337097,
      "val_macro_f1": 0.5287137899742866,
      "val_verse_f1": 0.5942216472617508,
      "val_chorus_f1": 0.4632059326868226,
      "val_chorus_rate": 0.5615796148777008,
      "val_max_prob": 0.5552219152450562,
      "val_conf_over_90": 0.0,
      "val_conf_over_95": 0.0,
      "learning_rate": 0.00044701917454605745,
      "epoch_time": 95.22628688812256,
      "val_boundary_f1": 0.07567567567567568,
      "val_boundary_precision": 0.16030534351145037,
      "val_boundary_recall": 0.049528301886792456,
      "val_complete_segments": 0.053220785440613025,
      "val_avg_segment_overlap": 0.2289984175219586,
      "val_verse_to_chorus_acc": 0.05309734513274336,
      "val_chorus_to_verse_acc": 0.025252525252525252,
      "val_window_diff": 0.341316171861466,
      "val_pk_metric": 0.33412935080489825
    },
    {
      "epoch": 5,
      "train_loss": 0.5290305376052856,
      "train_chorus_rate": 0.4468813970685005,
      "train_max_prob": 0.5869123280048371,
      "train_conf_over_90": 0.0,
      "train_conf_over_95": 0.0,
      "val_loss": 0.5809438526630402,
      "val_macro_f1": 0.4845182222455645,
      "val_verse_f1": 0.5005953798523457,
      "val_chorus_f1": 0.4684410646387833,
      "val_chorus_rate": 0.6688611209392548,
      "val_max_prob": 0.5753193497657776,
      "val_conf_over_90": 0.0,
      "val_conf_over_95": 0.0,
      "learning_rate": 0.00037530495426632175,
      "epoch_time": 100.35989189147949,
      "val_boundary_f1": 0.061433447098976114,
      "val_boundary_precision": 0.1111111111111111,
      "val_boundary_recall": 0.04245283018867924,
      "val_complete_segments": 0.029214559386973177,
      "val_avg_segment_overlap": 0.20209734606619606,
      "val_verse_to_chorus_acc": 0.048672566371681415,
      "val_chorus_to_verse_acc": 0.010101010101010102,
      "val_window_diff": 0.41783144091049096,
      "val_pk_metric": 0.4036174745955283
    },
    {
      "epoch": 6,
      "train_loss": 0.5426851332187652,
      "train_chorus_rate": 0.5722706586122512,
      "train_max_prob": 0.5671086847782135,
      "train_conf_over_90": 0.0,
      "train_conf_over_95": 0.0,
      "val_loss": 0.5769773423671722,
      "val_macro_f1": 0.6105594035060599,
      "val_verse_f1": 0.7555476020042949,
      "val_chorus_f1": 0.46557120500782473,
      "val_chorus_rate": 0.3279403746128082,
      "val_max_prob": 0.5603008568286896,
      "val_conf_over_90": 0.0,
      "val_conf_over_95": 0.0,
      "learning_rate": 0.0002983461163640383,
      "epoch_time": 99.17714405059814,
      "val_boundary_f1": 0.16352201257861634,
      "val_boundary_precision": 0.24528301886792453,
      "val_boundary_recall": 0.12264150943396226,
      "val_complete_segments": 0.08279454022988506,
      "val_avg_segment_overlap": 0.31034214830667606,
      "val_verse_to_chorus_acc": 0.11061946902654868,
      "val_chorus_to_verse_acc": 0.12121212121212122,
      "val_window_diff": 0.3144775426493184,
      "val_pk_metric": 0.30529757264679114
    },
    {
      "epoch": 7,
      "train_loss": 0.5358798205852509,
      "train_chorus_rate": 0.5777277410030365,