{
  "trial_number": 53,
  "timestamp": 1756167652.726607,
  "boundary_f1": 0.42526315789473684,
  "line_f1": 0.763241066933587,
  "macro_f1": 0.763241066933587,
  "verse_f1": 0.8652823065042047,
  "chorus_f1": 0.6611998273629692,
  "windowdiff": 0.293586704339283,
  "pk": 0.22457553385880746,
  "val_loss": 0.519795298576355,
  "val_accuracy": 0.0,
  "weighted_f1": 0.0,
  "training_time": 1053.9140033721924,
  "training_time_minutes": 17.56523338953654,
  "total_params": 0,
  "actual_epochs": 15,
  "config_summary": {
    "attention_enabled": true,
    "hidden_dim": 256,
    "num_layers": 2,
    "max_epochs": 15,
    "batch_size": 32,
    "learning_rate": 0.0008184932505037184,
    "boundary_weight": 2.140796643422447,
    "label_smoothing": 0.1880077793075912
  },
  "validation_strategy": "boundary_f1",
  "all_metrics": {
    "loss": 0.519795298576355,
    "chorus_rate": 0.2696729637682438,
    "max_prob_mean": 0.6772810965776443,
    "confidence_over_90": 0.0004625346919056028,
    "confidence_over_95": 0.0,
    "verse_f1": 0.8652823065042047,
    "chorus_f1": 0.6611998273629692,
    "macro_f1": 0.763241066933587,
    "boundary_f1": 0.42526315789473684,
    "boundary_precision": 0.3840304182509506,
    "boundary_recall": 0.47641509433962265,
    "complete_segments": 0.2800586793428787,
    "avg_segment_overlap": 0.6573275025166507,
    "verse_to_chorus_acc": 0.3893805309734513,
    "chorus_to_verse_acc": 0.4898989898989899,
    "window_diff": 0.293586704339283,
    "pk_metric": 0.22457553385880746
  },
  "parameters": {
    "hidden_dim": 256,
    "num_layers": 2,
    "dropout": 0.1976989055723333,
    "layer_dropout": 0.21859423962551347,
    "attention_enabled": true,
    "attention_heads": 8,
    "attention_dropout": 0.10669315723091116,
    "max_epochs": 15,
    "batch_size": 32,
    "learning_rate": 0.0008184932505037184,
    "weight_decay": 0.020459311770501695,
    "scheduler": "cosine",
    "min_delta": 0.0005394053291700267,
    "gradient_clip_norm": 0.45555334869504716,
    "validation_strategy": "boundary_f1",
    "head_tail_words": 4,
    "boundary_weight": 2.140796643422447,
    "label_smoothing": 0.1880077793075912,
    "segment_consistency_lambda": 0.018599447341254512,
    "conf_penalty_lambda": 0.012199685105386928,
    "conf_threshold": 0.9497184626181873,
    "entropy_lambda": 0.03387058874952824,
    "max_confidence_threshold": 0.9504630917984958,
    "min_chorus_rate": 0.08083423491362224,
    "max_chorus_rate": 0.8272487311296268,
    "max_conf_over_95_ratio": 0.18960570757325773,
    "head_ssm_enabled": true,
    "tail_ssm_enabled": false,
    "phonetic_ssm_enabled": true,
    "pos_ssm_enabled": false,
    "string_ssm_enabled": false,
    "syllable_pattern_ssm_enabled": true,
    "line_syllable_ssm_enabled": true,
    "word2vec_enabled": false,
    "contextual_enabled": false,
    "phonetic_mode": "rhyme",
    "phonetic_similarity_method": "binary",
    "phonetic_normalize": false,
    "phonetic_normalize_method": "zscore",
    "phonetic_high_sim_threshold": 0.34676261681369497,
    "pos_tagset": "universal",
    "pos_similarity_method": "position",
    "pos_high_sim_threshold": 0.31929378555741406,
    "string_case_sensitive": true,
    "string_remove_punctuation": true,
    "string_similarity_threshold": 0.05664487733234309,
    "string_similarity_method": "word_overlap",
    "syllable_pattern_similarity_method": "levenshtein",
    "syllable_pattern_levenshtein_weight": 0.6702114791921087,
    "syllable_pattern_cosine_weight": 0.2289152530499619,
    "syllable_pattern_normalize": false,
    "syllable_pattern_normalize_method": "minmax",
    "line_syllable_similarity_method": "cosine",
    "line_syllable_ratio_threshold": 0.1034371538288227,
    "line_syllable_normalize": false,
    "line_syllable_normalize_method": "minmax",
    "word2vec_mode": "complete",
    "word2vec_normalize": true,
    "word2vec_similarity_metric": "dot",
    "word2vec_high_sim_threshold": 0.7729560852206836,
    "contextual_mode": "complete",
    "contextual_normalize": false,
    "contextual_similarity_metric": "dot",
    "contextual_high_sim_threshold": 0.6814135207394364
  },
  "config": {
    "hidden_dim": 256,
    "num_layers": 2,
    "layer_dropout": 0.21859423962551347,
    "num_classes": 2,
    "dropout": 0.1976989055723333,
    "attention_enabled": true,
    "attention_type": "boundary_aware",
    "attention_heads": 8,
    "attention_dropout": 0.10669315723091116,
    "attention_dim": 256,
    "positional_encoding": true,
    "max_seq_length": 1000,
    "window_size": 7,
    "boundary_temperature": 2.0,
    "batch_size": 32,
    "learning_rate": 0.0008184932505037184,
    "weight_decay": 0.020459311770501695,
    "max_epochs": 15,
    "patience": 4,
    "gradient_clip_norm": 0.45555334869504716,
    "scheduler": "cosine",
    "min_lr": 1e-06,
    "cosine_t_max": 15,
    "warmup_epochs": 5,
    "lr_factor": 0.5,
    "lr_patience": 10,
    "step_size": 30,
    "step_gamma": 0.5,
    "cosine_t0": 10,
    "cosine_t_mult": 2,
    "min_delta": 0.0005394053291700267,
    "train_file": "data/train.jsonl",
    "val_file": "data/val.jsonl",
    "test_file": "data/test.jsonl",
    "weighted_sampling": true,
    "emergency_monitoring_enabled": true,
    "max_confidence_threshold": 0.9504630917984958,
    "min_chorus_rate": 0.08083423491362224,
    "max_chorus_rate": 0.8272487311296268,
    "max_conf_over_95_ratio": 0.18960570757325773,
    "val_overconf_threshold": 0.96,
    "val_f1_collapse_threshold": 0.1,
    "loss": {
      "loss_type": "boundary_aware",
      "boundary_weight": 2.140796643422447,
      "label_smoothing": 0.1880077793075912,
      "segment_consistency_lambda": 0.018599447341254512,
      "conf_penalty_lambda": 0.012199685105386928,
      "conf_threshold": 0.9497184626181873,
      "entropy_lambda": 0.03387058874952824
    },
    "calibration_enabled": true,
    "calibration_methods": [
      "temperature",
      "platt"
    ],
    "validation_strategy": "boundary_f1",
    "head_ssm_enabled": true,
    "head_ssm_words": 4,
    "head_ssm_dimension": 12,
    "tail_ssm_enabled": false,
    "tail_ssm_words": 4,
    "tail_ssm_dimension": 12,
    "phonetic_ssm_enabled": true,
    "phonetic_ssm_mode": "rhyme",
    "phonetic_ssm_dimension": 12,
    "phonetic_ssm_similarity_method": "binary",
    "phonetic_ssm_normalize": false,
    "phonetic_ssm_normalize_method": "zscore",
    "phonetic_ssm_high_sim_threshold": 0.34676261681369497,
    "pos_ssm_enabled": false,
    "pos_ssm_tagset": "universal",
    "pos_ssm_similarity_method": "position",
    "pos_ssm_high_sim_threshold": 0.31929378555741406,
    "pos_ssm_dimension": 12,
    "string_ssm_enabled": false,
    "string_ssm_case_sensitive": true,
    "string_ssm_remove_punctuation": true,
    "string_ssm_similarity_threshold": 0.05664487733234309,
    "string_ssm_similarity_method": "word_overlap",
    "string_ssm_dimension": 12,
    "syllable_pattern_ssm_enabled": true,
    "syllable_pattern_ssm_similarity_method": "levenshtein",
    "syllable_pattern_ssm_levenshtein_weight": 0.7454026836916118,
    "syllable_pattern_ssm_cosine_weight": 0.25459731630838817,
    "syllable_pattern_ssm_normalize": false,
    "syllable_pattern_ssm_normalize_method": "minmax",
    "syllable_pattern_ssm_dimension": 12,
    "line_syllable_ssm_enabled": true,
    "line_syllable_ssm_similarity_method": "cosine",
    "line_syllable_ssm_ratio_threshold": 0.1034371538288227,
    "line_syllable_ssm_normalize": false,
    "line_syllable_ssm_normalize_method": "minmax",
    "line_syllable_ssm_dimension": 12,
    "word2vec_enabled": false,
    "word2vec_model": "word2vec-google-news-300",
    "word2vec_mode": "complete",
    "word2vec_normalize": true,
    "word2vec_similarity_metric": "dot",
    "word2vec_high_sim_threshold": 0.7729560852206836,
    "contextual_enabled": false,
    "contextual_model": "all-MiniLM-L6-v2",
    "contextual_mode": "complete",
    "contextual_normalize": false,