{
  "metadata": {
    "model_info": {
      "hidden_dim": 256,
      "num_layers": 2,
      "dropout": 0.1976989055723333,
      "layer_dropout": 0.21859423962551347,
      "attention_enabled": true,
      "attention_heads": 8,
      "attention_dropout": 0.10669315723091116,
      "attention_dim": 256,
      "positional_encoding": true,
      "max_seq_length": 1000,
      "total_params": 2764291,
      "lstm_params": 2203648,
      "attention_params": 559617,
      "classifier_params": 1026
    },
    "training_info": {
      "batch_size": 32,
      "learning_rate": 0.0008184932505037184,
      "scheduler": "cosine",
      "label_smoothing": 0.0,
      "weighted_sampling": true,
      "total_epochs": 15,
      "validation_strategy": "boundary_f1",
      "weight_decay": 0.020459311770501695,
      "gradient_clip_norm": 0.45555334869504716,
      "max_epochs": 15,
      "patience": 4
    },
    "calibration_info": {
      "temperature": {
        "ece_before": 0.12994387994697848,
        "ece_after": 0.02208995962541089,
        "improvement": 0.1078539203215676,
        "params": {
          "temperature": 0.4852593718799875
        }
      },
      "platt": {
        "ece_before": 0.12994387994697848,
        "ece_after": 0.03692979803253955,
        "improvement": 0.09301408191443894,
        "params": {
          "A": 1.7479370253316793,
          "B": 0.0
        }
      }
    }
  },
  "metrics": [
    {
      "epoch": 1,
      "train_loss": 0.6058453232049942,
      "train_chorus_rate": 0.44554121151159054,
      "train_max_prob": 0.5814263492822647,
      "train_conf_over_90": 0.003505535051226616,
      "train_conf_over_95": 0.0,
      "val_loss": 0.5936869829893112,
      "val_macro_f1": 0.39551272057682685,
      "val_verse_f1": 0.2932308601832693,
      "val_chorus_f1": 0.49779458097038437,
      "val_chorus_rate": 0.8694033324718475,
      "val_max_prob": 0.5917654484510422,
      "val_conf_over_90": 0.0,
      "val_conf_over_95": 0.0,
      "learning_rate": 0.0008095611560500053,
      "epoch_time": 70.26578378677368,
      "val_boundary_f1": 0.05100182149362477,
      "val_boundary_precision": 0.112,
      "val_boundary_recall": 0.0330188679245283,
      "val_complete_segments": 0.02374276829473012,
      "val_avg_segment_overlap": 0.1754991972520145,
      "val_verse_to_chorus_acc": 0.05752212389380531,
      "val_chorus_to_verse_acc": 0.0,
      "val_window_diff": 0.4251782688838821,
      "val_pk_metric": 0.4270899453342281
    },
    {
      "epoch": 2,
      "train_loss": 0.5658965796232224,
      "train_chorus_rate": 0.5557078397832811,
      "train_max_prob": 0.5703565955162049,
      "train_conf_over_90": 0.0,
      "train_conf_over_95": 0.0,
      "val_loss": 0.6208673268556595,
      "val_macro_f1": 0.471621726831547,
      "val_verse_f1": 0.8230088495575222,
      "val_chorus_f1": 0.12023460410557185,
      "val_chorus_rate": 0.03515027230605483,
      "val_max_prob": 0.6016299575567245,
      "val_conf_over_90": 0.0,
      "val_conf_over_95": 0.0,
      "learning_rate": 0.0007831552480774375,
      "epoch_time": 57.09135389328003,
      "val_boundary_f1": 0.08438818565400845,
      "val_boundary_precision": 0.4,
      "val_boundary_recall": 0.04716981132075472,
      "val_complete_segments": 0.0748067280278309,
      "val_avg_segment_overlap": 0.20046559080350299,
      "val_verse_to_chorus_acc": 0.05309734513274336,
      "val_chorus_to_verse_acc": 0.03535353535353535,
      "val_window_diff": 0.2663096254231885,
      "val_pk_metric": 0.27256385697937363
    },
    {
      "epoch": 3,
      "train_loss": 0.5755070209503174,
      "train_chorus_rate": 0.493215762055479,
      "train_max_prob": 0.5743534326553345,
      "train_conf_over_90": 0.0,
      "train_conf_over_95": 0.0,
      "val_loss": 0.5892525762319565,
      "val_macro_f1": 0.5602823853225136,
      "val_verse_f1": 0.6444032158317872,
      "val_chorus_f1": 0.4761615548132402,
      "val_chorus_rate": 0.5103916153311729,
      "val_max_prob": 0.5485879629850388,
      "val_conf_over_90": 0.0,
      "val_conf_over_95": 0.0,
      "learning_rate": 0.0007404295914740213,
      "epoch_time": 41.89246106147766,
      "val_boundary_f1": 0.07763975155279502,
      "val_boundary_precision": 0.11363636363636363,
      "val_boundary_recall": 0.0589622641509434,
      "val_complete_segments": 0.04354489696483334,
      "val_avg_segment_overlap": 0.25063312078854666,
      "val_verse_to_chorus_acc": 0.05752212389380531,
      "val_chorus_to_verse_acc": 0.04040404040404041,
      "val_window_diff": 0.43740123908037026,
      "val_pk_metric": 0.43492272212283833
    },
    {
      "epoch": 4,
      "train_loss": 0.5561519891023636,
      "train_chorus_rate": 0.5402188837528229,
      "train_max_prob": 0.5739871710538864,
      "train_conf_over_90": 0.0,
      "train_conf_over_95": 0.0,
      "val_loss": 0.5748516619205475,
      "val_macro_f1": 0.5347062344061648,
      "val_verse_f1": 0.5679578271831309,
      "val_chorus_f1": 0.5014546416291986,
      "val_chorus_rate": 0.631473571062088,
      "val_max_prob": 0.5835408717393875,
      "val_conf_over_90": 0.0,
      "val_conf_over_95": 0.0,
      "learning_rate": 0.0006832515024537727,
      "epoch_time": 46.50933027267456,
      "val_boundary_f1": 0.07902735562310031,
      "val_boundary_precision": 0.1111111111111111,
      "val_boundary_recall": 0.06132075471698113,
      "val_complete_segments": 0.03287338050063395,
      "val_avg_segment_overlap": 0.24945630388489737,
      "val_verse_to_chorus_acc": 0.048672566371681415,
      "val_chorus_to_verse_acc": 0.06060606060606061,
      "val_window_diff": 0.44073581239275467,
      "val_pk_metric": 0.4236534789710892
    },
    {
      "epoch": 5,
      "train_loss": 0.5384137406945229,
      "train_chorus_rate": 0.459077475219965,
      "train_max_prob": 0.6248213052749634,
      "train_conf_over_90": 0.0009114350046729669,
      "train_conf_over_95": 0.0,
      "val_loss": 0.5392249152064323,
      "val_macro_f1": 0.698039605226277,
      "val_verse_f1": 0.7835406698564594,
      "val_chorus_f1": 0.6125385405960945,
      "val_chorus_rate": 0.4179028421640396,
      "val_max_prob": 0.6271519362926483,
      "val_conf_over_90": 0.0,
      "val_conf_over_95": 0.0,
      "learning_rate": 0.0006141199378777888,
      "epoch_time": 45.99923515319824,
      "val_boundary_f1": 0.3343051506316812,
      "val_boundary_precision": 0.28429752066115704,
      "val_boundary_recall": 0.4056603773584906,
      "val_complete_segments": 0.18824806096810337,
      "val_avg_segment_overlap": 0.5863827639006488,
      "val_verse_to_chorus_acc": 0.35398230088495575,
      "val_chorus_to_verse_acc": 0.40404040404040403,
      "val_window_diff": 0.4183317970404452,
      "val_pk_metric": 0.3227413160288054
    },
    {
      "epoch": 6,
      "train_loss": 0.5184097155928612,
      "train_chorus_rate": 0.4082203179597855,
      "train_max_prob": 0.6531443864107132,
      "train_conf_over_90": 0.006900917063467205,
      "train_conf_over_95": 6.195786991156638e-05,
      "val_loss": 0.542641706764698,
      "val_macro_f1": 0.5761866908643831,
      "val_verse_f1": 0.6027270626299976,
      "val_chorus_f1": 0.5496463190987687,
      "val_chorus_rate": 0.637628361582756,
      "val_max_prob": 0.6807631850242615,
      "val_conf_over_90": 0.03457021899521351,
      "val_conf_over_95": 0.0024973528052214533,
      "learning_rate": 0.0005360562788480917,
      "epoch_time": 40.3729681968689,
      "val_boundary_f1": 0.1486910994764398,
      "val_boundary_precision": 0.1337099811676083,
      "val_boundary_recall": 0.16745283018867924,
      "val_complete_segments": 0.04479581649518023,
      "val_avg_segment_overlap": 0.4377153645542804,
      "val_verse_to_chorus_acc": 0.12831858407079647,
      "val_chorus_to_verse_acc": 0.17676767676767677,
      "val_window_diff": 0.5227441198616074,
      "val_pk_metric": 0.43511467451878705
    },
    {
      "epoch": 7,