{
  "trial_number": 2,
  "trial_id": "cnn_trial_0002",
  "model_type": "CNN",
  "training_score": 0.5269968203412273,
  "optuna_objective": 0.3044315992292871,
  "validation_metrics": {
    "line_f1": 0.6718089290293662,
    "boundary_f1": 0.3044315992292871,
    "macro_f1": 0.6718089290293662,
    "verse_f1": 0.718796992481203,
    "chorus_f1": 0.6248208655775294,
    "boundary_precision": 0.25732899022801303,
    "boundary_recall": 0.37264150943396224,
    "window_diff": 0.4371195811433039,
    "pk_metric": 0.34011505708776435,
    "confidence": 0.7145853936672211,
    "val_loss": 0.4996587932109833
  },
  "all_results": {
    "line_f1": 0.6718089290293662,
    "boundary_f1": 0.3044315992292871,
    "macro_f1": 0.6718089290293662,
    "verse_f1": 0.718796992481203,
    "chorus_f1": 0.6248208655775294,
    "boundary_precision": 0.25732899022801303,
    "boundary_recall": 0.37264150943396224,
    "window_diff": 0.4371195811433039,
    "pk_metric": 0.34011505708776435,
    "confidence": 0.7145853936672211,
    "val_loss": 0.4996587932109833
  },
  "parameters": {
    "hidden_dim": 256,
    "num_layers": 2,
    "dropout": 0.3467759185614175,
    "layer_dropout": 0.12615496435074872,
    "cnn_kernel_sizes": "3,7,11",
    "cnn_dilation_rates": "1,3,9",
    "cnn_use_residual": true,
    "cnn_batch_multiplier": 1.1289708138575778,
    "attention_enabled": false,
    "max_epochs": 8,
    "batch_size": 64,
    "learning_rate": 0.0007950932329069357,
    "weight_decay": 0.013851248876920989,
    "scheduler": "onecycle",
    "min_delta": 0.000728696122081537,
    "gradient_clip_norm": 0.9279771819668039,
    "validation_strategy": "cnn_composite",
    "boundary_weight": 2.0420699824975244,
    "label_smoothing": 0.15808143570473068,
    "segment_consistency_lambda": 0.023985541885270793,
    "conf_penalty_lambda": 0.00803214529829795,
    "conf_threshold": 0.920275911548499,
    "entropy_lambda": 0.022029430857320644,
    "max_confidence_threshold": 0.9132700353821611,
    "min_chorus_rate": 0.050101231676924374,
    "max_chorus_rate": 0.8296484830850499,
    "max_conf_over_95_ratio": 0.06646201368099759,
    "head_ssm_enabled": true,
    "tail_ssm_enabled": false,
    "phonetic_ssm_enabled": false,
    "pos_ssm_enabled": true,
    "string_ssm_enabled": true,
    "syllable_pattern_ssm_enabled": true,
    "line_syllable_ssm_enabled": true,
    "word2vec_enabled": false,
    "contextual_enabled": false,
    "head_tail_words": 3,
    "phonetic_mode": "rhyme",
    "phonetic_similarity": "binary",
    "phonetic_threshold": 0.3145472295907168,
    "pos_tagset": "penn",
    "pos_similarity": "jaccard",
    "pos_threshold": 0.26281841483173146,
    "string_similarity": "word_overlap",
    "string_threshold": 0.050888977841391715
  },
  "duration_minutes": 0
}