{
  "metadata": {
    "model_info": {
      "hidden_dim": 256,
      "num_layers": 1,
      "dropout": 0.16160864979184558,
      "layer_dropout": 0.3,
      "attention_enabled": true,
      "attention_heads": 8,
      "attention_dropout": 0.1801791433282895,
      "attention_dim": 256,
      "positional_encoding": true,
      "max_seq_length": 1000,
      "total_params": 1228034,
      "lstm_params": 700416,
      "attention_params": 526592,
      "classifier_params": 1026
    },
    "training_info": {
      "batch_size": 32,
      "learning_rate": 0.0009364363515835176,
      "scheduler": "cosine",
      "label_smoothing": 0.0,
      "weighted_sampling": true,
      "total_epochs": 15,
      "validation_strategy": "composite",
      "weight_decay": 0.018187351635761986,
      "gradient_clip_norm": 0.34503498859907583,
      "max_epochs": 15,
      "patience": 8
    },
    "calibration_info": {
      "temperature": {
        "ece_before": 0.14471728527417121,
        "ece_after": 0.02009426815570688,
        "improvement": 0.12462301711846434,
        "params": {
          "temperature": 0.41567668975963307
        }
      },
      "platt": {
        "ece_before": 0.14471728527417121,
        "ece_after": 0.07907357473797319,
        "improvement": 0.06564371053619802,
        "params": {
          "A": 1.499999945048427,
          "B": 0.0
        }
      }
    }
  },
  "metrics": [
    {
      "epoch": 1,
      "train_loss": 0.5563412085175514,
      "train_chorus_rate": 0.5079426742624491,
      "train_max_prob": 0.584814390540123,
      "train_conf_over_90": 0.0,
      "train_conf_over_95": 0.0,
      "val_loss": 0.5935966670513153,
      "val_macro_f1": 0.42930810126717966,
      "val_verse_f1": 0.8210281054317752,
      "val_chorus_f1": 0.037588097102584185,
      "val_chorus_rate": 0.013994654756970704,
      "val_max_prob": 0.5988423824310303,
      "val_conf_over_90": 0.0,
      "val_conf_over_95": 0.0,
      "learning_rate": 0.0009352970136147222,
      "epoch_time": 66.31977319717407,
      "val_boundary_f1": 0.008620689655172414,
      "val_boundary_precision": 0.05,
      "val_boundary_recall": 0.0047169811320754715,
      "val_complete_segments": 0.0532656463462402,
      "val_avg_segment_overlap": 0.1707137165513971,
      "val_verse_to_chorus_acc": 0.004424778761061947,
      "val_chorus_to_verse_acc": 0.0,
      "val_window_diff": 0.28973713046164334,
      "val_pk_metric": 0.2816820950740775
    },
    {
      "epoch": 2,
      "train_loss": 0.5412174448370933,
      "train_chorus_rate": 0.49588662418536844,
      "train_max_prob": 0.6006902992725373,
      "train_conf_over_90": 0.0,
      "train_conf_over_95": 0.0,
      "val_loss": 0.5746778696775436,
      "val_macro_f1": 0.6036261147966121,
      "val_verse_f1": 0.8200158856235108,
      "val_chorus_f1": 0.38723634396971335,
      "val_chorus_rate": 0.15480855107307434,
      "val_max_prob": 0.5832047164440155,
      "val_conf_over_90": 0.0,
      "val_conf_over_95": 0.0,
      "learning_rate": 0.000931884550448394,
      "epoch_time": 61.769227027893066,
      "val_boundary_f1": 0.27923627684964203,
      "val_boundary_precision": 0.2826086956521739,
      "val_boundary_recall": 0.2759433962264151,
      "val_complete_segments": 0.14677845357855962,
      "val_avg_segment_overlap": 0.38939611926540874,
      "val_verse_to_chorus_acc": 0.2610619469026549,
      "val_chorus_to_verse_acc": 0.20707070707070707,
      "val_window_diff": 0.3971441782452034,
      "val_pk_metric": 0.3149442723714214
    },
    {
      "epoch": 3,
      "train_loss": 0.520397900044918,
      "train_chorus_rate": 0.37977503687143327,
      "train_max_prob": 0.6170780122280121,
      "train_conf_over_90": 0.0010157780925510451,
      "train_conf_over_95": 0.0,
      "val_loss": 0.522772952914238,
      "val_macro_f1": 0.6868655000869575,
      "val_verse_f1": 0.7586895725129844,
      "val_chorus_f1": 0.6150414276609305,
      "val_chorus_rate": 0.47222737967967987,
      "val_max_prob": 0.6256670504808426,
      "val_conf_over_90": 0.0011759620974771678,
      "val_conf_over_95": 0.0,
      "learning_rate": 0.00092621558726206,
      "epoch_time": 53.91236972808838,
      "val_boundary_f1": 0.3070866141732283,
      "val_boundary_precision": 0.2635135135135135,
      "val_boundary_recall": 0.36792452830188677,
      "val_complete_segments": 0.1537023806111823,
      "val_avg_segment_overlap": 0.5591051702270491,
      "val_verse_to_chorus_acc": 0.28761061946902655,
      "val_chorus_to_verse_acc": 0.3888888888888889,
      "val_window_diff": 0.40517815066749524,
      "val_pk_metric": 0.3068256418084264
    },
    {
      "epoch": 4,
      "train_loss": 0.4936794310808182,
      "train_chorus_rate": 0.4066280983388424,
      "train_max_prob": 0.6675625950098037,
      "train_conf_over_90": 0.02319103041663766,
      "train_conf_over_95": 0.0014081062632612883,
      "val_loss": 0.5312539488077164,
      "val_macro_f1": 0.6005624200643691,
      "val_verse_f1": 0.6238106289162219,
      "val_chorus_f1": 0.5773142112125164,
      "val_chorus_rate": 0.6421339958906174,
      "val_max_prob": 0.7085175514221191,
      "val_conf_over_90": 0.08235935773700476,
      "val_conf_over_95": 0.018636181019246578,
      "learning_rate": 0.0009183177426745216,
      "epoch_time": 54.79577922821045,
      "val_boundary_f1": 0.21298174442190673,
      "val_boundary_precision": 0.18683274021352314,
      "val_boundary_recall": 0.24764150943396226,
      "val_complete_segments": 0.1124368100110412,
      "val_avg_segment_overlap": 0.4899089665449971,
      "val_verse_to_chorus_acc": 0.24336283185840707,
      "val_chorus_to_verse_acc": 0.2222222222222222,
      "val_window_diff": 0.5025853342310823,
      "val_pk_metric": 0.4017970643606533
    },
    {
      "epoch": 5,
      "train_loss": 0.5114345327019691,
      "train_chorus_rate": 0.42728569991886617,
      "train_max_prob": 0.6758564203977585,
      "train_conf_over_90": 0.023691990846418775,
      "train_conf_over_95": 0.0019699151569511743,
      "val_loss": 0.5257350355386734,
      "val_macro_f1": 0.741840669245388,
      "val_verse_f1": 0.8602693602693603,
      "val_chorus_f1": 0.6234119782214157,
      "val_chorus_rate": 0.24229376763105392,
      "val_max_prob": 0.6841547042131424,
      "val_conf_over_90": 0.0011913100606761873,
      "val_conf_over_95": 0.0,
      "learning_rate": 0.0009082294941907209,
      "epoch_time": 48.760685205459595,
      "val_boundary_f1": 0.39763779527559057,
      "val_boundary_precision": 0.34121621621621623,
      "val_boundary_recall": 0.47641509433962265,
      "val_complete_segments": 0.273454199541156,
      "val_avg_segment_overlap": 0.627590002781942,
      "val_verse_to_chorus_acc": 0.4026548672566372,
      "val_chorus_to_verse_acc": 0.46464646464646464,
      "val_window_diff": 0.3364861525223152,
      "val_pk_metric": 0.2520286310383351
    },
    {
      "epoch": 6,
      "train_loss": 0.4930383950471878,
      "train_chorus_rate": 0.32622692808508874,
      "train_max_prob": 0.6703013896942138,
      "train_conf_over_90": 0.01568802262772806,
      "train_conf_over_95": 0.0013892218674300238,
      "val_loss": 0.5183519944548607,
      "val_macro_f1": 0.704515102203223,
      "val_verse_f1": 0.7733067729083667,
      "val_chorus_f1": 0.6357234314980794,
      "val_chorus_rate": 0.46866244077682495,
      "val_max_prob": 0.7188512682914734,
      "val_conf_over_90": 0.08008473552763462,
      "val_conf_over_95": 0.01886808662675321,
      "learning_rate": 0.0008959999907432035,
      "epoch_time": 61.545721769332886,
      "val_boundary_f1": 0.31633714880332986,
      "val_boundary_precision": 0.28305400372439476,
      "val_boundary_recall": 0.3584905660377358,
      "val_complete_segments": 0.1771382748450617,
      "val_avg_segment_overlap": 0.5854080291476222,
      "val_verse_to_chorus_acc": 0.3008849557522124,
      "val_chorus_to_verse_acc": 0.3838383838383838,