{
  "trial_number": 86,
  "timestamp": 1756216008.105377,
  "boundary_f1": 0.34017595307917886,
  "line_f1": 0.7069985372066914,
  "macro_f1": 0.7069985372066914,
  "verse_f1": 0.832272492688801,
  "chorus_f1": 0.5817245817245817,
  "windowdiff": 0.33050663041639605,
  "pk": 0.26516721768133883,
  "val_loss": 0.5447978377342224,
  "val_accuracy": 0.0,
  "weighted_f1": 0.0,
  "training_time": 1250.1581292152405,
  "training_time_minutes": 20.835968820254006,
  "total_params": 0,
  "actual_epochs": 15,
  "config_summary": {
    "attention_enabled": true,
    "hidden_dim": 256,
    "num_layers": 2,
    "max_epochs": 15,
    "batch_size": 32,
    "learning_rate": 0.0007725900993139319,
    "boundary_weight": 1.908546208186663,
    "label_smoothing": 0.18288280430338694
  },
  "validation_strategy": "composite",
  "all_metrics": {
    "loss": 0.5447978377342224,
    "chorus_rate": 0.27362189441919327,
    "max_prob_mean": 0.6757891923189163,
    "confidence_over_90": 0.0,
    "confidence_over_95": 0.0,
    "verse_f1": 0.832272492688801,
    "chorus_f1": 0.5817245817245817,
    "macro_f1": 0.7069985372066914,
    "boundary_f1": 0.34017595307917886,
    "boundary_precision": 0.2904841402337229,
    "boundary_recall": 0.41037735849056606,
    "complete_segments": 0.2046120503172465,
    "avg_segment_overlap": 0.5697729173294726,
    "verse_to_chorus_acc": 0.36283185840707965,
    "chorus_to_verse_acc": 0.3787878787878788,
    "window_diff": 0.33050663041639605,
    "pk_metric": 0.26516721768133883
  },
  "parameters": {
    "hidden_dim": 256,
    "num_layers": 2,
    "dropout": 0.1818126876317751,
    "layer_dropout": 0.2064825154701128,
    "attention_enabled": true,
    "attention_type": "self",
    "attention_heads": 4,
    "attention_dropout": 0.19518632032511046,
    "max_epochs": 15,
    "batch_size": 32,
    "learning_rate": 0.0007725900993139319,
    "weight_decay": 0.015129805651861302,
    "scheduler": "cosine",
    "min_delta": 0.0001592438471512071,
    "gradient_clip_norm": 0.3328566133883913,
    "validation_strategy": "composite",
    "head_tail_words": 4,
    "boundary_weight": 1.908546208186663,
    "label_smoothing": 0.18288280430338694,
    "segment_consistency_lambda": 0.026022204482468378,
    "conf_penalty_lambda": 0.012281171007676707,
    "conf_threshold": 0.9366632722688608,
    "entropy_lambda": 0.036607884129204286,
    "max_confidence_threshold": 0.9188212376544246,
    "min_chorus_rate": 0.06872490891698439,
    "max_chorus_rate": 0.7562374746519258,
    "max_conf_over_95_ratio": 0.0730987621228962,
    "head_ssm_enabled": false,
    "tail_ssm_enabled": false,
    "phonetic_ssm_enabled": true,
    "pos_ssm_enabled": true,
    "string_ssm_enabled": false,
    "syllable_pattern_ssm_enabled": true,
    "line_syllable_ssm_enabled": false,
    "word2vec_enabled": false,
    "contextual_enabled": false,
    "phonetic_mode": "rhyme",
    "phonetic_similarity_method": "sequence_match",
    "phonetic_normalize": false,
    "phonetic_normalize_method": "zscore",
    "phonetic_high_sim_threshold": 0.33305126243903127,
    "pos_tagset": "universal",
    "pos_similarity_method": "lcs",
    "pos_high_sim_threshold": 0.23988273143091818,
    "string_case_sensitive": true,
    "string_remove_punctuation": true,
    "string_similarity_threshold": 0.05270686796296863,
    "string_similarity_method": "word_overlap",
    "syllable_pattern_similarity_method": "cosine",
    "syllable_pattern_levenshtein_weight": 0.653918398259661,
    "syllable_pattern_cosine_weight": 0.22543395578392422,
    "syllable_pattern_normalize": false,
    "syllable_pattern_normalize_method": "minmax",
    "line_syllable_similarity_method": "cosine",
    "line_syllable_ratio_threshold": 0.1066657805666893,
    "line_syllable_normalize": false,
    "line_syllable_normalize_method": "zscore",
    "word2vec_mode": "summary",
    "word2vec_normalize": true,
    "word2vec_similarity_metric": "cosine",
    "word2vec_high_sim_threshold": 0.7833303284609265,
    "contextual_mode": "complete",
    "contextual_normalize": false,
    "contextual_similarity_metric": "dot",
    "contextual_high_sim_threshold": 0.6741204695200587
  },
  "config": {
    "hidden_dim": 256,
    "num_layers": 2,
    "layer_dropout": 0.2064825154701128,
    "num_classes": 2,
    "dropout": 0.1818126876317751,
    "attention_enabled": true,
    "attention_type": "self",
    "attention_heads": 4,
    "attention_dropout": 0.19518632032511046,
    "attention_dim": 256,
    "positional_encoding": true,
    "max_seq_length": 1000,
    "window_size": 7,
    "boundary_temperature": 2.0,
    "batch_size": 32,
    "learning_rate": 0.0007725900993139319,
    "weight_decay": 0.015129805651861302,
    "max_epochs": 15,
    "patience": 4,
    "gradient_clip_norm": 0.3328566133883913,
    "scheduler": "cosine",
    "min_lr": 1e-06,
    "cosine_t_max": 15,
    "warmup_epochs": 5,
    "lr_factor": 0.5,
    "lr_patience": 10,
    "step_size": 30,
    "step_gamma": 0.5,
    "cosine_t0": 10,
    "cosine_t_mult": 2,
    "min_delta": 0.0001592438471512071,
    "train_file": "data/train.jsonl",
    "val_file": "data/val.jsonl",
    "test_file": "data/test.jsonl",
    "weighted_sampling": true,
    "emergency_monitoring_enabled": true,
    "max_confidence_threshold": 0.9188212376544246,
    "min_chorus_rate": 0.06872490891698439,
    "max_chorus_rate": 0.7562374746519258,
    "max_conf_over_95_ratio": 0.0730987621228962,
    "val_overconf_threshold": 0.96,
    "val_f1_collapse_threshold": 0.1,
    "loss": {
      "loss_type": "boundary_aware",
      "boundary_weight": 1.908546208186663,
      "label_smoothing": 0.18288280430338694,
      "segment_consistency_lambda": 0.026022204482468378,
      "conf_penalty_lambda": 0.012281171007676707,
      "conf_threshold": 0.9366632722688608,
      "entropy_lambda": 0.036607884129204286
    },
    "calibration_enabled": true,
    "calibration_methods": [
      "temperature",
      "platt"
    ],
    "validation_strategy": "composite",
    "head_ssm_enabled": false,
    "head_ssm_words": 4,
    "head_ssm_dimension": 12,
    "tail_ssm_enabled": false,
    "tail_ssm_words": 4,
    "tail_ssm_dimension": 12,
    "phonetic_ssm_enabled": true,
    "phonetic_ssm_mode": "rhyme",
    "phonetic_ssm_dimension": 12,
    "phonetic_ssm_similarity_method": "sequence_match",
    "phonetic_ssm_normalize": false,
    "phonetic_ssm_normalize_method": "zscore",
    "phonetic_ssm_high_sim_threshold": 0.33305126243903127,
    "pos_ssm_enabled": true,
    "pos_ssm_tagset": "universal",
    "pos_ssm_similarity_method": "lcs",
    "pos_ssm_high_sim_threshold": 0.23988273143091818,
    "pos_ssm_dimension": 12,
    "string_ssm_enabled": false,
    "string_ssm_case_sensitive": true,
    "string_ssm_remove_punctuation": true,
    "string_ssm_similarity_threshold": 0.05270686796296863,
    "string_ssm_similarity_method": "word_overlap",
    "string_ssm_dimension": 12,
    "syllable_pattern_ssm_enabled": true,
    "syllable_pattern_ssm_similarity_method": "cosine",
    "syllable_pattern_ssm_levenshtein_weight": 0.743636376536327,
    "syllable_pattern_ssm_cosine_weight": 0.2563636234636731,
    "syllable_pattern_ssm_normalize": false,
    "syllable_pattern_ssm_normalize_method": "minmax",
    "syllable_pattern_ssm_dimension": 12,
    "line_syllable_ssm_enabled": false,
    "line_syllable_ssm_similarity_method": "cosine",
    "line_syllable_ssm_ratio_threshold": 0.1066657805666893,
    "line_syllable_ssm_normalize": false,
    "line_syllable_ssm_normalize_method": "zscore",
    "line_syllable_ssm_dimension": 12,
    "word2vec_enabled": false,
    "word2vec_model": "word2vec-google-news-300",
    "word2vec_mode": "summary",
    "word2vec_normalize": true,
    "word2vec_similarity_metric": "cosine",
    "word2vec_high_sim_threshold": 0.7833303284609265,
    "contextual_enabled": false,
    "contextual_model": "all-MiniLM-L6-v2",
    "contextual_mode": "complete",
    "contextual_normalize": false,