{
  "metadata": {
    "model_info": {
      "hidden_dim": 256,
      "num_layers": 2,
      "dropout": 0.1818126876317751,
      "layer_dropout": 0.2064825154701128,
      "attention_enabled": true,
      "attention_heads": 4,
      "attention_dropout": 0.19518632032511046,
      "attention_dim": 256,
      "positional_encoding": true,
      "max_seq_length": 1000,
      "total_params": 2706690,
      "lstm_params": 2179072,
      "attention_params": 526592,
      "classifier_params": 1026
    },
    "training_info": {
      "batch_size": 32,
      "learning_rate": 0.0007725900993139319,
      "scheduler": "cosine",
      "label_smoothing": 0.0,
      "weighted_sampling": true,
      "total_epochs": 15,
      "validation_strategy": "composite",
      "weight_decay": 0.015129805651861302,
      "gradient_clip_norm": 0.3328566133883913,
      "max_epochs": 15,
      "patience": 4
    },
    "calibration_info": {
      "temperature": {
        "ece_before": 0.08464912278303229,
        "ece_after": 0.03603860036212006,
        "improvement": 0.048610522420912225,
        "params": {
          "temperature": 0.6552426683717543
        }
      },
      "platt": {
        "ece_before": 0.08464912278303229,
        "ece_after": 0.03781987300731814,
        "improvement": 0.04682924977571414,
        "params": {
          "A": 1.4943636230032435,
          "B": 0.0
        }
      }
    }
  },
  "metrics": [
    {
      "epoch": 1,
      "train_loss": 0.565417030453682,
      "train_chorus_rate": 0.42355988584458826,
      "train_max_prob": 0.5690704792737961,
      "train_conf_over_90": 0.0,
      "train_conf_over_95": 0.0,
      "val_loss": 0.5801776498556137,
      "val_macro_f1": 0.527563762216585,
      "val_verse_f1": 0.7702790395846851,
      "val_chorus_f1": 0.28484848484848485,
      "val_chorus_rate": 0.18620886281132698,
      "val_max_prob": 0.5540791451931,
      "val_conf_over_90": 0.0,
      "val_conf_over_95": 0.0,
      "learning_rate": 0.0007641595518539067,
      "epoch_time": 100.1321189403534,
      "val_boundary_f1": 0.06896551724137931,
      "val_boundary_precision": 0.1836734693877551,
      "val_boundary_recall": 0.04245283018867924,
      "val_complete_segments": 0.01882548167012642,
      "val_avg_segment_overlap": 0.21198497741395406,
      "val_verse_to_chorus_acc": 0.048672566371681415,
      "val_chorus_to_verse_acc": 0.0,
      "val_window_diff": 0.37006567541808094,
      "val_pk_metric": 0.38567638438946594
    },
    {
      "epoch": 2,
      "train_loss": 0.5499412074685097,
      "train_chorus_rate": 0.41612547151744367,
      "train_max_prob": 0.5694746911525727,
      "train_conf_over_90": 0.0,
      "train_conf_over_95": 0.0,
      "val_loss": 0.5836871415376663,
      "val_macro_f1": 0.5466468867614888,
      "val_verse_f1": 0.731239092495637,
      "val_chorus_f1": 0.36205468102734056,
      "val_chorus_rate": 0.29284122958779335,
      "val_max_prob": 0.5641807615756989,
      "val_conf_over_90": 0.0,
      "val_conf_over_95": 0.0,
      "learning_rate": 0.0007392363648520889,
      "epoch_time": 47.2060489654541,
      "val_boundary_f1": 0.04580152671755725,
      "val_boundary_precision": 0.12,
      "val_boundary_recall": 0.02830188679245283,
      "val_complete_segments": 0.05348657246854489,
      "val_avg_segment_overlap": 0.22323966651851732,
      "val_verse_to_chorus_acc": 0.01327433628318584,
      "val_chorus_to_verse_acc": 0.025252525252525252,
      "val_window_diff": 0.31614692461715144,
      "val_pk_metric": 0.31853341535653434
    },
    {
      "epoch": 3,
      "train_loss": 0.5569755151867867,
      "train_chorus_rate": 0.43217584848753177,
      "train_max_prob": 0.57643723487854,
      "train_conf_over_90": 0.0,
      "train_conf_over_95": 0.0,
      "val_loss": 0.5731476098299026,
      "val_macro_f1": 0.5455896687944738,
      "val_verse_f1": 0.678944370609455,
      "val_chorus_f1": 0.4122349669794925,
      "val_chorus_rate": 0.4073755145072937,
      "val_max_prob": 0.5434340983629227,
      "val_conf_over_90": 0.0,
      "val_conf_over_95": 0.0,
      "learning_rate": 0.0006989098011751782,
      "epoch_time": 105.91066908836365,
      "val_boundary_f1": 0.07079646017699115,
      "val_boundary_precision": 0.14184397163120568,
      "val_boundary_recall": 0.04716981132075472,
      "val_complete_segments": 0.0537074985908496,
      "val_avg_segment_overlap": 0.2388786394138444,
      "val_verse_to_chorus_acc": 0.05309734513274336,
      "val_chorus_to_verse_acc": 0.030303030303030304,
      "val_window_diff": 0.31261281144799696,
      "val_pk_metric": 0.321321479665092
    },
    {
      "epoch": 4,
      "train_loss": 0.5441649079322814,
      "train_chorus_rate": 0.4031751859060023,
      "train_max_prob": 0.5581716656684875,
      "train_conf_over_90": 0.0,
      "train_conf_over_95": 0.0,
      "val_loss": 0.57393479347229,
      "val_macro_f1": 0.5313756113559334,
      "val_verse_f1": 0.6027280477408355,
      "val_chorus_f1": 0.4600231749710313,
      "val_chorus_rate": 0.5488388687372208,
      "val_max_prob": 0.5634990185499191,
      "val_conf_over_90": 0.0,
      "val_conf_over_95": 0.0,
      "learning_rate": 0.0006449423251641775,
      "epoch_time": 51.39614486694336,
      "val_boundary_f1": 0.05839416058394161,
      "val_boundary_precision": 0.12903225806451613,
      "val_boundary_recall": 0.03773584905660377,
      "val_complete_segments": 0.05507724054913875,
      "val_avg_segment_overlap": 0.2228314655400693,
      "val_verse_to_chorus_acc": 0.03982300884955752,
      "val_chorus_to_verse_acc": 0.005050505050505051,
      "val_window_diff": 0.3145789607418995,
      "val_pk_metric": 0.3183671993083485
    },
    {
      "epoch": 5,
      "train_loss": 0.5424442186951637,
      "train_chorus_rate": 0.46512354831211267,
      "train_max_prob": 0.5677061885595321,
      "train_conf_over_90": 0.0,
      "train_conf_over_95": 0.0,
      "val_loss": 0.571425050497055,
      "val_macro_f1": 0.5434511349371771,
      "val_verse_f1": 0.6275404396515969,
      "val_chorus_f1": 0.4593618302227574,
      "val_chorus_rate": 0.5169309005141258,
      "val_max_prob": 0.5390623658895493,
      "val_conf_over_90": 0.0,
      "val_conf_over_95": 0.0,
      "learning_rate": 0.000579692574485449,
      "epoch_time": 117.71160387992859,
      "val_boundary_f1": 0.0749185667752443,
      "val_boundary_precision": 0.12105263157894737,
      "val_boundary_recall": 0.054245283018867926,
      "val_complete_segments": 0.06413021300348978,
      "val_avg_segment_overlap": 0.24858224751973163,
      "val_verse_to_chorus_acc": 0.05752212389380531,
      "val_chorus_to_verse_acc": 0.020202020202020204,
      "val_window_diff": 0.3145523588821107,
      "val_pk_metric": 0.31648444687273036
    },
    {
      "epoch": 6,
      "train_loss": 0.5444080084562302,
      "train_chorus_rate": 0.5413972213864326,
      "train_max_prob": 0.5699687778949738,
      "train_conf_over_90": 0.0,
      "train_conf_over_95": 0.0,
      "val_loss": 0.5790820866823196,
      "val_macro_f1": 0.3815760987693906,
      "val_verse_f1": 0.2899971173248775,
      "val_chorus_f1": 0.4731550802139037,
      "val_chorus_rate": 0.8481563776731491,
      "val_max_prob": 0.6035085618495941,
      "val_conf_over_90": 0.0,
      "val_conf_over_95": 0.0,
      "learning_rate": 0.0005060122763466953,
      "epoch_time": 103.67751979827881,
      "val_boundary_f1": 0.02397260273972603,
      "val_boundary_precision": 0.04375,
      "val_boundary_recall": 0.01650943396226415,
      "val_complete_segments": 0.01446187514586242,
      "val_avg_segment_overlap": 0.14756372386708777,
      "val_verse_to_chorus_acc": 0.030973451327433628,
      "val_chorus_to_verse_acc": 0.0,
      "val_window_diff": 0.47161238056078514,
      "val_pk_metric": 0.4405598485479213
    },
    {
      "epoch": 7,
      "train_loss": 0.5427261769771576,
      "train_chorus_rate": 0.5111481633211952,
      "train_max_prob": 0.5826707512140274,