{
  "metadata": {
    "model_info": {
      "architecture": "CNN",
      "hidden_dim": 128,
      "num_layers": 2,
      "dropout": 0.3842810256530799,
      "layer_dropout": 0.17675161631734992,
      "kernel_sizes": [
        3,
        5
      ],
      "dilation_rates": [
        1,
        2,
        4
      ],
      "use_residual": true,
      "attention_enabled": false,
      "attention_type": "self",
      "attention_heads": 4,
      "total_params": 136834,
      "cnn_params": 131840,
      "attention_params": 0
    },
    "training_info": {
      "batch_size": 32,
      "learning_rate": 0.0007771901374109088,
      "scheduler": "onecycle",
      "scheduler_type": "step",
      "validation_strategy": "line_f1",
      "total_epochs": 12,
      "early_stopping_mode": "cnn_calibration",
      "convergence_window": 5
    },
    "calibration_info": {
      "temperature": {
        "ece_before": 0.08004158470333207,
        "ece_after": 0.016799796277507113,
        "improvement": 0.06324178842582495,
        "params": {
          "temperature": 0.6100556433539771
        }
      },
      "platt": {
        "ece_before": 0.08004158470333207,
        "ece_after": 0.022717171851801738,
        "improvement": 0.05732441285153034,
        "params": {
          "A": 1.5062458230097469,
          "B": 0.0
        }
      }
    }
  },
  "metrics": [
    {
      "epoch": 1,
      "train_loss": 0.5663107832272848,
      "train_chorus_rate": 0.20681173540651798,
      "train_max_prob": 0.5408650835355123,
      "train_conf_over_90": 0.0,
      "train_conf_over_95": 0.0,
      "val_loss": 0.5963066816329956,
      "val_macro_f1": 0.5765525963123794,
      "val_verse_f1": 0.8009630818619583,
      "val_chorus_f1": 0.35214211076280044,
      "val_chorus_rate": 0.1722821705043316,
      "val_max_prob": 0.5486801117658615,
      "val_conf_over_90": 0.0,
      "val_conf_over_95": 0.0,
      "learning_rate": 3.570605533590387e-05,
      "epoch_time": 173.91194319725037,
      "val_boundary_f1": 0.15566037735849056,
      "val_boundary_precision": 0.15566037735849056,
      "val_boundary_recall": 0.15566037735849056,
      "val_complete_segments": 0.043841086928537276,
      "val_avg_segment_overlap": 0.3300330435630571,
      "val_verse_to_chorus_acc": 0.17699115044247787,
      "val_chorus_to_verse_acc": 0.07575757575757576,
      "val_window_diff": 0.40248733244312007,
      "val_pk_metric": 0.3596808639649544,
      "cnn_receptive_field_usage": 0.4,
      "cnn_gradient_norm": 5.970657524135378,
      "cnn_effective_layers": 2
    },
    {
      "epoch": 2,
      "train_loss": 0.5596368941995833,
      "train_chorus_rate": 0.4164878659778171,
      "train_max_prob": 0.5524242089854347,
      "train_conf_over_90": 0.0,
      "train_conf_over_95": 0.0,
      "val_loss": 0.5718444436788559,
      "val_macro_f1": 0.6569524641390716,
      "val_verse_f1": 0.772284506524536,
      "val_chorus_f1": 0.5416204217536071,
      "val_chorus_rate": 0.3661889061331749,
      "val_max_prob": 0.5811116844415665,
      "val_conf_over_90": 0.0,
      "val_conf_over_95": 0.0,
      "learning_rate": 4.9447050175117956e-05,
      "epoch_time": 125.3263168334961,
      "val_boundary_f1": 0.266137040714995,
      "val_boundary_precision": 0.22984562607204118,
      "val_boundary_recall": 0.3160377358490566,
      "val_complete_segments": 0.11401095111993821,
      "val_avg_segment_overlap": 0.5080795779897678,
      "val_verse_to_chorus_acc": 0.2079646017699115,
      "val_chorus_to_verse_acc": 0.36363636363636365,
      "val_window_diff": 0.4303264916899531,
      "val_pk_metric": 0.3614563950402676,
      "cnn_receptive_field_usage": 0.4,
      "cnn_gradient_norm": 1.353759980863995,
      "cnn_effective_layers": 2
    },
    {
      "epoch": 3,
      "train_loss": 0.523332354095247,
      "train_chorus_rate": 0.34739964703718823,
      "train_max_prob": 0.596699164973365,
      "train_conf_over_90": 0.0,
      "train_conf_over_95": 0.0,
      "val_loss": 0.5531313717365265,
      "val_macro_f1": 0.6761408953018033,
      "val_verse_f1": 0.7845446182152713,
      "val_chorus_f1": 0.5677371723883352,
      "val_chorus_rate": 0.36725300550460815,
      "val_max_prob": 0.6307357251644135,
      "val_conf_over_90": 0.0,
      "val_conf_over_95": 0.0,
      "learning_rate": 7.197035744445357e-05,
      "epoch_time": 120.71799087524414,
      "val_boundary_f1": 0.2732673267326733,
      "val_boundary_precision": 0.2354948805460751,
      "val_boundary_recall": 0.32547169811320753,
      "val_complete_segments": 0.14739077614108645,
      "val_avg_segment_overlap": 0.5486959603520529,
      "val_verse_to_chorus_acc": 0.2168141592920354,
      "val_chorus_to_verse_acc": 0.40404040404040403,
      "val_window_diff": 0.4117152297492459,
      "val_pk_metric": 0.33070617581085376,
      "cnn_receptive_field_usage": 0.4,
      "cnn_gradient_norm": 1.7484860486454434,
      "cnn_effective_layers": 2
    },
    {
      "epoch": 4,
      "train_loss": 0.5180820491578844,
      "train_chorus_rate": 0.38733650081687504,
      "train_max_prob": 0.6334322988986969,
      "train_conf_over_90": 0.0,
      "train_conf_over_95": 0.0,
      "val_loss": 0.5415690541267395,
      "val_macro_f1": 0.682250652466587,
      "val_verse_f1": 0.7836932241250931,
      "val_chorus_f1": 0.5808080808080808,
      "val_chorus_rate": 0.3808581531047821,
      "val_max_prob": 0.6488323211669922,
      "val_conf_over_90": 0.0,
      "val_conf_over_95": 0.0,
      "learning_rate": 0.00010271829097938047,
      "epoch_time": 136.20096683502197,
      "val_boundary_f1": 0.277992277992278,
      "val_boundary_precision": 0.23529411764705882,
      "val_boundary_recall": 0.33962264150943394,
      "val_complete_segments": 0.12561117317665232,
      "val_avg_segment_overlap": 0.5605436482844104,
      "val_verse_to_chorus_acc": 0.21238938053097345,
      "val_chorus_to_verse_acc": 0.4494949494949495,
      "val_window_diff": 0.4098890194065209,
      "val_pk_metric": 0.33460259423876615,
      "cnn_receptive_field_usage": 0.4,
      "cnn_gradient_norm": 3.566359712017907,
      "cnn_effective_layers": 2
    },
    {
      "epoch": 5,
      "train_loss": 0.5113953600327173,
      "train_chorus_rate": 0.4211561481157939,
      "train_max_prob": 0.6463642054133945,
      "train_conf_over_90": 0.0,
      "train_conf_over_95": 0.0,
      "val_loss": 0.5223733931779861,
      "val_macro_f1": 0.6829743450003805,
      "val_verse_f1": 0.7507082152974505,
      "val_chorus_f1": 0.6152404747033103,
      "val_chorus_rate": 0.4869846701622009,
      "val_max_prob": 0.6704664826393127,
      "val_conf_over_90": 0.0,
      "val_conf_over_95": 0.0,
      "learning_rate": 0.0001409295195546374,
      "epoch_time": 124.39188718795776,
      "val_boundary_f1": 0.25190839694656486,
      "val_boundary_precision": 0.21153846153846154,
      "val_boundary_recall": 0.3113207547169811,
      "val_complete_segments": 0.11133575388944059,
      "val_avg_segment_overlap": 0.5610283956273315,
      "val_verse_to_chorus_acc": 0.18141592920353983,
      "val_chorus_to_verse_acc": 0.4494949494949495,
      "val_window_diff": 0.4290255232775107,
      "val_pk_metric": 0.34165226681730554,
      "cnn_receptive_field_usage": 0.4,
      "cnn_gradient_norm": 3.8178354038132563,
      "cnn_effective_layers": 2
    },
    {
      "epoch": 6,
      "train_loss": 0.5024023354053497,
      "train_chorus_rate": 0.41477706531683606,
      "train_max_prob": 0.669484429889255,
      "train_conf_over_90": 0.0,
      "train_conf_over_95": 0.0,
      "val_loss": 0.5110170692205429,
      "val_macro_f1": 0.7173481288832315,
      "val_verse_f1": 0.800227876946449,
      "val_chorus_f1": 0.6344683808200139,
      "val_chorus_rate": 0.40804123878479004,
      "val_max_prob": 0.6901199966669083,
      "val_conf_over_90": 0.0,
      "val_conf_over_95": 0.0,
      "learning_rate": 0.00018565791775217231,
      "epoch_time": 120.13083910942078,