{
  "trial_number": 8,
  "trial_id": "cnn_trial_0008",
  "model_type": "CNN",
  "training_score": 0.7686588152265008,
  "optuna_objective": 0.4519966015293118,
  "validation_metrics": {
    "line_f1": 0.7686588152265008,
    "boundary_f1": 0.4519966015293118,
    "macro_f1": 0.7686588152265008,
    "verse_f1": 0.8568888888888889,
    "chorus_f1": 0.6804287415641128,
    "boundary_precision": 0.35325365205843295,
    "boundary_recall": 0.6273584905660378,
    "window_diff": 0.4029465001336482,
    "pk_metric": 0.27680716976855274,
    "confidence": 0.7237945348024368,
    "val_loss": 0.48035789281129837
  },
  "all_results": {
    "line_f1": 0.7686588152265008,
    "boundary_f1": 0.4519966015293118,
    "macro_f1": 0.7686588152265008,
    "verse_f1": 0.8568888888888889,
    "chorus_f1": 0.6804287415641128,
    "boundary_precision": 0.35325365205843295,
    "boundary_recall": 0.6273584905660378,
    "window_diff": 0.4029465001336482,
    "pk_metric": 0.27680716976855274,
    "confidence": 0.7237945348024368,
    "val_loss": 0.48035789281129837
  },
  "parameters": {
    "hidden_dim": 128,
    "num_layers": 2,
    "dropout": 0.3842810256530799,
    "layer_dropout": 0.17675161631734992,
    "cnn_kernel_sizes": "3,5",
    "cnn_dilation_rates": "1,2,4",
    "cnn_use_residual": true,
    "cnn_batch_multiplier": 1.1212352518173647,
    "attention_enabled": false,
    "max_epochs": 12,
    "batch_size": 32,
    "learning_rate": 0.0007771901374109088,
    "weight_decay": 0.012997903974336108,
    "scheduler": "onecycle",
    "min_delta": 0.0005034577769397667,
    "gradient_clip_norm": 0.3608442016611966,
    "validation_strategy": "line_f1",
    "boundary_weight": 2.2158297731148395,
    "label_smoothing": 0.15637901513977817,
    "segment_consistency_lambda": 0.017837759057987245,
    "conf_penalty_lambda": 0.006815411481993176,
    "conf_threshold": 0.939377517239948,
    "entropy_lambda": 0.03141556609337824,
    "max_confidence_threshold": 0.907121934517957,
    "min_chorus_rate": 0.0697303049758596,
    "max_chorus_rate": 0.8563464891614132,
    "max_conf_over_95_ratio": 0.05711680375207984,
    "head_ssm_enabled": false,
    "tail_ssm_enabled": true,
    "phonetic_ssm_enabled": false,
    "pos_ssm_enabled": false,
    "string_ssm_enabled": false,
    "syllable_pattern_ssm_enabled": false,
    "line_syllable_ssm_enabled": false,
    "word2vec_enabled": true,
    "contextual_enabled": true,
    "head_tail_words": 4,
    "phonetic_mode": "alliteration",
    "phonetic_similarity": "binary",
    "phonetic_threshold": 0.29254364386164167,
    "pos_tagset": "simplified",
    "pos_similarity": "combined",
    "pos_threshold": 0.26811401018548175,
    "string_similarity": "word_overlap",
    "string_threshold": 0.047688293538779486
  },
  "duration_minutes": 0
}