{
  "method": "platt",
  "params": {
    "A": 1.2879741926753228,
    "B": 0.0
  },
  "ece_before": 0.047559252861440755,
  "ece_after": 0.01970088181830577,
  "improvement": 0.027858371043134985,
  "all_results": [
    {
      "method": "temperature",
      "params": {
        "temperature": 0.7265252639636549
      },
      "ece_before": 0.047559252861440755,
      "ece_after": 0.020073858512408147,
      "improvement": 0.027485394349032608
    },
    {
      "method": "platt",
      "params": {
        "A": 1.2879741926753228,
        "B": 0.0
      },
      "ece_before": 0.047559252861440755,
      "ece_after": 0.01970088181830577,
      "improvement": 0.027858371043134985
    }
  ]
}