{
  "trial_number": 71,
  "timestamp": 1756194090.721973,
  "boundary_f1": 0.33877551020408164,
  "line_f1": 0.7069051117518836,
  "macro_f1": 0.7069051117518836,
  "verse_f1": 0.7992530345471521,
  "chorus_f1": 0.6145571889566152,
  "windowdiff": 0.4102369435732764,
  "pk": 0.31443393812741094,
  "val_loss": 0.5008155256509781,
  "val_accuracy": 0.0,
  "weighted_f1": 0.0,
  "training_time": 1529.9518887996674,
  "training_time_minutes": 25.499198146661122,
  "total_params": 0,
  "actual_epochs": 15,
  "config_summary": {
    "attention_enabled": false,
    "hidden_dim": 128,
    "num_layers": 2,
    "max_epochs": 15,
    "batch_size": 32,
    "learning_rate": 0.0008379206269936514,
    "boundary_weight": 2.1201822815373736,
    "label_smoothing": 0.1351366658147479
  },
  "validation_strategy": "boundary_f1",
  "all_metrics": {
    "loss": 0.5008155256509781,
    "chorus_rate": 0.3860389292240143,
    "max_prob_mean": 0.6992659419775009,
    "confidence_over_90": 0.03184740478172898,
    "confidence_over_95": 0.0,
    "verse_f1": 0.7992530345471521,
    "chorus_f1": 0.6145571889566152,
    "macro_f1": 0.7069051117518836,
    "boundary_f1": 0.33877551020408164,
    "boundary_precision": 0.29856115107913667,
    "boundary_recall": 0.3915094339622642,
    "complete_segments": 0.20004309338879858,
    "avg_segment_overlap": 0.6099513550345799,
    "verse_to_chorus_acc": 0.3230088495575221,
    "chorus_to_verse_acc": 0.3838383838383838,
    "window_diff": 0.4102369435732764,
    "pk_metric": 0.31443393812741094
  },
  "parameters": {
    "hidden_dim": 128,
    "num_layers": 2,
    "dropout": 0.177783272669898,
    "layer_dropout": 0.20897017302035098,
    "attention_enabled": false,
    "max_epochs": 15,
    "batch_size": 32,
    "learning_rate": 0.0008379206269936514,
    "weight_decay": 0.011484612944920066,
    "scheduler": "cosine",
    "min_delta": 0.0006318977643834236,
    "gradient_clip_norm": 0.8872800077332361,
    "validation_strategy": "boundary_f1",
    "head_tail_words": 4,
    "boundary_weight": 2.1201822815373736,
    "label_smoothing": 0.1351366658147479,
    "segment_consistency_lambda": 0.02875398289131602,
    "conf_penalty_lambda": 0.012536463236874178,
    "conf_threshold": 0.947898761273394,
    "entropy_lambda": 0.035528507618564464,
    "max_confidence_threshold": 0.9420889126269905,
    "min_chorus_rate": 0.10461558921285385,
    "max_chorus_rate": 0.7932790885705828,
    "max_conf_over_95_ratio": 0.18235640812263632,
    "head_ssm_enabled": true,
    "tail_ssm_enabled": false,
    "phonetic_ssm_enabled": true,
    "pos_ssm_enabled": true,
    "string_ssm_enabled": false,
    "syllable_pattern_ssm_enabled": false,
    "line_syllable_ssm_enabled": false,
    "word2vec_enabled": false,
    "contextual_enabled": false,
    "phonetic_mode": "rhyme",
    "phonetic_similarity_method": "binary",
    "phonetic_normalize": false,
    "phonetic_normalize_method": "zscore",
    "phonetic_high_sim_threshold": 0.3141732511728337,
    "pos_tagset": "simplified",
    "pos_similarity_method": "position",
    "pos_high_sim_threshold": 0.2665933851229665,
    "string_case_sensitive": true,
    "string_remove_punctuation": true,
    "string_similarity_threshold": 0.04886753448450882,
    "string_similarity_method": "levenshtein",
    "syllable_pattern_similarity_method": "levenshtein",
    "syllable_pattern_levenshtein_weight": 0.62861640705444,
    "syllable_pattern_cosine_weight": 0.25928799398192975,
    "syllable_pattern_normalize": false,
    "syllable_pattern_normalize_method": "minmax",
    "line_syllable_similarity_method": "cosine",
    "line_syllable_ratio_threshold": 0.1052674336724919,
    "line_syllable_normalize": false,
    "line_syllable_normalize_method": "minmax",
    "word2vec_mode": "summary",
    "word2vec_normalize": false,
    "word2vec_similarity_metric": "cosine",
    "word2vec_high_sim_threshold": 0.7991374781758988,
    "contextual_mode": "complete",
    "contextual_normalize": false,
    "contextual_similarity_metric": "cosine",
    "contextual_high_sim_threshold": 0.6606731309621054
  },
  "config": {
    "hidden_dim": 128,
    "num_layers": 2,
    "layer_dropout": 0.20897017302035098,
    "num_classes": 2,
    "dropout": 0.177783272669898,
    "attention_enabled": false,
    "attention_type": null,
    "attention_heads": 1,
    "attention_dropout": 0.0,
    "attention_dim": 128,
    "positional_encoding": false,
    "max_seq_length": 1000,
    "window_size": 7,
    "boundary_temperature": 2.0,
    "batch_size": 32,
    "learning_rate": 0.0008379206269936514,
    "weight_decay": 0.011484612944920066,
    "max_epochs": 15,
    "patience": 4,
    "gradient_clip_norm": 0.8872800077332361,
    "scheduler": "cosine",
    "min_lr": 1e-06,
    "cosine_t_max": 15,
    "warmup_epochs": 5,
    "lr_factor": 0.5,
    "lr_patience": 10,
    "step_size": 30,
    "step_gamma": 0.5,
    "cosine_t0": 10,
    "cosine_t_mult": 2,
    "min_delta": 0.0006318977643834236,
    "train_file": "data/train.jsonl",
    "val_file": "data/val.jsonl",
    "test_file": "data/test.jsonl",
    "weighted_sampling": true,
    "emergency_monitoring_enabled": true,
    "max_confidence_threshold": 0.9420889126269905,
    "min_chorus_rate": 0.10461558921285385,
    "max_chorus_rate": 0.7932790885705828,
    "max_conf_over_95_ratio": 0.18235640812263632,
    "val_overconf_threshold": 0.96,
    "val_f1_collapse_threshold": 0.1,
    "loss": {
      "loss_type": "boundary_aware",
      "boundary_weight": 2.1201822815373736,
      "label_smoothing": 0.1351366658147479,
      "segment_consistency_lambda": 0.02875398289131602,
      "conf_penalty_lambda": 0.012536463236874178,
      "conf_threshold": 0.947898761273394,
      "entropy_lambda": 0.035528507618564464
    },
    "calibration_enabled": true,
    "calibration_methods": [
      "temperature",
      "platt"
    ],
    "validation_strategy": "boundary_f1",
    "head_ssm_enabled": true,
    "head_ssm_words": 4,
    "head_ssm_dimension": 12,
    "tail_ssm_enabled": false,
    "tail_ssm_words": 4,
    "tail_ssm_dimension": 12,
    "phonetic_ssm_enabled": true,
    "phonetic_ssm_mode": "rhyme",
    "phonetic_ssm_dimension": 12,
    "phonetic_ssm_similarity_method": "binary",
    "phonetic_ssm_normalize": false,
    "phonetic_ssm_normalize_method": "zscore",
    "phonetic_ssm_high_sim_threshold": 0.3141732511728337,
    "pos_ssm_enabled": true,
    "pos_ssm_tagset": "simplified",
    "pos_ssm_similarity_method": "position",
    "pos_ssm_high_sim_threshold": 0.2665933851229665,
    "pos_ssm_dimension": 12,
    "string_ssm_enabled": false,
    "string_ssm_case_sensitive": true,
    "string_ssm_remove_punctuation": true,
    "string_ssm_similarity_threshold": 0.04886753448450882,
    "string_ssm_similarity_method": "levenshtein",
    "string_ssm_dimension": 12,
    "syllable_pattern_ssm_enabled": false,
    "syllable_pattern_ssm_similarity_method": "levenshtein",
    "syllable_pattern_ssm_levenshtein_weight": 0.7079775776769588,
    "syllable_pattern_ssm_cosine_weight": 0.29202242232304126,
    "syllable_pattern_ssm_normalize": false,
    "syllable_pattern_ssm_normalize_method": "minmax",
    "syllable_pattern_ssm_dimension": 12,
    "line_syllable_ssm_enabled": false,
    "line_syllable_ssm_similarity_method": "cosine",
    "line_syllable_ssm_ratio_threshold": 0.1052674336724919,
    "line_syllable_ssm_normalize": false,
    "line_syllable_ssm_normalize_method": "minmax",
    "line_syllable_ssm_dimension": 12,
    "word2vec_enabled": false,
    "word2vec_model": "word2vec-google-news-300",
    "word2vec_mode": "summary",
    "word2vec_normalize": false,
    "word2vec_similarity_metric": "cosine",
    "word2vec_high_sim_threshold": 0.7991374781758988,
    "contextual_enabled": false,
    "contextual_model": "all-MiniLM-L6-v2",
    "contextual_mode": "complete",
    "contextual_normalize": false,
    "contextual_similarity_metric": "cosine",
    "contextual_high_sim_threshold": 0.6606731309621054
  }
}