{
  "metadata": {
    "model_info": {
      "hidden_dim": 128,
      "num_layers": 2,
      "dropout": 0.177783272669898,
      "layer_dropout": 0.20897017302035098,
      "attention_enabled": false,
      "attention_heads": 1,
      "attention_dropout": 0.0,
      "attention_dim": 128,
      "positional_encoding": false,
      "max_seq_length": 1000,
      "total_params": 565762,
      "lstm_params": 565248,
      "attention_params": 0,
      "classifier_params": 514
    },
    "training_info": {
      "batch_size": 32,
      "learning_rate": 0.0008379206269936514,
      "scheduler": "cosine",
      "label_smoothing": 0.0,
      "weighted_sampling": true,
      "total_epochs": 15,
      "validation_strategy": "boundary_f1",
      "weight_decay": 0.011484612944920066,
      "gradient_clip_norm": 0.8872800077332361,
      "max_epochs": 15,
      "patience": 4
    },
    "calibration_info": {
      "temperature": {
        "ece_before": 0.047559252861440755,
        "ece_after": 0.020073858512408147,
        "improvement": 0.027485394349032608,
        "params": {
          "temperature": 0.7265252639636549
        }
      },
      "platt": {
        "ece_before": 0.047559252861440755,
        "ece_after": 0.01970088181830577,
        "improvement": 0.027858371043134985,
        "params": {
          "A": 1.2879741926753228,
          "B": 0.0
        }
      }
    }
  },
  "metrics": [
    {
      "epoch": 1,
      "train_loss": 0.5485296979546547,
      "train_chorus_rate": 0.3867215525358915,
      "train_max_prob": 0.5619839876890182,
      "train_conf_over_90": 0.0,
      "train_conf_over_95": 0.0,
      "val_loss": 0.5896909534931183,
      "val_macro_f1": 0.5457613648976706,
      "val_verse_f1": 0.7116387839539485,
      "val_chorus_f1": 0.3798839458413927,
      "val_chorus_rate": 0.3353951796889305,
      "val_max_prob": 0.5486964732408524,
      "val_conf_over_90": 0.0,
      "val_conf_over_95": 0.0,
      "learning_rate": 0.0008287762651460619,
      "epoch_time": 43.01797294616699,
      "val_boundary_f1": 0.05628517823639775,
      "val_boundary_precision": 0.13761467889908258,
      "val_boundary_recall": 0.03537735849056604,
      "val_complete_segments": 0.01980212867010322,
      "val_avg_segment_overlap": 0.20755514211689594,
      "val_verse_to_chorus_acc": 0.05309734513274336,
      "val_chorus_to_verse_acc": 0.0,
      "val_window_diff": 0.3906377449033269,
      "val_pk_metric": 0.4051895932637094
    },
    {
      "epoch": 2,
      "train_loss": 0.5500950917601586,
      "train_chorus_rate": 0.464372843503952,
      "train_max_prob": 0.57494957447052,
      "train_conf_over_90": 0.0,
      "train_conf_over_95": 0.0,
      "val_loss": 0.5837528705596924,
      "val_macro_f1": 0.46935342773195937,
      "val_verse_f1": 0.4591887831747621,
      "val_chorus_f1": 0.47951807228915666,
      "val_chorus_rate": 0.7218729108572006,
      "val_max_prob": 0.5684540718793869,
      "val_conf_over_90": 0.0,
      "val_conf_over_95": 0.0,
      "learning_rate": 0.0008017428320955495,
      "epoch_time": 50.900063037872314,
      "val_boundary_f1": 0.043399638336347204,
      "val_boundary_precision": 0.09302325581395349,
      "val_boundary_recall": 0.02830188679245283,
      "val_complete_segments": 0.017698963165559137,
      "val_avg_segment_overlap": 0.19641412867692,
      "val_verse_to_chorus_acc": 0.04424778761061947,
      "val_chorus_to_verse_acc": 0.0,
      "val_window_diff": 0.433263271247601,
      "val_pk_metric": 0.43944223126727305
    },
    {
      "epoch": 3,
      "train_loss": 0.539257325232029,
      "train_chorus_rate": 0.48239627480506897,
      "train_max_prob": 0.5843690425157547,
      "train_conf_over_90": 0.0,
      "train_conf_over_95": 0.0,
      "val_loss": 0.5837336629629135,
      "val_macro_f1": 0.49161916682069007,
      "val_verse_f1": 0.5034797216222703,
      "val_chorus_f1": 0.4797586120191099,
      "val_chorus_rate": 0.6793837547302246,
      "val_max_prob": 0.6072553098201752,
      "val_conf_over_90": 0.0,
      "val_conf_over_95": 0.0,
      "learning_rate": 0.0007580018185872259,
      "epoch_time": 68.48586082458496,
      "val_boundary_f1": 0.05100182149362477,
      "val_boundary_precision": 0.112,
      "val_boundary_recall": 0.0330188679245283,
      "val_complete_segments": 0.015958014142001417,
      "val_avg_segment_overlap": 0.20376111696068222,
      "val_verse_to_chorus_acc": 0.03982300884955752,
      "val_chorus_to_verse_acc": 0.0,
      "val_window_diff": 0.423472343799732,
      "val_pk_metric": 0.4308068079820372
    },
    {
      "epoch": 4,
      "train_loss": 0.5453344315290451,
      "train_chorus_rate": 0.457939762622118,
      "train_max_prob": 0.5890954077243805,
      "train_conf_over_90": 0.0,
      "train_conf_over_95": 0.0,
      "val_loss": 0.5696785151958466,
      "val_macro_f1": 0.5262351508473857,
      "val_verse_f1": 0.5570670970717085,
      "val_chorus_f1": 0.49540320462306275,
      "val_chorus_rate": 0.6371144205331802,
      "val_max_prob": 0.5659359097480774,
      "val_conf_over_90": 0.0,
      "val_conf_over_95": 0.0,
      "learning_rate": 0.0006994649168040746,
      "epoch_time": 96.00003719329834,
      "val_boundary_f1": 0.07142857142857142,
      "val_boundary_precision": 0.12804878048780488,
      "val_boundary_recall": 0.049528301886792456,
      "val_complete_segments": 0.022179976143390776,
      "val_avg_segment_overlap": 0.24199078602783836,
      "val_verse_to_chorus_acc": 0.048672566371681415,
      "val_chorus_to_verse_acc": 0.03535353535353535,
      "val_window_diff": 0.41966349518130736,
      "val_pk_metric": 0.41827479938828405
    },
    {
      "epoch": 5,
      "train_loss": 0.5050787895917892,
      "train_chorus_rate": 0.3733301594853401,
      "train_max_prob": 0.6060637205839157,
      "train_conf_over_90": 0.0,
      "train_conf_over_95": 0.0,
      "val_loss": 0.5647119730710983,
      "val_macro_f1": 0.5761151716500554,
      "val_verse_f1": 0.6356589147286822,
      "val_chorus_f1": 0.5165714285714287,
      "val_chorus_rate": 0.5624711066484451,
      "val_max_prob": 0.6196458488702774,
      "val_conf_over_90": 0.0,
      "val_conf_over_95": 0.0,
      "learning_rate": 0.0006286904702452386,
      "epoch_time": 92.50387811660767,
      "val_boundary_f1": 0.0940438871473354,
      "val_boundary_precision": 0.14018691588785046,
      "val_boundary_recall": 0.07075471698113207,
      "val_complete_segments": 0.030445769205048104,
      "val_avg_segment_overlap": 0.2800129450447595,
      "val_verse_to_chorus_acc": 0.06637168141592921,
      "val_chorus_to_verse_acc": 0.06060606060606061,
      "val_window_diff": 0.4072751279431167,
      "val_pk_metric": 0.3887729728830066
    },
    {
      "epoch": 6,
      "train_loss": 0.5151739627122879,
      "train_chorus_rate": 0.4307657744735479,
      "train_max_prob": 0.6254823118448257,
      "train_conf_over_90": 0.0004784536897204816,
      "train_conf_over_95": 0.0,
      "val_loss": 0.5310146659612656,
      "val_macro_f1": 0.6749902924522933,
      "val_verse_f1": 0.7801076266468733,
      "val_chorus_f1": 0.5698729582577132,
      "val_chorus_rate": 0.37811534106731415,
      "val_max_prob": 0.6294532418251038,
      "val_conf_over_90": 0.0,
      "val_conf_over_95": 0.0,
      "learning_rate": 0.0005487716618388131,
      "epoch_time": 81.55117011070251,
      "val_boundary_f1": 0.24971098265895952,
      "val_boundary_precision": 0.24489795918367346,
      "val_boundary_recall": 0.25471698113207547,
      "val_complete_segments": 0.09203096445938441,
      "val_avg_segment_overlap": 0.5000716557356428,
      "val_verse_to_chorus_acc": 0.2079646017699115,
      "val_chorus_to_verse_acc": 0.25757575757575757,
      "val_window_diff": 0.43693833427035156,
      "val_pk_metric": 0.3768400333133302
    },
    {
      "epoch": 7,
      "train_loss": 0.49856221824884417,
      "train_chorus_rate": 0.4119968831539154,
      "train_max_prob": 0.6458890944719314,