{
  "trial_number": 32,
  "timestamp": 1756074261.343176,
  "boundary_f1": 0.41735537190082644,
  "line_f1": 0.7645671338020625,
  "macro_f1": 0.7645671338020625,
  "verse_f1": 0.8575954937511002,
  "chorus_f1": 0.6715387738530247,
  "windowdiff": 0.2957468427093755,
  "pk": 0.22814764448329802,
  "val_loss": 0.5129106119275093,
  "val_accuracy": 0.0,
  "weighted_f1": 0.0,
  "training_time": 1650.9518830776215,
  "training_time_minutes": 27.51586471796036,
  "total_params": 0,
  "actual_epochs": 15,
  "config_summary": {
    "attention_enabled": true,
    "hidden_dim": 256,
    "num_layers": 2,
    "max_epochs": 15,
    "batch_size": 32,
    "learning_rate": 0.000986803300794772,
    "boundary_weight": 2.197211964647613,
    "label_smoothing": 0.16606898327178474
  },
  "validation_strategy": "composite",
  "all_metrics": {
    "loss": 0.5129106119275093,
    "chorus_rate": 0.3055955171585083,
    "max_prob_mean": 0.7158120274543762,
    "confidence_over_90": 0.01736482430715114,
    "confidence_over_95": 0.0,
    "verse_f1": 0.8575954937511002,
    "chorus_f1": 0.6715387738530247,
    "macro_f1": 0.7645671338020625,
    "boundary_f1": 0.41735537190082644,
    "boundary_precision": 0.3713235294117647,
    "boundary_recall": 0.47641509433962265,
    "complete_segments": 0.27034292852161357,
    "avg_segment_overlap": 0.6545973957545541,
    "verse_to_chorus_acc": 0.40707964601769914,
    "chorus_to_verse_acc": 0.47474747474747475,
    "window_diff": 0.2957468427093755,
    "pk_metric": 0.22814764448329802
  },
  "parameters": {
    "hidden_dim": 256,
    "num_layers": 2,
    "dropout": 0.21039335400166245,
    "layer_dropout": 0.20102670418053087,
    "attention_enabled": true,
    "attention_heads": 4,
    "attention_dropout": 0.18917418644264852,
    "max_epochs": 15,
    "batch_size": 32,
    "learning_rate": 0.000986803300794772,
    "weight_decay": 0.015365065869208066,
    "scheduler": "cosine",
    "min_delta": 0.00020384522751444104,
    "gradient_clip_norm": 0.30039111561526755,
    "validation_strategy": "composite",
    "head_tail_words": 2,
    "boundary_weight": 2.197211964647613,
    "label_smoothing": 0.16606898327178474,
    "segment_consistency_lambda": 0.012705625179735435,
    "conf_penalty_lambda": 0.012905409899509938,
    "conf_threshold": 0.9390763867056442,
    "entropy_lambda": 0.028773355924705646,
    "max_confidence_threshold": 0.9535657196997323,
    "min_chorus_rate": 0.11787587863730589,
    "max_chorus_rate": 0.7514984860142585,
    "max_conf_over_95_ratio": 0.13637998837477885,
    "head_ssm_enabled": true,
    "tail_ssm_enabled": false,
    "phonetic_ssm_enabled": true,
    "pos_ssm_enabled": true,
    "string_ssm_enabled": false,
    "syllable_pattern_ssm_enabled": true,
    "line_syllable_ssm_enabled": false,
    "word2vec_enabled": false,
    "contextual_enabled": false,
    "phonetic_mode": "rhyme",
    "phonetic_similarity_method": "edit_distance",
    "phonetic_normalize": false,
    "phonetic_normalize_method": "zscore",
    "phonetic_high_sim_threshold": 0.32326133584561767,
    "pos_tagset": "universal",
    "pos_similarity_method": "lcs",
    "pos_high_sim_threshold": 0.25195436328335247,
    "string_case_sensitive": true,
    "string_remove_punctuation": true,
    "string_similarity_threshold": 0.0505870132782575,
    "string_similarity_method": "word_overlap",
    "syllable_pattern_similarity_method": "cosine",
    "syllable_pattern_levenshtein_weight": 0.6344271552576644,
    "syllable_pattern_cosine_weight": 0.2207963235389128,
    "syllable_pattern_normalize": true,
    "syllable_pattern_normalize_method": "minmax",
    "line_syllable_similarity_method": "cosine",
    "line_syllable_ratio_threshold": 0.10763894175753344,
    "line_syllable_normalize": false,
    "line_syllable_normalize_method": "minmax",
    "word2vec_mode": "summary",
    "word2vec_normalize": true,
    "word2vec_similarity_metric": "cosine",
    "word2vec_high_sim_threshold": 0.7822454161101609,
    "contextual_mode": "complete",
    "contextual_normalize": false,
    "contextual_similarity_metric": "dot",
    "contextual_high_sim_threshold": 0.6970723169936576
  },
  "config": {
    "hidden_dim": 256,
    "num_layers": 2,
    "layer_dropout": 0.20102670418053087,
    "num_classes": 2,
    "dropout": 0.21039335400166245,
    "attention_enabled": true,
    "attention_type": "boundary_aware",
    "attention_heads": 4,
    "attention_dropout": 0.18917418644264852,
    "attention_dim": 256,
    "positional_encoding": true,
    "max_seq_length": 1000,
    "window_size": 7,
    "boundary_temperature": 2.0,
    "batch_size": 32,
    "learning_rate": 0.000986803300794772,
    "weight_decay": 0.015365065869208066,
    "max_epochs": 15,
    "patience": 4,
    "gradient_clip_norm": 0.30039111561526755,
    "scheduler": "cosine",
    "min_lr": 1e-06,
    "cosine_t_max": 15,
    "warmup_epochs": 5,
    "lr_factor": 0.5,
    "lr_patience": 10,
    "step_size": 30,
    "step_gamma": 0.5,
    "cosine_t0": 10,
    "cosine_t_mult": 2,
    "min_delta": 0.00020384522751444104,
    "train_file": "data/train.jsonl",
    "val_file": "data/val.jsonl",
    "test_file": "data/test.jsonl",
    "weighted_sampling": true,
    "emergency_monitoring_enabled": true,
    "max_confidence_threshold": 0.9535657196997323,
    "min_chorus_rate": 0.11787587863730589,
    "max_chorus_rate": 0.7514984860142585,
    "max_conf_over_95_ratio": 0.13637998837477885,
    "val_overconf_threshold": 0.96,
    "val_f1_collapse_threshold": 0.1,
    "loss": {
      "loss_type": "boundary_aware",
      "boundary_weight": 2.197211964647613,
      "label_smoothing": 0.16606898327178474,
      "segment_consistency_lambda": 0.012705625179735435,
      "conf_penalty_lambda": 0.012905409899509938,
      "conf_threshold": 0.9390763867056442,
      "entropy_lambda": 0.028773355924705646
    },
    "calibration_enabled": true,
    "calibration_methods": [
      "temperature",
      "platt"
    ],
    "validation_strategy": "composite",
    "head_ssm_enabled": true,
    "head_ssm_words": 2,
    "head_ssm_dimension": 12,
    "tail_ssm_enabled": false,
    "tail_ssm_words": 2,
    "tail_ssm_dimension": 12,
    "phonetic_ssm_enabled": true,
    "phonetic_ssm_mode": "rhyme",
    "phonetic_ssm_dimension": 12,
    "phonetic_ssm_similarity_method": "edit_distance",
    "phonetic_ssm_normalize": false,
    "phonetic_ssm_normalize_method": "zscore",
    "phonetic_ssm_high_sim_threshold": 0.32326133584561767,
    "pos_ssm_enabled": true,
    "pos_ssm_tagset": "universal",
    "pos_ssm_similarity_method": "lcs",
    "pos_ssm_high_sim_threshold": 0.25195436328335247,
    "pos_ssm_dimension": 12,
    "string_ssm_enabled": false,
    "string_ssm_case_sensitive": true,
    "string_ssm_remove_punctuation": true,
    "string_ssm_similarity_threshold": 0.0505870132782575,
    "string_ssm_similarity_method": "word_overlap",
    "string_ssm_dimension": 12,
    "syllable_pattern_ssm_enabled": true,
    "syllable_pattern_ssm_similarity_method": "cosine",
    "syllable_pattern_ssm_levenshtein_weight": 0.7418261670626664,
    "syllable_pattern_ssm_cosine_weight": 0.25817383293733365,
    "syllable_pattern_ssm_normalize": true,
    "syllable_pattern_ssm_normalize_method": "minmax",
    "syllable_pattern_ssm_dimension": 12,
    "line_syllable_ssm_enabled": false,
    "line_syllable_ssm_similarity_method": "cosine",
    "line_syllable_ssm_ratio_threshold": 0.10763894175753344,
    "line_syllable_ssm_normalize": false,
    "line_syllable_ssm_normalize_method": "minmax",
    "line_syllable_ssm_dimension": 12,
    "word2vec_enabled": false,
    "word2vec_model": "word2vec-google-news-300",
    "word2vec_mode": "summary",
    "word2vec_normalize": true,
    "word2vec_similarity_metric": "cosine",
    "word2vec_high_sim_threshold": 0.7822454161101609,
    "contextual_enabled": false,
    "contextual_model": "all-MiniLM-L6-v2",
    "contextual_mode": "complete",
    "contextual_normalize": false,