{
  "metadata": {
    "model_info": {
      "hidden_dim": 256,
      "num_layers": 2,
      "dropout": 0.21039335400166245,
      "layer_dropout": 0.20102670418053087,
      "attention_enabled": true,
      "attention_heads": 4,
      "attention_dropout": 0.18917418644264852,
      "attention_dim": 256,
      "positional_encoding": true,
      "max_seq_length": 1000,
      "total_params": 2764291,
      "lstm_params": 2203648,
      "attention_params": 559617,
      "classifier_params": 1026
    },
    "training_info": {
      "batch_size": 32,
      "learning_rate": 0.000986803300794772,
      "scheduler": "cosine",
      "label_smoothing": 0.0,
      "weighted_sampling": true,
      "total_epochs": 15,
      "validation_strategy": "composite",
      "weight_decay": 0.015365065869208066,
      "gradient_clip_norm": 0.30039111561526755,
      "max_epochs": 15,
      "patience": 4
    },
    "calibration_info": {
      "temperature": {
        "ece_before": 0.08535275715156244,
        "ece_after": 0.012995770980543608,
        "improvement": 0.07235698617101884,
        "params": {
          "temperature": 0.6240807777424082
        }
      },
      "platt": {
        "ece_before": 0.08535275715156244,
        "ece_after": 0.012207684032106697,
        "improvement": 0.07314507311945574,
        "params": {
          "A": 1.529117286280043,
          "B": 0.0
        }
      }
    }
  },
  "metrics": [
    {
      "epoch": 1,
      "train_loss": 0.6172618687152862,
      "train_chorus_rate": 0.4871322038641665,
      "train_max_prob": 0.5937922567129135,
      "train_conf_over_90": 0.02626076340675354,
      "train_conf_over_95": 0.0,
      "val_loss": 0.5933494865894318,
      "val_macro_f1": 0.4644845906137016,
      "val_verse_f1": 0.4308176100628931,
      "val_chorus_f1": 0.4981515711645101,
      "val_chorus_rate": 0.7631624341011047,
      "val_max_prob": 0.5502889007329941,
      "val_conf_over_90": 0.0,
      "val_conf_over_95": 0.0,
      "learning_rate": 0.0009760322171313223,
      "epoch_time": 82.39067101478577,
      "val_boundary_f1": 0.06676783004552352,
      "val_boundary_precision": 0.09361702127659574,
      "val_boundary_recall": 0.05188679245283019,
      "val_complete_segments": 0.038159878178435976,
      "val_avg_segment_overlap": 0.22954615967668673,
      "val_verse_to_chorus_acc": 0.04424778761061947,
      "val_chorus_to_verse_acc": 0.025252525252525252,
      "val_window_diff": 0.4750066623412083,
      "val_pk_metric": 0.4672354599939229
    },
    {
      "epoch": 2,
      "train_loss": 0.5705651551485061,
      "train_chorus_rate": 0.49473240403458474,
      "train_max_prob": 0.5664717078208923,
      "train_conf_over_90": 0.0,
      "train_conf_over_95": 0.0,
      "val_loss": 0.6156530529260635,
      "val_macro_f1": 0.5467144293452488,
      "val_verse_f1": 0.8171050607598831,
      "val_chorus_f1": 0.2763237979306147,
      "val_chorus_rate": 0.10418194718658924,
      "val_max_prob": 0.5900246500968933,
      "val_conf_over_90": 0.0,
      "val_conf_over_95": 0.0,
      "learning_rate": 0.0009441897141824593,
      "epoch_time": 72.05358290672302,
      "val_boundary_f1": 0.09611829944547136,
      "val_boundary_precision": 0.2222222222222222,
      "val_boundary_recall": 0.06132075471698113,
      "val_complete_segments": 0.04920060569583369,
      "val_avg_segment_overlap": 0.2281941636279301,
      "val_verse_to_chorus_acc": 0.08849557522123894,
      "val_chorus_to_verse_acc": 0.015151515151515152,
      "val_window_diff": 0.3103842538277132,
      "val_pk_metric": 0.3074150550166251
    },
    {
      "epoch": 3,
      "train_loss": 0.5723068088293075,
      "train_chorus_rate": 0.4962112441135105,
      "train_max_prob": 0.5867024809122086,
      "train_conf_over_90": 0.0,
      "train_conf_over_95": 0.0,
      "val_loss": 0.586728423833847,
      "val_macro_f1": 0.4505332107582407,
      "val_verse_f1": 0.4064085447263017,
      "val_chorus_f1": 0.49465787679017964,
      "val_chorus_rate": 0.7809006720781326,
      "val_max_prob": 0.5761310458183289,
      "val_conf_over_90": 0.0,
      "val_conf_over_95": 0.0,
      "learning_rate": 0.0008926674621243304,
      "epoch_time": 82.21250295639038,
      "val_boundary_f1": 0.07815275310834814,
      "val_boundary_precision": 0.15827338129496402,
      "val_boundary_recall": 0.05188679245283019,
      "val_complete_segments": 0.034466044593298044,
      "val_avg_segment_overlap": 0.19848309624069693,
      "val_verse_to_chorus_acc": 0.084070796460177,
      "val_chorus_to_verse_acc": 0.0,
      "val_window_diff": 0.4022228786591938,
      "val_pk_metric": 0.39723184607459183
    },
    {
      "epoch": 4,
      "train_loss": 0.5526521772146225,
      "train_chorus_rate": 0.43141986019909384,
      "train_max_prob": 0.6145323753356934,
      "train_conf_over_90": 0.004731582442764193,
      "train_conf_over_95": 6.242900271899999e-05,
      "val_loss": 0.5479158014059067,
      "val_macro_f1": 0.701066515194898,
      "val_verse_f1": 0.7965754699423041,
      "val_chorus_f1": 0.6055575604474919,
      "val_chorus_rate": 0.3824116364121437,
      "val_max_prob": 0.6087430864572525,
      "val_conf_over_90": 0.0,
      "val_conf_over_95": 0.0,
      "learning_rate": 0.0008237172306030709,
      "epoch_time": 363.7241699695587,
      "val_boundary_f1": 0.32037914691943126,
      "val_boundary_precision": 0.26782884310618066,
      "val_boundary_recall": 0.39858490566037735,
      "val_complete_segments": 0.180576124147174,
      "val_avg_segment_overlap": 0.5916636269690767,
      "val_verse_to_chorus_acc": 0.3053097345132743,
      "val_chorus_to_verse_acc": 0.4292929292929293,
      "val_window_diff": 0.4069789095565325,
      "val_pk_metric": 0.3161947019294631
    },
    {
      "epoch": 5,
      "train_loss": 0.5259129539132118,
      "train_chorus_rate": 0.3983502138406038,
      "train_max_prob": 0.672547310590744,
      "train_conf_over_90": 0.034529492747969924,
      "train_conf_over_95": 0.0019030272291274742,
      "val_loss": 0.5355983600020409,
      "val_macro_f1": 0.7033722990641342,
      "val_verse_f1": 0.7983630952380951,
      "val_chorus_f1": 0.6083815028901733,
      "val_chorus_rate": 0.380819670855999,
      "val_max_prob": 0.6750110238790512,
      "val_conf_over_90": 0.0,
      "val_conf_over_95": 0.0,
      "learning_rate": 0.000740352475596079,
      "epoch_time": 58.06428122520447,
      "val_boundary_f1": 0.35649546827794565,
      "val_boundary_precision": 0.3110720562390158,
      "val_boundary_recall": 0.41745283018867924,
      "val_complete_segments": 0.19282559904246013,
      "val_avg_segment_overlap": 0.5882407486830781,
      "val_verse_to_chorus_acc": 0.34513274336283184,
      "val_chorus_to_verse_acc": 0.42424242424242425,
      "val_window_diff": 0.3705459866699187,
      "val_pk_metric": 0.2985614436896657
    },
    {
      "epoch": 6,
      "train_loss": 0.5113285586237908,
      "train_chorus_rate": 0.39951956644654274,
      "train_max_prob": 0.6668450981378555,
      "train_conf_over_90": 0.005754183768294752,
      "train_conf_over_95": 0.00014992091746535152,
      "val_loss": 0.511449858546257,
      "val_macro_f1": 0.6818659060197565,
      "val_verse_f1": 0.7421020028907702,
      "val_chorus_f1": 0.6216298091487428,
      "val_chorus_rate": 0.5115966200828552,
      "val_max_prob": 0.6997693479061127,
      "val_conf_over_90": 0.02226019895169884,
      "val_conf_over_95": 0.001296230053412728,
      "learning_rate": 0.0006462166369256374,
      "epoch_time": 51.295082330703735,
      "val_boundary_f1": 0.2706766917293233,
      "val_boundary_precision": 0.225,
      "val_boundary_recall": 0.33962264150943394,
      "val_complete_segments": 0.14426062936137168,
      "val_avg_segment_overlap": 0.5714006954065747,
      "val_verse_to_chorus_acc": 0.2920353982300885,
      "val_chorus_to_verse_acc": 0.3383838383838384,
      "val_window_diff": 0.4746327925443323,