{
  "metadata": {
    "model_info": {
      "architecture": "CNN",
      "hidden_dim": 128,
      "num_layers": 1,
      "dropout": 0.27331414741625193,
      "layer_dropout": 0.0,
      "kernel_sizes": [
        5,
        7,
        9
      ],
      "dilation_rates": [
        1,
        2,
        4,
        8
      ],
      "use_residual": true,
      "attention_enabled": false,
      "attention_type": "self",
      "attention_heads": 4,
      "total_params": 134528,
      "cnn_params": 129534,
      "attention_params": 0
    },
    "training_info": {
      "batch_size": 64,
      "learning_rate": 0.00016036410415300233,
      "scheduler": "cosine",
      "scheduler_type": "epoch",
      "validation_strategy": "boundary_f1",
      "total_epochs": 14,
      "early_stopping_mode": "cnn_calibration",
      "convergence_window": 5
    },
    "calibration_info": null
  },
  "metrics": [
    {
      "epoch": 1,
      "train_loss": 0.5574459955096245,
      "train_chorus_rate": 0.4539977079257369,
      "train_max_prob": 0.564793273806572,
      "train_conf_over_90": 0.0,
      "train_conf_over_95": 0.0,
      "val_loss": 0.5467610359191895,
      "val_macro_f1": 0.6982878968034147,
      "val_verse_f1": 0.770085300535608,
      "val_chorus_f1": 0.6264904930712215,
      "val_chorus_rate": 0.4609220176935196,
      "val_max_prob": 0.6185574531555176,
      "val_conf_over_90": 0.0,
      "val_conf_over_95": 0.0,
      "learning_rate": 0.00015862286013667694,
      "epoch_time": 29.07917284965515,
      "val_boundary_f1": 0.34650967199327165,
      "val_boundary_precision": 0.269281045751634,
      "val_boundary_recall": 0.4858490566037736,
      "val_complete_segments": 0.24894307715536768,
      "val_avg_segment_overlap": 0.6179146687422998,
      "val_verse_to_chorus_acc": 0.45132743362831856,
      "val_chorus_to_verse_acc": 0.4292929292929293,
      "val_window_diff": 0.4671711252109511,
      "val_pk_metric": 0.34794077871101864,
      "cnn_receptive_field_usage": 0.7000000000000001,
      "cnn_gradient_norm": 11.877666354179382,
      "cnn_effective_layers": 1
    },
    {
      "epoch": 2,
      "train_loss": 0.5269942581653595,
      "train_chorus_rate": 0.46240195631980896,
      "train_max_prob": 0.6449005007743835,
      "train_conf_over_90": 0.0,
      "train_conf_over_95": 0.0,
      "val_loss": 0.5138450264930725,
      "val_macro_f1": 0.7298997655408046,
      "val_verse_f1": 0.8049202383240439,
      "val_chorus_f1": 0.6548792927575654,
      "val_chorus_rate": 0.4217285215854645,
      "val_max_prob": 0.6810750961303711,
      "val_conf_over_90": 0.0,
      "val_conf_over_95": 0.0,
      "learning_rate": 0.00015347522880662998,
      "epoch_time": 19.59635090827942,
      "val_boundary_f1": 0.3565640194489465,
      "val_boundary_precision": 0.2716049382716049,
      "val_boundary_recall": 0.5188679245283019,
      "val_complete_segments": 0.2902083647893704,
      "val_avg_segment_overlap": 0.6559064892453268,
      "val_verse_to_chorus_acc": 0.4557522123893805,
      "val_chorus_to_verse_acc": 0.5252525252525253,
      "val_window_diff": 0.47784535466283534,
      "val_pk_metric": 0.34266676987727945,
      "cnn_receptive_field_usage": 0.7000000000000001,
      "cnn_gradient_norm": 0.7921301946043968,
      "cnn_effective_layers": 1
    },
    {
      "epoch": 3,
      "train_loss": 0.504906203597784,
      "train_chorus_rate": 0.3943878188729286,
      "train_max_prob": 0.6740543395280838,
      "train_conf_over_90": 0.0,
      "train_conf_over_95": 0.0,
      "val_loss": 0.5052760243415833,
      "val_macro_f1": 0.7233791748526524,
      "val_verse_f1": 0.7925343811394893,
      "val_chorus_f1": 0.6542239685658153,
      "val_chorus_rate": 0.4488987326622009,
      "val_max_prob": 0.6743520796298981,
      "val_conf_over_90": 0.0,
      "val_conf_over_95": 0.0,
      "learning_rate": 0.00014514618635306018,
      "epoch_time": 20.907505989074707,
      "val_boundary_f1": 0.3747927031509121,
      "val_boundary_precision": 0.289002557544757,
      "val_boundary_recall": 0.5330188679245284,
      "val_complete_segments": 0.3013815491469123,
      "val_avg_segment_overlap": 0.6707804739729453,
      "val_verse_to_chorus_acc": 0.4646017699115044,
      "val_chorus_to_verse_acc": 0.5656565656565656,
      "val_window_diff": 0.4665938871389803,
      "val_pk_metric": 0.33541372617027576,
      "cnn_receptive_field_usage": 0.7000000000000001,
      "cnn_gradient_norm": 4.868914436548948,
      "cnn_effective_layers": 1
    },
    {
      "epoch": 4,
      "train_loss": 0.4923694059252739,
      "train_chorus_rate": 0.39292455464601517,
      "train_max_prob": 0.6813186630606651,
      "train_conf_over_90": 0.0,
      "train_conf_over_95": 0.0,
      "val_loss": 0.509865790605545,
      "val_macro_f1": 0.7789956792260719,
      "val_verse_f1": 0.8639347170480752,
      "val_chorus_f1": 0.6940566414040688,
      "val_chorus_rate": 0.31556592881679535,
      "val_max_prob": 0.7171288132667542,
      "val_conf_over_90": 0.0,
      "val_conf_over_95": 0.0,
      "learning_rate": 0.0001339997518983685,
      "epoch_time": 21.52449917793274,
      "val_boundary_f1": 0.42282507015902715,
      "val_boundary_precision": 0.35038759689922483,
      "val_boundary_recall": 0.5330188679245284,
      "val_complete_segments": 0.3380492224067643,
      "val_avg_segment_overlap": 0.69779884812449,
      "val_verse_to_chorus_acc": 0.5575221238938053,
      "val_chorus_to_verse_acc": 0.4393939393939394,
      "val_window_diff": 0.41099089204443123,
      "val_pk_metric": 0.26461335612469705,
      "cnn_receptive_field_usage": 0.7000000000000001,
      "cnn_gradient_norm": 4.797178961336613,
      "cnn_effective_layers": 1
    },
    {
      "epoch": 5,
      "train_loss": 0.5108907520771027,
      "train_chorus_rate": 0.34116330742836,
      "train_max_prob": 0.7171215638518333,
      "train_conf_over_90": 0.0,
      "train_conf_over_95": 0.0,
      "val_loss": 0.5034582614898682,
      "val_macro_f1": 0.7134561961738273,
      "val_verse_f1": 0.768977576630323,
      "val_chorus_f1": 0.6579348157173317,
      "val_chorus_rate": 0.5112826973199844,
      "val_max_prob": 0.7216402292251587,
      "val_conf_over_90": 0.0,
      "val_conf_over_95": 0.0,
      "learning_rate": 0.00012052307811475175,
      "epoch_time": 21.679980993270874,
      "val_boundary_f1": 0.34011090573012936,
      "val_boundary_precision": 0.2796352583586626,
      "val_boundary_recall": 0.4339622641509434,
      "val_complete_segments": 0.21993054507020987,
      "val_avg_segment_overlap": 0.6294594409221991,
      "val_verse_to_chorus_acc": 0.33185840707964603,
      "val_chorus_to_verse_acc": 0.5202020202020202,
      "val_window_diff": 0.4529621809476228,
      "val_pk_metric": 0.33883316368111205,
      "cnn_receptive_field_usage": 0.7000000000000001,
      "cnn_gradient_norm": 4.475271433591843,
      "cnn_effective_layers": 1
    },
    {
      "epoch": 6,
      "train_loss": 0.4848564565181732,
      "train_chorus_rate": 0.46460866555571556,
      "train_max_prob": 0.6982665657997131,
      "train_conf_over_90": 0.0,
      "train_conf_over_95": 0.0,
      "val_loss": 0.4959254562854767,
      "val_macro_f1": 0.7666212598820872,
      "val_verse_f1": 0.8446816341553184,
      "val_chorus_f1": 0.6885608856088561,
      "val_chorus_rate": 0.3678203821182251,
      "val_max_prob": 0.6986320614814758,
      "val_conf_over_90": 0.0,
      "val_conf_over_95": 0.0,
      "learning_rate": 0.0001053051603148096,
      "epoch_time": 21.902939796447754,
      "val_boundary_f1": 0.42402826855123676,
      "val_boundary_precision": 0.3389830508474576,
      "val_boundary_recall": 0.5660377358490566,
      "val_complete_segments": 0.3685036992299562,
      "val_avg_segment_overlap": 0.6987563348093957,
      "val_verse_to_chorus_acc": 0.5309734513274337,
      "val_chorus_to_verse_acc": 0.5505050505050505,
      "val_window_diff": 0.4357933562583509,
      "val_pk_metric": 0.2926233566627158,