{
  "method": "temperature",
  "params": {
    "temperature": 0.7149103093822643
  },
  "ece_before": 0.023770972105632386,
  "ece_after": 0.021272547016092266,
  "improvement": 0.0024984250895401204,
  "all_results": [
    {
      "method": "temperature",
      "params": {
        "temperature": 0.7149103093822643
      },
      "ece_before": 0.023770972105632386,
      "ece_after": 0.021272547016092266,
      "improvement": 0.0024984250895401204
    },
    {
      "method": "platt",
      "params": {
        "A": 1.1747936969017325,
        "B": 0.0
      },
      "ece_before": 0.023770972105632386,
      "ece_after": 0.028241037883318252,
      "improvement": -0.004470065777685866
    }
  ]
}