{
  "trial_number": 34,
  "timestamp": 1756079235.89803,
  "boundary_f1": 0.4066736183524504,
  "line_f1": 0.766711446191929,
  "macro_f1": 0.766711446191929,
  "verse_f1": 0.869090288445127,
  "chorus_f1": 0.664332603938731,
  "windowdiff": 0.3104748006224304,
  "pk": 0.22517563949363925,
  "val_loss": 0.5205587819218636,
  "val_accuracy": 0.0,
  "weighted_f1": 0.0,
  "training_time": 2251.705206155777,
  "training_time_minutes": 37.528420102596286,
  "total_params": 0,
  "actual_epochs": 15,
  "config_summary": {
    "attention_enabled": true,
    "hidden_dim": 256,
    "num_layers": 2,
    "max_epochs": 15,
    "batch_size": 32,
    "learning_rate": 0.0006569039509851258,
    "boundary_weight": 2.12836369397278,
    "label_smoothing": 0.166595579805213
  },
  "validation_strategy": "composite",
  "all_metrics": {
    "loss": 0.5205587819218636,
    "chorus_rate": 0.2619643956422806,
    "max_prob_mean": 0.6619214713573456,
    "confidence_over_90": 0.0,
    "confidence_over_95": 0.0,
    "verse_f1": 0.869090288445127,
    "chorus_f1": 0.664332603938731,
    "macro_f1": 0.766711446191929,
    "boundary_f1": 0.4066736183524504,
    "boundary_precision": 0.3644859813084112,
    "boundary_recall": 0.45990566037735847,
    "complete_segments": 0.27092847657534824,
    "avg_segment_overlap": 0.6634127339734497,
    "verse_to_chorus_acc": 0.39823008849557523,
    "chorus_to_verse_acc": 0.45454545454545453,
    "window_diff": 0.3104748006224304,
    "pk_metric": 0.22517563949363925
  },
  "parameters": {
    "hidden_dim": 256,
    "num_layers": 2,
    "dropout": 0.21393694904859734,
    "layer_dropout": 0.23375739851500144,
    "attention_enabled": true,
    "attention_heads": 4,
    "attention_dropout": 0.18848384627619105,
    "max_epochs": 15,
    "batch_size": 32,
    "learning_rate": 0.0006569039509851258,
    "weight_decay": 0.015141700012960505,
    "scheduler": "cosine",
    "min_delta": 0.00018273143986190463,
    "gradient_clip_norm": 0.3969614882208266,
    "validation_strategy": "composite",
    "head_tail_words": 4,
    "boundary_weight": 2.12836369397278,
    "label_smoothing": 0.166595579805213,
    "segment_consistency_lambda": 0.01481678760523832,
    "conf_penalty_lambda": 0.01407275005581356,
    "conf_threshold": 0.9488707881079421,
    "entropy_lambda": 0.02359253598656057,
    "max_confidence_threshold": 0.9526390689176644,
    "min_chorus_rate": 0.09859104712018982,
    "max_chorus_rate": 0.7482119420240847,
    "max_conf_over_95_ratio": 0.13204472786077723,
    "head_ssm_enabled": true,
    "tail_ssm_enabled": false,
    "phonetic_ssm_enabled": true,
    "pos_ssm_enabled": true,
    "string_ssm_enabled": false,
    "syllable_pattern_ssm_enabled": true,
    "line_syllable_ssm_enabled": false,
    "word2vec_enabled": false,
    "contextual_enabled": false,
    "phonetic_mode": "rhyme",
    "phonetic_similarity_method": "edit_distance",
    "phonetic_normalize": false,
    "phonetic_normalize_method": "zscore",
    "phonetic_high_sim_threshold": 0.3236005383939215,
    "pos_tagset": "universal",
    "pos_similarity_method": "lcs",
    "pos_high_sim_threshold": 0.26424162192301787,
    "string_case_sensitive": true,
    "string_remove_punctuation": true,
    "string_similarity_threshold": 0.04966351340453436,
    "string_similarity_method": "word_overlap",
    "syllable_pattern_similarity_method": "cosine",
    "syllable_pattern_levenshtein_weight": 0.6337336661771469,
    "syllable_pattern_cosine_weight": 0.21850492777674185,
    "syllable_pattern_normalize": true,
    "syllable_pattern_normalize_method": "minmax",
    "line_syllable_similarity_method": "cosine",
    "line_syllable_ratio_threshold": 0.10987577069190141,
    "line_syllable_normalize": false,
    "line_syllable_normalize_method": "minmax",
    "word2vec_mode": "summary",
    "word2vec_normalize": true,
    "word2vec_similarity_metric": "cosine",
    "word2vec_high_sim_threshold": 0.763619605993769,
    "contextual_mode": "complete",
    "contextual_normalize": false,
    "contextual_similarity_metric": "dot",
    "contextual_high_sim_threshold": 0.6953581469504068
  },
  "config": {
    "hidden_dim": 256,
    "num_layers": 2,
    "layer_dropout": 0.23375739851500144,
    "num_classes": 2,
    "dropout": 0.21393694904859734,
    "attention_enabled": true,
    "attention_type": "boundary_aware",
    "attention_heads": 4,
    "attention_dropout": 0.18848384627619105,
    "attention_dim": 256,
    "positional_encoding": true,
    "max_seq_length": 1000,
    "window_size": 7,
    "boundary_temperature": 2.0,
    "batch_size": 32,
    "learning_rate": 0.0006569039509851258,
    "weight_decay": 0.015141700012960505,
    "max_epochs": 15,
    "patience": 4,
    "gradient_clip_norm": 0.3969614882208266,
    "scheduler": "cosine",
    "min_lr": 1e-06,
    "cosine_t_max": 15,
    "warmup_epochs": 5,
    "lr_factor": 0.5,
    "lr_patience": 10,
    "step_size": 30,
    "step_gamma": 0.5,
    "cosine_t0": 10,
    "cosine_t_mult": 2,
    "min_delta": 0.00018273143986190463,
    "train_file": "data/train.jsonl",
    "val_file": "data/val.jsonl",
    "test_file": "data/test.jsonl",
    "weighted_sampling": true,
    "emergency_monitoring_enabled": true,
    "max_confidence_threshold": 0.9526390689176644,
    "min_chorus_rate": 0.09859104712018982,
    "max_chorus_rate": 0.7482119420240847,
    "max_conf_over_95_ratio": 0.13204472786077723,
    "val_overconf_threshold": 0.96,
    "val_f1_collapse_threshold": 0.1,
    "loss": {
      "loss_type": "boundary_aware",
      "boundary_weight": 2.12836369397278,
      "label_smoothing": 0.166595579805213,
      "segment_consistency_lambda": 0.01481678760523832,
      "conf_penalty_lambda": 0.01407275005581356,
      "conf_threshold": 0.9488707881079421,
      "entropy_lambda": 0.02359253598656057
    },
    "calibration_enabled": true,
    "calibration_methods": [
      "temperature",
      "platt"
    ],
    "validation_strategy": "composite",
    "head_ssm_enabled": true,
    "head_ssm_words": 4,
    "head_ssm_dimension": 12,
    "tail_ssm_enabled": false,
    "tail_ssm_words": 4,
    "tail_ssm_dimension": 12,
    "phonetic_ssm_enabled": true,
    "phonetic_ssm_mode": "rhyme",
    "phonetic_ssm_dimension": 12,
    "phonetic_ssm_similarity_method": "edit_distance",
    "phonetic_ssm_normalize": false,
    "phonetic_ssm_normalize_method": "zscore",
    "phonetic_ssm_high_sim_threshold": 0.3236005383939215,
    "pos_ssm_enabled": true,
    "pos_ssm_tagset": "universal",
    "pos_ssm_similarity_method": "lcs",
    "pos_ssm_high_sim_threshold": 0.26424162192301787,
    "pos_ssm_dimension": 12,
    "string_ssm_enabled": false,
    "string_ssm_case_sensitive": true,
    "string_ssm_remove_punctuation": true,
    "string_ssm_similarity_threshold": 0.04966351340453436,
    "string_ssm_similarity_method": "word_overlap",
    "string_ssm_dimension": 12,
    "syllable_pattern_ssm_enabled": true,
    "syllable_pattern_ssm_similarity_method": "cosine",
    "syllable_pattern_ssm_levenshtein_weight": 0.7436106164084793,
    "syllable_pattern_ssm_cosine_weight": 0.2563893835915207,
    "syllable_pattern_ssm_normalize": true,
    "syllable_pattern_ssm_normalize_method": "minmax",
    "syllable_pattern_ssm_dimension": 12,
    "line_syllable_ssm_enabled": false,
    "line_syllable_ssm_similarity_method": "cosine",
    "line_syllable_ssm_ratio_threshold": 0.10987577069190141,
    "line_syllable_ssm_normalize": false,
    "line_syllable_ssm_normalize_method": "minmax",
    "line_syllable_ssm_dimension": 12,
    "word2vec_enabled": false,
    "word2vec_model": "word2vec-google-news-300",
    "word2vec_mode": "summary",
    "word2vec_normalize": true,
    "word2vec_similarity_metric": "cosine",
    "word2vec_high_sim_threshold": 0.763619605993769,
    "contextual_enabled": false,
    "contextual_model": "all-MiniLM-L6-v2",
    "contextual_mode": "complete",
    "contextual_normalize": false,
    "contextual_similarity_metric": "dot",