{
  "metadata": {
    "model_info": {
      "hidden_dim": 256,
      "num_layers": 2,
      "dropout": 0.21393694904859734,
      "layer_dropout": 0.23375739851500144,
      "attention_enabled": true,
      "attention_heads": 4,
      "attention_dropout": 0.18848384627619105,
      "attention_dim": 256,
      "positional_encoding": true,
      "max_seq_length": 1000,
      "total_params": 2764291,
      "lstm_params": 2203648,
      "attention_params": 559617,
      "classifier_params": 1026
    },
    "training_info": {
      "batch_size": 32,
      "learning_rate": 0.0006569039509851258,
      "scheduler": "cosine",
      "label_smoothing": 0.0,
      "weighted_sampling": true,
      "total_epochs": 15,
      "validation_strategy": "composite",
      "weight_decay": 0.015141700012960505,
      "gradient_clip_norm": 0.3969614882208266,
      "max_epochs": 15,
      "patience": 4
    },
    "calibration_info": {
      "temperature": {
        "ece_before": 0.14966999843336046,
        "ece_after": 0.025387235454234273,
        "improvement": 0.12428276297912619,
        "params": {
          "temperature": 0.432100029850731
        }
      },
      "platt": {
        "ece_before": 0.14966999843336046,
        "ece_after": 0.02676874896866399,
        "improvement": 0.12290124946469647,
        "params": {
          "A": 2.124390747542007,
          "B": 0.0
        }
      }
    }
  },
  "metrics": [
    {
      "epoch": 1,
      "train_loss": 0.603274741768837,
      "train_chorus_rate": 0.5343011800898239,
      "train_max_prob": 0.5886440396308898,
      "train_conf_over_90": 0.0,
      "train_conf_over_95": 0.0,
      "val_loss": 0.6082853972911835,
      "val_macro_f1": 0.34540362872497754,
      "val_verse_f1": 0.20506408252578934,
      "val_chorus_f1": 0.4857431749241658,
      "val_chorus_rate": 0.9145188629627228,
      "val_max_prob": 0.6107819378376007,
      "val_conf_over_90": 0.0,
      "val_conf_over_95": 0.0,
      "learning_rate": 0.0006497374134765252,
      "epoch_time": 82.17093920707703,
      "val_boundary_f1": 0.003642987249544627,
      "val_boundary_precision": 0.008,
      "val_boundary_recall": 0.0023584905660377358,
      "val_complete_segments": 0.0020325203252032522,
      "val_avg_segment_overlap": 0.14006824948068314,
      "val_verse_to_chorus_acc": 0.004424778761061947,
      "val_chorus_to_verse_acc": 0.0,
      "val_window_diff": 0.4120225226125994,
      "val_pk_metric": 0.39989009666512654
    },
    {
      "epoch": 2,
      "train_loss": 0.57570381462574,
      "train_chorus_rate": 0.5196196041419171,
      "train_max_prob": 0.5672937035560608,
      "train_conf_over_90": 0.0,
      "train_conf_over_95": 0.0,
      "val_loss": 0.5949970483779907,
      "val_macro_f1": 0.4973796484290782,
      "val_verse_f1": 0.5490981963927856,
      "val_chorus_f1": 0.44566110046537094,
      "val_chorus_rate": 0.5978007018566132,
      "val_max_prob": 0.5696708410978317,
      "val_conf_over_90": 0.0,
      "val_conf_over_95": 0.0,
      "learning_rate": 0.0006285510130287113,
      "epoch_time": 72.30264711380005,
      "val_boundary_f1": 0.05454545454545455,
      "val_boundary_precision": 0.11904761904761904,
      "val_boundary_recall": 0.03537735849056604,
      "val_complete_segments": 0.012483110667097942,
      "val_avg_segment_overlap": 0.21054796568932554,
      "val_verse_to_chorus_acc": 0.03982300884955752,
      "val_chorus_to_verse_acc": 0.0,
      "val_window_diff": 0.45893508957724816,
      "val_pk_metric": 0.46918356308058384
    },
    {
      "epoch": 3,
      "train_loss": 0.5703254401683807,
      "train_chorus_rate": 0.5531858587637544,
      "train_max_prob": 0.5793673247098923,
      "train_conf_over_90": 0.0,
      "train_conf_over_95": 0.0,
      "val_loss": 0.5909211486577988,
      "val_macro_f1": 0.4154228106070068,
      "val_verse_f1": 0.3383309759547383,
      "val_chorus_f1": 0.49251464525927535,
      "val_chorus_rate": 0.8327174484729767,
      "val_max_prob": 0.5936075448989868,
      "val_conf_over_90": 0.0,
      "val_conf_over_95": 0.0,
      "learning_rate": 0.0005942706970048827,
      "epoch_time": 49.697717905044556,
      "val_boundary_f1": 0.0642857142857143,
      "val_boundary_precision": 0.1323529411764706,
      "val_boundary_recall": 0.04245283018867924,
      "val_complete_segments": 0.027490357726306827,
      "val_avg_segment_overlap": 0.18677728698770768,
      "val_verse_to_chorus_acc": 0.061946902654867256,
      "val_chorus_to_verse_acc": 0.0,
      "val_window_diff": 0.4081216517334305,
      "val_pk_metric": 0.40215177405099223
    },
    {
      "epoch": 4,
      "train_loss": 0.5634319081902504,
      "train_chorus_rate": 0.45453394334763286,
      "train_max_prob": 0.5910616040229797,
      "train_conf_over_90": 0.0,
      "train_conf_over_95": 0.0,
      "val_loss": 0.6053118258714676,
      "val_macro_f1": 0.5642807072041751,
      "val_verse_f1": 0.823764814529783,
      "val_chorus_f1": 0.3047965998785671,
      "val_chorus_rate": 0.10527189262211323,
      "val_max_prob": 0.6096534579992294,
      "val_conf_over_90": 0.0,
      "val_conf_over_95": 0.0,
      "learning_rate": 0.000548394679710487,
      "epoch_time": 58.30831694602966,
      "val_boundary_f1": 0.19726858877086492,
      "val_boundary_precision": 0.2765957446808511,
      "val_boundary_recall": 0.15330188679245282,
      "val_complete_segments": 0.0911787184851872,
      "val_avg_segment_overlap": 0.3298269679962006,
      "val_verse_to_chorus_acc": 0.15486725663716813,
      "val_chorus_to_verse_acc": 0.13131313131313133,
      "val_window_diff": 0.34383780505841194,
      "val_pk_metric": 0.30156601913590664
    },
    {
      "epoch": 5,
      "train_loss": 0.5342880561947823,
      "train_chorus_rate": 0.43650400787591936,
      "train_max_prob": 0.6352130562067032,
      "train_conf_over_90": 0.0025955160293960945,
      "train_conf_over_95": 0.0,
      "val_loss": 0.5359970554709435,
      "val_macro_f1": 0.7034112732766084,
      "val_verse_f1": 0.7907417947258585,
      "val_chorus_f1": 0.6160807518273582,
      "val_chorus_rate": 0.40701211243867874,
      "val_max_prob": 0.6598697006702423,
      "val_conf_over_90": 0.0020096574735362083,
      "val_conf_over_95": 0.0,
      "learning_rate": 0.0004929279632388445,
      "epoch_time": 56.96523690223694,
      "val_boundary_f1": 0.2907317073170732,
      "val_boundary_precision": 0.24792013311148087,
      "val_boundary_recall": 0.35141509433962265,
      "val_complete_segments": 0.1463634707272035,
      "val_avg_segment_overlap": 0.5824577082055239,
      "val_verse_to_chorus_acc": 0.3053097345132743,
      "val_chorus_to_verse_acc": 0.3434343434343434,
      "val_window_diff": 0.46854864570755617,
      "val_pk_metric": 0.35475798159913013
    },
    {
      "epoch": 6,
      "train_loss": 0.5098845422267914,
      "train_chorus_rate": 0.3690424121916294,
      "train_max_prob": 0.6732173413038254,
      "train_conf_over_90": 0.011702011761371978,
      "train_conf_over_95": 0.00013271681673359125,
      "val_loss": 0.53150275349617,
      "val_macro_f1": 0.6076497133796804,
      "val_verse_f1": 0.6488888888888888,
      "val_chorus_f1": 0.566410537870472,
      "val_chorus_rate": 0.595728412270546,
      "val_max_prob": 0.6758382022380829,
      "val_conf_over_90": 0.012219265569001436,
      "val_conf_over_95": 0.0,
      "learning_rate": 0.00043029470925860124,
      "epoch_time": 50.684895038604736,
      "val_boundary_f1": 0.17058823529411765,
      "val_boundary_precision": 0.14597315436241612,
      "val_boundary_recall": 0.20518867924528303,
      "val_complete_segments": 0.0672389079732664,
      "val_avg_segment_overlap": 0.45056116160437953,
      "val_verse_to_chorus_acc": 0.15486725663716813,
      "val_chorus_to_verse_acc": 0.21717171717171718,
      "val_window_diff": 0.5500658148378612,
      "val_pk_metric": 0.45231220564066577
    },
    {
      "epoch": 7,
      "train_loss": 0.4993221253156662,