{
  "trial_number": 6,
  "trial_id": "cnn_trial_0006",
  "model_type": "CNN",
  "training_score": 0.35004397537379073,
  "optuna_objective": 0.35004397537379073,
  "validation_metrics": {
    "line_f1": 0.7059762911242438,
    "boundary_f1": 0.35004397537379073,
    "macro_f1": 0.7059762911242438,
    "verse_f1": 0.8158741508759385,
    "chorus_f1": 0.596078431372549,
    "boundary_precision": 0.2791023842917251,
    "boundary_recall": 0.4693396226415094,
    "window_diff": 0.45003776536545975,
    "pk_metric": 0.3247327092307917,
    "confidence": 0.6174627393484116,
    "val_loss": 0.5410135239362717
  },
  "all_results": {
    "line_f1": 0.7059762911242438,
    "boundary_f1": 0.35004397537379073,
    "macro_f1": 0.7059762911242438,
    "verse_f1": 0.8158741508759385,
    "chorus_f1": 0.596078431372549,
    "boundary_precision": 0.2791023842917251,
    "boundary_recall": 0.4693396226415094,
    "window_diff": 0.45003776536545975,
    "pk_metric": 0.3247327092307917,
    "confidence": 0.6174627393484116,
    "val_loss": 0.5410135239362717
  },
  "parameters": {
    "hidden_dim": 128,
    "num_layers": 1,
    "dropout": 0.33307814266019814,
    "cnn_kernel_sizes": "3,5",
    "cnn_dilation_rates": "1,2,4",
    "cnn_use_residual": true,
    "cnn_batch_multiplier": 1.2272705323838866,
    "attention_enabled": true,
    "attention_type": "self",
    "attention_heads": 4,
    "attention_dropout": 0.1911313505571426,
    "max_epochs": 8,
    "batch_size": 32,
    "learning_rate": 0.00038340353418185813,
    "weight_decay": 0.005666360271975164,
    "scheduler": "onecycle",
    "min_delta": 0.0007011800968795477,
    "gradient_clip_norm": 0.6752674564408843,
    "validation_strategy": "boundary_f1",
    "boundary_weight": 2.0813084696724458,
    "label_smoothing": 0.19554635922469213,
    "segment_consistency_lambda": 0.02322537242923169,
    "conf_penalty_lambda": 0.00974899956645962,
    "conf_threshold": 0.9417715852516507,
    "entropy_lambda": 0.032268303918715796,
    "max_confidence_threshold": 0.9083648607258125,
    "min_chorus_rate": 0.06865456966708028,
    "max_chorus_rate": 0.8719638333700245,
    "max_conf_over_95_ratio": 0.051356560103185685,
    "head_ssm_enabled": false,
    "tail_ssm_enabled": false,
    "phonetic_ssm_enabled": false,
    "pos_ssm_enabled": false,
    "string_ssm_enabled": true,
    "syllable_pattern_ssm_enabled": true,
    "line_syllable_ssm_enabled": true,
    "word2vec_enabled": true,
    "contextual_enabled": true,
    "head_tail_words": 4,
    "phonetic_mode": "rhyme",
    "phonetic_similarity": "edit_distance",
    "phonetic_threshold": 0.2728642805503463,
    "pos_tagset": "simplified",
    "pos_similarity": "jaccard",
    "pos_threshold": 0.27201635011119935,
    "string_similarity": "word_overlap",
    "string_threshold": 0.0625330720531669
  },
  "duration_minutes": 0
}