{
  "method": "platt",
  "params": {
    "A": 0.9681783692902768,
    "B": 0.0
  },
  "ece_before": 0.06835877063934834,
  "ece_after": 0.07154253679958916,
  "improvement": -0.003183766160240825,
  "all_results": [
    {
      "method": "temperature",
      "params": {
        "temperature": 1.0219682413516749
      },
      "ece_before": 0.06835877063934834,
      "ece_after": 0.07156465594859863,
      "improvement": -0.0032058853092502976
    },
    {
      "method": "platt",
      "params": {
        "A": 0.9681783692902768,
        "B": 0.0
      },
      "ece_before": 0.06835877063934834,
      "ece_after": 0.07154253679958916,
      "improvement": -0.003183766160240825
    }
  ]
}