{
  "trial_number": 55,
  "timestamp": 1756169740.7087622,
  "boundary_f1": 0.4135188866799205,
  "line_f1": 0.7608754548189056,
  "macro_f1": 0.7608754548189056,
  "verse_f1": 0.861293670010377,
  "chorus_f1": 0.6604572396274343,
  "windowdiff": 0.3381197654059883,
  "pk": 0.24408644522970724,
  "val_loss": 0.513712003827095,
  "val_accuracy": 0.0,
  "weighted_f1": 0.0,
  "training_time": 1038.3560118675232,
  "training_time_minutes": 17.305933531125387,
  "total_params": 0,
  "actual_epochs": 15,
  "config_summary": {
    "attention_enabled": true,
    "hidden_dim": 256,
    "num_layers": 2,
    "max_epochs": 15,
    "batch_size": 32,
    "learning_rate": 0.0006423385330761314,
    "boundary_weight": 2.1377471386265414,
    "label_smoothing": 0.17244772555613658
  },
  "validation_strategy": "boundary_f1",
  "all_metrics": {
    "loss": 0.513712003827095,
    "chorus_rate": 0.28100673109292984,
    "max_prob_mean": 0.6614068001508713,
    "confidence_over_90": 0.0002312673459528014,
    "confidence_over_95": 0.0,
    "verse_f1": 0.861293670010377,
    "chorus_f1": 0.6604572396274343,
    "macro_f1": 0.7608754548189056,
    "boundary_f1": 0.4135188866799205,
    "boundary_precision": 0.35738831615120276,
    "boundary_recall": 0.49056603773584906,
    "complete_segments": 0.28110955410796346,
    "avg_segment_overlap": 0.6631122476370646,
    "verse_to_chorus_acc": 0.415929203539823,
    "chorus_to_verse_acc": 0.4898989898989899,
    "window_diff": 0.3381197654059883,
    "pk_metric": 0.24408644522970724
  },
  "parameters": {
    "hidden_dim": 256,
    "num_layers": 2,
    "dropout": 0.19737618628642584,
    "layer_dropout": 0.22638415442839951,
    "attention_enabled": true,
    "attention_heads": 8,
    "attention_dropout": 0.11436697981057288,
    "max_epochs": 15,
    "batch_size": 32,
    "learning_rate": 0.0006423385330761314,
    "weight_decay": 0.0185968658373227,
    "scheduler": "cosine",
    "min_delta": 0.0004874505213908644,
    "gradient_clip_norm": 0.45789576692620226,
    "validation_strategy": "boundary_f1",
    "head_tail_words": 4,
    "boundary_weight": 2.1377471386265414,
    "label_smoothing": 0.17244772555613658,
    "segment_consistency_lambda": 0.018439293581709506,
    "conf_penalty_lambda": 0.011399924148092511,
    "conf_threshold": 0.901589119042567,
    "entropy_lambda": 0.03719042945269229,
    "max_confidence_threshold": 0.9435746971117351,
    "min_chorus_rate": 0.07270045905124213,
    "max_chorus_rate": 0.8439756018465072,
    "max_conf_over_95_ratio": 0.18234644366479036,
    "head_ssm_enabled": true,
    "tail_ssm_enabled": false,
    "phonetic_ssm_enabled": true,
    "pos_ssm_enabled": false,
    "string_ssm_enabled": false,
    "syllable_pattern_ssm_enabled": true,
    "line_syllable_ssm_enabled": true,
    "word2vec_enabled": false,
    "contextual_enabled": false,
    "phonetic_mode": "rhyme",
    "phonetic_similarity_method": "binary",
    "phonetic_normalize": false,
    "phonetic_normalize_method": "zscore",
    "phonetic_high_sim_threshold": 0.3412837891815086,
    "pos_tagset": "universal",
    "pos_similarity_method": "position",
    "pos_high_sim_threshold": 0.31260103511341614,
    "string_case_sensitive": true,
    "string_remove_punctuation": true,
    "string_similarity_threshold": 0.05649827353286386,
    "string_similarity_method": "word_overlap",
    "syllable_pattern_similarity_method": "levenshtein",
    "syllable_pattern_levenshtein_weight": 0.6989418475760504,
    "syllable_pattern_cosine_weight": 0.2282194512841664,
    "syllable_pattern_normalize": false,
    "syllable_pattern_normalize_method": "minmax",
    "line_syllable_similarity_method": "cosine",
    "line_syllable_ratio_threshold": 0.1031476724284024,
    "line_syllable_normalize": false,
    "line_syllable_normalize_method": "minmax",
    "word2vec_mode": "complete",
    "word2vec_normalize": true,
    "word2vec_similarity_metric": "dot",
    "word2vec_high_sim_threshold": 0.7728933202186018,
    "contextual_mode": "complete",
    "contextual_normalize": false,
    "contextual_similarity_metric": "dot",
    "contextual_high_sim_threshold": 0.6816381790264548
  },
  "config": {
    "hidden_dim": 256,
    "num_layers": 2,
    "layer_dropout": 0.22638415442839951,
    "num_classes": 2,
    "dropout": 0.19737618628642584,
    "attention_enabled": true,
    "attention_type": "boundary_aware",
    "attention_heads": 8,
    "attention_dropout": 0.11436697981057288,
    "attention_dim": 256,
    "positional_encoding": true,
    "max_seq_length": 1000,
    "window_size": 7,
    "boundary_temperature": 2.0,
    "batch_size": 32,
    "learning_rate": 0.0006423385330761314,
    "weight_decay": 0.0185968658373227,
    "max_epochs": 15,
    "patience": 4,
    "gradient_clip_norm": 0.45789576692620226,
    "scheduler": "cosine",
    "min_lr": 1e-06,
    "cosine_t_max": 15,
    "warmup_epochs": 5,
    "lr_factor": 0.5,
    "lr_patience": 10,
    "step_size": 30,
    "step_gamma": 0.5,
    "cosine_t0": 10,
    "cosine_t_mult": 2,
    "min_delta": 0.0004874505213908644,
    "train_file": "data/train.jsonl",
    "val_file": "data/val.jsonl",
    "test_file": "data/test.jsonl",
    "weighted_sampling": true,
    "emergency_monitoring_enabled": true,
    "max_confidence_threshold": 0.9435746971117351,
    "min_chorus_rate": 0.07270045905124213,
    "max_chorus_rate": 0.8439756018465072,
    "max_conf_over_95_ratio": 0.18234644366479036,
    "val_overconf_threshold": 0.96,
    "val_f1_collapse_threshold": 0.1,
    "loss": {
      "loss_type": "boundary_aware",
      "boundary_weight": 2.1377471386265414,
      "label_smoothing": 0.17244772555613658,
      "segment_consistency_lambda": 0.018439293581709506,
      "conf_penalty_lambda": 0.011399924148092511,
      "conf_threshold": 0.901589119042567,
      "entropy_lambda": 0.03719042945269229
    },
    "calibration_enabled": true,
    "calibration_methods": [
      "temperature",
      "platt"
    ],
    "validation_strategy": "boundary_f1",
    "head_ssm_enabled": true,
    "head_ssm_words": 4,
    "head_ssm_dimension": 12,
    "tail_ssm_enabled": false,
    "tail_ssm_words": 4,
    "tail_ssm_dimension": 12,
    "phonetic_ssm_enabled": true,
    "phonetic_ssm_mode": "rhyme",
    "phonetic_ssm_dimension": 12,
    "phonetic_ssm_similarity_method": "binary",
    "phonetic_ssm_normalize": false,
    "phonetic_ssm_normalize_method": "zscore",
    "phonetic_ssm_high_sim_threshold": 0.3412837891815086,
    "pos_ssm_enabled": false,
    "pos_ssm_tagset": "universal",
    "pos_ssm_similarity_method": "position",
    "pos_ssm_high_sim_threshold": 0.31260103511341614,
    "pos_ssm_dimension": 12,
    "string_ssm_enabled": false,
    "string_ssm_case_sensitive": true,
    "string_ssm_remove_punctuation": true,
    "string_ssm_similarity_threshold": 0.05649827353286386,
    "string_ssm_similarity_method": "word_overlap",
    "string_ssm_dimension": 12,
    "syllable_pattern_ssm_enabled": true,
    "syllable_pattern_ssm_similarity_method": "levenshtein",
    "syllable_pattern_ssm_levenshtein_weight": 0.7538514047504761,
    "syllable_pattern_ssm_cosine_weight": 0.24614859524952393,
    "syllable_pattern_ssm_normalize": false,
    "syllable_pattern_ssm_normalize_method": "minmax",
    "syllable_pattern_ssm_dimension": 12,
    "line_syllable_ssm_enabled": true,
    "line_syllable_ssm_similarity_method": "cosine",
    "line_syllable_ssm_ratio_threshold": 0.1031476724284024,
    "line_syllable_ssm_normalize": false,
    "line_syllable_ssm_normalize_method": "minmax",
    "line_syllable_ssm_dimension": 12,
    "word2vec_enabled": false,
    "word2vec_model": "word2vec-google-news-300",
    "word2vec_mode": "complete",
    "word2vec_normalize": true,
    "word2vec_similarity_metric": "dot",
    "word2vec_high_sim_threshold": 0.7728933202186018,
    "contextual_enabled": false,
    "contextual_model": "all-MiniLM-L6-v2",
    "contextual_mode": "complete",
    "contextual_normalize": false,