{
  "metadata": {
    "model_info": {
      "hidden_dim": 256,
      "num_layers": 2,
      "dropout": 0.19737618628642584,
      "layer_dropout": 0.22638415442839951,
      "attention_enabled": true,
      "attention_heads": 8,
      "attention_dropout": 0.11436697981057288,
      "attention_dim": 256,
      "positional_encoding": true,
      "max_seq_length": 1000,
      "total_params": 2764291,
      "lstm_params": 2203648,
      "attention_params": 559617,
      "classifier_params": 1026
    },
    "training_info": {
      "batch_size": 32,
      "learning_rate": 0.0006423385330761314,
      "scheduler": "cosine",
      "label_smoothing": 0.0,
      "weighted_sampling": true,
      "total_epochs": 15,
      "validation_strategy": "boundary_f1",
      "weight_decay": 0.0185968658373227,
      "gradient_clip_norm": 0.45789576692620226,
      "max_epochs": 15,
      "patience": 4
    },
    "calibration_info": {
      "temperature": {
        "ece_before": 0.14163123033135722,
        "ece_after": 0.025880040011729152,
        "improvement": 0.11575119031962806,
        "params": {
          "temperature": 0.4541087574961492
        }
      },
      "platt": {
        "ece_before": 0.14163123033135722,
        "ece_after": 0.04433417387584808,
        "improvement": 0.09729705645550914,
        "params": {
          "A": 1.8366993130663014,
          "B": 0.0
        }
      }
    }
  },
  "metrics": [
    {
      "epoch": 1,
      "train_loss": 0.607604193687439,
      "train_chorus_rate": 0.4291177745908499,
      "train_max_prob": 0.6044861674308777,
      "train_conf_over_90": 0.0,
      "train_conf_over_95": 0.0,
      "val_loss": 0.595798522233963,
      "val_macro_f1": 0.42642031837004507,
      "val_verse_f1": 0.8226579520697168,
      "val_chorus_f1": 0.030182684670373314,
      "val_chorus_rate": 0.009526876616291702,
      "val_max_prob": 0.5531957000494003,
      "val_conf_over_90": 0.0,
      "val_conf_over_95": 0.0,
      "learning_rate": 0.0006353311402313439,
      "epoch_time": 69.47818613052368,
      "val_boundary_f1": 0.009174311926605505,
      "val_boundary_precision": 0.16666666666666666,
      "val_boundary_recall": 0.0047169811320754715,
      "val_complete_segments": 0.05708388095715773,
      "val_avg_segment_overlap": 0.1718761090270871,
      "val_verse_to_chorus_acc": 0.008849557522123894,
      "val_chorus_to_verse_acc": 0.0,
      "val_window_diff": 0.27436895089876046,
      "val_pk_metric": 0.2783398572168397
    },
    {
      "epoch": 2,
      "train_loss": 0.5620825245976449,
      "train_chorus_rate": 0.5040856565814466,
      "train_max_prob": 0.564196315407753,
      "train_conf_over_90": 0.0,
      "train_conf_over_95": 0.0,
      "val_loss": 0.5910411477088928,
      "val_macro_f1": 0.5223831184350232,
      "val_verse_f1": 0.5805604203152364,
      "val_chorus_f1": 0.46420581655480986,
      "val_chorus_rate": 0.578982338309288,
      "val_max_prob": 0.5527045130729675,
      "val_conf_over_90": 0.0,
      "val_conf_over_95": 0.0,
      "learning_rate": 0.0006146152183895001,
      "epoch_time": 56.81489109992981,
      "val_boundary_f1": 0.056761268781302165,
      "val_boundary_precision": 0.09714285714285714,
      "val_boundary_recall": 0.04009433962264151,
      "val_complete_segments": 0.02364624319820502,
      "val_avg_segment_overlap": 0.22572903035959765,
      "val_verse_to_chorus_acc": 0.048672566371681415,
      "val_chorus_to_verse_acc": 0.015151515151515152,
      "val_window_diff": 0.4526670242573657,
      "val_pk_metric": 0.45469636825577453
    },
    {
      "epoch": 3,
      "train_loss": 0.5630725592374801,
      "train_chorus_rate": 0.5679328823462129,
      "train_max_prob": 0.5740552395582199,
      "train_conf_over_90": 0.0,
      "train_conf_over_95": 0.0,
      "val_loss": 0.5806722790002823,
      "val_macro_f1": 0.4357184697726885,
      "val_verse_f1": 0.382089552238806,
      "val_chorus_f1": 0.48934738730657107,
      "val_chorus_rate": 0.7953181564807892,
      "val_max_prob": 0.5742592960596085,
      "val_conf_over_90": 0.0,
      "val_conf_over_95": 0.0,
      "learning_rate": 0.0005810961527411106,
      "epoch_time": 41.42734479904175,
      "val_boundary_f1": 0.05415162454873646,
      "val_boundary_precision": 0.11538461538461539,
      "val_boundary_recall": 0.03537735849056604,
      "val_complete_segments": 0.017917893275793594,
      "val_avg_segment_overlap": 0.19987988657096728,
      "val_verse_to_chorus_acc": 0.04424778761061947,
      "val_chorus_to_verse_acc": 0.0,
      "val_window_diff": 0.42590376906593624,
      "val_pk_metric": 0.4284586979057758
    },
    {
      "epoch": 4,
      "train_loss": 0.5600987941026687,
      "train_chorus_rate": 0.5132846035063267,
      "train_max_prob": 0.5731247454881668,
      "train_conf_over_90": 0.0,
      "train_conf_over_95": 0.0,
      "val_loss": 0.5831503421068192,
      "val_macro_f1": 0.5620378456180765,
      "val_verse_f1": 0.6508779093507555,
      "val_chorus_f1": 0.47319778188539735,
      "val_chorus_rate": 0.49890368431806564,
      "val_max_prob": 0.5663827210664749,
      "val_conf_over_90": 0.0,
      "val_conf_over_95": 0.0,
      "learning_rate": 0.0005362388872973319,
      "epoch_time": 46.72660493850708,
      "val_boundary_f1": 0.11249999999999999,
      "val_boundary_precision": 0.16666666666666666,
      "val_boundary_recall": 0.08490566037735849,
      "val_complete_segments": 0.04729248639641004,
      "val_avg_segment_overlap": 0.2638345055560228,
      "val_verse_to_chorus_acc": 0.08849557522123894,
      "val_chorus_to_verse_acc": 0.06060606060606061,
      "val_window_diff": 0.4316170391585585,
      "val_pk_metric": 0.4273962758596256
    },
    {
      "epoch": 5,
      "train_loss": 0.5429608657956123,
      "train_chorus_rate": 0.49605987071990965,
      "train_max_prob": 0.597093689441681,
      "train_conf_over_90": 3.287311119493097e-05,
      "train_conf_over_95": 0.0,
      "val_loss": 0.562172144651413,
      "val_macro_f1": 0.6256145958698344,
      "val_verse_f1": 0.710568454763811,
      "val_chorus_f1": 0.5406607369758577,
      "val_chorus_rate": 0.4747702553868294,
      "val_max_prob": 0.6114146411418915,
      "val_conf_over_90": 0.0,
      "val_conf_over_95": 0.0,
      "learning_rate": 0.00048200389980709857,
      "epoch_time": 47.49146127700806,
      "val_boundary_f1": 0.19923371647509577,
      "val_boundary_precision": 0.21727019498607242,
      "val_boundary_recall": 0.18396226415094338,
      "val_complete_segments": 0.05690613352331274,
      "val_avg_segment_overlap": 0.3943747850915382,
      "val_verse_to_chorus_acc": 0.12831858407079647,
      "val_chorus_to_verse_acc": 0.21212121212121213,
      "val_window_diff": 0.4452335873768951,
      "val_pk_metric": 0.40488998977721047
    },
    {
      "epoch": 6,
      "train_loss": 0.5254941195249557,
      "train_chorus_rate": 0.42143388092517853,
      "train_max_prob": 0.6355560451745987,
      "train_conf_over_90": 0.0024506675399607047,
      "train_conf_over_95": 0.0,
      "val_loss": 0.5281936377286911,
      "val_macro_f1": 0.6963238062134849,
      "val_verse_f1": 0.7858903849800873,
      "val_chorus_f1": 0.6067572274468825,
      "val_chorus_rate": 0.4053787961602211,
      "val_max_prob": 0.6665198057889938,
      "val_conf_over_90": 0.006588434684090316,
      "val_conf_over_95": 0.0,
      "learning_rate": 0.00042076151947207773,
      "epoch_time": 41.26559805870056,
      "val_boundary_f1": 0.29547738693467335,
      "val_boundary_precision": 0.2574430823117338,
      "val_boundary_recall": 0.3466981132075472,
      "val_complete_segments": 0.15090096914062978,
      "val_avg_segment_overlap": 0.5843527341492346,
      "val_verse_to_chorus_acc": 0.2831858407079646,
      "val_chorus_to_verse_acc": 0.3484848484848485,
      "val_window_diff": 0.4294943977923808,
      "val_pk_metric": 0.33164555471811796
    },
    {
      "epoch": 7,
      "train_loss": 0.5076519280672074,