{
  "method": "temperature",
  "params": {
    "temperature": 0.5707371905413073
  },
  "ece_before": 0.10774970256626487,
  "ece_after": 0.032487932892702874,
  "improvement": 0.07526176967356199,
  "all_results": [
    {
      "method": "temperature",
      "params": {
        "temperature": 0.5707371905413073
      },
      "ece_before": 0.10774970256626487,
      "ece_after": 0.032487932892702874,
      "improvement": 0.07526176967356199
    },
    {
      "method": "platt",
      "params": {
        "A": 0.9999990802476918,
        "B": -0.08414299497526424
      },
      "ece_before": 0.10774970256626487,
      "ece_after": 0.12125087700681743,
      "improvement": -0.013501174440552557
    }
  ]
}