{
  "trial_number": 88,
  "timestamp": 1756218963.632393,
  "boundary_f1": 0.4039408866995074,
  "line_f1": 0.7642467522710003,
  "macro_f1": 0.7642467522710003,
  "verse_f1": 0.8499909958580947,
  "chorus_f1": 0.6785025086839058,
  "windowdiff": 0.36824517077689367,
  "pk": 0.25644789248073296,
  "val_loss": 0.4861563667654991,
  "val_accuracy": 0.0,
  "weighted_f1": 0.0,
  "training_time": 925.2578272819519,
  "training_time_minutes": 15.420963788032532,
  "total_params": 0,
  "actual_epochs": 15,
  "config_summary": {
    "attention_enabled": true,
    "hidden_dim": 256,
    "num_layers": 2,
    "max_epochs": 15,
    "batch_size": 32,
    "learning_rate": 0.0007082411717628773,
    "boundary_weight": 1.8739495828644817,
    "label_smoothing": 0.18380643437279323
  },
  "validation_strategy": "composite",
  "all_metrics": {
    "loss": 0.4861563667654991,
    "chorus_rate": 0.3375123664736748,
    "max_prob_mean": 0.6878518909215927,
    "confidence_over_90": 0.012582433875650167,
    "confidence_over_95": 0.0,
    "verse_f1": 0.8499909958580947,
    "chorus_f1": 0.6785025086839058,
    "macro_f1": 0.7642467522710003,
    "boundary_f1": 0.4039408866995074,
    "boundary_precision": 0.34686971235194586,
    "boundary_recall": 0.4834905660377358,
    "complete_segments": 0.27912580812898946,
    "avg_segment_overlap": 0.6550857997641832,
    "verse_to_chorus_acc": 0.4557522123893805,
    "chorus_to_verse_acc": 0.4292929292929293,
    "window_diff": 0.36824517077689367,
    "pk_metric": 0.25644789248073296
  },
  "parameters": {
    "hidden_dim": 256,
    "num_layers": 2,
    "dropout": 0.16559430380869009,
    "layer_dropout": 0.25551695198284213,
    "attention_enabled": true,
    "attention_type": "localized",
    "attention_heads": 4,
    "attention_dropout": 0.1373403399356196,
    "max_epochs": 15,
    "batch_size": 32,
    "learning_rate": 0.0007082411717628773,
    "weight_decay": 0.013335267761714212,
    "scheduler": "cosine",
    "min_delta": 0.00016788513629750708,
    "gradient_clip_norm": 0.31784568046959466,
    "validation_strategy": "composite",
    "head_tail_words": 4,
    "boundary_weight": 1.8739495828644817,
    "label_smoothing": 0.18380643437279323,
    "segment_consistency_lambda": 0.027850907164543207,
    "conf_penalty_lambda": 0.01380413801137017,
    "conf_threshold": 0.9410598014892815,
    "entropy_lambda": 0.025738708578517955,
    "max_confidence_threshold": 0.9176229427672965,
    "min_chorus_rate": 0.06441677940485212,
    "max_chorus_rate": 0.7715929316552776,
    "max_conf_over_95_ratio": 0.08009811910877186,
    "head_ssm_enabled": true,
    "tail_ssm_enabled": false,
    "phonetic_ssm_enabled": true,
    "pos_ssm_enabled": true,
    "string_ssm_enabled": false,
    "syllable_pattern_ssm_enabled": false,
    "line_syllable_ssm_enabled": false,
    "word2vec_enabled": false,
    "contextual_enabled": false,
    "phonetic_mode": "rhyme",
    "phonetic_similarity_method": "sequence_match",
    "phonetic_normalize": true,
    "phonetic_normalize_method": "zscore",
    "phonetic_high_sim_threshold": 0.30047895591869417,
    "pos_tagset": "universal",
    "pos_similarity_method": "lcs",
    "pos_high_sim_threshold": 0.29481753533932736,
    "string_case_sensitive": true,
    "string_remove_punctuation": true,
    "string_similarity_threshold": 0.05323654306094935,
    "string_similarity_method": "jaccard",
    "syllable_pattern_similarity_method": "cosine",
    "syllable_pattern_levenshtein_weight": 0.6594620294608063,
    "syllable_pattern_cosine_weight": 0.24081060180220615,
    "syllable_pattern_normalize": false,
    "syllable_pattern_normalize_method": "minmax",
    "line_syllable_similarity_method": "cosine",
    "line_syllable_ratio_threshold": 0.10747388444932532,
    "line_syllable_normalize": false,
    "line_syllable_normalize_method": "minmax",
    "word2vec_mode": "summary",
    "word2vec_normalize": true,
    "word2vec_similarity_metric": "cosine",
    "word2vec_high_sim_threshold": 0.8001985276074101,
    "contextual_mode": "complete",
    "contextual_normalize": false,
    "contextual_similarity_metric": "dot",
    "contextual_high_sim_threshold": 0.6698720788663194
  },
  "config": {
    "hidden_dim": 256,
    "num_layers": 2,
    "layer_dropout": 0.25551695198284213,
    "num_classes": 2,
    "dropout": 0.16559430380869009,
    "attention_enabled": true,
    "attention_type": "localized",
    "attention_heads": 4,
    "attention_dropout": 0.1373403399356196,
    "attention_dim": 256,
    "positional_encoding": true,
    "max_seq_length": 1000,
    "window_size": 7,
    "boundary_temperature": 2.0,
    "batch_size": 32,
    "learning_rate": 0.0007082411717628773,
    "weight_decay": 0.013335267761714212,
    "max_epochs": 15,
    "patience": 4,
    "gradient_clip_norm": 0.31784568046959466,
    "scheduler": "cosine",
    "min_lr": 1e-06,
    "cosine_t_max": 15,
    "warmup_epochs": 5,
    "lr_factor": 0.5,
    "lr_patience": 10,
    "step_size": 30,
    "step_gamma": 0.5,
    "cosine_t0": 10,
    "cosine_t_mult": 2,
    "min_delta": 0.00016788513629750708,
    "train_file": "data/train.jsonl",
    "val_file": "data/val.jsonl",
    "test_file": "data/test.jsonl",
    "weighted_sampling": true,
    "emergency_monitoring_enabled": true,
    "max_confidence_threshold": 0.9176229427672965,
    "min_chorus_rate": 0.06441677940485212,
    "max_chorus_rate": 0.7715929316552776,
    "max_conf_over_95_ratio": 0.08009811910877186,
    "val_overconf_threshold": 0.96,
    "val_f1_collapse_threshold": 0.1,
    "loss": {
      "loss_type": "boundary_aware",
      "boundary_weight": 1.8739495828644817,
      "label_smoothing": 0.18380643437279323,
      "segment_consistency_lambda": 0.027850907164543207,
      "conf_penalty_lambda": 0.01380413801137017,
      "conf_threshold": 0.9410598014892815,
      "entropy_lambda": 0.025738708578517955
    },
    "calibration_enabled": true,
    "calibration_methods": [
      "temperature",
      "platt"
    ],
    "validation_strategy": "composite",
    "head_ssm_enabled": true,
    "head_ssm_words": 4,
    "head_ssm_dimension": 12,
    "tail_ssm_enabled": false,
    "tail_ssm_words": 4,
    "tail_ssm_dimension": 12,
    "phonetic_ssm_enabled": true,
    "phonetic_ssm_mode": "rhyme",
    "phonetic_ssm_dimension": 12,
    "phonetic_ssm_similarity_method": "sequence_match",
    "phonetic_ssm_normalize": true,
    "phonetic_ssm_normalize_method": "zscore",
    "phonetic_ssm_high_sim_threshold": 0.30047895591869417,
    "pos_ssm_enabled": true,
    "pos_ssm_tagset": "universal",
    "pos_ssm_similarity_method": "lcs",
    "pos_ssm_high_sim_threshold": 0.29481753533932736,
    "pos_ssm_dimension": 12,
    "string_ssm_enabled": false,
    "string_ssm_case_sensitive": true,
    "string_ssm_remove_punctuation": true,
    "string_ssm_similarity_threshold": 0.05323654306094935,
    "string_ssm_similarity_method": "jaccard",
    "string_ssm_dimension": 12,
    "syllable_pattern_ssm_enabled": false,
    "syllable_pattern_ssm_similarity_method": "cosine",
    "syllable_pattern_ssm_levenshtein_weight": 0.7325136925862473,
    "syllable_pattern_ssm_cosine_weight": 0.2674863074137527,
    "syllable_pattern_ssm_normalize": false,
    "syllable_pattern_ssm_normalize_method": "minmax",
    "syllable_pattern_ssm_dimension": 12,
    "line_syllable_ssm_enabled": false,
    "line_syllable_ssm_similarity_method": "cosine",
    "line_syllable_ssm_ratio_threshold": 0.10747388444932532,
    "line_syllable_ssm_normalize": false,
    "line_syllable_ssm_normalize_method": "minmax",
    "line_syllable_ssm_dimension": 12,
    "word2vec_enabled": false,
    "word2vec_model": "word2vec-google-news-300",
    "word2vec_mode": "summary",
    "word2vec_normalize": true,
    "word2vec_similarity_metric": "cosine",
    "word2vec_high_sim_threshold": 0.8001985276074101,
    "contextual_enabled": false,
    "contextual_model": "all-MiniLM-L6-v2",
    "contextual_mode": "complete",
    "contextual_normalize": false,