{
  "metadata": {
    "model_info": {
      "hidden_dim": 256,
      "num_layers": 2,
      "dropout": 0.16559430380869009,
      "layer_dropout": 0.25551695198284213,
      "attention_enabled": true,
      "attention_heads": 4,
      "attention_dropout": 0.1373403399356196,
      "attention_dim": 256,
      "positional_encoding": true,
      "max_seq_length": 1000,
      "total_params": 2706690,
      "lstm_params": 2179072,
      "attention_params": 526592,
      "classifier_params": 1026
    },
    "training_info": {
      "batch_size": 32,
      "learning_rate": 0.0007082411717628773,
      "scheduler": "cosine",
      "label_smoothing": 0.0,
      "weighted_sampling": true,
      "total_epochs": 13,
      "validation_strategy": "composite",
      "weight_decay": 0.013335267761714212,
      "gradient_clip_norm": 0.31784568046959466,
      "max_epochs": 15,
      "patience": 4
    },
    "calibration_info": {
      "temperature": {
        "ece_before": 0.10774970256626487,
        "ece_after": 0.032487932892702874,
        "improvement": 0.07526176967356199,
        "params": {
          "temperature": 0.5707371905413073
        }
      },
      "platt": {
        "ece_before": 0.10774970256626487,
        "ece_after": 0.12125087700681743,
        "improvement": -0.013501174440552557,
        "params": {
          "A": 0.9999990802476918,
          "B": -0.08414299497526424
        }
      }
    }
  },
  "metrics": [
    {
      "epoch": 1,
      "train_loss": 0.5662204056978226,
      "train_chorus_rate": 0.5103959505446255,
      "train_max_prob": 0.568370395898819,
      "train_conf_over_90": 0.0,
      "train_conf_over_95": 0.0,
      "val_loss": 0.5720479935407639,
      "val_macro_f1": 0.4898045057892156,
      "val_verse_f1": 0.503586800573888,
      "val_chorus_f1": 0.4760222110045431,
      "val_chorus_rate": 0.6732814162969589,
      "val_max_prob": 0.5702347755432129,
      "val_conf_over_90": 0.0,
      "val_conf_over_95": 0.0,
      "learning_rate": 0.0007005137135314506,
      "epoch_time": 78.06167697906494,
      "val_boundary_f1": 0.06354515050167224,
      "val_boundary_precision": 0.10919540229885058,
      "val_boundary_recall": 0.04481132075471698,
      "val_complete_segments": 0.014320584787180759,
      "val_avg_segment_overlap": 0.2293598772238799,
      "val_verse_to_chorus_acc": 0.05309734513274336,
      "val_chorus_to_verse_acc": 0.005050505050505051,
      "val_window_diff": 0.4505471366716471,
      "val_pk_metric": 0.4570674950760798
    },
    {
      "epoch": 2,
      "train_loss": 0.5491410657763481,
      "train_chorus_rate": 0.4220989075896796,
      "train_max_prob": 0.594605565071106,
      "train_conf_over_90": 0.0,
      "train_conf_over_95": 0.0,
      "val_loss": 0.5484741628170013,
      "val_macro_f1": 0.6562294411916414,
      "val_verse_f1": 0.7423409269442263,
      "val_chorus_f1": 0.5701179554390564,
      "val_chorus_rate": 0.45107708126306534,
      "val_max_prob": 0.5810976773500443,
      "val_conf_over_90": 0.0,
      "val_conf_over_95": 0.0,
      "learning_rate": 0.0006776690658423421,
      "epoch_time": 42.33094596862793,
      "val_boundary_f1": 0.17458279845956354,
      "val_boundary_precision": 0.19154929577464788,
      "val_boundary_recall": 0.16037735849056603,
      "val_complete_segments": 0.05656638497306578,
      "val_avg_segment_overlap": 0.4157280137209608,
      "val_verse_to_chorus_acc": 0.1415929203539823,
      "val_chorus_to_verse_acc": 0.15151515151515152,
      "val_window_diff": 0.4123182544474351,
      "val_pk_metric": 0.39462622912039713
    },
    {
      "epoch": 3,
      "train_loss": 0.5293654844164848,
      "train_chorus_rate": 0.46519483625888824,
      "train_max_prob": 0.6154428213834763,
      "train_conf_over_90": 0.0,
      "train_conf_over_95": 0.0,
      "val_loss": 0.5281464457511902,
      "val_macro_f1": 0.7240191388364648,
      "val_verse_f1": 0.82710531020919,
      "val_chorus_f1": 0.6209329674637397,
      "val_chorus_rate": 0.3279636278748512,
      "val_max_prob": 0.6513711512088776,
      "val_conf_over_90": 0.0018385240982752293,
      "val_conf_over_95": 0.0,
      "learning_rate": 0.0006407056494203481,
      "epoch_time": 91.83548593521118,
      "val_boundary_f1": 0.30078125,
      "val_boundary_precision": 0.25666666666666665,
      "val_boundary_recall": 0.3632075471698113,
      "val_complete_segments": 0.16325626679550326,
      "val_avg_segment_overlap": 0.6004194370331061,
      "val_verse_to_chorus_acc": 0.336283185840708,
      "val_chorus_to_verse_acc": 0.31313131313131315,
      "val_window_diff": 0.4235259388362239,
      "val_pk_metric": 0.32723835817224817
    },
    {
      "epoch": 4,
      "train_loss": 0.5022065475583076,
      "train_chorus_rate": 0.3751992240548134,
      "train_max_prob": 0.6614447593688965,
      "train_conf_over_90": 0.0016246784391114489,
      "train_conf_over_95": 0.0,
      "val_loss": 0.5077227056026459,
      "val_macro_f1": 0.7005029296270145,
      "val_verse_f1": 0.7769953051643192,
      "val_chorus_f1": 0.6240105540897098,
      "val_chorus_rate": 0.4457472190260887,
      "val_max_prob": 0.6650531440973282,
      "val_conf_over_90": 0.0027734061586670578,
      "val_conf_over_95": 0.0,
      "learning_rate": 0.0005912389429332603,
      "epoch_time": 47.12646698951721,
      "val_boundary_f1": 0.29074074074074074,
      "val_boundary_precision": 0.23932926829268292,
      "val_boundary_recall": 0.37028301886792453,
      "val_complete_segments": 0.18088917390348994,
      "val_avg_segment_overlap": 0.608118987463089,
      "val_verse_to_chorus_acc": 0.33185840707964603,
      "val_chorus_to_verse_acc": 0.35353535353535354,
      "val_window_diff": 0.4743016361036031,
      "val_pk_metric": 0.346416712895051
    },
    {
      "epoch": 5,
      "train_loss": 0.4878879517316818,
      "train_chorus_rate": 0.4056285321712494,
      "train_max_prob": 0.6783025205135346,
      "train_conf_over_90": 0.011572997603798285,
      "train_conf_over_95": 0.00037308555911295114,
      "val_loss": 0.5051249414682388,
      "val_macro_f1": 0.7627028731854741,
      "val_verse_f1": 0.8534375555160775,
      "val_chorus_f1": 0.6719681908548708,
      "val_chorus_rate": 0.31866852939128876,
      "val_max_prob": 0.6755760014057159,
      "val_conf_over_90": 0.0,
      "val_conf_over_95": 0.0,
      "learning_rate": 0.0005314308788221579,
      "epoch_time": 108.87974810600281,
      "val_boundary_f1": 0.36277302943969614,
      "val_boundary_precision": 0.3036565977742448,
      "val_boundary_recall": 0.45047169811320753,
      "val_complete_segments": 0.22612525606958267,
      "val_avg_segment_overlap": 0.6553056364957328,
      "val_verse_to_chorus_acc": 0.42035398230088494,
      "val_chorus_to_verse_acc": 0.4090909090909091,
      "val_window_diff": 0.3937520498565569,
      "val_pk_metric": 0.2754468759636508
    },
    {
      "epoch": 6,
      "train_loss": 0.49488071650266646,
      "train_chorus_rate": 0.37631394490599634,
      "train_max_prob": 0.6728452622890473,
      "train_conf_over_90": 0.0058249617170076816,
      "train_conf_over_95": 6.720430101267994e-05,
      "val_loss": 0.4983498454093933,
      "val_macro_f1": 0.7130961144305967,
      "val_verse_f1": 0.7873585641825984,
      "val_chorus_f1": 0.6388336646785951,
      "val_chorus_rate": 0.4422146826982498,
      "val_max_prob": 0.6711227297782898,
      "val_conf_over_90": 0.013943637488409877,
      "val_conf_over_95": 0.0,
      "learning_rate": 0.0004638953564796288,
      "epoch_time": 95.01409101486206,
      "val_boundary_f1": 0.31368993653671806,
      "val_boundary_precision": 0.2547864506627393,
      "val_boundary_recall": 0.4080188679245283,
      "val_complete_segments": 0.1992007421752915,
      "val_avg_segment_overlap": 0.6295111297283864,
      "val_verse_to_chorus_acc": 0.37168141592920356,
      "val_chorus_to_verse_acc": 0.3888888888888889,
      "val_window_diff": 0.45875073489776413,