{
  "trial_number": 99,
  "timestamp": 1756228971.769873,
  "boundary_f1": 0.4056338028169014,
  "line_f1": 0.7449344073216244,
  "macro_f1": 0.7449344073216244,
  "verse_f1": 0.8578723404255318,
  "chorus_f1": 0.6319964742177171,
  "windowdiff": 0.3558289963179289,
  "pk": 0.24711934864547055,
  "val_loss": 0.535097748041153,
  "val_accuracy": 0.0,
  "weighted_f1": 0.0,
  "training_time": 1043.5562717914581,
  "training_time_minutes": 17.392604529857635,
  "total_params": 0,
  "actual_epochs": 15,
  "config_summary": {
    "attention_enabled": true,
    "hidden_dim": 256,
    "num_layers": 1,
    "max_epochs": 15,
    "batch_size": 64,
    "learning_rate": 0.0008933538696579929,
    "boundary_weight": 2.184819175957427,
    "label_smoothing": 0.19369525697898704
  },
  "validation_strategy": "composite",
  "all_metrics": {
    "loss": 0.535097748041153,
    "chorus_rate": 0.2573871463537216,
    "max_prob_mean": 0.663263201713562,
    "confidence_over_90": 0.0012337637599557638,
    "confidence_over_95": 0.0,
    "verse_f1": 0.8578723404255318,
    "chorus_f1": 0.6319964742177171,
    "macro_f1": 0.7449344073216244,
    "boundary_f1": 0.4056338028169014,
    "boundary_precision": 0.3369734789391576,
    "boundary_recall": 0.5094339622641509,
    "complete_segments": 0.29495929118773945,
    "avg_segment_overlap": 0.6356295148772126,
    "verse_to_chorus_acc": 0.4469026548672566,
    "chorus_to_verse_acc": 0.4797979797979798,
    "window_diff": 0.3558289963179289,
    "pk_metric": 0.24711934864547055
  },
  "parameters": {
    "hidden_dim": 256,
    "num_layers": 1,
    "dropout": 0.21867874277235988,
    "attention_enabled": true,
    "attention_type": "localized",
    "attention_heads": 4,
    "attention_dropout": 0.1705407783024487,
    "max_epochs": 15,
    "batch_size": 64,
    "learning_rate": 0.0008933538696579929,
    "weight_decay": 0.014170694320011546,
    "scheduler": "cosine",
    "min_delta": 0.0005952982170486621,
    "gradient_clip_norm": 0.32562564261699234,
    "validation_strategy": "composite",
    "head_tail_words": 4,
    "boundary_weight": 2.184819175957427,
    "label_smoothing": 0.19369525697898704,
    "segment_consistency_lambda": 0.020006113372324642,
    "conf_penalty_lambda": 0.008187992131260778,
    "conf_threshold": 0.9318910264212389,
    "entropy_lambda": 0.03812497262941936,
    "max_confidence_threshold": 0.9286110473902143,
    "min_chorus_rate": 0.08283307026121645,
    "max_chorus_rate": 0.7665640297326013,
    "max_conf_over_95_ratio": 0.19456804905421182,
    "head_ssm_enabled": true,
    "tail_ssm_enabled": true,
    "phonetic_ssm_enabled": true,
    "pos_ssm_enabled": true,
    "string_ssm_enabled": true,
    "syllable_pattern_ssm_enabled": true,
    "line_syllable_ssm_enabled": false,
    "word2vec_enabled": true,
    "contextual_enabled": false,
    "phonetic_mode": "rhyme",
    "phonetic_similarity_method": "binary",
    "phonetic_normalize": false,
    "phonetic_normalize_method": "minmax",
    "phonetic_high_sim_threshold": 0.3479674260571984,
    "pos_tagset": "universal",
    "pos_similarity_method": "combined",
    "pos_high_sim_threshold": 0.22633529438419858,
    "string_case_sensitive": false,
    "string_remove_punctuation": false,
    "string_similarity_threshold": 0.05363848348228994,
    "string_similarity_method": "word_overlap",
    "syllable_pattern_similarity_method": "cosine",
    "syllable_pattern_levenshtein_weight": 0.6576537398726728,
    "syllable_pattern_cosine_weight": 0.21552570132715626,
    "syllable_pattern_normalize": false,
    "syllable_pattern_normalize_method": "zscore",
    "line_syllable_similarity_method": "cosine",
    "line_syllable_ratio_threshold": 0.10651606448959909,
    "line_syllable_normalize": false,
    "line_syllable_normalize_method": "minmax",
    "word2vec_mode": "summary",
    "word2vec_normalize": true,
    "word2vec_similarity_metric": "cosine",
    "word2vec_high_sim_threshold": 0.7845713151413443,
    "contextual_mode": "summary",
    "contextual_normalize": true,
    "contextual_similarity_metric": "dot",
    "contextual_high_sim_threshold": 0.7178801593634149
  },
  "config": {
    "hidden_dim": 256,
    "num_layers": 1,
    "layer_dropout": 0.0,
    "num_classes": 2,
    "dropout": 0.21867874277235988,
    "attention_enabled": true,
    "attention_type": "localized",
    "attention_heads": 4,
    "attention_dropout": 0.1705407783024487,
    "attention_dim": 256,
    "positional_encoding": true,
    "max_seq_length": 1000,
    "window_size": 7,
    "boundary_temperature": 2.0,
    "batch_size": 64,
    "learning_rate": 0.0008933538696579929,
    "weight_decay": 0.014170694320011546,
    "max_epochs": 15,
    "patience": 4,
    "gradient_clip_norm": 0.32562564261699234,
    "scheduler": "cosine",
    "min_lr": 1e-06,
    "cosine_t_max": 15,
    "warmup_epochs": 5,
    "lr_factor": 0.5,
    "lr_patience": 10,
    "step_size": 30,
    "step_gamma": 0.5,
    "cosine_t0": 10,
    "cosine_t_mult": 2,
    "min_delta": 0.0005952982170486621,
    "train_file": "data/train.jsonl",
    "val_file": "data/val.jsonl",
    "test_file": "data/test.jsonl",
    "weighted_sampling": true,
    "emergency_monitoring_enabled": true,
    "max_confidence_threshold": 0.9286110473902143,
    "min_chorus_rate": 0.08283307026121645,
    "max_chorus_rate": 0.7665640297326013,
    "max_conf_over_95_ratio": 0.19456804905421182,
    "val_overconf_threshold": 0.96,
    "val_f1_collapse_threshold": 0.1,
    "loss": {
      "loss_type": "boundary_aware",
      "boundary_weight": 2.184819175957427,
      "label_smoothing": 0.19369525697898704,
      "segment_consistency_lambda": 0.020006113372324642,
      "conf_penalty_lambda": 0.008187992131260778,
      "conf_threshold": 0.9318910264212389,
      "entropy_lambda": 0.03812497262941936
    },
    "calibration_enabled": true,
    "calibration_methods": [
      "temperature",
      "platt"
    ],
    "validation_strategy": "composite",
    "head_ssm_enabled": true,
    "head_ssm_words": 4,
    "head_ssm_dimension": 12,
    "tail_ssm_enabled": true,
    "tail_ssm_words": 4,
    "tail_ssm_dimension": 12,
    "phonetic_ssm_enabled": true,
    "phonetic_ssm_mode": "rhyme",
    "phonetic_ssm_dimension": 12,
    "phonetic_ssm_similarity_method": "binary",
    "phonetic_ssm_normalize": false,
    "phonetic_ssm_normalize_method": "minmax",
    "phonetic_ssm_high_sim_threshold": 0.3479674260571984,
    "pos_ssm_enabled": true,
    "pos_ssm_tagset": "universal",
    "pos_ssm_similarity_method": "combined",
    "pos_ssm_high_sim_threshold": 0.22633529438419858,
    "pos_ssm_dimension": 12,
    "string_ssm_enabled": true,
    "string_ssm_case_sensitive": false,
    "string_ssm_remove_punctuation": false,
    "string_ssm_similarity_threshold": 0.05363848348228994,
    "string_ssm_similarity_method": "word_overlap",
    "string_ssm_dimension": 12,
    "syllable_pattern_ssm_enabled": true,
    "syllable_pattern_ssm_similarity_method": "cosine",
    "syllable_pattern_ssm_levenshtein_weight": 0.7531713515483095,
    "syllable_pattern_ssm_cosine_weight": 0.2468286484516906,
    "syllable_pattern_ssm_normalize": false,
    "syllable_pattern_ssm_normalize_method": "zscore",
    "syllable_pattern_ssm_dimension": 12,
    "line_syllable_ssm_enabled": false,
    "line_syllable_ssm_similarity_method": "cosine",
    "line_syllable_ssm_ratio_threshold": 0.10651606448959909,
    "line_syllable_ssm_normalize": false,
    "line_syllable_ssm_normalize_method": "minmax",
    "line_syllable_ssm_dimension": 12,
    "word2vec_enabled": true,
    "word2vec_model": "word2vec-google-news-300",
    "word2vec_mode": "summary",
    "word2vec_normalize": true,
    "word2vec_similarity_metric": "cosine",
    "word2vec_high_sim_threshold": 0.7845713151413443,
    "contextual_enabled": false,
    "contextual_model": "all-MiniLM-L6-v2",
    "contextual_mode": "summary",
    "contextual_normalize": true,
    "contextual_similarity_metric": "dot",