{
  "trial_number": 4,
  "trial_id": "cnn_trial_0004",
  "model_type": "CNN",
  "training_score": 0.4576411349500485,
  "optuna_objective": 0.19672131147540986,
  "validation_metrics": {
    "line_f1": 0.6312939996363489,
    "boundary_f1": 0.19672131147540986,
    "macro_f1": 0.6312939996363489,
    "verse_f1": 0.6709534368070953,
    "chorus_f1": 0.5916345624656026,
    "boundary_precision": 0.15510204081632653,
    "boundary_recall": 0.2688679245283019,
    "window_diff": 0.49061991685939665,
    "pk_metric": 0.3925482799424095,
    "confidence": 0.6348182111978531,
    "val_loss": 0.5282817035913467
  },
  "all_results": {
    "line_f1": 0.6312939996363489,
    "boundary_f1": 0.19672131147540986,
    "macro_f1": 0.6312939996363489,
    "verse_f1": 0.6709534368070953,
    "chorus_f1": 0.5916345624656026,
    "boundary_precision": 0.15510204081632653,
    "boundary_recall": 0.2688679245283019,
    "window_diff": 0.49061991685939665,
    "pk_metric": 0.3925482799424095,
    "confidence": 0.6348182111978531,
    "val_loss": 0.5282817035913467
  },
  "parameters": {
    "hidden_dim": 256,
    "num_layers": 1,
    "dropout": 0.30977571015960603,
    "cnn_kernel_sizes": "3,5",
    "cnn_dilation_rates": "1,3,9",
    "cnn_use_residual": true,
    "cnn_batch_multiplier": 1.0814672135407148,
    "attention_enabled": false,
    "max_epochs": 15,
    "batch_size": 32,
    "learning_rate": 0.0004398334129418028,
    "weight_decay": 0.010453820272016925,
    "scheduler": "onecycle",
    "min_delta": 0.0003922416114227665,
    "gradient_clip_norm": 0.9728333946767399,
    "validation_strategy": "cnn_composite",
    "boundary_weight": 2.050389000688713,
    "label_smoothing": 0.1509110912825775,
    "segment_consistency_lambda": 0.015944429607559284,
    "conf_penalty_lambda": 0.008415033867081784,
    "conf_threshold": 0.9221356594538069,
    "entropy_lambda": 0.026379512605875226,
    "max_confidence_threshold": 0.9168975062193891,
    "min_chorus_rate": 0.05046543871471652,
    "max_chorus_rate": 0.8688681089553362,
    "max_conf_over_95_ratio": 0.058455643243202,
    "head_ssm_enabled": false,
    "tail_ssm_enabled": false,
    "phonetic_ssm_enabled": false,
    "pos_ssm_enabled": true,
    "string_ssm_enabled": false,
    "syllable_pattern_ssm_enabled": true,
    "line_syllable_ssm_enabled": false,
    "word2vec_enabled": false,
    "contextual_enabled": true,
    "head_tail_words": 3,
    "phonetic_mode": "rhyme",
    "phonetic_similarity": "edit_distance",
    "phonetic_threshold": 0.2510837651480298,
    "pos_tagset": "simplified",
    "pos_similarity": "lcs",
    "pos_threshold": 0.264844552197832,
    "string_similarity": "levenshtein",
    "string_threshold": 0.0600474905887536
  },
  "duration_minutes": 0
}