{
  "method": "platt",
  "params": {
    "A": 0.9999972593278786,
    "B": -0.1883792005859345
  },
  "ece_before": 0.029283756547569068,
  "ece_after": 0.02007344813033033,
  "improvement": 0.009210308417238737,
  "all_results": [
    {
      "method": "temperature",
      "params": {
        "temperature": 1.0830614769872722
      },
      "ece_before": 0.029283756547569068,
      "ece_after": 0.023777300268704362,
      "improvement": 0.0055064562788647055
    },
    {
      "method": "platt",
      "params": {
        "A": 0.9999972593278786,
        "B": -0.1883792005859345
      },
      "ece_before": 0.029283756547569068,
      "ece_after": 0.02007344813033033,
      "improvement": 0.009210308417238737
    }
  ]
}