{
  "metadata": {
    "model_info": {
      "hidden_dim": 256,
      "num_layers": 2,
      "dropout": 0.164868023297203,
      "layer_dropout": 0.23856760701883212,
      "attention_enabled": true,
      "attention_heads": 8,
      "attention_dropout": 0.12973045666374572,
      "attention_dim": 256,
      "positional_encoding": true,
      "max_seq_length": 1000,
      "total_params": 2764291,
      "lstm_params": 2203648,
      "attention_params": 559617,
      "classifier_params": 1026
    },
    "training_info": {
      "batch_size": 32,
      "learning_rate": 0.00078702518350858,
      "scheduler": "cosine",
      "label_smoothing": 0.0,
      "weighted_sampling": true,
      "total_epochs": 15,
      "validation_strategy": "boundary_f1",
      "weight_decay": 0.016588284149919183,
      "gradient_clip_norm": 0.440334933265638,
      "max_epochs": 15,
      "patience": 4
    },
    "calibration_info": {
      "temperature": {
        "ece_before": 0.11837144343874077,
        "ece_after": 0.026139118655608553,
        "improvement": 0.09223232478313222,
        "params": {
          "temperature": 0.5249574237981595
        }
      },
      "platt": {
        "ece_before": 0.11837144343874077,
        "ece_after": 0.050613504510614395,
        "improvement": 0.06775793892812637,
        "params": {
          "A": 1.4999996045712656,
          "B": 0.0
        }
      }
    }
  },
  "metrics": [
    {
      "epoch": 1,
      "train_loss": 0.6015289962291718,
      "train_chorus_rate": 0.47327691353857515,
      "train_max_prob": 0.5930635571479798,
      "train_conf_over_90": 0.0007072570733726025,
      "train_conf_over_95": 0.0,
      "val_loss": 0.5994678288698196,
      "val_macro_f1": 0.37213727649215356,
      "val_verse_f1": 0.2532565889124508,
      "val_chorus_f1": 0.4910179640718563,
      "val_chorus_rate": 0.8895692825317383,
      "val_max_prob": 0.6154907941818237,
      "val_conf_over_90": 0.0,
      "val_conf_over_95": 0.0,
      "learning_rate": 0.0007784369154369234,
      "epoch_time": 73.69318199157715,
      "val_boundary_f1": 0.0400728597449909,
      "val_boundary_precision": 0.088,
      "val_boundary_recall": 0.025943396226415096,
      "val_complete_segments": 0.012922966899637102,
      "val_avg_segment_overlap": 0.15747206076579137,
      "val_verse_to_chorus_acc": 0.030973451327433628,
      "val_chorus_to_verse_acc": 0.0,
      "val_window_diff": 0.4182672947753521,
      "val_pk_metric": 0.41729733312250983
    },
    {
      "epoch": 2,
      "train_loss": 0.5784850865602493,
      "train_chorus_rate": 0.49173372946679594,
      "train_max_prob": 0.5787400215864181,
      "train_conf_over_90": 0.0,
      "train_conf_over_95": 0.0,
      "val_loss": 0.5881471335887909,
      "val_macro_f1": 0.4957864265426123,
      "val_verse_f1": 0.5233993015133876,
      "val_chorus_f1": 0.4681735515718369,
      "val_chorus_rate": 0.6460944265127182,
      "val_max_prob": 0.5578208565711975,
      "val_conf_over_90": 0.0,
      "val_conf_over_95": 0.0,
      "learning_rate": 0.0007530474597477675,
      "epoch_time": 63.35179305076599,
      "val_boundary_f1": 0.06884057971014493,
      "val_boundary_precision": 0.1484375,
      "val_boundary_recall": 0.04481132075471698,
      "val_complete_segments": 0.025017981168564414,
      "val_avg_segment_overlap": 0.21368201492021252,
      "val_verse_to_chorus_acc": 0.06637168141592921,
      "val_chorus_to_verse_acc": 0.0,
      "val_window_diff": 0.4442197464380968,
      "val_pk_metric": 0.4527176305090206
    },
    {
      "epoch": 3,
      "train_loss": 0.568275374174118,
      "train_chorus_rate": 0.5161336547229439,
      "train_max_prob": 0.5828934699296952,
      "train_conf_over_90": 0.0,
      "train_conf_over_95": 0.0,
      "val_loss": 0.5863142013549805,
      "val_macro_f1": 0.39429356121243886,
      "val_verse_f1": 0.29121041728321984,
      "val_chorus_f1": 0.49737670514165794,
      "val_chorus_rate": 0.8706048876047134,
      "val_max_prob": 0.5823163837194443,
      "val_conf_over_90": 0.0,
      "val_conf_over_95": 0.0,
      "learning_rate": 0.0007119664574868539,
      "epoch_time": 45.685068130493164,
      "val_boundary_f1": 0.032786885245901634,
      "val_boundary_precision": 0.072,
      "val_boundary_recall": 0.02122641509433962,
      "val_complete_segments": 0.012579635763623039,
      "val_avg_segment_overlap": 0.1708247323494013,
      "val_verse_to_chorus_acc": 0.030973451327433628,
      "val_chorus_to_verse_acc": 0.0,
      "val_window_diff": 0.4251246349954777,
      "val_pk_metric": 0.4242172982103613
    },
    {
      "epoch": 4,
      "train_loss": 0.5595240294933319,
      "train_chorus_rate": 0.48786868564784525,
      "train_max_prob": 0.5795172274112701,
      "train_conf_over_90": 0.0,
      "train_conf_over_95": 0.0,
      "val_loss": 0.5828971862792969,
      "val_macro_f1": 0.61746232516233,
      "val_verse_f1": 0.7437223042836042,
      "val_chorus_f1": 0.4912023460410558,
      "val_chorus_rate": 0.3714505806565285,
      "val_max_prob": 0.5818156898021698,
      "val_conf_over_90": 0.0,
      "val_conf_over_95": 0.0,
      "learning_rate": 0.0006569893455815045,
      "epoch_time": 52.63286209106445,
      "val_boundary_f1": 0.19329896907216493,
      "val_boundary_precision": 0.21306818181818182,
      "val_boundary_recall": 0.17688679245283018,
      "val_complete_segments": 0.07825774759762034,
      "val_avg_segment_overlap": 0.3639981356014612,
      "val_verse_to_chorus_acc": 0.1415929203539823,
      "val_chorus_to_verse_acc": 0.17676767676767677,
      "val_window_diff": 0.4300358584180142,
      "val_pk_metric": 0.40129308567384636
    },
    {
      "epoch": 5,
      "train_loss": 0.5382578238844872,
      "train_chorus_rate": 0.46328627988696097,
      "train_max_prob": 0.6218894064426422,
      "train_conf_over_90": 0.0006480506592197344,
      "train_conf_over_95": 0.0,
      "val_loss": 0.5391213074326515,
      "val_macro_f1": 0.7014479812305214,
      "val_verse_f1": 0.804093567251462,
      "val_chorus_f1": 0.5988023952095809,
      "val_chorus_rate": 0.3572677969932556,
      "val_max_prob": 0.6420801132917404,
      "val_conf_over_90": 0.0,
      "val_conf_over_95": 0.0,
      "learning_rate": 0.000590518887631435,
      "epoch_time": 51.890389919281006,
      "val_boundary_f1": 0.35151515151515156,
      "val_boundary_precision": 0.30742049469964666,
      "val_boundary_recall": 0.41037735849056606,
      "val_complete_segments": 0.1910288981603934,
      "val_avg_segment_overlap": 0.5867715882329544,
      "val_verse_to_chorus_acc": 0.3407079646017699,
      "val_chorus_to_verse_acc": 0.3838383838383838,
      "val_window_diff": 0.3993121089268031,
      "val_pk_metric": 0.319290324409239
    },
    {
      "epoch": 6,
      "train_loss": 0.517372564971447,
      "train_chorus_rate": 0.39392114579677584,
      "train_max_prob": 0.6575615644454956,
      "train_conf_over_90": 0.005470649729249999,
      "train_conf_over_95": 0.0,
      "val_loss": 0.524680957198143,
      "val_macro_f1": 0.7301541422047868,
      "val_verse_f1": 0.8243218641907882,
      "val_chorus_f1": 0.6359864202187855,
      "val_chorus_rate": 0.3516673967242241,
      "val_max_prob": 0.695262610912323,
      "val_conf_over_90": 0.014779426448512822,
      "val_conf_over_95": 0.0,
      "learning_rate": 0.0005154601616097089,
      "epoch_time": 46.6455180644989,
      "val_boundary_f1": 0.3577545195052331,
      "val_boundary_precision": 0.29984051036682613,
      "val_boundary_recall": 0.44339622641509435,
      "val_complete_segments": 0.2314669255681981,
      "val_avg_segment_overlap": 0.6385000811549701,
      "val_verse_to_chorus_acc": 0.3672566371681416,
      "val_chorus_to_verse_acc": 0.46464646464646464,
      "val_window_diff": 0.4015981661440755,
      "val_pk_metric": 0.29328772688776783
    },
    {
      "epoch": 7,
      "train_loss": 0.5024596229195595,
      "train_chorus_rate": 0.39430014193058016,