{
  "metadata": {
    "model_info": {
      "hidden_dim": 256,
      "num_layers": 2,
      "dropout": 0.16263444337136687,
      "layer_dropout": 0.24371826493802612,
      "attention_enabled": true,
      "attention_heads": 8,
      "attention_dropout": 0.10493777970658193,
      "attention_dim": 256,
      "positional_encoding": true,
      "max_seq_length": 1000,
      "total_params": 2764291,
      "lstm_params": 2203648,
      "attention_params": 559617,
      "classifier_params": 1026
    },
    "training_info": {
      "batch_size": 32,
      "learning_rate": 0.0007882346102086158,
      "scheduler": "cosine",
      "label_smoothing": 0.0,
      "weighted_sampling": true,
      "total_epochs": 15,
      "validation_strategy": "boundary_f1",
      "weight_decay": 0.02142362971656245,
      "gradient_clip_norm": 0.5179389848109701,
      "max_epochs": 15,
      "patience": 4
    },
    "calibration_info": {
      "temperature": {
        "ece_before": 0.1519448313649839,
        "ece_after": 0.026540523340050956,
        "improvement": 0.12540430802493296,
        "params": {
          "temperature": 0.42240850526427565
        }
      },
      "platt": {
        "ece_before": 0.1519448313649839,
        "ece_after": 0.047364777030902666,
        "improvement": 0.10458005433408124,
        "params": {
          "A": 1.9505410816125242,
          "B": 0.0
        }
      }
    }
  },
  "metrics": [
    {
      "epoch": 1,
      "train_loss": 0.606484904885292,
      "train_chorus_rate": 0.5512076817452908,
      "train_max_prob": 0.5837315559387207,
      "train_conf_over_90": 0.0007072570733726025,
      "train_conf_over_95": 0.0,
      "val_loss": 0.6004465669393539,
      "val_macro_f1": 0.3504716676358468,
      "val_verse_f1": 0.2139303482587065,
      "val_chorus_f1": 0.48701298701298706,
      "val_chorus_rate": 0.9103581458330154,
      "val_max_prob": 0.602397695183754,
      "val_conf_over_90": 0.0,
      "val_conf_over_95": 0.0,
      "learning_rate": 0.000779633127699393,
      "epoch_time": 71.81192803382874,
      "val_boundary_f1": 0.007285974499089254,
      "val_boundary_precision": 0.016,
      "val_boundary_recall": 0.0047169811320754715,
      "val_complete_segments": 0.003818234610917538,
      "val_avg_segment_overlap": 0.14412889191985312,
      "val_verse_to_chorus_acc": 0.008849557522123894,
      "val_chorus_to_verse_acc": 0.0,
      "val_window_diff": 0.4093204044804065,
      "val_pk_metric": 0.3974906427576199
    },
    {
      "epoch": 2,
      "train_loss": 0.5702908873558045,
      "train_chorus_rate": 0.5625632613897323,
      "train_max_prob": 0.5604365587234497,
      "train_conf_over_90": 0.0,
      "train_conf_over_95": 0.0,
      "val_loss": 0.5980522334575653,
      "val_macro_f1": 0.523428132747006,
      "val_verse_f1": 0.621153454249032,
      "val_chorus_f1": 0.42570281124497994,
      "val_chorus_rate": 0.49543873220682144,
      "val_max_prob": 0.5634372383356094,
      "val_conf_over_90": 0.0,
      "val_conf_over_95": 0.0,
      "learning_rate": 0.00075420460623187,
      "epoch_time": 57.66158318519592,
      "val_boundary_f1": 0.05454545454545455,
      "val_boundary_precision": 0.11904761904761904,
      "val_boundary_recall": 0.03537735849056604,
      "val_complete_segments": 0.01094220640880238,
      "val_avg_segment_overlap": 0.21008508034072423,
      "val_verse_to_chorus_acc": 0.048672566371681415,
      "val_chorus_to_verse_acc": 0.005050505050505051,
      "val_window_diff": 0.4632475384712821,
      "val_pk_metric": 0.47749283554209854
    },
    {
      "epoch": 3,
      "train_loss": 0.5776373475790024,
      "train_chorus_rate": 0.5416370791383087,
      "train_max_prob": 0.569644233584404,
      "train_conf_over_90": 0.0,
      "train_conf_over_95": 0.0,
      "val_loss": 0.6025557965040207,
      "val_macro_f1": 0.43621136276520717,
      "val_verse_f1": 0.8225007286505391,
      "val_chorus_f1": 0.049921996879875204,
      "val_chorus_rate": 0.015069955959916115,
      "val_max_prob": 0.5622812211513519,
      "val_conf_over_90": 0.0,
      "val_conf_over_95": 0.0,
      "learning_rate": 0.0007130603942137617,
      "epoch_time": 41.81828284263611,
      "val_boundary_f1": 0.013333333333333332,
      "val_boundary_precision": 0.11538461538461539,
      "val_boundary_recall": 0.007075471698113208,
      "val_complete_segments": 0.05708388095715773,
      "val_avg_segment_overlap": 0.17277868727724188,
      "val_verse_to_chorus_acc": 0.008849557522123894,
      "val_chorus_to_verse_acc": 0.0,
      "val_window_diff": 0.2751312323485698,
      "val_pk_metric": 0.27858425090706807
    },
    {
      "epoch": 4,
      "train_loss": 0.5624302357435227,
      "train_chorus_rate": 0.5422442371491343,
      "train_max_prob": 0.5668412685394287,
      "train_conf_over_90": 0.0,
      "train_conf_over_95": 0.0,
      "val_loss": 0.5822106152772903,
      "val_macro_f1": 0.4232084836860556,
      "val_verse_f1": 0.36527436527436524,
      "val_chorus_f1": 0.481142602097746,
      "val_chorus_rate": 0.8015912622213364,
      "val_max_prob": 0.5736387372016907,
      "val_conf_over_90": 0.0,
      "val_conf_over_95": 0.0,
      "learning_rate": 0.0006579986911420931,
      "epoch_time": 47.7527232170105,
      "val_boundary_f1": 0.028268551236749113,
      "val_boundary_precision": 0.056338028169014086,
      "val_boundary_recall": 0.018867924528301886,
      "val_complete_segments": 0.016449630208909105,
      "val_avg_segment_overlap": 0.17748937554779298,
      "val_verse_to_chorus_acc": 0.035398230088495575,
      "val_chorus_to_verse_acc": 0.0,
      "val_window_diff": 0.4263801955554939,
      "val_pk_metric": 0.4158954969200969
    },
    {
      "epoch": 5,
      "train_loss": 0.5477139681577683,
      "train_chorus_rate": 0.5185577906668186,
      "train_max_prob": 0.5997823685407638,
      "train_conf_over_90": 0.0,
      "train_conf_over_95": 0.0,
      "val_loss": 0.549240231513977,
      "val_macro_f1": 0.6455295882653403,
      "val_verse_f1": 0.7180428134556576,
      "val_chorus_f1": 0.5730163630750231,
      "val_chorus_rate": 0.4969467446208,
      "val_max_prob": 0.6313030868768692,
      "val_conf_over_90": 0.0,
      "val_conf_over_95": 0.0,
      "learning_rate": 0.0005914259576564619,
      "epoch_time": 46.56552815437317,
      "val_boundary_f1": 0.21509824198552224,
      "val_boundary_precision": 0.19152854511970535,
      "val_boundary_recall": 0.24528301886792453,
      "val_complete_segments": 0.07177009421176972,
      "val_avg_segment_overlap": 0.49598117823651994,
      "val_verse_to_chorus_acc": 0.20353982300884957,
      "val_chorus_to_verse_acc": 0.25252525252525254,
      "val_window_diff": 0.4996521950684565,
      "val_pk_metric": 0.4103600796091422
    },
    {
      "epoch": 6,
      "train_loss": 0.5255984783172607,
      "train_chorus_rate": 0.44025871977210046,
      "train_max_prob": 0.6454399138689041,
      "train_conf_over_90": 0.0036727745115058496,
      "train_conf_over_95": 0.0,
      "val_loss": 0.5532341748476028,
      "val_macro_f1": 0.5292239401736294,
      "val_verse_f1": 0.5293395531549226,
      "val_chorus_f1": 0.529108327192336,
      "val_chorus_rate": 0.7003901451826096,
      "val_max_prob": 0.6647428274154663,
      "val_conf_over_90": 0.003517219622153789,
      "val_conf_over_95": 0.0,
      "learning_rate": 0.0005162517416616078,
      "epoch_time": 40.17216634750366,
      "val_boundary_f1": 0.11737629459148446,
      "val_boundary_precision": 0.1146067415730337,
      "val_boundary_recall": 0.12028301886792453,
      "val_complete_segments": 0.02761475875208643,
      "val_avg_segment_overlap": 0.3504524591735261,
      "val_verse_to_chorus_acc": 0.09292035398230089,
      "val_chorus_to_verse_acc": 0.11616161616161616,
      "val_window_diff": 0.5157927574709277,
      "val_pk_metric": 0.4350966276880473
    },
    {
      "epoch": 7,
      "train_loss": 0.5207493633031846,
      "train_chorus_rate": 0.4139555662870407,