{
  "trial_number": 74,
  "timestamp": 1756197545.8188338,
  "boundary_f1": 0.10670731707317072,
  "line_f1": 0.5819589640036031,
  "macro_f1": 0.5819589640036031,
  "verse_f1": 0.6625488984970146,
  "chorus_f1": 0.5013690295101917,
  "windowdiff": 0.4049282229995929,
  "pk": 0.38108765893402596,
  "val_loss": 0.5874287337064743,
  "val_accuracy": 0.0,
  "weighted_f1": 0.0,
  "training_time": 975.7970099449158,
  "training_time_minutes": 16.26328349908193,
  "total_params": 0,
  "actual_epochs": 15,
  "config_summary": {
    "attention_enabled": true,
    "hidden_dim": 256,
    "num_layers": 2,
    "max_epochs": 15,
    "batch_size": 32,
    "learning_rate": 0.00010766201430837167,
    "boundary_weight": 2.175090311569826,
    "label_smoothing": 0.19622173196404716
  },
  "validation_strategy": "boundary_f1",
  "all_metrics": {
    "loss": 0.5874287337064743,
    "chorus_rate": 0.509967491030693,
    "max_prob_mean": 0.5980719327926636,
    "confidence_over_90": 0.0,
    "confidence_over_95": 0.0,
    "verse_f1": 0.6625488984970146,
    "chorus_f1": 0.5013690295101917,
    "macro_f1": 0.5819589640036031,
    "boundary_f1": 0.10670731707317072,
    "boundary_precision": 0.15086206896551724,
    "boundary_recall": 0.08254716981132075,
    "complete_segments": 0.055394691767968546,
    "avg_segment_overlap": 0.29268183001257214,
    "verse_to_chorus_acc": 0.09734513274336283,
    "chorus_to_verse_acc": 0.04040404040404041,
    "window_diff": 0.4049282229995929,
    "pk_metric": 0.38108765893402596
  },
  "parameters": {
    "hidden_dim": 256,
    "num_layers": 2,
    "dropout": 0.2056727713621969,
    "layer_dropout": 0.2083665130723408,
    "attention_enabled": true,
    "attention_heads": 8,
    "attention_dropout": 0.15125642633027458,
    "max_epochs": 15,
    "batch_size": 32,
    "learning_rate": 0.00010766201430837167,
    "weight_decay": 0.013735676623854649,
    "scheduler": "cosine",
    "min_delta": 0.00020595613146862711,
    "gradient_clip_norm": 0.4122428478855707,
    "validation_strategy": "boundary_f1",
    "head_tail_words": 4,
    "boundary_weight": 2.175090311569826,
    "label_smoothing": 0.19622173196404716,
    "segment_consistency_lambda": 0.019534689357279346,
    "conf_penalty_lambda": 0.01076687975882102,
    "conf_threshold": 0.941534175071512,
    "entropy_lambda": 0.026692343319732244,
    "max_confidence_threshold": 0.935772710411416,
    "min_chorus_rate": 0.10792797377848767,
    "max_chorus_rate": 0.7607634978235673,
    "max_conf_over_95_ratio": 0.19103692396741226,
    "head_ssm_enabled": true,
    "tail_ssm_enabled": false,
    "phonetic_ssm_enabled": true,
    "pos_ssm_enabled": true,
    "string_ssm_enabled": false,
    "syllable_pattern_ssm_enabled": true,
    "line_syllable_ssm_enabled": false,
    "word2vec_enabled": false,
    "contextual_enabled": false,
    "phonetic_mode": "rhyme",
    "phonetic_similarity_method": "binary",
    "phonetic_normalize": false,
    "phonetic_normalize_method": "zscore",
    "phonetic_high_sim_threshold": 0.32439810687902476,
    "pos_tagset": "universal",
    "pos_similarity_method": "jaccard",
    "pos_high_sim_threshold": 0.2845212096738278,
    "string_case_sensitive": true,
    "string_remove_punctuation": true,
    "string_similarity_threshold": 0.05230502607987279,
    "string_similarity_method": "word_overlap",
    "syllable_pattern_similarity_method": "levenshtein",
    "syllable_pattern_levenshtein_weight": 0.6460215605938496,
    "syllable_pattern_cosine_weight": 0.23587068384636045,
    "syllable_pattern_normalize": false,
    "syllable_pattern_normalize_method": "minmax",
    "line_syllable_similarity_method": "cosine",
    "line_syllable_ratio_threshold": 0.10873973828879561,
    "line_syllable_normalize": false,
    "line_syllable_normalize_method": "minmax",
    "word2vec_mode": "summary",
    "word2vec_normalize": true,
    "word2vec_similarity_metric": "cosine",
    "word2vec_high_sim_threshold": 0.777172627430132,
    "contextual_mode": "complete",
    "contextual_normalize": false,
    "contextual_similarity_metric": "dot",
    "contextual_high_sim_threshold": 0.6891112112713025
  },
  "config": {
    "hidden_dim": 256,
    "num_layers": 2,
    "layer_dropout": 0.2083665130723408,
    "num_classes": 2,
    "dropout": 0.2056727713621969,
    "attention_enabled": true,
    "attention_type": "boundary_aware",
    "attention_heads": 8,
    "attention_dropout": 0.15125642633027458,
    "attention_dim": 256,
    "positional_encoding": true,
    "max_seq_length": 1000,
    "window_size": 7,
    "boundary_temperature": 2.0,
    "batch_size": 32,
    "learning_rate": 0.00010766201430837167,
    "weight_decay": 0.013735676623854649,
    "max_epochs": 15,
    "patience": 4,
    "gradient_clip_norm": 0.4122428478855707,
    "scheduler": "cosine",
    "min_lr": 1e-06,
    "cosine_t_max": 15,
    "warmup_epochs": 5,
    "lr_factor": 0.5,
    "lr_patience": 10,
    "step_size": 30,
    "step_gamma": 0.5,
    "cosine_t0": 10,
    "cosine_t_mult": 2,
    "min_delta": 0.00020595613146862711,
    "train_file": "data/train.jsonl",
    "val_file": "data/val.jsonl",
    "test_file": "data/test.jsonl",
    "weighted_sampling": true,
    "emergency_monitoring_enabled": true,
    "max_confidence_threshold": 0.935772710411416,
    "min_chorus_rate": 0.10792797377848767,
    "max_chorus_rate": 0.7607634978235673,
    "max_conf_over_95_ratio": 0.19103692396741226,
    "val_overconf_threshold": 0.96,
    "val_f1_collapse_threshold": 0.1,
    "loss": {
      "loss_type": "boundary_aware",
      "boundary_weight": 2.175090311569826,
      "label_smoothing": 0.19622173196404716,
      "segment_consistency_lambda": 0.019534689357279346,
      "conf_penalty_lambda": 0.01076687975882102,
      "conf_threshold": 0.941534175071512,
      "entropy_lambda": 0.026692343319732244
    },
    "calibration_enabled": true,
    "calibration_methods": [
      "temperature",
      "platt"
    ],
    "validation_strategy": "boundary_f1",
    "head_ssm_enabled": true,
    "head_ssm_words": 4,
    "head_ssm_dimension": 12,
    "tail_ssm_enabled": false,
    "tail_ssm_words": 4,
    "tail_ssm_dimension": 12,
    "phonetic_ssm_enabled": true,
    "phonetic_ssm_mode": "rhyme",
    "phonetic_ssm_dimension": 12,
    "phonetic_ssm_similarity_method": "binary",
    "phonetic_ssm_normalize": false,
    "phonetic_ssm_normalize_method": "zscore",
    "phonetic_ssm_high_sim_threshold": 0.32439810687902476,
    "pos_ssm_enabled": true,
    "pos_ssm_tagset": "universal",
    "pos_ssm_similarity_method": "jaccard",
    "pos_ssm_high_sim_threshold": 0.2845212096738278,
    "pos_ssm_dimension": 12,
    "string_ssm_enabled": false,
    "string_ssm_case_sensitive": true,
    "string_ssm_remove_punctuation": true,
    "string_ssm_similarity_threshold": 0.05230502607987279,
    "string_ssm_similarity_method": "word_overlap",
    "string_ssm_dimension": 12,
    "syllable_pattern_ssm_enabled": true,
    "syllable_pattern_ssm_similarity_method": "levenshtein",
    "syllable_pattern_ssm_levenshtein_weight": 0.7325402447596285,
    "syllable_pattern_ssm_cosine_weight": 0.26745975524037147,
    "syllable_pattern_ssm_normalize": false,
    "syllable_pattern_ssm_normalize_method": "minmax",
    "syllable_pattern_ssm_dimension": 12,
    "line_syllable_ssm_enabled": false,
    "line_syllable_ssm_similarity_method": "cosine",
    "line_syllable_ssm_ratio_threshold": 0.10873973828879561,
    "line_syllable_ssm_normalize": false,
    "line_syllable_ssm_normalize_method": "minmax",
    "line_syllable_ssm_dimension": 12,
    "word2vec_enabled": false,
    "word2vec_model": "word2vec-google-news-300",
    "word2vec_mode": "summary",
    "word2vec_normalize": true,
    "word2vec_similarity_metric": "cosine",
    "word2vec_high_sim_threshold": 0.777172627430132,
    "contextual_enabled": false,
    "contextual_model": "all-MiniLM-L6-v2",
    "contextual_mode": "complete",
    "contextual_normalize": false,