{
  "metadata": {
    "model_info": {
      "hidden_dim": 256,
      "num_layers": 2,
      "dropout": 0.2056727713621969,
      "layer_dropout": 0.2083665130723408,
      "attention_enabled": true,
      "attention_heads": 8,
      "attention_dropout": 0.15125642633027458,
      "attention_dim": 256,
      "positional_encoding": true,
      "max_seq_length": 1000,
      "total_params": 2764291,
      "lstm_params": 2203648,
      "attention_params": 559617,
      "classifier_params": 1026
    },
    "training_info": {
      "batch_size": 32,
      "learning_rate": 0.00010766201430837167,
      "scheduler": "cosine",
      "label_smoothing": 0.0,
      "weighted_sampling": true,
      "total_epochs": 13,
      "validation_strategy": "boundary_f1",
      "weight_decay": 0.013735676623854649,
      "gradient_clip_norm": 0.4122428478855707,
      "max_epochs": 15,
      "patience": 4
    },
    "calibration_info": {
      "temperature": {
        "ece_before": 0.027307701968608062,
        "ece_after": 0.02623754228906219,
        "improvement": 0.001070159679545872,
        "params": {
          "temperature": 0.8533743969605473
        }
      },
      "platt": {
        "ece_before": 0.027307701968608062,
        "ece_after": 0.027308065158796215,
        "improvement": -3.6319018815317294e-07,
        "params": {
          "A": 0.9999892423285582,
          "B": 0.0
        }
      }
    }
  },
  "metrics": [
    {
      "epoch": 1,
      "train_loss": 0.5822899460792541,
      "train_chorus_rate": 0.5774105210904963,
      "train_max_prob": 0.5601604610681534,
      "train_conf_over_90": 0.0,
      "train_conf_over_95": 0.0,
      "val_loss": 0.5979556441307068,
      "val_macro_f1": 0.5176536007760183,
      "val_verse_f1": 0.5291436795394578,
      "val_chorus_f1": 0.5061635220125787,
      "val_chorus_rate": 0.6772117912769318,
      "val_max_prob": 0.5616867393255234,
      "val_conf_over_90": 0.0,
      "val_conf_over_95": 0.0,
      "learning_rate": 0.00010649660384677013,
      "epoch_time": 79.07588195800781,
      "val_boundary_f1": 0.07532956685499059,
      "val_boundary_precision": 0.18691588785046728,
      "val_boundary_recall": 0.04716981132075472,
      "val_complete_segments": 0.05079326978849778,
      "val_avg_segment_overlap": 0.2239736855069101,
      "val_verse_to_chorus_acc": 0.0752212389380531,
      "val_chorus_to_verse_acc": 0.0,
      "val_window_diff": 0.36006150150958405,
      "val_pk_metric": 0.3701575172061696
    },
    {
      "epoch": 2,
      "train_loss": 0.5660029411315918,
      "train_chorus_rate": 0.483905253559351,
      "train_max_prob": 0.5796844720840454,
      "train_conf_over_90": 0.0,
      "train_conf_over_95": 0.0,
      "val_loss": 0.601364940404892,
      "val_macro_f1": 0.5278200727255647,
      "val_verse_f1": 0.5834797891036908,
      "val_chorus_f1": 0.47216035634743875,
      "val_chorus_rate": 0.5855974927544594,
      "val_max_prob": 0.5652119964361191,
      "val_conf_over_90": 0.0,
      "val_conf_over_95": 0.0,
      "learning_rate": 0.00010305130649139734,
      "epoch_time": 63.70855903625488,
      "val_boundary_f1": 0.033582089552238806,
      "val_boundary_precision": 0.08035714285714286,
      "val_boundary_recall": 0.02122641509433962,
      "val_complete_segments": 0.029396481013660228,
      "val_avg_segment_overlap": 0.21705623560556794,
      "val_verse_to_chorus_acc": 0.030973451327433628,
      "val_chorus_to_verse_acc": 0.0,
      "val_window_diff": 0.3899093523604262,
      "val_pk_metric": 0.4011081311928705
    },
    {
      "epoch": 3,
      "train_loss": 0.572753244638443,
      "train_chorus_rate": 0.5595863074064255,
      "train_max_prob": 0.5814913958311081,
      "train_conf_over_90": 0.0,
      "train_conf_over_95": 0.0,
      "val_loss": 0.6231629103422165,
      "val_macro_f1": 0.4667576522349385,
      "val_verse_f1": 0.8156175771971497,
      "val_chorus_f1": 0.11789772727272728,
      "val_chorus_rate": 0.04559762589633465,
      "val_max_prob": 0.5934469401836395,
      "val_conf_over_90": 0.0,
      "val_conf_over_95": 0.0,
      "learning_rate": 9.747669826905407e-05,
      "epoch_time": 46.172882080078125,
      "val_boundary_f1": 0.017699115044247787,
      "val_boundary_precision": 0.14285714285714285,
      "val_boundary_recall": 0.009433962264150943,
      "val_complete_segments": 0.05527228675425919,
      "val_avg_segment_overlap": 0.1835149586272748,
      "val_verse_to_chorus_acc": 0.0,
      "val_chorus_to_verse_acc": 0.020202020202020204,
      "val_window_diff": 0.28498709158879815,
      "val_pk_metric": 0.28488607272930144
    },
    {
      "epoch": 4,
      "train_loss": 0.5642281979322433,
      "train_chorus_rate": 0.4915235599502921,
      "train_max_prob": 0.5836145520210266,
      "train_conf_over_90": 0.0,
      "train_conf_over_95": 0.0,
      "val_loss": 0.5988501608371735,
      "val_macro_f1": 0.5507040718491913,
      "val_verse_f1": 0.610617551462622,
      "val_chorus_f1": 0.4907905922357608,
      "val_chorus_rate": 0.5704641342163086,
      "val_max_prob": 0.5651884973049164,
      "val_conf_over_90": 0.0,
      "val_conf_over_95": 0.0,
      "learning_rate": 9.00164163089948e-05,
      "epoch_time": 52.53598093986511,
      "val_boundary_f1": 0.055658627087198514,
      "val_boundary_precision": 0.13043478260869565,
      "val_boundary_recall": 0.03537735849056604,
      "val_complete_segments": 0.04237519977180634,
      "val_avg_segment_overlap": 0.2200344701146565,
      "val_verse_to_chorus_acc": 0.035398230088495575,
      "val_chorus_to_verse_acc": 0.010101010101010102,
      "val_window_diff": 0.3639850111403172,
      "val_pk_metric": 0.3678511300161368
    },
    {
      "epoch": 5,
      "train_loss": 0.5616965740919113,
      "train_chorus_rate": 0.5595076888799667,
      "train_max_prob": 0.5915188938379288,
      "train_conf_over_90": 0.0,
      "train_conf_over_95": 0.0,
      "val_loss": 0.6025984585285187,
      "val_macro_f1": 0.5617231856086458,
      "val_verse_f1": 0.8056169138529504,
      "val_chorus_f1": 0.31782945736434104,
      "val_chorus_rate": 0.14479740150272846,
      "val_max_prob": 0.5691124498844147,
      "val_conf_over_90": 0.0,
      "val_conf_over_95": 0.0,
      "learning_rate": 8.099651073127876e-05,
      "epoch_time": 53.801143169403076,
      "val_boundary_f1": 0.08445297504798464,
      "val_boundary_precision": 0.2268041237113402,
      "val_boundary_recall": 0.05188679245283019,
      "val_complete_segments": 0.07265579471305877,
      "val_avg_segment_overlap": 0.24653120431711711,
      "val_verse_to_chorus_acc": 0.06637168141592921,
      "val_chorus_to_verse_acc": 0.030303030303030304,
      "val_window_diff": 0.3015136378794393,
      "val_pk_metric": 0.30034015783105633
    },
    {
      "epoch": 6,
      "train_loss": 0.5560261517763138,
      "train_chorus_rate": 0.4798508666455746,
      "train_max_prob": 0.5910382598638535,
      "train_conf_over_90": 0.0,
      "train_conf_over_95": 0.0,
      "val_loss": 0.5909020602703094,
      "val_macro_f1": 0.5113966391045663,
      "val_verse_f1": 0.5290353164256933,
      "val_chorus_f1": 0.49375796178343945,
      "val_chorus_rate": 0.6666237711906433,
      "val_max_prob": 0.5883738696575165,
      "val_conf_over_90": 0.0,
      "val_conf_over_95": 0.0,
      "learning_rate": 7.081119469196117e-05,
      "epoch_time": 46.539443016052246,
      "val_boundary_f1": 0.04217926186291741,
      "val_boundary_precision": 0.08275862068965517,
      "val_boundary_recall": 0.02830188679245283,
      "val_complete_segments": 0.029522878051510076,
      "val_avg_segment_overlap": 0.22253463961213008,
      "val_verse_to_chorus_acc": 0.022123893805309734,
      "val_chorus_to_verse_acc": 0.005050505050505051,
      "val_window_diff": 0.4008509946330188,
      "val_pk_metric": 0.4008431371808903
    },
    {
      "epoch": 7,
      "train_loss": 0.5626323908567429,
      "train_chorus_rate": 0.4684127315878868,