{
  "method": "platt",
  "params": {
    "A": 0.8505232635016445,
    "B": 0.40837997470607573
  },
  "ece_before": 0.0865547709708598,
  "ece_after": 0.03601518308484013,
  "improvement": 0.05053958788601967,
  "all_results": [
    {
      "method": "temperature",
      "params": {
        "temperature": 0.4623211704659652
      },
      "ece_before": 0.0865547709708598,
      "ece_after": 0.04539270946401039,
      "improvement": 0.04116206150684941
    },
    {
      "method": "platt",
      "params": {
        "A": 0.8505232635016445,
        "B": 0.40837997470607573
      },
      "ece_before": 0.0865547709708598,
      "ece_after": 0.03601518308484013,
      "improvement": 0.05053958788601967
    }
  ]
}