{
  "trial_number": 47,
  "timestamp": 1756161078.240067,
  "boundary_f1": 0.11678832116788321,
  "line_f1": 0.5622922533819018,
  "macro_f1": 0.5622922533819018,
  "verse_f1": 0.7515858049031372,
  "chorus_f1": 0.37299870186066636,
  "windowdiff": 0.37443680909481647,
  "pk": 0.3320993575727784,
  "val_loss": 0.6017052084207535,
  "val_accuracy": 0.0,
  "weighted_f1": 0.0,
  "training_time": 605.566045999527,
  "training_time_minutes": 10.09276743332545,
  "total_params": 0,
  "actual_epochs": 15,
  "config_summary": {
    "attention_enabled": true,
    "hidden_dim": 256,
    "num_layers": 2,
    "max_epochs": 15,
    "batch_size": 32,
    "learning_rate": 0.00015515513149055022,
    "boundary_weight": 2.075492319733054,
    "label_smoothing": 0.19261628124334096
  },
  "validation_strategy": "composite",
  "all_metrics": {
    "loss": 0.6017052084207535,
    "chorus_rate": 0.2675914689898491,
    "max_prob_mean": 0.558049663901329,
    "confidence_over_90": 0.0,
    "confidence_over_95": 0.0,
    "verse_f1": 0.7515858049031372,
    "chorus_f1": 0.37299870186066636,
    "macro_f1": 0.5622922533819018,
    "boundary_f1": 0.11678832116788321,
    "boundary_precision": 0.1532567049808429,
    "boundary_recall": 0.09433962264150944,
    "complete_segments": 0.05801576269497797,
    "avg_segment_overlap": 0.2994857532211491,
    "verse_to_chorus_acc": 0.05309734513274336,
    "chorus_to_verse_acc": 0.06565656565656566,
    "window_diff": 0.37443680909481647,
    "pk_metric": 0.3320993575727784
  },
  "parameters": {
    "hidden_dim": 256,
    "num_layers": 2,
    "dropout": 0.2249245181897882,
    "layer_dropout": 0.2139701856915581,
    "attention_enabled": true,
    "attention_heads": 4,
    "attention_dropout": 0.10180546829024407,
    "max_epochs": 15,
    "batch_size": 32,
    "learning_rate": 0.00015515513149055022,
    "weight_decay": 0.022825874653793005,
    "scheduler": "cosine",
    "min_delta": 0.00016356070610177567,
    "gradient_clip_norm": 0.37748335366895036,
    "validation_strategy": "composite",
    "head_tail_words": 4,
    "boundary_weight": 2.075492319733054,
    "label_smoothing": 0.19261628124334096,
    "segment_consistency_lambda": 0.016415820840124027,
    "conf_penalty_lambda": 0.013158371529039276,
    "conf_threshold": 0.9423647120070413,
    "entropy_lambda": 0.025624438557407935,
    "max_confidence_threshold": 0.9360066508667368,
    "min_chorus_rate": 0.07152228781593072,
    "max_chorus_rate": 0.7998364090658625,
    "max_conf_over_95_ratio": 0.18659225046110864,
    "head_ssm_enabled": false,
    "tail_ssm_enabled": false,
    "phonetic_ssm_enabled": false,
    "pos_ssm_enabled": true,
    "string_ssm_enabled": false,
    "syllable_pattern_ssm_enabled": true,
    "line_syllable_ssm_enabled": true,
    "word2vec_enabled": false,
    "contextual_enabled": false,
    "phonetic_mode": "alliteration",
    "phonetic_similarity_method": "binary",
    "phonetic_normalize": false,
    "phonetic_normalize_method": "zscore",
    "phonetic_high_sim_threshold": 0.3102288009614801,
    "pos_tagset": "universal",
    "pos_similarity_method": "jaccard",
    "pos_high_sim_threshold": 0.28148581701557907,
    "string_case_sensitive": false,
    "string_remove_punctuation": true,
    "string_similarity_threshold": 0.04807816996810783,
    "string_similarity_method": "levenshtein",
    "syllable_pattern_similarity_method": "cosine",
    "syllable_pattern_levenshtein_weight": 0.7198032526057123,
    "syllable_pattern_cosine_weight": 0.20759705495832262,
    "syllable_pattern_normalize": true,
    "syllable_pattern_normalize_method": "minmax",
    "line_syllable_similarity_method": "cosine",
    "line_syllable_ratio_threshold": 0.10289355620327376,
    "line_syllable_normalize": false,
    "line_syllable_normalize_method": "zscore",
    "word2vec_mode": "complete",
    "word2vec_normalize": false,
    "word2vec_similarity_metric": "cosine",
    "word2vec_high_sim_threshold": 0.7764477654766586,
    "contextual_mode": "complete",
    "contextual_normalize": false,
    "contextual_similarity_metric": "cosine",
    "contextual_high_sim_threshold": 0.6561289581363672
  },
  "config": {
    "hidden_dim": 256,
    "num_layers": 2,
    "layer_dropout": 0.2139701856915581,
    "num_classes": 2,
    "dropout": 0.2249245181897882,
    "attention_enabled": true,
    "attention_type": "boundary_aware",
    "attention_heads": 4,
    "attention_dropout": 0.10180546829024407,
    "attention_dim": 256,
    "positional_encoding": true,
    "max_seq_length": 1000,
    "window_size": 7,
    "boundary_temperature": 2.0,
    "batch_size": 32,
    "learning_rate": 0.00015515513149055022,
    "weight_decay": 0.022825874653793005,
    "max_epochs": 15,
    "patience": 4,
    "gradient_clip_norm": 0.37748335366895036,
    "scheduler": "cosine",
    "min_lr": 1e-06,
    "cosine_t_max": 15,
    "warmup_epochs": 5,
    "lr_factor": 0.5,
    "lr_patience": 10,
    "step_size": 30,
    "step_gamma": 0.5,
    "cosine_t0": 10,
    "cosine_t_mult": 2,
    "min_delta": 0.00016356070610177567,
    "train_file": "data/train.jsonl",
    "val_file": "data/val.jsonl",
    "test_file": "data/test.jsonl",
    "weighted_sampling": true,
    "emergency_monitoring_enabled": true,
    "max_confidence_threshold": 0.9360066508667368,
    "min_chorus_rate": 0.07152228781593072,
    "max_chorus_rate": 0.7998364090658625,
    "max_conf_over_95_ratio": 0.18659225046110864,
    "val_overconf_threshold": 0.96,
    "val_f1_collapse_threshold": 0.1,
    "loss": {
      "loss_type": "boundary_aware",
      "boundary_weight": 2.075492319733054,
      "label_smoothing": 0.19261628124334096,
      "segment_consistency_lambda": 0.016415820840124027,
      "conf_penalty_lambda": 0.013158371529039276,
      "conf_threshold": 0.9423647120070413,
      "entropy_lambda": 0.025624438557407935
    },
    "calibration_enabled": true,
    "calibration_methods": [
      "temperature",
      "platt"
    ],
    "validation_strategy": "composite",
    "head_ssm_enabled": false,
    "head_ssm_words": 4,
    "head_ssm_dimension": 12,
    "tail_ssm_enabled": false,
    "tail_ssm_words": 4,
    "tail_ssm_dimension": 12,
    "phonetic_ssm_enabled": false,
    "phonetic_ssm_mode": "alliteration",
    "phonetic_ssm_dimension": 12,
    "phonetic_ssm_similarity_method": "binary",
    "phonetic_ssm_normalize": false,
    "phonetic_ssm_normalize_method": "zscore",
    "phonetic_ssm_high_sim_threshold": 0.3102288009614801,
    "pos_ssm_enabled": true,
    "pos_ssm_tagset": "universal",
    "pos_ssm_similarity_method": "jaccard",
    "pos_ssm_high_sim_threshold": 0.28148581701557907,
    "pos_ssm_dimension": 12,
    "string_ssm_enabled": false,
    "string_ssm_case_sensitive": false,
    "string_ssm_remove_punctuation": true,
    "string_ssm_similarity_threshold": 0.04807816996810783,
    "string_ssm_similarity_method": "levenshtein",
    "string_ssm_dimension": 12,
    "syllable_pattern_ssm_enabled": true,
    "syllable_pattern_ssm_similarity_method": "cosine",
    "syllable_pattern_ssm_levenshtein_weight": 0.7761516216189216,
    "syllable_pattern_ssm_cosine_weight": 0.22384837838107846,
    "syllable_pattern_ssm_normalize": true,
    "syllable_pattern_ssm_normalize_method": "minmax",
    "syllable_pattern_ssm_dimension": 12,
    "line_syllable_ssm_enabled": true,
    "line_syllable_ssm_similarity_method": "cosine",
    "line_syllable_ssm_ratio_threshold": 0.10289355620327376,
    "line_syllable_ssm_normalize": false,
    "line_syllable_ssm_normalize_method": "zscore",
    "line_syllable_ssm_dimension": 12,
    "word2vec_enabled": false,
    "word2vec_model": "word2vec-google-news-300",
    "word2vec_mode": "complete",
    "word2vec_normalize": false,
    "word2vec_similarity_metric": "cosine",
    "word2vec_high_sim_threshold": 0.7764477654766586,
    "contextual_enabled": false,
    "contextual_model": "all-MiniLM-L6-v2",
    "contextual_mode": "complete",
    "contextual_normalize": false,