{
  "metadata": {
    "model_info": {
      "hidden_dim": 256,
      "num_layers": 2,
      "dropout": 0.2249245181897882,
      "layer_dropout": 0.2139701856915581,
      "attention_enabled": true,
      "attention_heads": 4,
      "attention_dropout": 0.10180546829024407,
      "attention_dim": 256,
      "positional_encoding": true,
      "max_seq_length": 1000,
      "total_params": 2739715,
      "lstm_params": 2179072,
      "attention_params": 559617,
      "classifier_params": 1026
    },
    "training_info": {
      "batch_size": 32,
      "learning_rate": 0.00015515513149055022,
      "scheduler": "cosine",
      "label_smoothing": 0.0,
      "weighted_sampling": true,
      "total_epochs": 15,
      "validation_strategy": "composite",
      "weight_decay": 0.022825874653793005,
      "gradient_clip_norm": 0.37748335366895036,
      "max_epochs": 15,
      "patience": 4
    },
    "calibration_info": {
      "temperature": {
        "ece_before": 0.0865547709708598,
        "ece_after": 0.04539270946401039,
        "improvement": 0.04116206150684941,
        "params": {
          "temperature": 0.4623211704659652
        }
      },
      "platt": {
        "ece_before": 0.0865547709708598,
        "ece_after": 0.03601518308484013,
        "improvement": 0.05053958788601967,
        "params": {
          "A": 0.8505232635016445,
          "B": 0.40837997470607573
        }
      }
    }
  },
  "metrics": [
    {
      "epoch": 1,
      "train_loss": 0.5677757680416107,
      "train_chorus_rate": 0.524596955254674,
      "train_max_prob": 0.5490043729543685,
      "train_conf_over_90": 0.0,
      "train_conf_over_95": 0.0,
      "val_loss": 0.600667804479599,
      "val_macro_f1": 0.5220876227374961,
      "val_verse_f1": 0.6081165452653486,
      "val_chorus_f1": 0.4360587002096436,
      "val_chorus_rate": 0.5204187482595444,
      "val_max_prob": 0.5475447177886963,
      "val_conf_over_90": 0.0,
      "val_conf_over_95": 0.0,
      "learning_rate": 0.00015347080174941814,
      "epoch_time": 42.130425214767456,
      "val_boundary_f1": 0.06204379562043795,
      "val_boundary_precision": 0.13709677419354838,
      "val_boundary_recall": 0.04009433962264151,
      "val_complete_segments": 0.011137252613922816,
      "val_avg_segment_overlap": 0.21879815672392416,
      "val_verse_to_chorus_acc": 0.035398230088495575,
      "val_chorus_to_verse_acc": 0.0,
      "val_window_diff": 0.44067806976018986,
      "val_pk_metric": 0.460077496610918
    },
    {
      "epoch": 2,
      "train_loss": 0.5743326097726822,
      "train_chorus_rate": 0.4770529676228762,
      "train_max_prob": 0.5580303519964218,
      "train_conf_over_90": 0.0,
      "train_conf_over_95": 0.0,
      "val_loss": 0.6025378555059433,
      "val_macro_f1": 0.5056421179074854,
      "val_verse_f1": 0.5618522601984565,
      "val_chorus_f1": 0.4494319756165142,
      "val_chorus_rate": 0.5867902189493179,
      "val_max_prob": 0.5497866719961166,
      "val_conf_over_90": 0.0,
      "val_conf_over_95": 0.0,
      "learning_rate": 0.0001484914258180201,
      "epoch_time": 34.740854024887085,
      "val_boundary_f1": 0.06785714285714285,
      "val_boundary_precision": 0.13970588235294118,
      "val_boundary_recall": 0.04481132075471698,
      "val_complete_segments": 0.01635310511238401,
      "val_avg_segment_overlap": 0.2149346820033451,
      "val_verse_to_chorus_acc": 0.048672566371681415,
      "val_chorus_to_verse_acc": 0.0,
      "val_window_diff": 0.4428378619435547,
      "val_pk_metric": 0.45087489194712815
    },
    {
      "epoch": 3,
      "train_loss": 0.5614990651607513,
      "train_chorus_rate": 0.48736704607435966,
      "train_max_prob": 0.5903307914733886,
      "train_conf_over_90": 3.2195751555264e-05,
      "train_conf_over_95": 0.0,
      "val_loss": 0.6132831573486328,
      "val_macro_f1": 0.41181568684096487,
      "val_verse_f1": 0.8236313736819297,
      "val_chorus_f1": 0.0,
      "val_chorus_rate": 0.0,
      "val_max_prob": 0.5828834772109985,
      "val_conf_over_90": 0.0,
      "val_conf_over_95": 0.0,
      "learning_rate": 0.00014043462631825498,
      "epoch_time": 44.769230127334595,
      "val_boundary_f1": 0.0,
      "val_boundary_precision": 0.0,
      "val_boundary_recall": 0.0,
      "val_complete_segments": 0.05911640128236099,
      "val_avg_segment_overlap": 0.16672167678962696,
      "val_verse_to_chorus_acc": 0.0,
      "val_chorus_to_verse_acc": 0.0,
      "val_window_diff": 0.26458863159601387,
      "val_pk_metric": 0.271007419880346
    },
    {
      "epoch": 4,
      "train_loss": 0.5732937067747116,
      "train_chorus_rate": 0.4116341662447667,
      "train_max_prob": 0.582955539226532,
      "train_conf_over_90": 0.0,
      "train_conf_over_95": 0.0,
      "val_loss": 0.5992715209722519,
      "val_macro_f1": 0.550228960983727,
      "val_verse_f1": 0.6651017214397495,
      "val_chorus_f1": 0.4353562005277045,
      "val_chorus_rate": 0.4459430128335953,
      "val_max_prob": 0.5450655221939087,
      "val_conf_over_90": 0.0,
      "val_conf_over_95": 0.0,
      "learning_rate": 0.0001296525240490758,
      "epoch_time": 37.93574619293213,
      "val_boundary_f1": 0.09168081494057725,
      "val_boundary_precision": 0.16363636363636364,
      "val_boundary_recall": 0.06367924528301887,
      "val_complete_segments": 0.06452530397387238,
      "val_avg_segment_overlap": 0.2610967420029119,
      "val_verse_to_chorus_acc": 0.048672566371681415,
      "val_chorus_to_verse_acc": 0.04040404040404041,
      "val_window_diff": 0.33732241065867496,
      "val_pk_metric": 0.3343721034279856
    },
    {
      "epoch": 5,
      "train_loss": 0.5583548650145531,
      "train_chorus_rate": 0.5209400933235884,
      "train_max_prob": 0.5768756687641143,
      "train_conf_over_90": 0.0,
      "train_conf_over_95": 0.0,
      "val_loss": 0.5947646796703339,
      "val_macro_f1": 0.48202992614815066,
      "val_verse_f1": 0.48673643222195184,
      "val_chorus_f1": 0.47732342007434947,
      "val_chorus_rate": 0.6914955526590347,
      "val_max_prob": 0.5572467297315598,
      "val_conf_over_90": 0.0,
      "val_conf_over_95": 0.0,
      "learning_rate": 0.00011661634861791265,
      "epoch_time": 45.882303953170776,
      "val_boundary_f1": 0.046017699115044254,
      "val_boundary_precision": 0.09219858156028368,
      "val_boundary_recall": 0.030660377358490566,
      "val_complete_segments": 0.024869696237670786,
      "val_avg_segment_overlap": 0.21039859100194458,
      "val_verse_to_chorus_acc": 0.030973451327433628,
      "val_chorus_to_verse_acc": 0.010101010101010102,
      "val_window_diff": 0.40541961958149975,
      "val_pk_metric": 0.39446398245532316
    },
    {
      "epoch": 6,
      "train_loss": 0.5619726195931435,
      "train_chorus_rate": 0.5689639586955308,
      "train_max_prob": 0.5785708278417587,
      "train_conf_over_90": 0.0,
      "train_conf_over_95": 0.0,
      "val_loss": 0.5935986638069153,
      "val_macro_f1": 0.47568227879897584,
      "val_verse_f1": 0.4740083764474009,
      "val_chorus_f1": 0.47735618115055084,
      "val_chorus_rate": 0.70501908659935,
      "val_max_prob": 0.5634271651506424,
      "val_conf_over_90": 0.0,
      "val_conf_over_95": 0.0,
      "learning_rate": 0.00010189584344561743,
      "epoch_time": 43.23923993110657,
      "val_boundary_f1": 0.03839441535776615,
      "val_boundary_precision": 0.0738255033557047,
      "val_boundary_recall": 0.025943396226415096,
      "val_complete_segments": 0.01454151090948546,
      "val_avg_segment_overlap": 0.20549093407792035,
      "val_verse_to_chorus_acc": 0.022123893805309734,
      "val_chorus_to_verse_acc": 0.0,
      "val_window_diff": 0.44821062737801765,
      "val_pk_metric": 0.4470557849645149
    },
    {
      "epoch": 7,
      "train_loss": 0.5630187869071961,
      "train_chorus_rate": 0.5750542517751456,
      "train_max_prob": 0.5723216742277145,
      "train_conf_over_90": 0.0,