{
  "trial_number": 45,
  "timestamp": 1756159892.717931,
  "boundary_f1": 0.4372384937238494,
  "line_f1": 0.7651768178480663,
  "macro_f1": 0.7651768178480663,
  "verse_f1": 0.8645383951682485,
  "chorus_f1": 0.6658152405278842,
  "windowdiff": 0.3111365419944102,
  "pk": 0.2273146726110125,
  "val_loss": 0.5184604451060295,
  "val_accuracy": 0.0,
  "weighted_f1": 0.0,
  "training_time": 1242.0699813365936,
  "training_time_minutes": 20.701166355609892,
  "total_params": 0,
  "actual_epochs": 15,
  "config_summary": {
    "attention_enabled": true,
    "hidden_dim": 256,
    "num_layers": 2,
    "max_epochs": 15,
    "batch_size": 32,
    "learning_rate": 0.0009752249856657802,
    "boundary_weight": 2.1666852407414474,
    "label_smoothing": 0.1903334193669437
  },
  "validation_strategy": "composite",
  "all_metrics": {
    "loss": 0.5184604451060295,
    "chorus_rate": 0.2775919958949089,
    "max_prob_mean": 0.6888785660266876,
    "confidence_over_90": 0.00047234738303814083,
    "confidence_over_95": 0.0,
    "verse_f1": 0.8645383951682485,
    "chorus_f1": 0.6658152405278842,
    "macro_f1": 0.7651768178480663,
    "boundary_f1": 0.4372384937238494,
    "boundary_precision": 0.39285714285714285,
    "boundary_recall": 0.49292452830188677,
    "complete_segments": 0.2964754350623916,
    "avg_segment_overlap": 0.660410271282902,
    "verse_to_chorus_acc": 0.4336283185840708,
    "chorus_to_verse_acc": 0.48484848484848486,
    "window_diff": 0.3111365419944102,
    "pk_metric": 0.2273146726110125
  },
  "parameters": {
    "hidden_dim": 256,
    "num_layers": 2,
    "dropout": 0.19736123637710035,
    "layer_dropout": 0.2159488539978401,
    "attention_enabled": true,
    "attention_heads": 4,
    "attention_dropout": 0.13155157879195087,
    "max_epochs": 15,
    "batch_size": 32,
    "learning_rate": 0.0009752249856657802,
    "weight_decay": 0.017607637152710052,
    "scheduler": "cosine",
    "min_delta": 0.00024355050257971053,
    "gradient_clip_norm": 0.4648121492509111,
    "validation_strategy": "composite",
    "head_tail_words": 4,
    "boundary_weight": 2.1666852407414474,
    "label_smoothing": 0.1903334193669437,
    "segment_consistency_lambda": 0.017853816659094142,
    "conf_penalty_lambda": 0.012247321238824547,
    "conf_threshold": 0.9463754602988141,
    "entropy_lambda": 0.026193051572971988,
    "max_confidence_threshold": 0.9426010441233375,
    "min_chorus_rate": 0.08721223367223718,
    "max_chorus_rate": 0.7613845636475542,
    "max_conf_over_95_ratio": 0.18067835950076294,
    "head_ssm_enabled": true,
    "tail_ssm_enabled": false,
    "phonetic_ssm_enabled": true,
    "pos_ssm_enabled": true,
    "string_ssm_enabled": false,
    "syllable_pattern_ssm_enabled": true,
    "line_syllable_ssm_enabled": false,
    "word2vec_enabled": false,
    "contextual_enabled": false,
    "phonetic_mode": "rhyme",
    "phonetic_similarity_method": "binary",
    "phonetic_normalize": false,
    "phonetic_normalize_method": "zscore",
    "phonetic_high_sim_threshold": 0.33597883339662504,
    "pos_tagset": "universal",
    "pos_similarity_method": "lcs",
    "pos_high_sim_threshold": 0.27846220535269667,
    "string_case_sensitive": true,
    "string_remove_punctuation": true,
    "string_similarity_threshold": 0.050907863234232895,
    "string_similarity_method": "word_overlap",
    "syllable_pattern_similarity_method": "cosine",
    "syllable_pattern_levenshtein_weight": 0.6453424397273344,
    "syllable_pattern_cosine_weight": 0.20996454495809622,
    "syllable_pattern_normalize": true,
    "syllable_pattern_normalize_method": "minmax",
    "line_syllable_similarity_method": "cosine",
    "line_syllable_ratio_threshold": 0.10437468237611901,
    "line_syllable_normalize": false,
    "line_syllable_normalize_method": "minmax",
    "word2vec_mode": "summary",
    "word2vec_normalize": true,
    "word2vec_similarity_metric": "cosine",
    "word2vec_high_sim_threshold": 0.7713741510236131,
    "contextual_mode": "complete",
    "contextual_normalize": false,
    "contextual_similarity_metric": "dot",
    "contextual_high_sim_threshold": 0.6696890274941274
  },
  "config": {
    "hidden_dim": 256,
    "num_layers": 2,
    "layer_dropout": 0.2159488539978401,
    "num_classes": 2,
    "dropout": 0.19736123637710035,
    "attention_enabled": true,
    "attention_type": "boundary_aware",
    "attention_heads": 4,
    "attention_dropout": 0.13155157879195087,
    "attention_dim": 256,
    "positional_encoding": true,
    "max_seq_length": 1000,
    "window_size": 7,
    "boundary_temperature": 2.0,
    "batch_size": 32,
    "learning_rate": 0.0009752249856657802,
    "weight_decay": 0.017607637152710052,
    "max_epochs": 15,
    "patience": 4,
    "gradient_clip_norm": 0.4648121492509111,
    "scheduler": "cosine",
    "min_lr": 1e-06,
    "cosine_t_max": 15,
    "warmup_epochs": 5,
    "lr_factor": 0.5,
    "lr_patience": 10,
    "step_size": 30,
    "step_gamma": 0.5,
    "cosine_t0": 10,
    "cosine_t_mult": 2,
    "min_delta": 0.00024355050257971053,
    "train_file": "data/train.jsonl",
    "val_file": "data/val.jsonl",
    "test_file": "data/test.jsonl",
    "weighted_sampling": true,
    "emergency_monitoring_enabled": true,
    "max_confidence_threshold": 0.9426010441233375,
    "min_chorus_rate": 0.08721223367223718,
    "max_chorus_rate": 0.7613845636475542,
    "max_conf_over_95_ratio": 0.18067835950076294,
    "val_overconf_threshold": 0.96,
    "val_f1_collapse_threshold": 0.1,
    "loss": {
      "loss_type": "boundary_aware",
      "boundary_weight": 2.1666852407414474,
      "label_smoothing": 0.1903334193669437,
      "segment_consistency_lambda": 0.017853816659094142,
      "conf_penalty_lambda": 0.012247321238824547,
      "conf_threshold": 0.9463754602988141,
      "entropy_lambda": 0.026193051572971988
    },
    "calibration_enabled": true,
    "calibration_methods": [
      "temperature",
      "platt"
    ],
    "validation_strategy": "composite",
    "head_ssm_enabled": true,
    "head_ssm_words": 4,
    "head_ssm_dimension": 12,
    "tail_ssm_enabled": false,
    "tail_ssm_words": 4,
    "tail_ssm_dimension": 12,
    "phonetic_ssm_enabled": true,
    "phonetic_ssm_mode": "rhyme",
    "phonetic_ssm_dimension": 12,
    "phonetic_ssm_similarity_method": "binary",
    "phonetic_ssm_normalize": false,
    "phonetic_ssm_normalize_method": "zscore",
    "phonetic_ssm_high_sim_threshold": 0.33597883339662504,
    "pos_ssm_enabled": true,
    "pos_ssm_tagset": "universal",
    "pos_ssm_similarity_method": "lcs",
    "pos_ssm_high_sim_threshold": 0.27846220535269667,
    "pos_ssm_dimension": 12,
    "string_ssm_enabled": false,
    "string_ssm_case_sensitive": true,
    "string_ssm_remove_punctuation": true,
    "string_ssm_similarity_threshold": 0.050907863234232895,
    "string_ssm_similarity_method": "word_overlap",
    "string_ssm_dimension": 12,
    "syllable_pattern_ssm_enabled": true,
    "syllable_pattern_ssm_similarity_method": "cosine",
    "syllable_pattern_ssm_levenshtein_weight": 0.7545155731011385,
    "syllable_pattern_ssm_cosine_weight": 0.24548442689886146,
    "syllable_pattern_ssm_normalize": true,
    "syllable_pattern_ssm_normalize_method": "minmax",
    "syllable_pattern_ssm_dimension": 12,
    "line_syllable_ssm_enabled": false,
    "line_syllable_ssm_similarity_method": "cosine",
    "line_syllable_ssm_ratio_threshold": 0.10437468237611901,
    "line_syllable_ssm_normalize": false,
    "line_syllable_ssm_normalize_method": "minmax",
    "line_syllable_ssm_dimension": 12,
    "word2vec_enabled": false,
    "word2vec_model": "word2vec-google-news-300",
    "word2vec_mode": "summary",
    "word2vec_normalize": true,
    "word2vec_similarity_metric": "cosine",
    "word2vec_high_sim_threshold": 0.7713741510236131,
    "contextual_enabled": false,
    "contextual_model": "all-MiniLM-L6-v2",
    "contextual_mode": "complete",
    "contextual_normalize": false,
    "contextual_similarity_metric": "dot",