{
  "method": "platt",
  "params": {
    "A": 0.9999270185348197,
    "B": 0.16276969154727947
  },
  "ece_before": 0.07078659833063074,
  "ece_after": 0.021561380219600006,
  "improvement": 0.04922521811103073,
  "all_results": [
    {
      "method": "temperature",
      "params": {
        "temperature": 0.24544067190401186
      },
      "ece_before": 0.07078659833063074,
      "ece_after": 0.05132600969556272,
      "improvement": 0.01946058863506802
    },
    {
      "method": "platt",
      "params": {
        "A": 0.9999270185348197,
        "B": 0.16276969154727947
      },
      "ece_before": 0.07078659833063074,
      "ece_after": 0.021561380219600006,
      "improvement": 0.04922521811103073
    }
  ]
}