{
  "trial_number": 0,
  "boundary_f1": 0.17119565217391303,
  "validation_strategy": "composite",
  "all_metrics": {
    "loss": 0.5761394798755646,
    "chorus_rate": 0.5439708083868027,
    "max_prob_mean": 0.5293377712368965,
    "confidence_over_90": 0.0,
    "confidence_over_95": 0.0,
    "verse_f1": 0.6454352441613588,
    "chorus_f1": 0.5136866627839254,
    "macro_f1": 0.579560953472642,
    "boundary_f1": 0.17119565217391303,
    "boundary_precision": 0.20192307692307693,
    "boundary_recall": 0.14858490566037735,
    "complete_segments": 0.05463349764042337,
    "avg_segment_overlap": 0.3060733780431926,
    "verse_to_chorus_acc": 0.13716814159292035,
    "chorus_to_verse_acc": 0.11616161616161616,
    "window_diff": 0.4209782501299892,
    "pk_metric": 0.41433961778649864
  },
  "parameters": {
    "hidden_dim": 128,
    "num_layers": 1,
    "dropout": 0.19540942269769568,
    "attention_heads": 8,
    "attention_dropout": 0.23959115408009513,
    "max_epochs": 25,
    "batch_size": 16,
    "learning_rate": 1.1934519910431985e-05,
    "weight_decay": 7.609729267120773e-05,
    "scheduler": "cosine",
    "patience": 8,
    "min_delta": 0.0008494072847315874,
    "gradient_clip_norm": 1.879385956135002,
    "validation_strategy": "composite",
    "head_tail_words": 4,
    "boundary_weight": 2.23752554875507,
    "label_smoothing": 0.1874644701579732,
    "segment_consistency_lambda": 0.021446906528520385,
    "conf_penalty_lambda": 0.017305578297656464,
    "conf_threshold": 0.9486697677687901,
    "entropy_lambda": 0.06338994640242437,
    "max_confidence_threshold": 0.9511759524135148,
    "min_chorus_rate": 0.08392843938834033,
    "max_chorus_rate": 0.8271401008568642,
    "max_conf_over_95_ratio": 0.09870417275395396,
    "head_ssm_enabled": false,
    "tail_ssm_enabled": false,
    "phonetic_ssm_enabled": true,
    "pos_ssm_enabled": true,
    "string_ssm_enabled": true,
    "syllable_pattern_ssm_enabled": true,
    "line_syllable_ssm_enabled": false,
    "word2vec_enabled": true,
    "contextual_enabled": false,
    "phonetic_mode": "combined",
    "phonetic_similarity_method": "sequence_match",
    "phonetic_normalize": true,
    "phonetic_normalize_method": "zscore",
    "phonetic_high_sim_threshold": 0.2748738336935345,
    "pos_tagset": "universal",
    "pos_similarity_method": "position",
    "pos_high_sim_threshold": 0.2382184691847872,
    "string_case_sensitive": true,
    "string_remove_punctuation": true,
    "string_similarity_threshold": 0.04833636526761959,
    "string_similarity_method": "jaccard",
    "syllable_pattern_similarity_method": "combined",
    "syllable_pattern_levenshtein_weight": 0.6933032194508153,
    "syllable_pattern_cosine_weight": 0.36154061277628813,
    "syllable_pattern_normalize": true,
    "syllable_pattern_normalize_method": "minmax",
    "line_syllable_similarity_method": "cosine",
    "line_syllable_ratio_threshold": 0.09522312473347704,
    "line_syllable_normalize": true,
    "line_syllable_normalize_method": "minmax",
    "word2vec_mode": "complete",
    "word2vec_normalize": false,
    "word2vec_similarity_metric": "cosine",
    "word2vec_high_sim_threshold": 0.7566785416695092,
    "contextual_mode": "complete",
    "contextual_normalize": true,
    "contextual_similarity_metric": "dot",
    "contextual_high_sim_threshold": 0.6950794263171028
  },
  "config": {
    "hidden_dim": 128,
    "num_layers": 1,
    "layer_dropout": 0.0,
    "num_classes": 2,
    "dropout": 0.19540942269769568,
    "attention_enabled": true,
    "attention_type": "boundary_aware",
    "attention_heads": 8,
    "attention_dropout": 0.23959115408009513,
    "attention_dim": 128,
    "positional_encoding": true,
    "max_seq_length": 1000,
    "window_size": 7,
    "boundary_temperature": 2.0,
    "batch_size": 16,
    "learning_rate": 1.1934519910431985e-05,
    "weight_decay": 7.609729267120773e-05,
    "max_epochs": 25,
    "patience": 8,
    "gradient_clip_norm": 1.879385956135002,
    "scheduler": "cosine",
    "min_lr": 1e-06,
    "cosine_t_max": 25,
    "warmup_epochs": 5,
    "lr_factor": 0.5,
    "lr_patience": 10,
    "step_size": 30,
    "step_gamma": 0.5,
    "cosine_t0": 10,
    "cosine_t_mult": 2,
    "min_delta": 0.0008494072847315874,
    "train_file": "data/train.jsonl",
    "val_file": "data/val.jsonl",
    "test_file": "data/test.jsonl",
    "weighted_sampling": true,
    "emergency_monitoring_enabled": true,
    "max_confidence_threshold": 0.9511759524135148,
    "min_chorus_rate": 0.08392843938834033,
    "max_chorus_rate": 0.8271401008568642,
    "max_conf_over_95_ratio": 0.09870417275395396,
    "val_overconf_threshold": 0.96,
    "val_f1_collapse_threshold": 0.1,
    "loss": {
      "loss_type": "boundary_aware",
      "boundary_weight": 2.23752554875507,
      "label_smoothing": 0.1874644701579732,
      "segment_consistency_lambda": 0.021446906528520385,
      "conf_penalty_lambda": 0.017305578297656464,
      "conf_threshold": 0.9486697677687901,
      "entropy_lambda": 0.06338994640242437
    },
    "calibration_enabled": true,
    "calibration_methods": [
      "temperature",
      "platt"
    ],
    "validation_strategy": "composite",
    "head_ssm_enabled": false,
    "head_ssm_words": 4,
    "head_ssm_dimension": 12,
    "tail_ssm_enabled": false,
    "tail_ssm_words": 4,
    "tail_ssm_dimension": 12,
    "phonetic_ssm_enabled": true,
    "phonetic_ssm_mode": "combined",
    "phonetic_ssm_dimension": 12,
    "phonetic_ssm_similarity_method": "sequence_match",
    "phonetic_ssm_normalize": true,
    "phonetic_ssm_normalize_method": "zscore",
    "phonetic_ssm_high_sim_threshold": 0.2748738336935345,
    "pos_ssm_enabled": true,
    "pos_ssm_tagset": "universal",
    "pos_ssm_similarity_method": "position",
    "pos_ssm_high_sim_threshold": 0.2382184691847872,
    "pos_ssm_dimension": 12,
    "string_ssm_enabled": true,
    "string_ssm_case_sensitive": true,
    "string_ssm_remove_punctuation": true,
    "string_ssm_similarity_threshold": 0.04833636526761959,
    "string_ssm_similarity_method": "jaccard",
    "string_ssm_dimension": 12,
    "syllable_pattern_ssm_enabled": true,
    "syllable_pattern_ssm_similarity_method": "combined",
    "syllable_pattern_ssm_levenshtein_weight": 0.6572567410163802,
    "syllable_pattern_ssm_cosine_weight": 0.34274325898361985,
    "syllable_pattern_ssm_normalize": true,
    "syllable_pattern_ssm_normalize_method": "minmax",
    "syllable_pattern_ssm_dimension": 12,
    "line_syllable_ssm_enabled": false,
    "line_syllable_ssm_similarity_method": "cosine",
    "line_syllable_ssm_ratio_threshold": 0.09522312473347704,
    "line_syllable_ssm_normalize": true,
    "line_syllable_ssm_normalize_method": "minmax",
    "line_syllable_ssm_dimension": 12,
    "word2vec_enabled": true,
    "word2vec_model": "word2vec-google-news-300",
    "word2vec_mode": "complete",
    "word2vec_normalize": false,
    "word2vec_similarity_metric": "cosine",
    "word2vec_high_sim_threshold": 0.7566785416695092,
    "contextual_enabled": false,
    "contextual_model": "all-MiniLM-L6-v2",
    "contextual_mode": "complete",
    "contextual_normalize": true,
    "contextual_similarity_metric": "dot",
    "contextual_high_sim_threshold": 0.6950794263171028
  }
}