{
  "trial_number": 27,
  "timestamp": 1756067859.152322,
  "boundary_f1": 0.40236686390532544,
  "line_f1": 0.7594492551715368,
  "macro_f1": 0.7594492551715368,
  "verse_f1": 0.8592258288491582,
  "chorus_f1": 0.6596726814939153,
  "windowdiff": 0.31353664917152124,
  "pk": 0.22901199297747518,
  "val_loss": 0.5065608993172646,
  "val_accuracy": 0.0,
  "weighted_f1": 0.0,
  "training_time": 2401.981912136078,
  "training_time_minutes": 40.03303186893463,
  "total_params": 0,
  "actual_epochs": 15,
  "config_summary": {
    "attention_enabled": true,
    "hidden_dim": 256,
    "num_layers": 2,
    "max_epochs": 15,
    "batch_size": 32,
    "learning_rate": 0.0009783359006686576,
    "boundary_weight": 2.1974276613619685,
    "label_smoothing": 0.14342952499951095
  },
  "validation_strategy": "composite",
  "all_metrics": {
    "loss": 0.5065608993172646,
    "chorus_rate": 0.285725723952055,
    "max_prob_mean": 0.6987835168838501,
    "confidence_over_90": 0.003170271695125848,
    "confidence_over_95": 0.0,
    "verse_f1": 0.8592258288491582,
    "chorus_f1": 0.6596726814939153,
    "macro_f1": 0.7594492551715368,
    "boundary_f1": 0.40236686390532544,
    "boundary_precision": 0.34576271186440677,
    "boundary_recall": 0.4811320754716981,
    "complete_segments": 0.2635145200495147,
    "avg_segment_overlap": 0.6579748851573771,
    "verse_to_chorus_acc": 0.41150442477876104,
    "chorus_to_verse_acc": 0.45454545454545453,
    "window_diff": 0.31353664917152124,
    "pk_metric": 0.22901199297747518
  },
  "parameters": {
    "hidden_dim": 256,
    "num_layers": 2,
    "dropout": 0.1530911999257078,
    "layer_dropout": 0.2022654523490779,
    "attention_enabled": true,
    "attention_heads": 4,
    "attention_dropout": 0.17023808683417962,
    "max_epochs": 15,
    "batch_size": 32,
    "learning_rate": 0.0009783359006686576,
    "weight_decay": 0.01078198442448794,
    "scheduler": "cosine",
    "min_delta": 1.5155912215855248e-05,
    "gradient_clip_norm": 0.31655974005287124,
    "validation_strategy": "composite",
    "head_tail_words": 2,
    "boundary_weight": 2.1974276613619685,
    "label_smoothing": 0.14342952499951095,
    "segment_consistency_lambda": 0.012365743354927405,
    "conf_penalty_lambda": 0.012849398948415025,
    "conf_threshold": 0.9387206813499658,
    "entropy_lambda": 0.02867566720413039,
    "max_confidence_threshold": 0.9481742777773879,
    "min_chorus_rate": 0.11501639785938,
    "max_chorus_rate": 0.7166834186139837,
    "max_conf_over_95_ratio": 0.15587571278041473,
    "head_ssm_enabled": true,
    "tail_ssm_enabled": false,
    "phonetic_ssm_enabled": true,
    "pos_ssm_enabled": true,
    "string_ssm_enabled": false,
    "syllable_pattern_ssm_enabled": true,
    "line_syllable_ssm_enabled": false,
    "word2vec_enabled": false,
    "contextual_enabled": false,
    "phonetic_mode": "rhyme",
    "phonetic_similarity_method": "edit_distance",
    "phonetic_normalize": false,
    "phonetic_normalize_method": "zscore",
    "phonetic_high_sim_threshold": 0.33115958469828644,
    "pos_tagset": "universal",
    "pos_similarity_method": "lcs",
    "pos_high_sim_threshold": 0.2512789485929583,
    "string_case_sensitive": true,
    "string_remove_punctuation": true,
    "string_similarity_threshold": 0.05188298982786194,
    "string_similarity_method": "word_overlap",
    "syllable_pattern_similarity_method": "cosine",
    "syllable_pattern_levenshtein_weight": 0.6659633042209292,
    "syllable_pattern_cosine_weight": 0.20007552188692143,
    "syllable_pattern_normalize": true,
    "syllable_pattern_normalize_method": "minmax",
    "line_syllable_similarity_method": "cosine",
    "line_syllable_ratio_threshold": 0.10035348868866767,
    "line_syllable_normalize": false,
    "line_syllable_normalize_method": "minmax",
    "word2vec_mode": "summary",
    "word2vec_normalize": true,
    "word2vec_similarity_metric": "cosine",
    "word2vec_high_sim_threshold": 0.7897537460530296,
    "contextual_mode": "complete",
    "contextual_normalize": false,
    "contextual_similarity_metric": "dot",
    "contextual_high_sim_threshold": 0.6784381133090708
  },
  "config": {
    "hidden_dim": 256,
    "num_layers": 2,
    "layer_dropout": 0.2022654523490779,
    "num_classes": 2,
    "dropout": 0.1530911999257078,
    "attention_enabled": true,
    "attention_type": "boundary_aware",
    "attention_heads": 4,
    "attention_dropout": 0.17023808683417962,
    "attention_dim": 256,
    "positional_encoding": true,
    "max_seq_length": 1000,
    "window_size": 7,
    "boundary_temperature": 2.0,
    "batch_size": 32,
    "learning_rate": 0.0009783359006686576,
    "weight_decay": 0.01078198442448794,
    "max_epochs": 15,
    "patience": 4,
    "gradient_clip_norm": 0.31655974005287124,
    "scheduler": "cosine",
    "min_lr": 1e-06,
    "cosine_t_max": 15,
    "warmup_epochs": 5,
    "lr_factor": 0.5,
    "lr_patience": 10,
    "step_size": 30,
    "step_gamma": 0.5,
    "cosine_t0": 10,
    "cosine_t_mult": 2,
    "min_delta": 1.5155912215855248e-05,
    "train_file": "data/train.jsonl",
    "val_file": "data/val.jsonl",
    "test_file": "data/test.jsonl",
    "weighted_sampling": true,
    "emergency_monitoring_enabled": true,
    "max_confidence_threshold": 0.9481742777773879,
    "min_chorus_rate": 0.11501639785938,
    "max_chorus_rate": 0.7166834186139837,
    "max_conf_over_95_ratio": 0.15587571278041473,
    "val_overconf_threshold": 0.96,
    "val_f1_collapse_threshold": 0.1,
    "loss": {
      "loss_type": "boundary_aware",
      "boundary_weight": 2.1974276613619685,
      "label_smoothing": 0.14342952499951095,
      "segment_consistency_lambda": 0.012365743354927405,
      "conf_penalty_lambda": 0.012849398948415025,
      "conf_threshold": 0.9387206813499658,
      "entropy_lambda": 0.02867566720413039
    },
    "calibration_enabled": true,
    "calibration_methods": [
      "temperature",
      "platt"
    ],
    "validation_strategy": "composite",
    "head_ssm_enabled": true,
    "head_ssm_words": 2,
    "head_ssm_dimension": 12,
    "tail_ssm_enabled": false,
    "tail_ssm_words": 2,
    "tail_ssm_dimension": 12,
    "phonetic_ssm_enabled": true,
    "phonetic_ssm_mode": "rhyme",
    "phonetic_ssm_dimension": 12,
    "phonetic_ssm_similarity_method": "edit_distance",
    "phonetic_ssm_normalize": false,
    "phonetic_ssm_normalize_method": "zscore",
    "phonetic_ssm_high_sim_threshold": 0.33115958469828644,
    "pos_ssm_enabled": true,
    "pos_ssm_tagset": "universal",
    "pos_ssm_similarity_method": "lcs",
    "pos_ssm_high_sim_threshold": 0.2512789485929583,
    "pos_ssm_dimension": 12,
    "string_ssm_enabled": false,
    "string_ssm_case_sensitive": true,
    "string_ssm_remove_punctuation": true,
    "string_ssm_similarity_threshold": 0.05188298982786194,
    "string_ssm_similarity_method": "word_overlap",
    "string_ssm_dimension": 12,
    "syllable_pattern_ssm_enabled": true,
    "syllable_pattern_ssm_similarity_method": "cosine",
    "syllable_pattern_ssm_levenshtein_weight": 0.7689762677429829,
    "syllable_pattern_ssm_cosine_weight": 0.23102373225701706,
    "syllable_pattern_ssm_normalize": true,
    "syllable_pattern_ssm_normalize_method": "minmax",
    "syllable_pattern_ssm_dimension": 12,
    "line_syllable_ssm_enabled": false,
    "line_syllable_ssm_similarity_method": "cosine",
    "line_syllable_ssm_ratio_threshold": 0.10035348868866767,
    "line_syllable_ssm_normalize": false,
    "line_syllable_ssm_normalize_method": "minmax",
    "line_syllable_ssm_dimension": 12,
    "word2vec_enabled": false,
    "word2vec_model": "word2vec-google-news-300",
    "word2vec_mode": "summary",
    "word2vec_normalize": true,
    "word2vec_similarity_metric": "cosine",
    "word2vec_high_sim_threshold": 0.7897537460530296,
    "contextual_enabled": false,
    "contextual_model": "all-MiniLM-L6-v2",
    "contextual_mode": "complete",
    "contextual_normalize": false,