{
  "trial_number": 108,
  "timestamp": 1756243027.3731892,
  "boundary_f1": 0.4573170731707317,
  "line_f1": 0.7813895338453295,
  "macro_f1": 0.7813895338453295,
  "verse_f1": 0.8633684586533309,
  "chorus_f1": 0.6994106090373281,
  "windowdiff": 0.33923860603184447,
  "pk": 0.23795250408033689,
  "val_loss": 0.4881836101412773,
  "val_accuracy": 0.0,
  "weighted_f1": 0.0,
  "training_time": 1558.9629418849945,
  "training_time_minutes": 25.982715698083243,
  "total_params": 0,
  "actual_epochs": 15,
  "config_summary": {
    "attention_enabled": true,
    "hidden_dim": 256,
    "num_layers": 1,
    "max_epochs": 15,
    "batch_size": 32,
    "learning_rate": 0.0009433388164864008,
    "boundary_weight": 1.8934129306817018,
    "label_smoothing": 0.2432852130016866
  },
  "validation_strategy": "composite",
  "all_metrics": {
    "loss": 0.4881836101412773,
    "chorus_rate": 0.32560376077890396,
    "max_prob_mean": 0.673139676451683,
    "confidence_over_90": 0.001166149420896545,
    "confidence_over_95": 0.0,
    "verse_f1": 0.8633684586533309,
    "chorus_f1": 0.6994106090373281,
    "macro_f1": 0.7813895338453295,
    "boundary_f1": 0.4573170731707317,
    "boundary_precision": 0.4017857142857143,
    "boundary_recall": 0.5306603773584906,
    "complete_segments": 0.34529952805403497,
    "avg_segment_overlap": 0.6852875777370433,
    "verse_to_chorus_acc": 0.4823008849557522,
    "chorus_to_verse_acc": 0.51010101010101,
    "window_diff": 0.33923860603184447,
    "pk_metric": 0.23795250408033689
  },
  "parameters": {
    "hidden_dim": 256,
    "num_layers": 1,
    "dropout": 0.2693664447156089,
    "attention_enabled": true,
    "attention_type": "localized",
    "attention_heads": 4,
    "attention_dropout": 0.264388399111532,
    "max_epochs": 15,
    "batch_size": 32,
    "learning_rate": 0.0009433388164864008,
    "weight_decay": 0.018209751373407586,
    "scheduler": "cosine",
    "min_delta": 0.0006914129599128736,
    "gradient_clip_norm": 0.36561638664216023,
    "validation_strategy": "composite",
    "head_tail_words": 2,
    "boundary_weight": 1.8934129306817018,
    "label_smoothing": 0.2432852130016866,
    "segment_consistency_lambda": 0.029695574147194325,
    "conf_penalty_lambda": 0.006858414507117138,
    "conf_threshold": 0.9131696194549355,
    "entropy_lambda": 0.040201951712345675,
    "max_confidence_threshold": 0.930197622987764,
    "min_chorus_rate": 0.055321705859671916,
    "max_chorus_rate": 0.7887566888545828,
    "max_conf_over_95_ratio": 0.17918655290415203,
    "head_ssm_enabled": true,
    "tail_ssm_enabled": true,
    "phonetic_ssm_enabled": true,
    "pos_ssm_enabled": true,
    "string_ssm_enabled": true,
    "syllable_pattern_ssm_enabled": true,
    "line_syllable_ssm_enabled": false,
    "word2vec_enabled": true,
    "contextual_enabled": true,
    "phonetic_mode": "combined",
    "phonetic_similarity_method": "binary",
    "phonetic_normalize": true,
    "phonetic_normalize_method": "minmax",
    "phonetic_high_sim_threshold": 0.2727493356070135,
    "pos_tagset": "universal",
    "pos_similarity_method": "combined",
    "pos_high_sim_threshold": 0.224909011250082,
    "string_case_sensitive": false,
    "string_remove_punctuation": false,
    "string_similarity_threshold": 0.05576041358568054,
    "string_similarity_method": "jaccard",
    "syllable_pattern_similarity_method": "cosine",
    "syllable_pattern_levenshtein_weight": 0.7145173172587339,
    "syllable_pattern_cosine_weight": 0.211408343907407,
    "syllable_pattern_normalize": true,
    "syllable_pattern_normalize_method": "zscore",
    "line_syllable_similarity_method": "cosine",
    "line_syllable_ratio_threshold": 0.09766340365571138,
    "line_syllable_normalize": true,
    "line_syllable_normalize_method": "minmax",
    "word2vec_mode": "summary",
    "word2vec_normalize": true,
    "word2vec_similarity_metric": "cosine",
    "word2vec_high_sim_threshold": 0.8190738671197406,
    "contextual_mode": "summary",
    "contextual_normalize": false,
    "contextual_similarity_metric": "dot",
    "contextual_high_sim_threshold": 0.6520090621350382
  },
  "config": {
    "hidden_dim": 256,
    "num_layers": 1,
    "layer_dropout": 0.0,
    "num_classes": 2,
    "dropout": 0.2693664447156089,
    "attention_enabled": true,
    "attention_type": "localized",
    "attention_heads": 4,
    "attention_dropout": 0.264388399111532,
    "attention_dim": 256,
    "positional_encoding": true,
    "max_seq_length": 1000,
    "window_size": 7,
    "boundary_temperature": 2.0,
    "batch_size": 32,
    "learning_rate": 0.0009433388164864008,
    "weight_decay": 0.018209751373407586,
    "max_epochs": 15,
    "patience": 4,
    "gradient_clip_norm": 0.36561638664216023,
    "scheduler": "cosine",
    "min_lr": 1e-06,
    "cosine_t_max": 15,
    "warmup_epochs": 5,
    "lr_factor": 0.5,
    "lr_patience": 10,
    "step_size": 30,
    "step_gamma": 0.5,
    "cosine_t0": 10,
    "cosine_t_mult": 2,
    "min_delta": 0.0006914129599128736,
    "train_file": "data/train.jsonl",
    "val_file": "data/val.jsonl",
    "test_file": "data/test.jsonl",
    "weighted_sampling": true,
    "emergency_monitoring_enabled": true,
    "max_confidence_threshold": 0.930197622987764,
    "min_chorus_rate": 0.055321705859671916,
    "max_chorus_rate": 0.7887566888545828,
    "max_conf_over_95_ratio": 0.17918655290415203,
    "val_overconf_threshold": 0.96,
    "val_f1_collapse_threshold": 0.1,
    "loss": {
      "loss_type": "boundary_aware",
      "boundary_weight": 1.8934129306817018,
      "label_smoothing": 0.2432852130016866,
      "segment_consistency_lambda": 0.029695574147194325,
      "conf_penalty_lambda": 0.006858414507117138,
      "conf_threshold": 0.9131696194549355,
      "entropy_lambda": 0.040201951712345675
    },
    "calibration_enabled": true,
    "calibration_methods": [
      "temperature",
      "platt"
    ],
    "validation_strategy": "composite",
    "head_ssm_enabled": true,
    "head_ssm_words": 2,
    "head_ssm_dimension": 12,
    "tail_ssm_enabled": true,
    "tail_ssm_words": 2,
    "tail_ssm_dimension": 12,
    "phonetic_ssm_enabled": true,
    "phonetic_ssm_mode": "combined",
    "phonetic_ssm_dimension": 12,
    "phonetic_ssm_similarity_method": "binary",
    "phonetic_ssm_normalize": true,
    "phonetic_ssm_normalize_method": "minmax",
    "phonetic_ssm_high_sim_threshold": 0.2727493356070135,
    "pos_ssm_enabled": true,
    "pos_ssm_tagset": "universal",
    "pos_ssm_similarity_method": "combined",
    "pos_ssm_high_sim_threshold": 0.224909011250082,
    "pos_ssm_dimension": 12,
    "string_ssm_enabled": true,
    "string_ssm_case_sensitive": false,
    "string_ssm_remove_punctuation": false,
    "string_ssm_similarity_threshold": 0.05576041358568054,
    "string_ssm_similarity_method": "jaccard",
    "string_ssm_dimension": 12,
    "syllable_pattern_ssm_enabled": true,
    "syllable_pattern_ssm_similarity_method": "cosine",
    "syllable_pattern_ssm_levenshtein_weight": 0.7716789232937421,
    "syllable_pattern_ssm_cosine_weight": 0.22832107670625787,
    "syllable_pattern_ssm_normalize": true,
    "syllable_pattern_ssm_normalize_method": "zscore",
    "syllable_pattern_ssm_dimension": 12,
    "line_syllable_ssm_enabled": false,
    "line_syllable_ssm_similarity_method": "cosine",
    "line_syllable_ssm_ratio_threshold": 0.09766340365571138,
    "line_syllable_ssm_normalize": true,
    "line_syllable_ssm_normalize_method": "minmax",
    "line_syllable_ssm_dimension": 12,
    "word2vec_enabled": true,
    "word2vec_model": "word2vec-google-news-300",
    "word2vec_mode": "summary",
    "word2vec_normalize": true,
    "word2vec_similarity_metric": "cosine",
    "word2vec_high_sim_threshold": 0.8190738671197406,
    "contextual_enabled": true,
    "contextual_model": "all-MiniLM-L6-v2",
    "contextual_mode": "summary",
    "contextual_normalize": false,
    "contextual_similarity_metric": "dot",