{
  "metadata": {
    "model_info": {
      "hidden_dim": 256,
      "num_layers": 1,
      "dropout": 0.2693664447156089,
      "layer_dropout": 0.0,
      "attention_enabled": true,
      "attention_heads": 4,
      "attention_dropout": 0.264388399111532,
      "attention_dim": 256,
      "positional_encoding": true,
      "max_seq_length": 1000,
      "total_params": 1252610,
      "lstm_params": 724992,
      "attention_params": 526592,
      "classifier_params": 1026
    },
    "training_info": {
      "batch_size": 32,
      "learning_rate": 0.0009433388164864008,
      "scheduler": "cosine",
      "label_smoothing": 0.0,
      "weighted_sampling": true,
      "total_epochs": 15,
      "validation_strategy": "composite",
      "weight_decay": 0.018209751373407586,
      "gradient_clip_norm": 0.36561638664216023,
      "max_epochs": 15,
      "patience": 4
    },
    "calibration_info": {
      "temperature": {
        "ece_before": 0.1423367563861995,
        "ece_after": 0.022376862455210676,
        "improvement": 0.11995989393098883,
        "params": {
          "temperature": 0.44394637455959596
        }
      },
      "platt": {
        "ece_before": 0.1423367563861995,
        "ece_after": 0.033435574800420115,
        "improvement": 0.10890118158577938,
        "params": {
          "A": 2.116597307516561,
          "B": 0.0
        }
      }
    }
  },
  "metrics": [
    {
      "epoch": 1,
      "train_loss": 0.5712954699993134,
      "train_chorus_rate": 0.4944220499601215,
      "train_max_prob": 0.5906972080469132,
      "train_conf_over_90": 4.0650405571796e-05,
      "train_conf_over_95": 0.0,
      "val_loss": 0.561947837471962,
      "val_macro_f1": 0.47759458972526625,
      "val_verse_f1": 0.45167958656330753,
      "val_chorus_f1": 0.503509592887225,
      "val_chorus_rate": 0.7501471042633057,
      "val_max_prob": 0.579824835062027,
      "val_conf_over_90": 0.0,
      "val_conf_over_95": 0.0,
      "learning_rate": 0.0009330426344554539,
      "epoch_time": 99.84536099433899,
      "val_boundary_f1": 0.054313099041533544,
      "val_boundary_precision": 0.08415841584158416,
      "val_boundary_recall": 0.04009433962264151,
      "val_complete_segments": 0.018136823386028053,
      "val_avg_segment_overlap": 0.23691456111466744,
      "val_verse_to_chorus_acc": 0.04424778761061947,
      "val_chorus_to_verse_acc": 0.020202020202020204,
      "val_window_diff": 0.44877890854525987,
      "val_pk_metric": 0.4511554940286757
    },
    {
      "epoch": 2,
      "train_loss": 0.536966547369957,
      "train_chorus_rate": 0.524007860943675,
      "train_max_prob": 0.6083554834127426,
      "train_conf_over_90": 0.00022920577321201564,
      "train_conf_over_95": 0.0,
      "val_loss": 0.5391867458820343,
      "val_macro_f1": 0.716269330637822,
      "val_verse_f1": 0.8140978816654492,
      "val_chorus_f1": 0.618440779610195,
      "val_chorus_rate": 0.35681604593992233,
      "val_max_prob": 0.6004891246557236,
      "val_conf_over_90": 0.0,
      "val_conf_over_95": 0.0,
      "learning_rate": 0.0009026040809239284,
      "epoch_time": 105.77706909179688,
      "val_boundary_f1": 0.3695450324976787,
      "val_boundary_precision": 0.30474732006125577,
      "val_boundary_recall": 0.4693396226415094,
      "val_complete_segments": 0.24266909122423436,
      "val_avg_segment_overlap": 0.5907836474344295,
      "val_verse_to_chorus_acc": 0.4336283185840708,
      "val_chorus_to_verse_acc": 0.41414141414141414,
      "val_window_diff": 0.380810738159872,
      "val_pk_metric": 0.28055436184871124
    },
    {
      "epoch": 3,
      "train_loss": 0.5140945628285408,
      "train_chorus_rate": 0.3879309292882681,
      "train_max_prob": 0.6369288563728333,
      "train_conf_over_90": 0.00029007038683630525,
      "train_conf_over_95": 0.0,
      "val_loss": 0.5273811370134354,
      "val_macro_f1": 0.6114872179834934,
      "val_verse_f1": 0.6391563502980284,
      "val_chorus_f1": 0.5838180856689582,
      "val_chorus_rate": 0.6297340393066406,
      "val_max_prob": 0.6449388414621353,
      "val_conf_over_90": 0.0002312673459528014,
      "val_conf_over_95": 0.0,
      "learning_rate": 0.0008533534667415371,
      "epoch_time": 122.88459014892578,
      "val_boundary_f1": 0.1675178753830439,
      "val_boundary_precision": 0.14774774774774774,
      "val_boundary_recall": 0.19339622641509435,
      "val_complete_segments": 0.07096061748765885,
      "val_avg_segment_overlap": 0.4534453784142642,
      "val_verse_to_chorus_acc": 0.18584070796460178,
      "val_chorus_to_verse_acc": 0.18181818181818182,
      "val_window_diff": 0.49784136233091947,
      "val_pk_metric": 0.3999163140789477
    },
    {
      "epoch": 4,
      "train_loss": 0.5024377390742302,
      "train_chorus_rate": 0.42541962340474127,
      "train_max_prob": 0.6630717217922211,
      "train_conf_over_90": 0.0032846149522811176,
      "train_conf_over_95": 0.0,
      "val_loss": 0.5088529735803604,
      "val_macro_f1": 0.7230203579459609,
      "val_verse_f1": 0.7953261927945472,
      "val_chorus_f1": 0.6507145230973745,
      "val_chorus_rate": 0.43983008712530136,
      "val_max_prob": 0.6512395739555359,
      "val_conf_over_90": 0.004728155035991222,
      "val_conf_over_95": 0.0,
      "learning_rate": 0.0007874432800787176,
      "epoch_time": 96.38683795928955,
      "val_boundary_f1": 0.33425160697887973,
      "val_boundary_precision": 0.2736842105263158,
      "val_boundary_recall": 0.42924528301886794,
      "val_complete_segments": 0.2092045840720284,
      "val_avg_segment_overlap": 0.6182499068069656,
      "val_verse_to_chorus_acc": 0.3672566371681416,
      "val_chorus_to_verse_acc": 0.4494949494949495,
      "val_window_diff": 0.4537663322279347,
      "val_pk_metric": 0.3415231490437243
    },
    {
      "epoch": 5,
      "train_loss": 0.48526691198349,
      "train_chorus_rate": 0.3861169837415218,
      "train_max_prob": 0.6643457531929016,
      "train_conf_over_90": 0.013276365597266703,
      "train_conf_over_95": 0.0005222055420745164,
      "val_loss": 0.5273049622774124,
      "val_macro_f1": 0.7557734462959367,
      "val_verse_f1": 0.8568947551233067,
      "val_chorus_f1": 0.6546521374685668,
      "val_chorus_rate": 0.2874864339828491,
      "val_max_prob": 0.6998564600944519,
      "val_conf_over_90": 0.002673711540410295,
      "val_conf_over_95": 0.0,
      "learning_rate": 0.0007077541123648007,
      "epoch_time": 101.0113480091095,
      "val_boundary_f1": 0.42296072507552873,
      "val_boundary_precision": 0.36906854130052724,
      "val_boundary_recall": 0.49528301886792453,
      "val_complete_segments": 0.29880220509859956,
      "val_avg_segment_overlap": 0.628232079721003,
      "val_verse_to_chorus_acc": 0.46017699115044247,
      "val_chorus_to_verse_acc": 0.4292929292929293,
      "val_window_diff": 0.32957178088591343,
      "val_pk_metric": 0.23760273317927808
    },
    {
      "epoch": 6,
      "train_loss": 0.49176466315984724,
      "train_chorus_rate": 0.3788608342409134,
      "train_max_prob": 0.6689551770687103,
      "train_conf_over_90": 0.004634247001376934,
      "train_conf_over_95": 0.0,
      "val_loss": 0.5026521384716034,
      "val_macro_f1": 0.6765891320977465,
      "val_verse_f1": 0.7236870310825295,
      "val_chorus_f1": 0.6294912331129635,
      "val_chorus_rate": 0.55473692715168,
      "val_max_prob": 0.6417321711778641,
      "val_conf_over_90": 0.0,
      "val_conf_over_95": 0.0,
      "learning_rate": 0.0006177687626199369,
      "epoch_time": 92.11947274208069,
      "val_boundary_f1": 0.30883720930232555,
      "val_boundary_precision": 0.25499231950844853,
      "val_boundary_recall": 0.3915094339622642,
      "val_complete_segments": 0.19007055646769327,
      "val_avg_segment_overlap": 0.5755086672337371,
      "val_verse_to_chorus_acc": 0.37168141592920356,
      "val_chorus_to_verse_acc": 0.37373737373737376,
      "val_window_diff": 0.47760650327805787,