{
  "metadata": {
    "model_info": {
      "hidden_dim": 128,
      "num_layers": 2,
      "dropout": 0.15018650455727078,
      "layer_dropout": 0.2230878062122977,
      "attention_enabled": true,
      "attention_heads": 8,
      "attention_dropout": 0.13494054429086902,
      "attention_dim": 128,
      "positional_encoding": true,
      "max_seq_length": 1000,
      "total_params": 718595,
      "lstm_params": 577536,
      "attention_params": 140545,
      "classifier_params": 514
    },
    "training_info": {
      "batch_size": 32,
      "learning_rate": 0.0009255573244192645,
      "scheduler": "cosine",
      "label_smoothing": 0.0,
      "weighted_sampling": true,
      "total_epochs": 15,
      "validation_strategy": "line_f1",
      "weight_decay": 0.01752820304956542,
      "gradient_clip_norm": 0.3494389457086987,
      "max_epochs": 15,
      "patience": 4
    },
    "calibration_info": {
      "temperature": {
        "ece_before": 0.08798200060377422,
        "ece_after": 0.013983270186338076,
        "improvement": 0.07399873041743614,
        "params": {
          "temperature": 0.598455381316817
        }
      },
      "platt": {
        "ece_before": 0.08798200060377422,
        "ece_after": 0.011205534364713436,
        "improvement": 0.07677646623906079,
        "params": {
          "A": 1.5888726142026082,
          "B": 0.0
        }
      }
    }
  },
  "metrics": [
    {
      "epoch": 1,
      "train_loss": 0.5884821206331253,
      "train_chorus_rate": 0.5640541012340691,
      "train_max_prob": 0.5653020560741424,
      "train_conf_over_90": 0.0,
      "train_conf_over_95": 0.0,
      "val_loss": 0.5996597111225128,
      "val_macro_f1": 0.539920331830761,
      "val_verse_f1": 0.6778764405819008,
      "val_chorus_f1": 0.4019642230796212,
      "val_chorus_rate": 0.40035369992256165,
      "val_max_prob": 0.5437220185995102,
      "val_conf_over_90": 0.0,
      "val_conf_over_95": 0.0,
      "learning_rate": 0.0009154554265204174,
      "epoch_time": 93.90318894386292,
      "val_boundary_f1": 0.055350553505535055,
      "val_boundary_precision": 0.1271186440677966,
      "val_boundary_recall": 0.03537735849056604,
      "val_complete_segments": 0.01280056188592774,
      "val_avg_segment_overlap": 0.21423964803683598,
      "val_verse_to_chorus_acc": 0.03982300884955752,
      "val_chorus_to_verse_acc": 0.0,
      "val_window_diff": 0.418575231940283,
      "val_pk_metric": 0.4379331500347165
    },
    {
      "epoch": 2,
      "train_loss": 0.5618602424860001,
      "train_chorus_rate": 0.46461668037809434,
      "train_max_prob": 0.5701123893260955,
      "train_conf_over_90": 0.0,
      "train_conf_over_95": 0.0,
      "val_loss": 0.5923436880111694,
      "val_macro_f1": 0.5483687613653933,
      "val_verse_f1": 0.6243430733655665,
      "val_chorus_f1": 0.47239444936521996,
      "val_chorus_rate": 0.5330364927649498,
      "val_max_prob": 0.5614411979913712,
      "val_conf_over_90": 0.0,
      "val_conf_over_95": 0.0,
      "learning_rate": 0.00088559123423634,
      "epoch_time": 50.20830273628235,
      "val_boundary_f1": 0.06091370558375634,
      "val_boundary_precision": 0.10778443113772455,
      "val_boundary_recall": 0.04245283018867924,
      "val_complete_segments": 0.041124280241459456,
      "val_avg_segment_overlap": 0.22714484130827273,
      "val_verse_to_chorus_acc": 0.048672566371681415,
      "val_chorus_to_verse_acc": 0.030303030303030304,
      "val_window_diff": 0.4229618837088727,
      "val_pk_metric": 0.4190225956933272
    },
    {
      "epoch": 3,
      "train_loss": 0.5516992434859276,
      "train_chorus_rate": 0.4544945014640689,
      "train_max_prob": 0.5984806478023529,
      "train_conf_over_90": 2.2988505952525885e-05,
      "train_conf_over_95": 0.0,
      "val_loss": 0.5929517149925232,
      "val_macro_f1": 0.5852597333172216,
      "val_verse_f1": 0.8067872578837842,
      "val_chorus_f1": 0.3637322087506589,
      "val_chorus_rate": 0.16589705646038055,
      "val_max_prob": 0.5443606525659561,
      "val_conf_over_90": 0.0,
      "val_conf_over_95": 0.0,
      "learning_rate": 0.0008372699560741405,
      "epoch_time": 135.9234118461609,
      "val_boundary_f1": 0.16927899686520376,
      "val_boundary_precision": 0.2523364485981308,
      "val_boundary_recall": 0.12735849056603774,
      "val_complete_segments": 0.0919191366036541,
      "val_avg_segment_overlap": 0.3162172832224672,
      "val_verse_to_chorus_acc": 0.12831858407079647,
      "val_chorus_to_verse_acc": 0.12121212121212122,
      "val_window_diff": 0.32531520099332323,
      "val_pk_metric": 0.31224175622963435
    },
    {
      "epoch": 4,
      "train_loss": 0.5496277585625648,
      "train_chorus_rate": 0.39998165164142846,
      "train_max_prob": 0.6011605590581894,
      "train_conf_over_90": 0.0,
      "train_conf_over_95": 0.0,
      "val_loss": 0.5805336087942123,
      "val_macro_f1": 0.4950736699898074,
      "val_verse_f1": 0.4923456790123456,
      "val_chorus_f1": 0.49780166096726913,
      "val_chorus_rate": 0.7077369093894958,
      "val_max_prob": 0.5875265598297119,
      "val_conf_over_90": 0.0,
      "val_conf_over_95": 0.0,
      "learning_rate": 0.0007726034637607252,
      "epoch_time": 99.59562492370605,
      "val_boundary_f1": 0.06654991243432574,
      "val_boundary_precision": 0.1292517006802721,
      "val_boundary_recall": 0.04481132075471698,
      "val_complete_segments": 0.02717290650747703,
      "val_avg_segment_overlap": 0.21919405126485897,
      "val_verse_to_chorus_acc": 0.061946902654867256,
      "val_chorus_to_verse_acc": 0.010101010101010102,
      "val_window_diff": 0.4286842779828351,
      "val_pk_metric": 0.42889246871977466
    },
    {
      "epoch": 5,
      "train_loss": 0.5489903211593627,
      "train_chorus_rate": 0.4526714652776718,
      "train_max_prob": 0.6125800341367722,
      "train_conf_over_90": 0.0,
      "train_conf_over_95": 0.0,
      "val_loss": 0.5525082796812057,
      "val_macro_f1": 0.7051526822447252,
      "val_verse_f1": 0.8191960332920134,
      "val_chorus_f1": 0.5911093311974369,
      "val_chorus_rate": 0.3147602900862694,
      "val_max_prob": 0.6090348362922668,
      "val_conf_over_90": 0.0,
      "val_conf_over_95": 0.0,
      "learning_rate": 0.0006944179933144483,
      "epoch_time": 49.5783109664917,
      "val_boundary_f1": 0.33514689880304677,
      "val_boundary_precision": 0.3111111111111111,
      "val_boundary_recall": 0.3632075471698113,
      "val_complete_segments": 0.19673377361606417,
      "val_avg_segment_overlap": 0.5454657278741523,
      "val_verse_to_chorus_acc": 0.336283185840708,
      "val_chorus_to_verse_acc": 0.3181818181818182,
      "val_window_diff": 0.35854709218689557,
      "val_pk_metric": 0.29418394424476546
    },
    {
      "epoch": 6,
      "train_loss": 0.5069504633545876,
      "train_chorus_rate": 0.379840537160635,
      "train_max_prob": 0.668710520863533,
      "train_conf_over_90": 0.01696886161225848,
      "train_conf_over_95": 0.0005224451248068363,
      "val_loss": 0.5389652252197266,
      "val_macro_f1": 0.7352574386349249,
      "val_verse_f1": 0.8449383573537071,
      "val_chorus_f1": 0.6255765199161425,
      "val_chorus_rate": 0.286700502038002,
      "val_max_prob": 0.7201347649097443,
      "val_conf_over_90": 0.02184301265515387,
      "val_conf_over_95": 0.0,
      "learning_rate": 0.0006061306249693244,
      "epoch_time": 51.86394190788269,
      "val_boundary_f1": 0.3536121673003802,
      "val_boundary_precision": 0.2961783439490446,
      "val_boundary_recall": 0.4386792452830189,
      "val_complete_segments": 0.21314063457488697,
      "val_avg_segment_overlap": 0.6261051129228231,
      "val_verse_to_chorus_acc": 0.3672566371681416,
      "val_chorus_to_verse_acc": 0.4393939393939394,
      "val_window_diff": 0.3895372795673907,
      "val_pk_metric": 0.2912954778943386
    },
    {
      "epoch": 7,
      "train_loss": 0.47987995594739913,