{
  "trial_number": 110,
  "timestamp": 1756246294.891426,
  "boundary_f1": 0.35982532751091706,
  "line_f1": 0.7425702556289149,
  "macro_f1": 0.7425702556289149,
  "verse_f1": 0.8189393939393939,
  "chorus_f1": 0.6662011173184358,
  "windowdiff": 0.44543200583802256,
  "pk": 0.31890447827340646,
  "val_loss": 0.5054929554462433,
  "val_accuracy": 0.0,
  "weighted_f1": 0.0,
  "training_time": 2001.9083387851715,
  "training_time_minutes": 33.36513897975286,
  "total_params": 0,
  "actual_epochs": 15,
  "config_summary": {
    "attention_enabled": false,
    "hidden_dim": 256,
    "num_layers": 1,
    "max_epochs": 15,
    "batch_size": 32,
    "learning_rate": 0.0009463769729858875,
    "boundary_weight": 1.8220658563392818,
    "label_smoothing": 0.28114499858955727
  },
  "validation_strategy": "composite",
  "all_metrics": {
    "loss": 0.5054929554462433,
    "chorus_rate": 0.40440502017736435,
    "max_prob_mean": 0.6579864770174026,
    "confidence_over_90": 0.005292204790748656,
    "confidence_over_95": 0.0,
    "verse_f1": 0.8189393939393939,
    "chorus_f1": 0.6662011173184358,
    "macro_f1": 0.7425702556289149,
    "boundary_f1": 0.35982532751091706,
    "boundary_precision": 0.2857142857142857,
    "boundary_recall": 0.4858490566037736,
    "complete_segments": 0.2605266605796829,
    "avg_segment_overlap": 0.6572747981817373,
    "verse_to_chorus_acc": 0.3938053097345133,
    "chorus_to_verse_acc": 0.5303030303030303,
    "window_diff": 0.44543200583802256,
    "pk_metric": 0.31890447827340646
  },
  "parameters": {
    "hidden_dim": 256,
    "num_layers": 1,
    "dropout": 0.2650000039888396,
    "attention_enabled": false,
    "max_epochs": 15,
    "batch_size": 32,
    "learning_rate": 0.0009463769729858875,
    "weight_decay": 0.02012768576841817,
    "scheduler": "cosine",
    "min_delta": 0.0006407035289626945,
    "gradient_clip_norm": 0.3932779983968804,
    "validation_strategy": "composite",
    "head_tail_words": 2,
    "boundary_weight": 1.8220658563392818,
    "label_smoothing": 0.28114499858955727,
    "segment_consistency_lambda": 0.029610374096313574,
    "conf_penalty_lambda": 0.006132961177819352,
    "conf_threshold": 0.9102348049210115,
    "entropy_lambda": 0.0395265571702679,
    "max_confidence_threshold": 0.9352735267790223,
    "min_chorus_rate": 0.055550371581282176,
    "max_chorus_rate": 0.7811123106287314,
    "max_conf_over_95_ratio": 0.17915200186008387,
    "head_ssm_enabled": true,
    "tail_ssm_enabled": true,
    "phonetic_ssm_enabled": true,
    "pos_ssm_enabled": true,
    "string_ssm_enabled": true,
    "syllable_pattern_ssm_enabled": true,
    "line_syllable_ssm_enabled": false,
    "word2vec_enabled": true,
    "contextual_enabled": true,
    "phonetic_mode": "combined",
    "phonetic_similarity_method": "binary",
    "phonetic_normalize": true,
    "phonetic_normalize_method": "minmax",
    "phonetic_high_sim_threshold": 0.27345502612908595,
    "pos_tagset": "universal",
    "pos_similarity_method": "combined",
    "pos_high_sim_threshold": 0.23389515286485832,
    "string_case_sensitive": false,
    "string_remove_punctuation": false,
    "string_similarity_threshold": 0.05488942850365913,
    "string_similarity_method": "jaccard",
    "syllable_pattern_similarity_method": "cosine",
    "syllable_pattern_levenshtein_weight": 0.7295601805039895,
    "syllable_pattern_cosine_weight": 0.2181481513439117,
    "syllable_pattern_normalize": true,
    "syllable_pattern_normalize_method": "zscore",
    "line_syllable_similarity_method": "cosine",
    "line_syllable_ratio_threshold": 0.09622857245159658,
    "line_syllable_normalize": true,
    "line_syllable_normalize_method": "minmax",
    "word2vec_mode": "summary",
    "word2vec_normalize": true,
    "word2vec_similarity_metric": "cosine",
    "word2vec_high_sim_threshold": 0.8176097004460893,
    "contextual_mode": "summary",
    "contextual_normalize": false,
    "contextual_similarity_metric": "dot",
    "contextual_high_sim_threshold": 0.6512941790449225
  },
  "config": {
    "hidden_dim": 256,
    "num_layers": 1,
    "layer_dropout": 0.0,
    "num_classes": 2,
    "dropout": 0.2650000039888396,
    "attention_enabled": false,
    "attention_type": null,
    "attention_heads": 1,
    "attention_dropout": 0.0,
    "attention_dim": 256,
    "positional_encoding": false,
    "max_seq_length": 1000,
    "window_size": 7,
    "boundary_temperature": 2.0,
    "batch_size": 32,
    "learning_rate": 0.0009463769729858875,
    "weight_decay": 0.02012768576841817,
    "max_epochs": 15,
    "patience": 4,
    "gradient_clip_norm": 0.3932779983968804,
    "scheduler": "cosine",
    "min_lr": 1e-06,
    "cosine_t_max": 15,
    "warmup_epochs": 5,
    "lr_factor": 0.5,
    "lr_patience": 10,
    "step_size": 30,
    "step_gamma": 0.5,
    "cosine_t0": 10,
    "cosine_t_mult": 2,
    "min_delta": 0.0006407035289626945,
    "train_file": "data/train.jsonl",
    "val_file": "data/val.jsonl",
    "test_file": "data/test.jsonl",
    "weighted_sampling": true,
    "emergency_monitoring_enabled": true,
    "max_confidence_threshold": 0.9352735267790223,
    "min_chorus_rate": 0.055550371581282176,
    "max_chorus_rate": 0.7811123106287314,
    "max_conf_over_95_ratio": 0.17915200186008387,
    "val_overconf_threshold": 0.96,
    "val_f1_collapse_threshold": 0.1,
    "loss": {
      "loss_type": "boundary_aware",
      "boundary_weight": 1.8220658563392818,
      "label_smoothing": 0.28114499858955727,
      "segment_consistency_lambda": 0.029610374096313574,
      "conf_penalty_lambda": 0.006132961177819352,
      "conf_threshold": 0.9102348049210115,
      "entropy_lambda": 0.0395265571702679
    },
    "calibration_enabled": true,
    "calibration_methods": [
      "temperature",
      "platt"
    ],
    "validation_strategy": "composite",
    "head_ssm_enabled": true,
    "head_ssm_words": 2,
    "head_ssm_dimension": 12,
    "tail_ssm_enabled": true,
    "tail_ssm_words": 2,
    "tail_ssm_dimension": 12,
    "phonetic_ssm_enabled": true,
    "phonetic_ssm_mode": "combined",
    "phonetic_ssm_dimension": 12,
    "phonetic_ssm_similarity_method": "binary",
    "phonetic_ssm_normalize": true,
    "phonetic_ssm_normalize_method": "minmax",
    "phonetic_ssm_high_sim_threshold": 0.27345502612908595,
    "pos_ssm_enabled": true,
    "pos_ssm_tagset": "universal",
    "pos_ssm_similarity_method": "combined",
    "pos_ssm_high_sim_threshold": 0.23389515286485832,
    "pos_ssm_dimension": 12,
    "string_ssm_enabled": true,
    "string_ssm_case_sensitive": false,
    "string_ssm_remove_punctuation": false,
    "string_ssm_similarity_threshold": 0.05488942850365913,
    "string_ssm_similarity_method": "jaccard",
    "string_ssm_dimension": 12,
    "syllable_pattern_ssm_enabled": true,
    "syllable_pattern_ssm_similarity_method": "cosine",
    "syllable_pattern_ssm_levenshtein_weight": 0.7698150960448426,
    "syllable_pattern_ssm_cosine_weight": 0.23018490395515753,
    "syllable_pattern_ssm_normalize": true,
    "syllable_pattern_ssm_normalize_method": "zscore",
    "syllable_pattern_ssm_dimension": 12,
    "line_syllable_ssm_enabled": false,
    "line_syllable_ssm_similarity_method": "cosine",
    "line_syllable_ssm_ratio_threshold": 0.09622857245159658,
    "line_syllable_ssm_normalize": true,
    "line_syllable_ssm_normalize_method": "minmax",
    "line_syllable_ssm_dimension": 12,
    "word2vec_enabled": true,
    "word2vec_model": "word2vec-google-news-300",
    "word2vec_mode": "summary",
    "word2vec_normalize": true,
    "word2vec_similarity_metric": "cosine",
    "word2vec_high_sim_threshold": 0.8176097004460893,
    "contextual_enabled": true,
    "contextual_model": "all-MiniLM-L6-v2",
    "contextual_mode": "summary",
    "contextual_normalize": false,
    "contextual_similarity_metric": "dot",
    "contextual_high_sim_threshold": 0.6512941790449225
  }
}