{
  "metadata": {
    "model_info": {
      "hidden_dim": 256,
      "num_layers": 1,
      "dropout": 0.2650000039888396,
      "layer_dropout": 0.0,
      "attention_enabled": false,
      "attention_heads": 1,
      "attention_dropout": 0.0,
      "attention_dim": 256,
      "positional_encoding": false,
      "max_seq_length": 1000,
      "total_params": 726018,
      "lstm_params": 724992,
      "attention_params": 0,
      "classifier_params": 1026
    },
    "training_info": {
      "batch_size": 32,
      "learning_rate": 0.0009463769729858875,
      "scheduler": "cosine",
      "label_smoothing": 0.0,
      "weighted_sampling": true,
      "total_epochs": 14,
      "validation_strategy": "composite",
      "weight_decay": 0.02012768576841817,
      "gradient_clip_norm": 0.3932779983968804,
      "max_epochs": 15,
      "patience": 4
    },
    "calibration_info": {
      "temperature": {
        "ece_before": 0.10747875239561021,
        "ece_after": 0.011641422722100732,
        "improvement": 0.09583732967350947,
        "params": {
          "temperature": 0.5018745582020122
        }
      },
      "platt": {
        "ece_before": 0.10747875239561021,
        "ece_after": 0.011630332803679356,
        "improvement": 0.09584841959193086,
        "params": {
          "A": 2.0385633740711313,
          "B": 0.0
        }
      }
    }
  },
  "metrics": [
    {
      "epoch": 1,
      "train_loss": 0.5521793693304062,
      "train_chorus_rate": 0.661984221637249,
      "train_max_prob": 0.5635657876729965,
      "train_conf_over_90": 0.0,
      "train_conf_over_95": 0.0,
      "val_loss": 0.5758735239505768,
      "val_macro_f1": 0.5917876061394789,
      "val_verse_f1": 0.8061191626409019,
      "val_chorus_f1": 0.3774560496380558,
      "val_chorus_rate": 0.1763727106153965,
      "val_max_prob": 0.581341102719307,
      "val_conf_over_90": 0.0,
      "val_conf_over_95": 0.0,
      "learning_rate": 0.0009360475954505106,
      "epoch_time": 152.30632305145264,
      "val_boundary_f1": 0.26987951807228916,
      "val_boundary_precision": 0.27586206896551724,
      "val_boundary_recall": 0.2641509433962264,
      "val_complete_segments": 0.13492166420321244,
      "val_avg_segment_overlap": 0.3649413134971153,
      "val_verse_to_chorus_acc": 0.25663716814159293,
      "val_chorus_to_verse_acc": 0.20707070707070707,
      "val_window_diff": 0.41374007782963085,
      "val_pk_metric": 0.33813644619361516
    },
    {
      "epoch": 2,
      "train_loss": 0.5348251700401306,
      "train_chorus_rate": 0.48363276310265063,
      "train_max_prob": 0.586883407831192,
      "train_conf_over_90": 0.0,
      "train_conf_over_95": 0.0,
      "val_loss": 0.5323482900857925,
      "val_macro_f1": 0.7059492341654879,
      "val_verse_f1": 0.7821338014433391,
      "val_chorus_f1": 0.6297646668876368,
      "val_chorus_rate": 0.4419589564204216,
      "val_max_prob": 0.6061878502368927,
      "val_conf_over_90": 0.0,
      "val_conf_over_95": 0.0,
      "learning_rate": 0.0009055109062085284,
      "epoch_time": 130.06801581382751,
      "val_boundary_f1": 0.3351605324980423,
      "val_boundary_precision": 0.2508792497069168,
      "val_boundary_recall": 0.5047169811320755,
      "val_complete_segments": 0.246652909537321,
      "val_avg_segment_overlap": 0.6175548267890258,
      "val_verse_to_chorus_acc": 0.4336283185840708,
      "val_chorus_to_verse_acc": 0.5050505050505051,
      "val_window_diff": 0.47057459053396405,
      "val_pk_metric": 0.330623207566917
    },
    {
      "epoch": 3,
      "train_loss": 0.5139500081539154,
      "train_chorus_rate": 0.4542204186320305,
      "train_max_prob": 0.625003045797348,
      "train_conf_over_90": 0.0012127795605920255,
      "train_conf_over_95": 2.8901733458042145e-05,
      "val_loss": 0.5243920832872391,
      "val_macro_f1": 0.7169279092013704,
      "val_verse_f1": 0.7949951876804621,
      "val_chorus_f1": 0.6388606307222787,
      "val_chorus_rate": 0.42555253952741623,
      "val_max_prob": 0.6481940597295761,
      "val_conf_over_90": 0.0009250693838112056,
      "val_conf_over_95": 0.0,
      "learning_rate": 0.0008561015051111081,
      "epoch_time": 137.73850321769714,
      "val_boundary_f1": 0.3620689655172414,
      "val_boundary_precision": 0.28532608695652173,
      "val_boundary_recall": 0.49528301886792453,
      "val_complete_segments": 0.2706988328276769,
      "val_avg_segment_overlap": 0.6145952464665592,
      "val_verse_to_chorus_acc": 0.4646017699115044,
      "val_chorus_to_verse_acc": 0.46464646464646464,
      "val_window_diff": 0.43059637697712516,
      "val_pk_metric": 0.31486110487546637
    },
    {
      "epoch": 4,
      "train_loss": 0.5083994477987289,
      "train_chorus_rate": 0.43761601448059084,
      "train_max_prob": 0.6389857262372971,
      "train_conf_over_90": 0.003107888693921268,
      "train_conf_over_95": 0.0,
      "val_loss": 0.5131869912147522,
      "val_macro_f1": 0.6984429343979905,
      "val_verse_f1": 0.756132756132756,
      "val_chorus_f1": 0.6407531126632251,
      "val_chorus_rate": 0.5092270970344543,
      "val_max_prob": 0.6250537782907486,
      "val_conf_over_90": 0.000693802023306489,
      "val_conf_over_95": 0.0,
      "learning_rate": 0.0007899788200788182,
      "epoch_time": 139.2251660823822,
      "val_boundary_f1": 0.29752066115702486,
      "val_boundary_precision": 0.22900763358778625,
      "val_boundary_recall": 0.42452830188679247,
      "val_complete_segments": 0.20206205106788352,
      "val_avg_segment_overlap": 0.6081570737859426,
      "val_verse_to_chorus_acc": 0.36283185840707965,
      "val_chorus_to_verse_acc": 0.46464646464646464,
      "val_window_diff": 0.4840180731535222,
      "val_pk_metric": 0.35903644456117845
    },
    {
      "epoch": 5,
      "train_loss": 0.49437997937202455,
      "train_chorus_rate": 0.43425608724355697,
      "train_max_prob": 0.6470129698514938,
      "train_conf_over_90": 0.005035421226057224,
      "train_conf_over_95": 0.00017152113432530313,
      "val_loss": 0.5091041475534439,
      "val_macro_f1": 0.7221714932842254,
      "val_verse_f1": 0.7868525896414341,
      "val_chorus_f1": 0.6574903969270167,
      "val_chorus_rate": 0.4680941104888916,
      "val_max_prob": 0.6488641947507858,
      "val_conf_over_90": 0.0009250693838112056,
      "val_conf_over_95": 0.0,
      "learning_rate": 0.0007100327297394157,
      "epoch_time": 131.72471499443054,
      "val_boundary_f1": 0.36140350877192984,
      "val_boundary_precision": 0.2877094972067039,
      "val_boundary_recall": 0.4858490566037736,
      "val_complete_segments": 0.27634497093669946,
      "val_avg_segment_overlap": 0.6280322841934436,
      "val_verse_to_chorus_acc": 0.43805309734513276,
      "val_chorus_to_verse_acc": 0.5,
      "val_window_diff": 0.4459901999298047,
      "val_pk_metric": 0.32641291370917236
    },
    {
      "epoch": 6,
      "train_loss": 0.49688777774572374,
      "train_chorus_rate": 0.44250614047050474,
      "train_max_prob": 0.6501834928989411,
      "train_conf_over_90": 0.009800545280450023,
      "train_conf_over_95": 0.0005842256010510028,
      "val_loss": 0.5077291429042816,
      "val_macro_f1": 0.7094094023917197,
      "val_verse_f1": 0.7674989766680312,
      "val_chorus_f1": 0.6513198281154082,
      "val_chorus_rate": 0.5006726831197739,
      "val_max_prob": 0.6594785153865814,
      "val_conf_over_90": 0.005386673961766064,
      "val_conf_over_95": 0.0,
      "learning_rate": 0.0006197572618646363,
      "epoch_time": 140.0615680217743,
      "val_boundary_f1": 0.3394575678040245,
      "val_boundary_precision": 0.2698191933240612,
      "val_boundary_recall": 0.45754716981132076,
      "val_complete_segments": 0.2440899276795353,
      "val_avg_segment_overlap": 0.6231381500007577,
      "val_verse_to_chorus_acc": 0.3893805309734513,
      "val_chorus_to_verse_acc": 0.5,
      "val_window_diff": 0.45964907533827204,