{
  "metadata": {
    "model_info": {
      "hidden_dim": 256,
      "num_layers": 2,
      "dropout": 0.2017721266997783,
      "layer_dropout": 0.23187267043003934,
      "attention_enabled": true,
      "attention_heads": 4,
      "attention_dropout": 0.1835847931140983,
      "attention_dim": 256,
      "positional_encoding": true,
      "max_seq_length": 1000,
      "total_params": 2764291,
      "lstm_params": 2203648,
      "attention_params": 559617,
      "classifier_params": 1026
    },
    "training_info": {
      "batch_size": 32,
      "learning_rate": 0.0008771292290505689,
      "scheduler": "cosine",
      "label_smoothing": 0.0,
      "weighted_sampling": true,
      "total_epochs": 15,
      "validation_strategy": "composite",
      "weight_decay": 0.016613814371476004,
      "gradient_clip_norm": 0.38267739359303576,
      "max_epochs": 15,
      "patience": 4
    },
    "calibration_info": {
      "temperature": {
        "ece_before": 0.129717721627597,
        "ece_after": 0.02748144937638918,
        "improvement": 0.10223627225120784,
        "params": {
          "temperature": 0.49073137808847495
        }
      },
      "platt": {
        "ece_before": 0.129717721627597,
        "ece_after": 0.03467644254854478,
        "improvement": 0.09504127907905223,
        "params": {
          "A": 1.8835434436924157,
          "B": 0.0
        }
      }
    }
  },
  "metrics": [
    {
      "epoch": 1,
      "train_loss": 0.5970043689012527,
      "train_chorus_rate": 0.38928342462750154,
      "train_max_prob": 0.5906848937273026,
      "train_conf_over_90": 0.0075338251888751985,
      "train_conf_over_95": 0.0,
      "val_loss": 0.5760454386472702,
      "val_macro_f1": 0.5090733871214337,
      "val_verse_f1": 0.5065415946679832,
      "val_chorus_f1": 0.511605179574884,
      "val_chorus_rate": 0.7060356587171555,
      "val_max_prob": 0.5423776060342789,
      "val_conf_over_90": 0.0,
      "val_conf_over_95": 0.0,
      "learning_rate": 0.0008675564661895709,
      "epoch_time": 80.29487991333008,
      "val_boundary_f1": 0.05714285714285714,
      "val_boundary_precision": 0.08737864077669903,
      "val_boundary_recall": 0.04245283018867924,
      "val_complete_segments": 0.03835292837148617,
      "val_avg_segment_overlap": 0.24790116002809004,
      "val_verse_to_chorus_acc": 0.035398230088495575,
      "val_chorus_to_verse_acc": 0.03535353535353535,
      "val_window_diff": 0.4312790416235301,
      "val_pk_metric": 0.4217442339927595
    },
    {
      "epoch": 2,
      "train_loss": 0.5574744120240211,
      "train_chorus_rate": 0.47170893078437076,
      "train_max_prob": 0.5900258392095565,
      "train_conf_over_90": 0.0,
      "train_conf_over_95": 0.0,
      "val_loss": 0.5829884856939316,
      "val_macro_f1": 0.5392808172339042,
      "val_verse_f1": 0.6373759870419113,
      "val_chorus_f1": 0.441185647425897,
      "val_chorus_rate": 0.48838692903518677,
      "val_max_prob": 0.5641602277755737,
      "val_conf_over_90": 0.0,
      "val_conf_over_95": 0.0,
      "learning_rate": 0.0008392565532788149,
      "epoch_time": 68.8615779876709,
      "val_boundary_f1": 0.04642857142857144,
      "val_boundary_precision": 0.09558823529411764,
      "val_boundary_recall": 0.030660377358490566,
      "val_complete_segments": 0.02161372287300177,
      "val_avg_segment_overlap": 0.21123516253156677,
      "val_verse_to_chorus_acc": 0.05309734513274336,
      "val_chorus_to_verse_acc": 0.0,
      "val_window_diff": 0.42757917132994877,
      "val_pk_metric": 0.42820826666826467
    },
    {
      "epoch": 3,
      "train_loss": 0.5612172722816468,
      "train_chorus_rate": 0.4914258354110643,
      "train_max_prob": 0.5764867186546325,
      "train_conf_over_90": 0.0,
      "train_conf_over_95": 0.0,
      "val_loss": 0.5811005979776382,
      "val_macro_f1": 0.5782481532112602,
      "val_verse_f1": 0.7963742311427646,
      "val_chorus_f1": 0.36012207527975587,
      "val_chorus_rate": 0.18276908062398434,
      "val_max_prob": 0.5574396401643753,
      "val_conf_over_90": 0.0,
      "val_conf_over_95": 0.0,
      "learning_rate": 0.00079346633231055,
      "epoch_time": 46.93816590309143,
      "val_boundary_f1": 0.16828478964401292,
      "val_boundary_precision": 0.26804123711340205,
      "val_boundary_recall": 0.12264150943396226,
      "val_complete_segments": 0.07574219235141823,
      "val_avg_segment_overlap": 0.28114611262879186,
      "val_verse_to_chorus_acc": 0.12389380530973451,
      "val_chorus_to_verse_acc": 0.07575757575757576,
      "val_window_diff": 0.3370042573481591,
      "val_pk_metric": 0.31647156437640117
    },
    {
      "epoch": 4,
      "train_loss": 0.5432492420077324,
      "train_chorus_rate": 0.4914835751056671,
      "train_max_prob": 0.5811842828989029,
      "train_conf_over_90": 0.0,
      "train_conf_over_95": 0.0,
      "val_loss": 0.5558111518621445,
      "val_macro_f1": 0.638534859475383,
      "val_verse_f1": 0.7350261678619888,
      "val_chorus_f1": 0.5420435510887772,
      "val_chorus_rate": 0.43487823009490967,
      "val_max_prob": 0.5825778245925903,
      "val_conf_over_90": 0.0,
      "val_conf_over_95": 0.0,
      "learning_rate": 0.0007321870556669475,
      "epoch_time": 54.82709503173828,
      "val_boundary_f1": 0.20902612826603326,
      "val_boundary_precision": 0.21052631578947367,
      "val_boundary_recall": 0.20754716981132076,
      "val_complete_segments": 0.07047299344489165,
      "val_avg_segment_overlap": 0.4249667583850122,
      "val_verse_to_chorus_acc": 0.15486725663716813,
      "val_chorus_to_verse_acc": 0.21717171717171718,
      "val_window_diff": 0.4442128160740112,
      "val_pk_metric": 0.3761123460590733
    },
    {
      "epoch": 5,
      "train_loss": 0.5089125290513039,
      "train_chorus_rate": 0.40311045944690704,
      "train_max_prob": 0.6578221291303634,
      "train_conf_over_90": 0.0132290620385902,
      "train_conf_over_95": 0.00010124999971594661,
      "val_loss": 0.515523761510849,
      "val_macro_f1": 0.6916545211519138,
      "val_verse_f1": 0.7780548628428927,
      "val_chorus_f1": 0.6052541794609348,
      "val_chorus_rate": 0.4212370812892914,
      "val_max_prob": 0.6652495861053467,
      "val_conf_over_90": 0.00641143781831488,
      "val_conf_over_95": 0.0,
      "learning_rate": 0.0006580969217879267,
      "epoch_time": 54.219781160354614,
      "val_boundary_f1": 0.26171875000000006,
      "val_boundary_precision": 0.22333333333333333,
      "val_boundary_recall": 0.3160377358490566,
      "val_complete_segments": 0.11898693686869721,
      "val_avg_segment_overlap": 0.557895678858482,
      "val_verse_to_chorus_acc": 0.25663716814159293,
      "val_chorus_to_verse_acc": 0.3181818181818182,
      "val_window_diff": 0.45289195285028255,
      "val_pk_metric": 0.3433770476530087
    },
    {
      "epoch": 6,
      "train_loss": 0.5001420170068741,
      "train_chorus_rate": 0.3651992931962013,
      "train_max_prob": 0.6693140625953674,
      "train_conf_over_90": 0.014852855671779252,
      "train_conf_over_95": 0.0004980146884918212,
      "val_loss": 0.4983738884329796,
      "val_macro_f1": 0.6971199320604963,
      "val_verse_f1": 0.7724680432645034,
      "val_chorus_f1": 0.6217718208564892,
      "val_chorus_rate": 0.45203550159931183,
      "val_max_prob": 0.7015461623668671,
      "val_conf_over_90": 0.04327351925894618,
      "val_conf_over_95": 0.0017783901275834069,
      "learning_rate": 0.0005744340250479078,
      "epoch_time": 47.68260598182678,
      "val_boundary_f1": 0.29182156133828996,
      "val_boundary_precision": 0.24079754601226994,
      "val_boundary_recall": 0.37028301886792453,
      "val_complete_segments": 0.145012034076191,
      "val_avg_segment_overlap": 0.5980094927854276,
      "val_verse_to_chorus_acc": 0.2920353982300885,
      "val_chorus_to_verse_acc": 0.37373737373737376,
      "val_window_diff": 0.4581401631915103,