{
  "metadata": {
    "model_info": {
      "hidden_dim": 256,
      "num_layers": 1,
      "dropout": 0.15483714680482114,
      "layer_dropout": 0.0,
      "attention_enabled": true,
      "attention_heads": 8,
      "attention_dropout": 0.18135374424857145,
      "attention_dim": 256,
      "positional_encoding": true,
      "max_seq_length": 1000,
      "total_params": 1228034,
      "lstm_params": 700416,
      "attention_params": 526592,
      "classifier_params": 1026
    },
    "training_info": {
      "batch_size": 32,
      "learning_rate": 0.0008015491830329894,
      "scheduler": "cosine",
      "label_smoothing": 0.0,
      "weighted_sampling": true,
      "total_epochs": 13,
      "validation_strategy": "composite",
      "weight_decay": 0.015264940210488848,
      "gradient_clip_norm": 0.30009814876609925,
      "max_epochs": 15,
      "patience": 4
    },
    "calibration_info": {
      "temperature": {
        "ece_before": 0.10313950388276975,
        "ece_after": 0.018182564885419587,
        "improvement": 0.08495693899735017,
        "params": {
          "temperature": 0.5507268176392076
        }
      },
      "platt": {
        "ece_before": 0.10313950388276975,
        "ece_after": 0.018372239219299223,
        "improvement": 0.08476726466347054,
        "params": {
          "A": 1.7232283954055894,
          "B": 0.0
        }
      }
    }
  },
  "metrics": [
    {
      "epoch": 1,
      "train_loss": 0.5723644018173217,
      "train_chorus_rate": 0.5091551545832772,
      "train_max_prob": 0.5988431602716446,
      "train_conf_over_90": 0.0,
      "train_conf_over_95": 0.0,
      "val_loss": 0.5901133567094803,
      "val_macro_f1": 0.3866930507755398,
      "val_verse_f1": 0.2773460848774656,
      "val_chorus_f1": 0.49604001667361397,
      "val_chorus_rate": 0.8784741163253784,
      "val_max_prob": 0.6228287816047668,
      "val_conf_over_90": 0.0,
      "val_conf_over_95": 0.0,
      "learning_rate": 0.0007928022228430581,
      "epoch_time": 90.25014519691467,
      "val_boundary_f1": 0.06909090909090909,
      "val_boundary_precision": 0.15079365079365079,
      "val_boundary_recall": 0.04481132075471698,
      "val_complete_segments": 0.030840860175430695,
      "val_avg_segment_overlap": 0.17272346042245168,
      "val_verse_to_chorus_acc": 0.06637168141592921,
      "val_chorus_to_verse_acc": 0.005050505050505051,
      "val_window_diff": 0.4122488762723606,
      "val_pk_metric": 0.40580381779596675
    },
    {
      "epoch": 2,
      "train_loss": 0.5453034117817879,
      "train_chorus_rate": 0.4120394483674318,
      "train_max_prob": 0.582934558391571,
      "train_conf_over_90": 0.0,
      "train_conf_over_95": 0.0,
      "val_loss": 0.5778349488973618,
      "val_macro_f1": 0.6250074981940968,
      "val_verse_f1": 0.7670110438190237,
      "val_chorus_f1": 0.48300395256916995,
      "val_chorus_rate": 0.3226029500365257,
      "val_max_prob": 0.5896142870187759,
      "val_conf_over_90": 0.0,
      "val_conf_over_95": 0.0,
      "learning_rate": 0.0007669436264061359,
      "epoch_time": 71.86644411087036,
      "val_boundary_f1": 0.2670025188916877,
      "val_boundary_precision": 0.2864864864864865,
      "val_boundary_recall": 0.25,
      "val_complete_segments": 0.11217610012678941,
      "val_avg_segment_overlap": 0.40638943224766433,
      "val_verse_to_chorus_acc": 0.2345132743362832,
      "val_chorus_to_verse_acc": 0.2222222222222222,
      "val_window_diff": 0.39616468886994644,
      "val_pk_metric": 0.3759788825821836
    },
    {
      "epoch": 3,
      "train_loss": 0.5328202337026596,
      "train_chorus_rate": 0.40874967332929374,
      "train_max_prob": 0.6186914801597595,
      "train_conf_over_90": 0.0007030104025034234,
      "train_conf_over_95": 0.0,
      "val_loss": 0.5655933022499084,
      "val_macro_f1": 0.4374515303964843,
      "val_verse_f1": 0.37127748399666016,
      "val_chorus_f1": 0.5036255767963085,
      "val_chorus_rate": 0.8180297911167145,
      "val_max_prob": 0.6598938852548599,
      "val_conf_over_90": 0.004040742409415543,
      "val_conf_over_95": 0.0,
      "learning_rate": 0.0007251035384698291,
      "epoch_time": 63.508806228637695,
      "val_boundary_f1": 0.050746268656716415,
      "val_boundary_precision": 0.06910569105691057,
      "val_boundary_recall": 0.04009433962264151,
      "val_complete_segments": 0.009377418245392795,
      "val_avg_segment_overlap": 0.23410165768158364,
      "val_verse_to_chorus_acc": 0.030973451327433628,
      "val_chorus_to_verse_acc": 0.025252525252525252,
      "val_window_diff": 0.43080954058966126,
      "val_pk_metric": 0.3911877044523288
    },
    {
      "epoch": 4,
      "train_loss": 0.5223232075572014,
      "train_chorus_rate": 0.46326802894473074,
      "train_max_prob": 0.6543545693159103,
      "train_conf_over_90": 0.002589215518673882,
      "train_conf_over_95": 0.0,
      "val_loss": 0.5326706394553185,
      "val_macro_f1": 0.7170439822110165,
      "val_verse_f1": 0.8143274853801169,
      "val_chorus_f1": 0.6197604790419161,
      "val_chorus_rate": 0.35797278583049774,
      "val_max_prob": 0.6954861432313919,
      "val_conf_over_90": 0.00707090477226302,
      "val_conf_over_95": 0.0,
      "learning_rate": 0.0006691105716479711,
      "epoch_time": 72.54892897605896,
      "val_boundary_f1": 0.37921077959576516,
      "val_boundary_precision": 0.3203252032520325,
      "val_boundary_recall": 0.46462264150943394,
      "val_complete_segments": 0.21755258894707463,
      "val_avg_segment_overlap": 0.5991660062968146,
      "val_verse_to_chorus_acc": 0.42035398230088494,
      "val_chorus_to_verse_acc": 0.4292929292929293,
      "val_window_diff": 0.3875741020244198,
      "val_pk_metric": 0.28832351571650544
    },
    {
      "epoch": 5,
      "train_loss": 0.48925165832042694,
      "train_chorus_rate": 0.3796115040779114,
      "train_max_prob": 0.6832572758197785,
      "train_conf_over_90": 0.017079739831387997,
      "train_conf_over_95": 0.000540979445213452,
      "val_loss": 0.508488342165947,
      "val_macro_f1": 0.6454268962247912,
      "val_verse_f1": 0.688007016005262,
      "val_chorus_f1": 0.6028467764443204,
      "val_chorus_rate": 0.5806771665811539,
      "val_max_prob": 0.6524874269962311,
      "val_conf_over_90": 0.009271320945117623,
      "val_conf_over_95": 0.0,
      "learning_rate": 0.0006014118872747421,
      "epoch_time": 63.02532505989075,
      "val_boundary_f1": 0.22157434402332363,
      "val_boundary_precision": 0.1884297520661157,
      "val_boundary_recall": 0.2688679245283019,
      "val_complete_segments": 0.11069586098748346,
      "val_avg_segment_overlap": 0.5329655221143285,
      "val_verse_to_chorus_acc": 0.24336283185840707,
      "val_chorus_to_verse_acc": 0.2777777777777778,
      "val_window_diff": 0.507284646637333,
      "val_pk_metric": 0.405398393944753
    },
    {
      "epoch": 6,
      "train_loss": 0.47769412845373155,
      "train_chorus_rate": 0.34278200566768646,
      "train_max_prob": 0.6764402598142624,
      "train_conf_over_90": 0.01391205055406317,
      "train_conf_over_95": 0.0016794235183624552,
      "val_loss": 0.5642545595765114,
      "val_macro_f1": 0.7179123498004734,
      "val_verse_f1": 0.821755519655358,
      "val_chorus_f1": 0.6140691799455888,
      "val_chorus_rate": 0.33333301544189453,
      "val_max_prob": 0.7756988853216171,
      "val_conf_over_90": 0.1506005860865116,
      "val_conf_over_95": 0.009225586778484285,
      "learning_rate": 0.0005249662427115818,
      "epoch_time": 73.69572305679321,
      "val_boundary_f1": 0.36188436830835113,
      "val_boundary_precision": 0.33137254901960783,
      "val_boundary_recall": 0.39858490566037735,
      "val_complete_segments": 0.23070188996753152,
      "val_avg_segment_overlap": 0.5816860838422039,
      "val_verse_to_chorus_acc": 0.3672566371681416,
      "val_chorus_to_verse_acc": 0.3686868686868687,
      "val_window_diff": 0.3444234786109783,