{
  "trial_number": 30,
  "timestamp": 1756071431.3628979,
  "boundary_f1": 0.2811881188118812,
  "line_f1": 0.7118356278700839,
  "macro_f1": 0.7118356278700839,
  "verse_f1": 0.793571838530706,
  "chorus_f1": 0.6300994172094617,
  "windowdiff": 0.44017239582266676,
  "pk": 0.3471673708254674,
  "val_loss": 0.5311534851789474,
  "val_accuracy": 0.0,
  "weighted_f1": 0.0,
  "training_time": 735.1617159843445,
  "training_time_minutes": 12.252695266405741,
  "total_params": 0,
  "actual_epochs": 8,
  "config_summary": {
    "attention_enabled": true,
    "hidden_dim": 256,
    "num_layers": 2,
    "max_epochs": 8,
    "batch_size": 32,
    "learning_rate": 0.0006054584824164433,
    "boundary_weight": 2.1909339594481274,
    "label_smoothing": 0.2124411174797099
  },
  "validation_strategy": "line_f1",
  "all_metrics": {
    "loss": 0.5311534851789474,
    "chorus_rate": 0.41759975999593735,
    "max_prob_mean": 0.6575040966272354,
    "confidence_over_90": 0.004827849683351815,
    "confidence_over_95": 0.0,
    "verse_f1": 0.793571838530706,
    "chorus_f1": 0.6300994172094617,
    "macro_f1": 0.7118356278700839,
    "boundary_f1": 0.2811881188118812,
    "boundary_precision": 0.24232081911262798,
    "boundary_recall": 0.33490566037735847,
    "complete_segments": 0.15006861504740612,
    "avg_segment_overlap": 0.5869791247898465,
    "verse_to_chorus_acc": 0.28761061946902655,
    "chorus_to_verse_acc": 0.3434343434343434,
    "window_diff": 0.44017239582266676,
    "pk_metric": 0.3471673708254674
  },
  "parameters": {
    "hidden_dim": 256,
    "num_layers": 2,
    "dropout": 0.2512195267407457,
    "layer_dropout": 0.2513545507288776,
    "attention_enabled": true,
    "attention_heads": 4,
    "attention_dropout": 0.17838779427993476,
    "max_epochs": 8,
    "batch_size": 32,
    "learning_rate": 0.0006054584824164433,
    "weight_decay": 0.006529935200527742,
    "scheduler": "cosine",
    "min_delta": 0.0001342588667412386,
    "gradient_clip_norm": 0.3972320590804119,
    "validation_strategy": "line_f1",
    "head_tail_words": 4,
    "boundary_weight": 2.1909339594481274,
    "label_smoothing": 0.2124411174797099,
    "segment_consistency_lambda": 0.011303248944276542,
    "conf_penalty_lambda": 0.012523214836897213,
    "conf_threshold": 0.9444834707495828,
    "entropy_lambda": 0.03430896207562365,
    "max_confidence_threshold": 0.946017958627467,
    "min_chorus_rate": 0.1052521295095241,
    "max_chorus_rate": 0.7890530244198957,
    "max_conf_over_95_ratio": 0.17721376890346385,
    "head_ssm_enabled": true,
    "tail_ssm_enabled": false,
    "phonetic_ssm_enabled": true,
    "pos_ssm_enabled": true,
    "string_ssm_enabled": false,
    "syllable_pattern_ssm_enabled": true,
    "line_syllable_ssm_enabled": false,
    "word2vec_enabled": false,
    "contextual_enabled": false,
    "phonetic_mode": "rhyme",
    "phonetic_similarity_method": "edit_distance",
    "phonetic_normalize": false,
    "phonetic_normalize_method": "zscore",
    "phonetic_high_sim_threshold": 0.33197471472590223,
    "pos_tagset": "penn",
    "pos_similarity_method": "lcs",
    "pos_high_sim_threshold": 0.29734293500720943,
    "string_case_sensitive": true,
    "string_remove_punctuation": true,
    "string_similarity_threshold": 0.05322348888548206,
    "string_similarity_method": "jaccard",
    "syllable_pattern_similarity_method": "levenshtein",
    "syllable_pattern_levenshtein_weight": 0.6638164768991799,
    "syllable_pattern_cosine_weight": 0.20192121747114436,
    "syllable_pattern_normalize": true,
    "syllable_pattern_normalize_method": "minmax",
    "line_syllable_similarity_method": "cosine",
    "line_syllable_ratio_threshold": 0.09522394981950234,
    "line_syllable_normalize": false,
    "line_syllable_normalize_method": "minmax",
    "word2vec_mode": "summary",
    "word2vec_normalize": true,
    "word2vec_similarity_metric": "cosine",
    "word2vec_high_sim_threshold": 0.7712403893145792,
    "contextual_mode": "complete",
    "contextual_normalize": false,
    "contextual_similarity_metric": "dot",
    "contextual_high_sim_threshold": 0.6692721577965053
  },
  "config": {
    "hidden_dim": 256,
    "num_layers": 2,
    "layer_dropout": 0.2513545507288776,
    "num_classes": 2,
    "dropout": 0.2512195267407457,
    "attention_enabled": true,
    "attention_type": "boundary_aware",
    "attention_heads": 4,
    "attention_dropout": 0.17838779427993476,
    "attention_dim": 256,
    "positional_encoding": true,
    "max_seq_length": 1000,
    "window_size": 7,
    "boundary_temperature": 2.0,
    "batch_size": 32,
    "learning_rate": 0.0006054584824164433,
    "weight_decay": 0.006529935200527742,
    "max_epochs": 8,
    "patience": 4,
    "gradient_clip_norm": 0.3972320590804119,
    "scheduler": "cosine",
    "min_lr": 1e-06,
    "cosine_t_max": 8,
    "warmup_epochs": 5,
    "lr_factor": 0.5,
    "lr_patience": 10,
    "step_size": 30,
    "step_gamma": 0.5,
    "cosine_t0": 10,
    "cosine_t_mult": 2,
    "min_delta": 0.0001342588667412386,
    "train_file": "data/train.jsonl",
    "val_file": "data/val.jsonl",
    "test_file": "data/test.jsonl",
    "weighted_sampling": true,
    "emergency_monitoring_enabled": true,
    "max_confidence_threshold": 0.946017958627467,
    "min_chorus_rate": 0.1052521295095241,
    "max_chorus_rate": 0.7890530244198957,
    "max_conf_over_95_ratio": 0.17721376890346385,
    "val_overconf_threshold": 0.96,
    "val_f1_collapse_threshold": 0.1,
    "loss": {
      "loss_type": "boundary_aware",
      "boundary_weight": 2.1909339594481274,
      "label_smoothing": 0.2124411174797099,
      "segment_consistency_lambda": 0.011303248944276542,
      "conf_penalty_lambda": 0.012523214836897213,
      "conf_threshold": 0.9444834707495828,
      "entropy_lambda": 0.03430896207562365
    },
    "calibration_enabled": true,
    "calibration_methods": [
      "temperature",
      "platt"
    ],
    "validation_strategy": "line_f1",
    "head_ssm_enabled": true,
    "head_ssm_words": 4,
    "head_ssm_dimension": 12,
    "tail_ssm_enabled": false,
    "tail_ssm_words": 4,
    "tail_ssm_dimension": 12,
    "phonetic_ssm_enabled": true,
    "phonetic_ssm_mode": "rhyme",
    "phonetic_ssm_dimension": 12,
    "phonetic_ssm_similarity_method": "edit_distance",
    "phonetic_ssm_normalize": false,
    "phonetic_ssm_normalize_method": "zscore",
    "phonetic_ssm_high_sim_threshold": 0.33197471472590223,
    "pos_ssm_enabled": true,
    "pos_ssm_tagset": "penn",
    "pos_ssm_similarity_method": "lcs",
    "pos_ssm_high_sim_threshold": 0.29734293500720943,
    "pos_ssm_dimension": 12,
    "string_ssm_enabled": false,
    "string_ssm_case_sensitive": true,
    "string_ssm_remove_punctuation": true,
    "string_ssm_similarity_threshold": 0.05322348888548206,
    "string_ssm_similarity_method": "jaccard",
    "string_ssm_dimension": 12,
    "syllable_pattern_ssm_enabled": true,
    "syllable_pattern_ssm_similarity_method": "levenshtein",
    "syllable_pattern_ssm_levenshtein_weight": 0.7667639762202946,
    "syllable_pattern_ssm_cosine_weight": 0.2332360237797055,
    "syllable_pattern_ssm_normalize": true,
    "syllable_pattern_ssm_normalize_method": "minmax",
    "syllable_pattern_ssm_dimension": 12,
    "line_syllable_ssm_enabled": false,
    "line_syllable_ssm_similarity_method": "cosine",
    "line_syllable_ssm_ratio_threshold": 0.09522394981950234,
    "line_syllable_ssm_normalize": false,
    "line_syllable_ssm_normalize_method": "minmax",
    "line_syllable_ssm_dimension": 12,
    "word2vec_enabled": false,
    "word2vec_model": "word2vec-google-news-300",
    "word2vec_mode": "summary",
    "word2vec_normalize": true,
    "word2vec_similarity_metric": "cosine",
    "word2vec_high_sim_threshold": 0.7712403893145792,
    "contextual_enabled": false,
    "contextual_model": "all-MiniLM-L6-v2",
    "contextual_mode": "complete",
    "contextual_normalize": false,
    "contextual_similarity_metric": "dot",