{
  "trial_number": 115,
  "timestamp": 1756254495.1088572,
  "boundary_f1": 0.452642073778664,
  "line_f1": 0.7674859162782699,
  "macro_f1": 0.7674859162782699,
  "verse_f1": 0.841831038332713,
  "chorus_f1": 0.6931407942238267,
  "windowdiff": 0.34662794505797145,
  "pk": 0.26124752465910295,
  "val_loss": 0.4854461997747421,
  "val_accuracy": 0.0,
  "weighted_f1": 0.0,
  "training_time": 1483.16730093956,
  "training_time_minutes": 24.71945501565933,
  "total_params": 0,
  "actual_epochs": 15,
  "config_summary": {
    "attention_enabled": true,
    "hidden_dim": 256,
    "num_layers": 1,
    "max_epochs": 15,
    "batch_size": 32,
    "learning_rate": 0.0009256353698442996,
    "boundary_weight": 1.7794298015247,
    "label_smoothing": 0.2664104786409064
  },
  "validation_strategy": "composite",
  "all_metrics": {
    "loss": 0.4854461997747421,
    "chorus_rate": 0.3813169151544571,
    "max_prob_mean": 0.6891985535621643,
    "confidence_over_90": 0.0070199453621171415,
    "confidence_over_95": 0.0,
    "verse_f1": 0.841831038332713,
    "chorus_f1": 0.6931407942238267,
    "macro_f1": 0.7674859162782699,
    "boundary_f1": 0.452642073778664,
    "boundary_precision": 0.3920552677029361,
    "boundary_recall": 0.535377358490566,
    "complete_segments": 0.333805552257302,
    "avg_segment_overlap": 0.6855261632803318,
    "verse_to_chorus_acc": 0.504424778761062,
    "chorus_to_verse_acc": 0.494949494949495,
    "window_diff": 0.34662794505797145,
    "pk_metric": 0.26124752465910295
  },
  "parameters": {
    "hidden_dim": 256,
    "num_layers": 1,
    "dropout": 0.29734717007415234,
    "attention_enabled": true,
    "attention_type": "localized",
    "attention_heads": 4,
    "attention_dropout": 0.2819921670737123,
    "max_epochs": 15,
    "batch_size": 32,
    "learning_rate": 0.0009256353698442996,
    "weight_decay": 0.02093870224701764,
    "scheduler": "cosine",
    "min_delta": 0.0008960286341526018,
    "gradient_clip_norm": 0.37217309794477066,
    "validation_strategy": "composite",
    "head_tail_words": 2,
    "boundary_weight": 1.7794298015247,
    "label_smoothing": 0.2664104786409064,
    "segment_consistency_lambda": 0.029218222915085003,
    "conf_penalty_lambda": 0.0057279034844879475,
    "conf_threshold": 0.9185565401933644,
    "entropy_lambda": 0.043560069507626094,
    "max_confidence_threshold": 0.9243021528955306,
    "min_chorus_rate": 0.061164294719758226,
    "max_chorus_rate": 0.7770800948071235,
    "max_conf_over_95_ratio": 0.18227193547933346,
    "head_ssm_enabled": true,
    "tail_ssm_enabled": true,
    "phonetic_ssm_enabled": true,
    "pos_ssm_enabled": true,
    "string_ssm_enabled": true,
    "syllable_pattern_ssm_enabled": true,
    "line_syllable_ssm_enabled": true,
    "word2vec_enabled": true,
    "contextual_enabled": true,
    "phonetic_mode": "combined",
    "phonetic_similarity_method": "binary",
    "phonetic_normalize": true,
    "phonetic_normalize_method": "minmax",
    "phonetic_high_sim_threshold": 0.27545852041111507,
    "pos_tagset": "universal",
    "pos_similarity_method": "combined",
    "pos_high_sim_threshold": 0.24246668420563786,
    "string_case_sensitive": false,
    "string_remove_punctuation": false,
    "string_similarity_threshold": 0.057423373776490504,
    "string_similarity_method": "jaccard",
    "syllable_pattern_similarity_method": "cosine",
    "syllable_pattern_levenshtein_weight": 0.7359483195423553,
    "syllable_pattern_cosine_weight": 0.2033410887408891,
    "syllable_pattern_normalize": true,
    "syllable_pattern_normalize_method": "zscore",
    "line_syllable_similarity_method": "cosine",
    "line_syllable_ratio_threshold": 0.09988746794022994,
    "line_syllable_normalize": true,
    "line_syllable_normalize_method": "minmax",
    "word2vec_mode": "complete",
    "word2vec_normalize": true,
    "word2vec_similarity_metric": "cosine",
    "word2vec_high_sim_threshold": 0.8283437914762278,
    "contextual_mode": "summary",
    "contextual_normalize": false,
    "contextual_similarity_metric": "dot",
    "contextual_high_sim_threshold": 0.6524944043469162
  },
  "config": {
    "hidden_dim": 256,
    "num_layers": 1,
    "layer_dropout": 0.0,
    "num_classes": 2,
    "dropout": 0.29734717007415234,
    "attention_enabled": true,
    "attention_type": "localized",
    "attention_heads": 4,
    "attention_dropout": 0.2819921670737123,
    "attention_dim": 256,
    "positional_encoding": true,
    "max_seq_length": 1000,
    "window_size": 7,
    "boundary_temperature": 2.0,
    "batch_size": 32,
    "learning_rate": 0.0009256353698442996,
    "weight_decay": 0.02093870224701764,
    "max_epochs": 15,
    "patience": 4,
    "gradient_clip_norm": 0.37217309794477066,
    "scheduler": "cosine",
    "min_lr": 1e-06,
    "cosine_t_max": 15,
    "warmup_epochs": 5,
    "lr_factor": 0.5,
    "lr_patience": 10,
    "step_size": 30,
    "step_gamma": 0.5,
    "cosine_t0": 10,
    "cosine_t_mult": 2,
    "min_delta": 0.0008960286341526018,
    "train_file": "data/train.jsonl",
    "val_file": "data/val.jsonl",
    "test_file": "data/test.jsonl",
    "weighted_sampling": true,
    "emergency_monitoring_enabled": true,
    "max_confidence_threshold": 0.9243021528955306,
    "min_chorus_rate": 0.061164294719758226,
    "max_chorus_rate": 0.7770800948071235,
    "max_conf_over_95_ratio": 0.18227193547933346,
    "val_overconf_threshold": 0.96,
    "val_f1_collapse_threshold": 0.1,
    "loss": {
      "loss_type": "boundary_aware",
      "boundary_weight": 1.7794298015247,
      "label_smoothing": 0.2664104786409064,
      "segment_consistency_lambda": 0.029218222915085003,
      "conf_penalty_lambda": 0.0057279034844879475,
      "conf_threshold": 0.9185565401933644,
      "entropy_lambda": 0.043560069507626094
    },
    "calibration_enabled": true,
    "calibration_methods": [
      "temperature",
      "platt"
    ],
    "validation_strategy": "composite",
    "head_ssm_enabled": true,
    "head_ssm_words": 2,
    "head_ssm_dimension": 12,
    "tail_ssm_enabled": true,
    "tail_ssm_words": 2,
    "tail_ssm_dimension": 12,
    "phonetic_ssm_enabled": true,
    "phonetic_ssm_mode": "combined",
    "phonetic_ssm_dimension": 12,
    "phonetic_ssm_similarity_method": "binary",
    "phonetic_ssm_normalize": true,
    "phonetic_ssm_normalize_method": "minmax",
    "phonetic_ssm_high_sim_threshold": 0.27545852041111507,
    "pos_ssm_enabled": true,
    "pos_ssm_tagset": "universal",
    "pos_ssm_similarity_method": "combined",
    "pos_ssm_high_sim_threshold": 0.24246668420563786,
    "pos_ssm_dimension": 12,
    "string_ssm_enabled": true,
    "string_ssm_case_sensitive": false,
    "string_ssm_remove_punctuation": false,
    "string_ssm_similarity_threshold": 0.057423373776490504,
    "string_ssm_similarity_method": "jaccard",
    "string_ssm_dimension": 12,
    "syllable_pattern_ssm_enabled": true,
    "syllable_pattern_ssm_similarity_method": "cosine",
    "syllable_pattern_ssm_levenshtein_weight": 0.7835160420763829,
    "syllable_pattern_ssm_cosine_weight": 0.21648395792361713,
    "syllable_pattern_ssm_normalize": true,
    "syllable_pattern_ssm_normalize_method": "zscore",
    "syllable_pattern_ssm_dimension": 12,
    "line_syllable_ssm_enabled": true,
    "line_syllable_ssm_similarity_method": "cosine",
    "line_syllable_ssm_ratio_threshold": 0.09988746794022994,
    "line_syllable_ssm_normalize": true,
    "line_syllable_ssm_normalize_method": "minmax",
    "line_syllable_ssm_dimension": 12,
    "word2vec_enabled": true,
    "word2vec_model": "word2vec-google-news-300",
    "word2vec_mode": "complete",
    "word2vec_normalize": true,
    "word2vec_similarity_metric": "cosine",
    "word2vec_high_sim_threshold": 0.8283437914762278,
    "contextual_enabled": true,
    "contextual_model": "all-MiniLM-L6-v2",
    "contextual_mode": "summary",
    "contextual_normalize": false,
    "contextual_similarity_metric": "dot",