{
  "metadata": {
    "model_info": {
      "hidden_dim": 256,
      "num_layers": 1,
      "dropout": 0.29734717007415234,
      "layer_dropout": 0.0,
      "attention_enabled": true,
      "attention_heads": 4,
      "attention_dropout": 0.2819921670737123,
      "attention_dim": 256,
      "positional_encoding": true,
      "max_seq_length": 1000,
      "total_params": 1867010,
      "lstm_params": 1339392,
      "attention_params": 526592,
      "classifier_params": 1026
    },
    "training_info": {
      "batch_size": 32,
      "learning_rate": 0.0009256353698442996,
      "scheduler": "cosine",
      "label_smoothing": 0.0,
      "weighted_sampling": true,
      "total_epochs": 15,
      "validation_strategy": "composite",
      "weight_decay": 0.02093870224701764,
      "gradient_clip_norm": 0.37217309794477066,
      "max_epochs": 15,
      "patience": 4
    },
    "calibration_info": {
      "temperature": {
        "ece_before": 0.10227301425514612,
        "ece_after": 0.04114634340193513,
        "improvement": 0.06112667085321099,
        "params": {
          "temperature": 0.5872721631088266
        }
      },
      "platt": {
        "ece_before": 0.10227301425514612,
        "ece_after": 0.05409816711087125,
        "improvement": 0.04817484714427487,
        "params": {
          "A": 1.4999974384450716,
          "B": 0.0
        }
      }
    }
  },
  "metrics": [
    {
      "epoch": 1,
      "train_loss": 0.6046800941228867,
      "train_chorus_rate": 0.4853653487516567,
      "train_max_prob": 0.6333448946475982,
      "train_conf_over_90": 0.0015272244811058045,
      "train_conf_over_95": 0.0,
      "val_loss": 0.5599720776081085,
      "val_macro_f1": 0.49435096955609265,
      "val_verse_f1": 0.4785804816223067,
      "val_chorus_f1": 0.5101214574898786,
      "val_chorus_rate": 0.7314874529838562,
      "val_max_prob": 0.5476032644510269,
      "val_conf_over_90": 0.0,
      "val_conf_over_95": 0.0,
      "learning_rate": 0.0009155326192055581,
      "epoch_time": 102.70157384872437,
      "val_boundary_f1": 0.0868217054263566,
      "val_boundary_precision": 0.12669683257918551,
      "val_boundary_recall": 0.0660377358490566,
      "val_complete_segments": 0.024236380373708052,
      "val_avg_segment_overlap": 0.24574949057024364,
      "val_verse_to_chorus_acc": 0.0752212389380531,
      "val_chorus_to_verse_acc": 0.015151515151515152,
      "val_window_diff": 0.4484002472203843,
      "val_pk_metric": 0.4532904456399301
    },
    {
      "epoch": 2,
      "train_loss": 0.5349916651844978,
      "train_chorus_rate": 0.5285096101462841,
      "train_max_prob": 0.5742338091135025,
      "train_conf_over_90": 0.0,
      "train_conf_over_95": 0.0,
      "val_loss": 0.5562763065099716,
      "val_macro_f1": 0.6491974824271436,
      "val_verse_f1": 0.8246848911442135,
      "val_chorus_f1": 0.47371007371007373,
      "val_chorus_rate": 0.20108694583177567,
      "val_max_prob": 0.5836201459169388,
      "val_conf_over_90": 0.0,
      "val_conf_over_95": 0.0,
      "learning_rate": 0.0008856659059706227,
      "epoch_time": 97.73136019706726,
      "val_boundary_f1": 0.33333333333333337,
      "val_boundary_precision": 0.2876712328767123,
      "val_boundary_recall": 0.39622641509433965,
      "val_complete_segments": 0.1948770047126357,
      "val_avg_segment_overlap": 0.4728492238359628,
      "val_verse_to_chorus_acc": 0.3672566371681416,
      "val_chorus_to_verse_acc": 0.29797979797979796,
      "val_window_diff": 0.3793646930879582,
      "val_pk_metric": 0.3028071791444267
    },
    {
      "epoch": 3,
      "train_loss": 0.5259772703051567,
      "train_chorus_rate": 0.4326504997909069,
      "train_max_prob": 0.6222610861063004,
      "train_conf_over_90": 0.00032247757189907134,
      "train_conf_over_95": 0.0,
      "val_loss": 0.5349517315626144,
      "val_macro_f1": 0.541161997657896,
      "val_verse_f1": 0.5286543802070184,
      "val_chorus_f1": 0.5536696151087735,
      "val_chorus_rate": 0.7282322347164154,
      "val_max_prob": 0.6618190854787827,
      "val_conf_over_90": 0.0014170421636663377,
      "val_conf_over_95": 0.0,
      "learning_rate": 0.0008373405488242513,
      "epoch_time": 101.53906893730164,
      "val_boundary_f1": 0.125,
      "val_boundary_precision": 0.11864406779661017,
      "val_boundary_recall": 0.1320754716981132,
      "val_complete_segments": 0.0436673019785427,
      "val_avg_segment_overlap": 0.3677971707953972,
      "val_verse_to_chorus_acc": 0.09292035398230089,
      "val_chorus_to_verse_acc": 0.14646464646464646,
      "val_window_diff": 0.4653107281824505,
      "val_pk_metric": 0.38865532662884184
    },
    {
      "epoch": 4,
      "train_loss": 0.49714342802762984,
      "train_chorus_rate": 0.45752336755394934,
      "train_max_prob": 0.6559726089239121,
      "train_conf_over_90": 0.002266660417080857,
      "train_conf_over_95": 0.0,
      "val_loss": 0.5187069475650787,
      "val_macro_f1": 0.6338132836206134,
      "val_verse_f1": 0.6668168506420366,
      "val_chorus_f1": 0.6008097165991904,
      "val_chorus_rate": 0.610587865114212,
      "val_max_prob": 0.6687746196985245,
      "val_conf_over_90": 0.012855082051828504,
      "val_conf_over_95": 0.0,
      "learning_rate": 0.0007726685977645315,
      "epoch_time": 103.50899982452393,
      "val_boundary_f1": 0.2571428571428571,
      "val_boundary_precision": 0.22661870503597123,
      "val_boundary_recall": 0.2971698113207547,
      "val_complete_segments": 0.13166968286268393,
      "val_avg_segment_overlap": 0.5203632407748722,
      "val_verse_to_chorus_acc": 0.2743362831858407,
      "val_chorus_to_verse_acc": 0.30303030303030304,
      "val_window_diff": 0.44983348649633603,
      "val_pk_metric": 0.35722459009616575
    },
    {
      "epoch": 5,
      "train_loss": 0.48994573652744294,
      "train_chorus_rate": 0.3789760902523994,
      "train_max_prob": 0.6605589210987091,
      "train_conf_over_90": 0.0032277866557706147,
      "train_conf_over_95": 0.0,
      "val_loss": 0.5178691670298576,
      "val_macro_f1": 0.7468625343571578,
      "val_verse_f1": 0.848378615249781,
      "val_chorus_f1": 0.6453464534645346,
      "val_chorus_rate": 0.300530768930912,
      "val_max_prob": 0.6662552058696747,
      "val_conf_over_90": 0.0,
      "val_conf_over_95": 0.0,
      "learning_rate": 0.0006944765273832247,
      "epoch_time": 84.70542001724243,
      "val_boundary_f1": 0.4245374878286271,
      "val_boundary_precision": 0.3615257048092869,
      "val_boundary_recall": 0.5141509433962265,
      "val_complete_segments": 0.3332144938454588,
      "val_avg_segment_overlap": 0.642033922638228,
      "val_verse_to_chorus_acc": 0.5,
      "val_chorus_to_verse_acc": 0.4444444444444444,
      "val_window_diff": 0.3521990770515388,
      "val_pk_metric": 0.249485551148959
    },
    {
      "epoch": 6,
      "train_loss": 0.482608500123024,
      "train_chorus_rate": 0.3569320350885391,
      "train_max_prob": 0.663214099407196,
      "train_conf_over_90": 0.004569159940001555,
      "train_conf_over_95": 0.0,
      "val_loss": 0.5084754973649979,
      "val_macro_f1": 0.6947880278414172,
      "val_verse_f1": 0.7501039501039503,
      "val_chorus_f1": 0.6394721055788842,
      "val_chorus_rate": 0.5199833810329437,
      "val_max_prob": 0.7144816815853119,
      "val_conf_over_90": 0.053447142243385315,
      "val_conf_over_95": 0.0,
      "learning_rate": 0.0006061817063631765,
      "epoch_time": 90.32416677474976,
      "val_boundary_f1": 0.34989648033126297,
      "val_boundary_precision": 0.3118081180811808,
      "val_boundary_recall": 0.39858490566037735,
      "val_complete_segments": 0.23150797176512977,
      "val_avg_segment_overlap": 0.5723039103672344,
      "val_verse_to_chorus_acc": 0.39823008849557523,
      "val_chorus_to_verse_acc": 0.3686868686868687,
      "val_window_diff": 0.4327092065728453,
      "val_pk_metric": 0.3365462843927604
    },
    {
      "epoch": 7,