{
  "method": "temperature",
  "params": {
    "temperature": 0.7676520622943227
  },
  "ece_before": 0.06267813767337613,
  "ece_after": 0.032897584301315286,
  "improvement": 0.029780553372060842,
  "all_results": [
    {
      "method": "temperature",
      "params": {
        "temperature": 0.7676520622943227
      },
      "ece_before": 0.06267813767337613,
      "ece_after": 0.032897584301315286,
      "improvement": 0.029780553372060842
    },
    {
      "method": "platt",
      "params": {
        "A": 1.1087708309905466,
        "B": 0.0
      },
      "ece_before": 0.06267813767337613,
      "ece_after": 0.04552977641930984,
      "improvement": 0.01714836125406629
    }
  ]
}