{
  "trial_number": 7,
  "trial_id": "cnn_trial_0007",
  "model_type": "CNN",
  "training_score": 0.618629856956777,
  "optuna_objective": 0.414703110273327,
  "validation_metrics": {
    "line_f1": 0.7560917961534565,
    "boundary_f1": 0.414703110273327,
    "macro_f1": 0.7560917961534565,
    "verse_f1": 0.8200038918077448,
    "chorus_f1": 0.6921797004991681,
    "boundary_precision": 0.3453689167974882,
    "boundary_recall": 0.5188679245283019,
    "window_diff": 0.4538978719640099,
    "pk_metric": 0.2916931956618592,
    "confidence": 0.7379624992609024,
    "val_loss": 0.47498370707035065
  },
  "all_results": {
    "line_f1": 0.7560917961534565,
    "boundary_f1": 0.414703110273327,
    "macro_f1": 0.7560917961534565,
    "verse_f1": 0.8200038918077448,
    "chorus_f1": 0.6921797004991681,
    "boundary_precision": 0.3453689167974882,
    "boundary_recall": 0.5188679245283019,
    "window_diff": 0.4538978719640099,
    "pk_metric": 0.2916931956618592,
    "confidence": 0.7379624992609024,
    "val_loss": 0.47498370707035065
  },
  "parameters": {
    "hidden_dim": 256,
    "num_layers": 3,
    "dropout": 0.3210942460394309,
    "layer_dropout": 0.2001336607781541,
    "cnn_kernel_sizes": "3,5",
    "cnn_dilation_rates": "1,2,4",
    "cnn_use_residual": true,
    "cnn_batch_multiplier": 1.2303893840163629,
    "attention_enabled": false,
    "max_epochs": 12,
    "batch_size": 32,
    "learning_rate": 0.00012071438661569677,
    "weight_decay": 0.020397420964792058,
    "scheduler": "cosine",
    "min_delta": 0.0002841088716657317,
    "gradient_clip_norm": 0.8643408958551428,
    "validation_strategy": "cnn_composite",
    "boundary_weight": 2.185236051395691,
    "label_smoothing": 0.17422614925955107,
    "segment_consistency_lambda": 0.02118254771530296,
    "conf_penalty_lambda": 0.006844568197848862,
    "conf_threshold": 0.9338760414839944,
    "entropy_lambda": 0.034949418762675134,
    "max_confidence_threshold": 0.900733664057812,
    "min_chorus_rate": 0.055048738886880416,
    "max_chorus_rate": 0.8628009751530732,
    "max_conf_over_95_ratio": 0.07685620513061599,
    "head_ssm_enabled": false,
    "tail_ssm_enabled": false,
    "phonetic_ssm_enabled": true,
    "pos_ssm_enabled": false,
    "string_ssm_enabled": false,
    "syllable_pattern_ssm_enabled": false,
    "line_syllable_ssm_enabled": false,
    "word2vec_enabled": false,
    "contextual_enabled": true,
    "head_tail_words": 4,
    "phonetic_mode": "rhyme",
    "phonetic_similarity": "sequence_match",
    "phonetic_threshold": 0.3070778304668912,
    "pos_tagset": "universal",
    "pos_similarity": "jaccard",
    "pos_threshold": 0.23606813732595558,
    "string_similarity": "jaccard",
    "string_threshold": 0.0629353084925285
  },
  "duration_minutes": 0
}