{
  "trial_number": 4,
  "boundary_f1": 0.25699481865284973,
  "validation_strategy": "line_f1",
  "all_metrics": {
    "loss": 0.5864120274782181,
    "chorus_rate": 0.3831537812948227,
    "max_prob_mean": 0.6694851368665695,
    "confidence_over_90": 0.006737502641044557,
    "confidence_over_95": 0.0,
    "verse_f1": 0.7900912646675358,
    "chorus_f1": 0.5938738738738738,
    "macro_f1": 0.6919825692707048,
    "boundary_f1": 0.25699481865284973,
    "boundary_precision": 0.22920517560073936,
    "boundary_recall": 0.29245283018867924,
    "complete_segments": 0.1478466271149198,
    "avg_segment_overlap": 0.5466629221878698,
    "verse_to_chorus_acc": 0.25663716814159293,
    "chorus_to_verse_acc": 0.29292929292929293,
    "window_diff": 0.39475433298232787,
    "pk_metric": 0.321101866425052
  },
  "parameters": {
    "hidden_dim": 128,
    "num_layers": 2,
    "dropout": 0.15344673956102925,
    "layer_dropout": 0.18231908435577487,
    "attention_heads": 8,
    "attention_dropout": 0.10644680233790059,
    "max_epochs": 25,
    "batch_size": 32,
    "learning_rate": 0.00012315351056193518,
    "weight_decay": 2.2255561728010985e-06,
    "scheduler": "plateau",
    "patience": 5,
    "min_delta": 0.0009890904336640966,
    "gradient_clip_norm": 1.8862347155371426,
    "validation_strategy": "line_f1",
    "head_tail_words": 4,
    "boundary_weight": 2.81391457647727,
    "label_smoothing": 0.16365999801151912,
    "segment_consistency_lambda": 0.04846374709386882,
    "conf_penalty_lambda": 0.019822270433140395,
    "conf_threshold": 0.9010233994522165,
    "entropy_lambda": 0.028797843506044547,
    "max_confidence_threshold": 0.9798809076919838,
    "min_chorus_rate": 0.11540606861641013,
    "max_chorus_rate": 0.860402710462216,
    "max_conf_over_95_ratio": 0.07160283417428781,
    "head_ssm_enabled": false,
    "tail_ssm_enabled": true,
    "phonetic_ssm_enabled": true,
    "pos_ssm_enabled": false,
    "string_ssm_enabled": true,
    "syllable_pattern_ssm_enabled": true,
    "line_syllable_ssm_enabled": true,
    "word2vec_enabled": false,
    "contextual_enabled": true,
    "phonetic_mode": "alliteration",
    "phonetic_similarity_method": "edit_distance",
    "phonetic_normalize": true,
    "phonetic_normalize_method": "zscore",
    "phonetic_high_sim_threshold": 0.34721684644190415,
    "pos_tagset": "universal",
    "pos_similarity_method": "position",
    "pos_high_sim_threshold": 0.26839451609996756,
    "string_case_sensitive": true,
    "string_remove_punctuation": false,
    "string_similarity_threshold": 0.0493794874639983,
    "string_similarity_method": "word_overlap",
    "syllable_pattern_similarity_method": "cosine",
    "syllable_pattern_levenshtein_weight": 0.66934576768462,
    "syllable_pattern_cosine_weight": 0.21748004854586533,
    "syllable_pattern_normalize": false,
    "syllable_pattern_normalize_method": "zscore",
    "line_syllable_similarity_method": "cosine",
    "line_syllable_ratio_threshold": 0.10610746403213096,
    "line_syllable_normalize": false,
    "line_syllable_normalize_method": "minmax",
    "word2vec_mode": "summary",
    "word2vec_normalize": true,
    "word2vec_similarity_metric": "cosine",
    "word2vec_high_sim_threshold": 0.7591686123611484,
    "contextual_mode": "complete",
    "contextual_normalize": true,
    "contextual_similarity_metric": "dot",
    "contextual_high_sim_threshold": 0.7286322820894692
  },
  "config": {
    "hidden_dim": 128,
    "num_layers": 2,
    "layer_dropout": 0.18231908435577487,
    "num_classes": 2,
    "dropout": 0.15344673956102925,
    "attention_enabled": true,
    "attention_type": "boundary_aware",
    "attention_heads": 8,
    "attention_dropout": 0.10644680233790059,
    "attention_dim": 128,
    "positional_encoding": true,
    "max_seq_length": 1000,
    "window_size": 7,
    "boundary_temperature": 2.0,
    "batch_size": 32,
    "learning_rate": 0.00012315351056193518,
    "weight_decay": 2.2255561728010985e-06,
    "max_epochs": 25,
    "patience": 5,
    "gradient_clip_norm": 1.8862347155371426,
    "scheduler": "plateau",
    "min_lr": 1e-06,
    "cosine_t_max": 25,
    "warmup_epochs": 5,
    "lr_factor": 0.5,
    "lr_patience": 10,
    "step_size": 30,
    "step_gamma": 0.5,
    "cosine_t0": 10,
    "cosine_t_mult": 2,
    "min_delta": 0.0009890904336640966,
    "train_file": "data/train.jsonl",
    "val_file": "data/val.jsonl",
    "test_file": "data/test.jsonl",
    "weighted_sampling": true,
    "emergency_monitoring_enabled": true,
    "max_confidence_threshold": 0.9798809076919838,
    "min_chorus_rate": 0.11540606861641013,
    "max_chorus_rate": 0.860402710462216,
    "max_conf_over_95_ratio": 0.07160283417428781,
    "val_overconf_threshold": 0.96,
    "val_f1_collapse_threshold": 0.1,
    "loss": {
      "loss_type": "boundary_aware",
      "boundary_weight": 2.81391457647727,
      "label_smoothing": 0.16365999801151912,
      "segment_consistency_lambda": 0.04846374709386882,
      "conf_penalty_lambda": 0.019822270433140395,
      "conf_threshold": 0.9010233994522165,
      "entropy_lambda": 0.028797843506044547
    },
    "calibration_enabled": true,
    "calibration_methods": [
      "temperature",
      "platt"
    ],
    "validation_strategy": "line_f1",
    "head_ssm_enabled": false,
    "head_ssm_words": 4,
    "head_ssm_dimension": 12,
    "tail_ssm_enabled": true,
    "tail_ssm_words": 4,
    "tail_ssm_dimension": 12,
    "phonetic_ssm_enabled": true,
    "phonetic_ssm_mode": "alliteration",
    "phonetic_ssm_dimension": 12,
    "phonetic_ssm_similarity_method": "edit_distance",
    "phonetic_ssm_normalize": true,
    "phonetic_ssm_normalize_method": "zscore",
    "phonetic_ssm_high_sim_threshold": 0.34721684644190415,
    "pos_ssm_enabled": false,
    "pos_ssm_tagset": "universal",
    "pos_ssm_similarity_method": "position",
    "pos_ssm_high_sim_threshold": 0.26839451609996756,
    "pos_ssm_dimension": 12,
    "string_ssm_enabled": true,
    "string_ssm_case_sensitive": true,
    "string_ssm_remove_punctuation": false,
    "string_ssm_similarity_threshold": 0.0493794874639983,
    "string_ssm_similarity_method": "word_overlap",
    "string_ssm_dimension": 12,
    "syllable_pattern_ssm_enabled": true,
    "syllable_pattern_ssm_similarity_method": "cosine",
    "syllable_pattern_ssm_levenshtein_weight": 0.7547657673405592,
    "syllable_pattern_ssm_cosine_weight": 0.2452342326594408,
    "syllable_pattern_ssm_normalize": false,
    "syllable_pattern_ssm_normalize_method": "zscore",
    "syllable_pattern_ssm_dimension": 12,
    "line_syllable_ssm_enabled": true,
    "line_syllable_ssm_similarity_method": "cosine",
    "line_syllable_ssm_ratio_threshold": 0.10610746403213096,
    "line_syllable_ssm_normalize": false,
    "line_syllable_ssm_normalize_method": "minmax",
    "line_syllable_ssm_dimension": 12,
    "word2vec_enabled": false,
    "word2vec_model": "word2vec-google-news-300",
    "word2vec_mode": "summary",
    "word2vec_normalize": true,
    "word2vec_similarity_metric": "cosine",
    "word2vec_high_sim_threshold": 0.7591686123611484,
    "contextual_enabled": true,
    "contextual_model": "all-MiniLM-L6-v2",
    "contextual_mode": "complete",
    "contextual_normalize": true,
    "contextual_similarity_metric": "dot",
    "contextual_high_sim_threshold": 0.7286322820894692
  }
}