{
  "metadata": {
    "model_info": {
      "hidden_dim": 128,
      "num_layers": 2,
      "dropout": 0.15344673956102925,
      "layer_dropout": 0.18231908435577487,
      "attention_enabled": true,
      "attention_heads": 8,
      "attention_dropout": 0.10644680233790059,
      "attention_dim": 128,
      "positional_encoding": true,
      "max_seq_length": 1000,
      "total_params": 1124099,
      "lstm_params": 983040,
      "attention_params": 140545,
      "classifier_params": 514
    },
    "training_info": {
      "batch_size": 32,
      "learning_rate": 0.00012315351056193518,
      "scheduler": "plateau",
      "label_smoothing": 0.0,
      "weighted_sampling": true,
      "total_epochs": 16,
      "validation_strategy": "line_f1",
      "weight_decay": 2.2255561728010985e-06,
      "gradient_clip_norm": 1.8862347155371426,
      "max_epochs": 25,
      "patience": 5
    },
    "calibration_info": {
      "temperature": {
        "ece_before": 0.05359037347825899,
        "ece_after": 0.011362548880937736,
        "improvement": 0.04222782459732126,
        "params": {
          "temperature": 0.7253143294932424
        }
      },
      "platt": {
        "ece_before": 0.05359037347825899,
        "ece_after": 0.018500438959050493,
        "improvement": 0.0350899345192085,
        "params": {
          "A": 1.2833309792453431,
          "B": 0.0
        }
      }
    }
  },
  "metrics": [
    {
      "epoch": 1,
      "train_loss": 0.6110669404268265,
      "train_chorus_rate": 0.4092893501743674,
      "train_max_prob": 0.5380678117275238,
      "train_conf_over_90": 0.0,
      "train_conf_over_95": 0.0,
      "val_loss": 0.6494838744401932,
      "val_macro_f1": 0.4984530372795202,
      "val_verse_f1": 0.5373746581586144,
      "val_chorus_f1": 0.45953141640042594,
      "val_chorus_rate": 0.6231468766927719,
      "val_max_prob": 0.5390850007534027,
      "val_conf_over_90": 0.0,
      "val_conf_over_95": 0.0,
      "learning_rate": 0.00012315351056193518,
      "epoch_time": 689.5596837997437,
      "val_boundary_f1": 0.053763440860215055,
      "val_boundary_precision": 0.11194029850746269,
      "val_boundary_recall": 0.03537735849056604,
      "val_complete_segments": 0.01456539481459948,
      "val_avg_segment_overlap": 0.20642700708017284,
      "val_verse_to_chorus_acc": 0.04424778761061947,
      "val_chorus_to_verse_acc": 0.005050505050505051,
      "val_window_diff": 0.4063464184465975,
      "val_pk_metric": 0.39985780664680565
    },
    {
      "epoch": 2,
      "train_loss": 0.6204811751842498,
      "train_chorus_rate": 0.6125394195318222,
      "train_max_prob": 0.5536395847797394,
      "train_conf_over_90": 0.0,
      "train_conf_over_95": 0.0,
      "val_loss": 0.6484552472829819,
      "val_macro_f1": 0.5879995262144678,
      "val_verse_f1": 0.7500881212548467,
      "val_chorus_f1": 0.425910931174089,
      "val_chorus_rate": 0.3071046322584152,
      "val_max_prob": 0.547427698969841,
      "val_conf_over_90": 0.0,
      "val_conf_over_95": 0.0,
      "learning_rate": 0.00012315351056193518,
      "epoch_time": 619.9825987815857,
      "val_boundary_f1": 0.058519793459552494,
      "val_boundary_precision": 0.10828025477707007,
      "val_boundary_recall": 0.04009433962264151,
      "val_complete_segments": 0.04552366144359782,
      "val_avg_segment_overlap": 0.25563486540761615,
      "val_verse_to_chorus_acc": 0.035398230088495575,
      "val_chorus_to_verse_acc": 0.03535353535353535,
      "val_window_diff": 0.3745584651523187,
      "val_pk_metric": 0.36773413415019873
    },
    {
      "epoch": 3,
      "train_loss": 0.6017044305801391,
      "train_chorus_rate": 0.5640336714684964,
      "train_max_prob": 0.5627587795257568,
      "train_conf_over_90": 0.0,
      "train_conf_over_95": 0.0,
      "val_loss": 0.653908759355545,
      "val_macro_f1": 0.554798938598504,
      "val_verse_f1": 0.7899726819861803,
      "val_chorus_f1": 0.3196251952108278,
      "val_chorus_rate": 0.17139174416661263,
      "val_max_prob": 0.5787787586450577,
      "val_conf_over_90": 0.0,
      "val_conf_over_95": 0.0,
      "learning_rate": 0.00012315351056193518,
      "epoch_time": 354.0827360153198,
      "val_boundary_f1": 0.045540796963946875,
      "val_boundary_precision": 0.11650485436893204,
      "val_boundary_recall": 0.02830188679245283,
      "val_complete_segments": 0.05505335664402472,
      "val_avg_segment_overlap": 0.22683430412468253,
      "val_verse_to_chorus_acc": 0.022123893805309734,
      "val_chorus_to_verse_acc": 0.005050505050505051,
      "val_window_diff": 0.3127002611265412,
      "val_pk_metric": 0.3005554219447663
    },
    {
      "epoch": 4,
      "train_loss": 0.5984670132398605,
      "train_chorus_rate": 0.4144877605140209,
      "train_max_prob": 0.5801534354686737,
      "train_conf_over_90": 0.0,
      "train_conf_over_95": 0.0,
      "val_loss": 0.6325098872184753,
      "val_macro_f1": 0.5311180345259254,
      "val_verse_f1": 0.5638200183654729,
      "val_chorus_f1": 0.49841605068637806,
      "val_chorus_rate": 0.6314229518175125,
      "val_max_prob": 0.5720667541027069,
      "val_conf_over_90": 0.0,
      "val_conf_over_95": 0.0,
      "learning_rate": 0.00012315351056193518,
      "epoch_time": 1052.2301850318909,
      "val_boundary_f1": 0.07130730050933785,
      "val_boundary_precision": 0.12727272727272726,
      "val_boundary_recall": 0.049528301886792456,
      "val_complete_segments": 0.03358592268984634,
      "val_avg_segment_overlap": 0.2475302741998408,
      "val_verse_to_chorus_acc": 0.05309734513274336,
      "val_chorus_to_verse_acc": 0.015151515151515152,
      "val_window_diff": 0.4028456032654718,
      "val_pk_metric": 0.40279755898516995
    },
    {
      "epoch": 5,
      "train_loss": 0.5660147249698639,
      "train_chorus_rate": 0.48894898891448973,
      "train_max_prob": 0.6001312106847763,
      "train_conf_over_90": 0.0,
      "train_conf_over_95": 0.0,
      "val_loss": 0.6219034492969513,
      "val_macro_f1": 0.6025796865885216,
      "val_verse_f1": 0.6740216486261449,
      "val_chorus_f1": 0.5311377245508981,
      "val_chorus_rate": 0.5224921554327011,
      "val_max_prob": 0.5675686448812485,
      "val_conf_over_90": 0.0,
      "val_conf_over_95": 0.0,
      "learning_rate": 0.00012315351056193518,
      "epoch_time": 337.6720108985901,
      "val_boundary_f1": 0.12138728323699421,
      "val_boundary_precision": 0.15671641791044777,
      "val_boundary_recall": 0.09905660377358491,
      "val_complete_segments": 0.05745309201035606,
      "val_avg_segment_overlap": 0.3295540598046633,
      "val_verse_to_chorus_acc": 0.10176991150442478,
      "val_chorus_to_verse_acc": 0.06565656565656566,
      "val_window_diff": 0.415638624891262,
      "val_pk_metric": 0.3888984848255509
    },
    {
      "epoch": 6,
      "train_loss": 0.5697587102651596,
      "train_chorus_rate": 0.49517682790756223,
      "train_max_prob": 0.6108819603919983,
      "train_conf_over_90": 0.0,
      "train_conf_over_95": 0.0,
      "val_loss": 0.6228523701429367,
      "val_macro_f1": 0.6512632631912458,
      "val_verse_f1": 0.776130198915009,
      "val_chorus_f1": 0.5263963274674828,
      "val_chorus_rate": 0.3429463654756546,
      "val_max_prob": 0.605509415268898,
      "val_conf_over_90": 0.0,
      "val_conf_over_95": 0.0,
      "learning_rate": 0.00012315351056193518,
      "epoch_time": 285.4052309989929,
      "val_boundary_f1": 0.16172506738544473,
      "val_boundary_precision": 0.18867924528301888,
      "val_boundary_recall": 0.14150943396226415,
      "val_complete_segments": 0.07571232041009347,
      "val_avg_segment_overlap": 0.40379395858961636,
      "val_verse_to_chorus_acc": 0.12389380530973451,
      "val_chorus_to_verse_acc": 0.12626262626262627,
      "val_window_diff": 0.3798390326166225,
      "val_pk_metric": 0.3500647449478435
    },
    {
      "epoch": 7,
      "train_loss": 0.569157961010933,