{
  "trial_number": 19,
  "timestamp": 1756050288.812068,
  "boundary_f1": 0.38086476540938363,
  "line_f1": 0.7577229214675761,
  "macro_f1": 0.7577229214675761,
  "verse_f1": 0.848517327617006,
  "chorus_f1": 0.6669285153181462,
  "windowdiff": 0.3570076184410545,
  "pk": 0.26289039961021315,
  "val_loss": 0.48765286803245544,
  "val_accuracy": 0.0,
  "weighted_f1": 0.0,
  "training_time": 1415.3700909614563,
  "training_time_minutes": 23.58950151602427,
  "total_params": 0,
  "actual_epochs": 15,
  "config_summary": {
    "attention_enabled": true,
    "hidden_dim": 256,
    "num_layers": 1,
    "max_epochs": 15,
    "batch_size": 32,
    "learning_rate": 0.0004061937504318641,
    "boundary_weight": 1.9283758114585126,
    "label_smoothing": 0.17589392689012134
  },
  "validation_strategy": "composite",
  "all_metrics": {
    "loss": 0.48765286803245544,
    "chorus_rate": 0.3266013115644455,
    "max_prob_mean": 0.7036351710557938,
    "confidence_over_90": 0.03214352345094085,
    "confidence_over_95": 0.0012808821047656238,
    "verse_f1": 0.848517327617006,
    "chorus_f1": 0.6669285153181462,
    "macro_f1": 0.7577229214675761,
    "boundary_f1": 0.38086476540938363,
    "boundary_precision": 0.31221719457013575,
    "boundary_recall": 0.4882075471698113,
    "complete_segments": 0.2590639761106357,
    "avg_segment_overlap": 0.651833568174266,
    "verse_to_chorus_acc": 0.41150442477876104,
    "chorus_to_verse_acc": 0.4797979797979798,
    "window_diff": 0.3570076184410545,
    "pk_metric": 0.26289039961021315
  },
  "parameters": {
    "hidden_dim": 256,
    "num_layers": 1,
    "dropout": 0.18755372573568715,
    "attention_enabled": true,
    "attention_heads": 4,
    "attention_dropout": 0.29031038711324586,
    "max_epochs": 15,
    "batch_size": 32,
    "learning_rate": 0.0004061937504318641,
    "weight_decay": 0.013493165968857515,
    "scheduler": "cosine",
    "min_delta": 0.0004095699518504942,
    "gradient_clip_norm": 0.5537281444218475,
    "validation_strategy": "composite",
    "head_tail_words": 2,
    "boundary_weight": 1.9283758114585126,
    "label_smoothing": 0.17589392689012134,
    "segment_consistency_lambda": 0.017872556433712394,
    "conf_penalty_lambda": 0.01091891408631509,
    "conf_threshold": 0.9336376053928284,
    "entropy_lambda": 0.031805355931270915,
    "max_confidence_threshold": 0.9764217091877604,
    "min_chorus_rate": 0.12702188833380346,
    "max_chorus_rate": 0.7258012630829899,
    "max_conf_over_95_ratio": 0.1725420329756376,
    "head_ssm_enabled": true,
    "tail_ssm_enabled": true,
    "phonetic_ssm_enabled": true,
    "pos_ssm_enabled": true,
    "string_ssm_enabled": false,
    "syllable_pattern_ssm_enabled": true,
    "line_syllable_ssm_enabled": false,
    "word2vec_enabled": true,
    "contextual_enabled": false,
    "phonetic_mode": "combined",
    "phonetic_similarity_method": "sequence_match",
    "phonetic_normalize": false,
    "phonetic_normalize_method": "zscore",
    "phonetic_high_sim_threshold": 0.2851888337775267,
    "pos_tagset": "universal",
    "pos_similarity_method": "combined",
    "pos_high_sim_threshold": 0.23326038111660774,
    "string_case_sensitive": true,
    "string_remove_punctuation": false,
    "string_similarity_threshold": 0.06240312048827541,
    "string_similarity_method": "word_overlap",
    "syllable_pattern_similarity_method": "cosine",
    "syllable_pattern_levenshtein_weight": 0.615017577599492,
    "syllable_pattern_cosine_weight": 0.23024799677353566,
    "syllable_pattern_normalize": true,
    "syllable_pattern_normalize_method": "zscore",
    "line_syllable_similarity_method": "cosine",
    "line_syllable_ratio_threshold": 0.1061054654376654,
    "line_syllable_normalize": false,
    "line_syllable_normalize_method": "minmax",
    "word2vec_mode": "summary",
    "word2vec_normalize": true,
    "word2vec_similarity_metric": "cosine",
    "word2vec_high_sim_threshold": 0.8226484525915722,
    "contextual_mode": "summary",
    "contextual_normalize": false,
    "contextual_similarity_metric": "dot",
    "contextual_high_sim_threshold": 0.7222021573661862
  },
  "config": {
    "hidden_dim": 256,
    "num_layers": 1,
    "layer_dropout": 0.0,
    "num_classes": 2,
    "dropout": 0.18755372573568715,
    "attention_enabled": true,
    "attention_type": "boundary_aware",
    "attention_heads": 4,
    "attention_dropout": 0.29031038711324586,
    "attention_dim": 256,
    "positional_encoding": true,
    "max_seq_length": 1000,
    "window_size": 7,
    "boundary_temperature": 2.0,
    "batch_size": 32,
    "learning_rate": 0.0004061937504318641,
    "weight_decay": 0.013493165968857515,
    "max_epochs": 15,
    "patience": 4,
    "gradient_clip_norm": 0.5537281444218475,
    "scheduler": "cosine",
    "min_lr": 1e-06,
    "cosine_t_max": 15,
    "warmup_epochs": 5,
    "lr_factor": 0.5,
    "lr_patience": 10,
    "step_size": 30,
    "step_gamma": 0.5,
    "cosine_t0": 10,
    "cosine_t_mult": 2,
    "min_delta": 0.0004095699518504942,
    "train_file": "data/train.jsonl",
    "val_file": "data/val.jsonl",
    "test_file": "data/test.jsonl",
    "weighted_sampling": true,
    "emergency_monitoring_enabled": true,
    "max_confidence_threshold": 0.9764217091877604,
    "min_chorus_rate": 0.12702188833380346,
    "max_chorus_rate": 0.7258012630829899,
    "max_conf_over_95_ratio": 0.1725420329756376,
    "val_overconf_threshold": 0.96,
    "val_f1_collapse_threshold": 0.1,
    "loss": {
      "loss_type": "boundary_aware",
      "boundary_weight": 1.9283758114585126,
      "label_smoothing": 0.17589392689012134,
      "segment_consistency_lambda": 0.017872556433712394,
      "conf_penalty_lambda": 0.01091891408631509,
      "conf_threshold": 0.9336376053928284,
      "entropy_lambda": 0.031805355931270915
    },
    "calibration_enabled": true,
    "calibration_methods": [
      "temperature",
      "platt"
    ],
    "validation_strategy": "composite",
    "head_ssm_enabled": true,
    "head_ssm_words": 2,
    "head_ssm_dimension": 12,
    "tail_ssm_enabled": true,
    "tail_ssm_words": 2,
    "tail_ssm_dimension": 12,
    "phonetic_ssm_enabled": true,
    "phonetic_ssm_mode": "combined",
    "phonetic_ssm_dimension": 12,
    "phonetic_ssm_similarity_method": "sequence_match",
    "phonetic_ssm_normalize": false,
    "phonetic_ssm_normalize_method": "zscore",
    "phonetic_ssm_high_sim_threshold": 0.2851888337775267,
    "pos_ssm_enabled": true,
    "pos_ssm_tagset": "universal",
    "pos_ssm_similarity_method": "combined",
    "pos_ssm_high_sim_threshold": 0.23326038111660774,
    "pos_ssm_dimension": 12,
    "string_ssm_enabled": false,
    "string_ssm_case_sensitive": true,
    "string_ssm_remove_punctuation": false,
    "string_ssm_similarity_threshold": 0.06240312048827541,
    "string_ssm_similarity_method": "word_overlap",
    "string_ssm_dimension": 12,
    "syllable_pattern_ssm_enabled": true,
    "syllable_pattern_ssm_similarity_method": "cosine",
    "syllable_pattern_ssm_levenshtein_weight": 0.7276027750872012,
    "syllable_pattern_ssm_cosine_weight": 0.2723972249127988,
    "syllable_pattern_ssm_normalize": true,
    "syllable_pattern_ssm_normalize_method": "zscore",
    "syllable_pattern_ssm_dimension": 12,
    "line_syllable_ssm_enabled": false,
    "line_syllable_ssm_similarity_method": "cosine",
    "line_syllable_ssm_ratio_threshold": 0.1061054654376654,
    "line_syllable_ssm_normalize": false,
    "line_syllable_ssm_normalize_method": "minmax",
    "line_syllable_ssm_dimension": 12,
    "word2vec_enabled": true,
    "word2vec_model": "word2vec-google-news-300",
    "word2vec_mode": "summary",
    "word2vec_normalize": true,
    "word2vec_similarity_metric": "cosine",
    "word2vec_high_sim_threshold": 0.8226484525915722,
    "contextual_enabled": false,
    "contextual_model": "all-MiniLM-L6-v2",
    "contextual_mode": "summary",
    "contextual_normalize": false,
    "contextual_similarity_metric": "dot",