{
  "metadata": {
    "model_info": {
      "hidden_dim": 256,
      "num_layers": 1,
      "dropout": 0.18755372573568715,
      "layer_dropout": 0.0,
      "attention_enabled": true,
      "attention_heads": 4,
      "attention_dropout": 0.29031038711324586,
      "attention_dim": 256,
      "positional_encoding": true,
      "max_seq_length": 1000,
      "total_params": 1236483,
      "lstm_params": 675840,
      "attention_params": 559617,
      "classifier_params": 1026
    },
    "training_info": {
      "batch_size": 32,
      "learning_rate": 0.0004061937504318641,
      "scheduler": "cosine",
      "label_smoothing": 0.0,
      "weighted_sampling": true,
      "total_epochs": 15,
      "validation_strategy": "composite",
      "weight_decay": 0.013493165968857515,
      "gradient_clip_norm": 0.5537281444218475,
      "max_epochs": 15,
      "patience": 4
    },
    "calibration_info": {
      "temperature": {
        "ece_before": 0.08816875114832037,
        "ece_after": 0.023446415432075634,
        "improvement": 0.06472233571624474,
        "params": {
          "temperature": 0.6201274296161198
        }
      },
      "platt": {
        "ece_before": 0.08816875114832037,
        "ece_after": 0.024702036734999745,
        "improvement": 0.06346671441332064,
        "params": {
          "A": 1.5813809075620742,
          "B": 0.0
        }
      }
    }
  },
  "metrics": [
    {
      "epoch": 1,
      "train_loss": 0.5690973103046417,
      "train_chorus_rate": 0.46557791556697337,
      "train_max_prob": 0.5701966881752014,
      "train_conf_over_90": 0.0,
      "train_conf_over_95": 0.0,
      "val_loss": 0.5693491548299789,
      "val_macro_f1": 0.47734862132752465,
      "val_verse_f1": 0.4604060913705584,
      "val_chorus_f1": 0.49429115128449097,
      "val_chorus_rate": 0.7331969738006592,
      "val_max_prob": 0.5609856694936752,
      "val_conf_over_90": 0.0,
      "val_conf_over_95": 0.0,
      "learning_rate": 0.00040176652262456224,
      "epoch_time": 55.732057094573975,
      "val_boundary_f1": 0.06720000000000001,
      "val_boundary_precision": 0.1044776119402985,
      "val_boundary_recall": 0.049528301886792456,
      "val_complete_segments": 0.02555436249762867,
      "val_avg_segment_overlap": 0.22555071816204275,
      "val_verse_to_chorus_acc": 0.06637168141592921,
      "val_chorus_to_verse_acc": 0.005050505050505051,
      "val_window_diff": 0.4458821857561376,
      "val_pk_metric": 0.44171952412317056
    },
    {
      "epoch": 2,
      "train_loss": 0.5451257765293122,
      "train_chorus_rate": 0.40717949271202086,
      "train_max_prob": 0.5902898669242859,
      "train_conf_over_90": 0.0,
      "train_conf_over_95": 0.0,
      "val_loss": 0.5563624650239944,
      "val_macro_f1": 0.6302738145507709,
      "val_verse_f1": 0.7214342001576045,
      "val_chorus_f1": 0.5391134289439374,
      "val_chorus_rate": 0.4545571208000183,
      "val_max_prob": 0.5753601491451263,
      "val_conf_over_90": 0.0,
      "val_conf_over_95": 0.0,
      "learning_rate": 0.0003886783303020316,
      "epoch_time": 50.965747117996216,
      "val_boundary_f1": 0.2053941908713693,
      "val_boundary_precision": 0.18333333333333332,
      "val_boundary_recall": 0.23349056603773585,
      "val_complete_segments": 0.10296186013312206,
      "val_avg_segment_overlap": 0.4340741248035278,
      "val_verse_to_chorus_acc": 0.1592920353982301,
      "val_chorus_to_verse_acc": 0.2222222222222222,
      "val_window_diff": 0.4057633256085032,
      "val_pk_metric": 0.34215963186651477
    },
    {
      "epoch": 3,
      "train_loss": 0.5090957343578338,
      "train_chorus_rate": 0.42171926200389864,
      "train_max_prob": 0.6256914526224137,
      "train_conf_over_90": 0.0023469646141165866,
      "train_conf_over_95": 0.0,
      "val_loss": 0.528887927532196,
      "val_macro_f1": 0.6420001841539497,
      "val_verse_f1": 0.7162904209884076,
      "val_chorus_f1": 0.5677099473194918,
      "val_chorus_rate": 0.4933996647596359,
      "val_max_prob": 0.6626408696174622,
      "val_conf_over_90": 0.01060809614136815,
      "val_conf_over_95": 0.0,
      "learning_rate": 0.0003675011902728817,
      "epoch_time": 64.67273306846619,
      "val_boundary_f1": 0.224977856510186,
      "val_boundary_precision": 0.18014184397163122,
      "val_boundary_recall": 0.29952830188679247,
      "val_complete_segments": 0.10813054191898307,
      "val_avg_segment_overlap": 0.4818965864576198,
      "val_verse_to_chorus_acc": 0.23008849557522124,
      "val_chorus_to_verse_acc": 0.30808080808080807,
      "val_window_diff": 0.43360340508283784,
      "val_pk_metric": 0.3458656320687926
    },
    {
      "epoch": 4,
      "train_loss": 0.5062346965074539,
      "train_chorus_rate": 0.40502381063997744,
      "train_max_prob": 0.6529912948608398,
      "train_conf_over_90": 0.010511400733958,
      "train_conf_over_95": 0.00042215238499920815,
      "val_loss": 0.5677896589040756,
      "val_macro_f1": 0.6799358180354573,
      "val_verse_f1": 0.8449197860962566,
      "val_chorus_f1": 0.5149518499746579,
      "val_chorus_rate": 0.18543680757284164,
      "val_max_prob": 0.7099030762910843,
      "val_conf_over_90": 0.025271025020629168,
      "val_conf_over_95": 0.0,
      "learning_rate": 0.0003391606451755786,
      "epoch_time": 62.791098833084106,
      "val_boundary_f1": 0.3211382113821138,
      "val_boundary_precision": 0.28214285714285714,
      "val_boundary_recall": 0.37264150943396224,
      "val_complete_segments": 0.19733847997368675,
      "val_avg_segment_overlap": 0.5242365560704161,
      "val_verse_to_chorus_acc": 0.3495575221238938,
      "val_chorus_to_verse_acc": 0.30808080808080807,
      "val_window_diff": 0.33404326498903997,
      "val_pk_metric": 0.2720975182318901
    },
    {
      "epoch": 5,
      "train_loss": 0.4962314948439598,
      "train_chorus_rate": 0.36321086063981056,
      "train_max_prob": 0.6790887117385864,
      "train_conf_over_90": 0.01854485105141066,
      "train_conf_over_95": 0.0009003088751342147,
      "val_loss": 0.5200592055916786,
      "val_macro_f1": 0.6934559626205682,
      "val_verse_f1": 0.7828897338403041,
      "val_chorus_f1": 0.6040221914008322,
      "val_chorus_rate": 0.4094877541065216,
      "val_max_prob": 0.6710167974233627,
      "val_conf_over_90": 0.016813445603474975,
      "val_conf_over_95": 0.0009545074863126501,
      "learning_rate": 0.0003048953128238981,
      "epoch_time": 51.575629234313965,
      "val_boundary_f1": 0.2720970537261698,
      "val_boundary_precision": 0.21506849315068494,
      "val_boundary_recall": 0.37028301886792453,
      "val_complete_segments": 0.14946716713683839,
      "val_avg_segment_overlap": 0.5777560172436664,
      "val_verse_to_chorus_acc": 0.2743362831858407,
      "val_chorus_to_verse_acc": 0.42424242424242425,
      "val_window_diff": 0.43609578233323265,
      "val_pk_metric": 0.33466875535308216
    },
    {
      "epoch": 6,
      "train_loss": 0.5060534417629242,
      "train_chorus_rate": 0.4653876945376396,
      "train_max_prob": 0.6724419891834259,
      "train_conf_over_90": 0.020409584138542415,
      "train_conf_over_95": 0.0018195575918070971,
      "val_loss": 0.5482340455055237,
      "val_macro_f1": 0.6989380912952219,
      "val_verse_f1": 0.850799869409076,
      "val_chorus_f1": 0.5470763131813677,
      "val_chorus_rate": 0.196965042501688,
      "val_max_prob": 0.6968487650156021,
      "val_conf_over_90": 0.002396710275206715,
      "val_conf_over_95": 0.0,
      "learning_rate": 0.0002662027526649157,
      "epoch_time": 54.68673300743103,
      "val_boundary_f1": 0.328,
      "val_boundary_precision": 0.2847222222222222,
      "val_boundary_recall": 0.3867924528301887,
      "val_complete_segments": 0.1914578530962412,
      "val_avg_segment_overlap": 0.5525203002875942,
      "val_verse_to_chorus_acc": 0.3584070796460177,
      "val_chorus_to_verse_acc": 0.3282828282828283,