{
  "trial_number": 7,
  "trial_id": "cnn_trial_0007",
  "model_type": "CNN",
  "training_score": 0.43680137575236466,
  "optuna_objective": 0.43680137575236466,
  "validation_metrics": {
    "line_f1": 0.7421043053432177,
    "boundary_f1": 0.43680137575236466,
    "macro_f1": 0.7421043053432177,
    "verse_f1": 0.822538375140397,
    "chorus_f1": 0.6616702355460385,
    "boundary_precision": 0.34370771312584575,
    "boundary_recall": 0.5990566037735849,
    "window_diff": 0.38366257849742125,
    "pk_metric": 0.28425892941464076,
    "confidence": 0.6869569271802902,
    "val_loss": 0.506321407854557
  },
  "all_results": {
    "line_f1": 0.7421043053432177,
    "boundary_f1": 0.43680137575236466,
    "macro_f1": 0.7421043053432177,
    "verse_f1": 0.822538375140397,
    "chorus_f1": 0.6616702355460385,
    "boundary_precision": 0.34370771312584575,
    "boundary_recall": 0.5990566037735849,
    "window_diff": 0.38366257849742125,
    "pk_metric": 0.28425892941464076,
    "confidence": 0.6869569271802902,
    "val_loss": 0.506321407854557
  },
  "parameters": {
    "hidden_dim": 128,
    "num_layers": 1,
    "dropout": 0.2543174014470008,
    "cnn_kernel_sizes": "3,5",
    "cnn_dilation_rates": "1,2",
    "cnn_use_residual": true,
    "cnn_batch_multiplier": 1.0681857377933848,
    "attention_enabled": false,
    "max_epochs": 8,
    "batch_size": 32,
    "learning_rate": 0.00032657992815532513,
    "weight_decay": 0.01764899394255486,
    "scheduler": "onecycle",
    "min_delta": 0.0008637400716592777,
    "gradient_clip_norm": 0.9646644365603494,
    "validation_strategy": "boundary_f1",
    "boundary_weight": 2.1291221941494793,
    "label_smoothing": 0.17295678781191307,
    "segment_consistency_lambda": 0.024800325752854773,
    "conf_penalty_lambda": 0.007463090469964348,
    "conf_threshold": 0.9298625483086252,
    "entropy_lambda": 0.032668017086334517,
    "max_confidence_threshold": 0.9048029123755639,
    "min_chorus_rate": 0.05151726656217328,
    "max_chorus_rate": 0.827732783314639,
    "max_conf_over_95_ratio": 0.05384137516873318,
    "head_ssm_enabled": true,
    "tail_ssm_enabled": true,
    "phonetic_ssm_enabled": false,
    "pos_ssm_enabled": false,
    "string_ssm_enabled": false,
    "syllable_pattern_ssm_enabled": false,
    "line_syllable_ssm_enabled": true,
    "word2vec_enabled": false,
    "contextual_enabled": true,
    "head_tail_words": 4,
    "phonetic_mode": "alliteration",
    "phonetic_similarity": "sequence_match",
    "phonetic_threshold": 0.2561077959854864,
    "pos_tagset": "universal",
    "pos_similarity": "jaccard",
    "pos_threshold": 0.2818254771530296,
    "string_similarity": "levenshtein",
    "string_threshold": 0.04573366405781196
  },
  "duration_minutes": 0
}