{
  "trial_number": 10,
  "timestamp": 1756002885.546737,
  "boundary_f1": 0.3460869565217391,
  "line_f1": 0.0,
  "windowdiff": 1.0,
  "pk": 1.0,
  "val_loss": Infinity,
  "val_accuracy": 0.0,
  "weighted_f1": 0.0,
  "training_time": 21521.13428401947,
  "training_time_minutes": 358.6855714003245,
  "total_params": 0,
  "actual_epochs": 15,
  "config_summary": {
    "attention_enabled": false,
    "hidden_dim": 128,
    "num_layers": 1,
    "max_epochs": 15,
    "batch_size": 32,
    "learning_rate": 0.0005117016497617105,
    "boundary_weight": 1.8462672001048626,
    "label_smoothing": 0.11563182375352404
  },
  "validation_strategy": "composite",
  "all_metrics": {
    "loss": 0.4633370414376259,
    "chorus_rate": 0.38206540793180466,
    "max_prob_mean": 0.6857783645391464,
    "confidence_over_90": 0.02122565871104598,
    "confidence_over_95": 0.0004625346919056028,
    "verse_f1": 0.8205510052122115,
    "chorus_f1": 0.6522366522366523,
    "macro_f1": 0.7363938287244318,
    "boundary_f1": 0.3460869565217391,
    "boundary_precision": 0.2741046831955923,
    "boundary_recall": 0.4693396226415094,
    "complete_segments": 0.24241471057483782,
    "avg_segment_overlap": 0.6213275190552892,
    "verse_to_chorus_acc": 0.3805309734513274,
    "chorus_to_verse_acc": 0.47474747474747475,
    "window_diff": 0.4381668879111715,
    "pk_metric": 0.31073716316434147
  },
  "parameters": {
    "hidden_dim": 128,
    "num_layers": 1,
    "dropout": 0.20753313636115833,
    "attention_enabled": false,
    "max_epochs": 15,
    "batch_size": 32,
    "learning_rate": 0.0005117016497617105,
    "weight_decay": 0.024646043909594528,
    "scheduler": "cosine",
    "min_delta": 0.0009915564692916552,
    "gradient_clip_norm": 0.6913246654073905,
    "validation_strategy": "composite",
    "head_tail_words": 3,
    "boundary_weight": 1.8462672001048626,
    "label_smoothing": 0.11563182375352404,
    "segment_consistency_lambda": 0.022556164579093752,
    "conf_penalty_lambda": 0.014886788441390755,
    "conf_threshold": 0.9269298594266984,
    "entropy_lambda": 0.044458409321034335,
    "max_confidence_threshold": 0.9005307768139336,
    "min_chorus_rate": 0.052762636123247796,
    "max_chorus_rate": 0.7034707594011476,
    "max_conf_over_95_ratio": 0.06143365813639677,
    "head_ssm_enabled": true,
    "tail_ssm_enabled": true,
    "phonetic_ssm_enabled": true,
    "pos_ssm_enabled": true,
    "string_ssm_enabled": false,
    "syllable_pattern_ssm_enabled": true,
    "line_syllable_ssm_enabled": false,
    "word2vec_enabled": true,
    "contextual_enabled": true,
    "phonetic_mode": "combined",
    "phonetic_similarity_method": "sequence_match",
    "phonetic_normalize": true,
    "phonetic_normalize_method": "minmax",
    "phonetic_high_sim_threshold": 0.2509435574833248,
    "pos_tagset": "universal",
    "pos_similarity_method": "combined",
    "pos_high_sim_threshold": 0.22943540786976868,
    "string_case_sensitive": true,
    "string_remove_punctuation": false,
    "string_similarity_threshold": 0.05846621927232019,
    "string_similarity_method": "word_overlap",
    "syllable_pattern_similarity_method": "cosine",
    "syllable_pattern_levenshtein_weight": 0.7839163248912173,
    "syllable_pattern_cosine_weight": 0.2084827871958162,
    "syllable_pattern_normalize": true,
    "syllable_pattern_normalize_method": "zscore",
    "line_syllable_similarity_method": "cosine",
    "line_syllable_ratio_threshold": 0.10995792078004116,
    "line_syllable_normalize": true,
    "line_syllable_normalize_method": "minmax",
    "word2vec_mode": "summary",
    "word2vec_normalize": true,
    "word2vec_similarity_metric": "cosine",
    "word2vec_high_sim_threshold": 0.846881970288158,
    "contextual_mode": "summary",
    "contextual_normalize": false,
    "contextual_similarity_metric": "dot",
    "contextual_high_sim_threshold": 0.7490123388679868
  },
  "config": {
    "hidden_dim": 128,
    "num_layers": 1,
    "layer_dropout": 0.0,
    "num_classes": 2,
    "dropout": 0.20753313636115833,
    "attention_enabled": false,
    "attention_type": null,
    "attention_heads": 1,
    "attention_dropout": 0.0,
    "attention_dim": 128,
    "positional_encoding": false,
    "max_seq_length": 1000,
    "window_size": 7,
    "boundary_temperature": 2.0,
    "batch_size": 32,
    "learning_rate": 0.0005117016497617105,
    "weight_decay": 0.024646043909594528,
    "max_epochs": 15,
    "patience": 4,
    "gradient_clip_norm": 0.6913246654073905,
    "scheduler": "cosine",
    "min_lr": 1e-06,
    "cosine_t_max": 15,
    "warmup_epochs": 5,
    "lr_factor": 0.5,
    "lr_patience": 10,
    "step_size": 30,
    "step_gamma": 0.5,
    "cosine_t0": 10,
    "cosine_t_mult": 2,
    "min_delta": 0.0009915564692916552,
    "train_file": "data/train.jsonl",
    "val_file": "data/val.jsonl",
    "test_file": "data/test.jsonl",
    "weighted_sampling": true,
    "emergency_monitoring_enabled": true,
    "max_confidence_threshold": 0.9005307768139336,
    "min_chorus_rate": 0.052762636123247796,
    "max_chorus_rate": 0.7034707594011476,
    "max_conf_over_95_ratio": 0.06143365813639677,
    "val_overconf_threshold": 0.96,
    "val_f1_collapse_threshold": 0.1,
    "loss": {
      "loss_type": "boundary_aware",
      "boundary_weight": 1.8462672001048626,
      "label_smoothing": 0.11563182375352404,
      "segment_consistency_lambda": 0.022556164579093752,
      "conf_penalty_lambda": 0.014886788441390755,
      "conf_threshold": 0.9269298594266984,
      "entropy_lambda": 0.044458409321034335
    },
    "calibration_enabled": true,
    "calibration_methods": [
      "temperature",
      "platt"
    ],
    "validation_strategy": "composite",
    "head_ssm_enabled": true,
    "head_ssm_words": 3,
    "head_ssm_dimension": 12,
    "tail_ssm_enabled": true,
    "tail_ssm_words": 3,
    "tail_ssm_dimension": 12,
    "phonetic_ssm_enabled": true,
    "phonetic_ssm_mode": "combined",
    "phonetic_ssm_dimension": 12,
    "phonetic_ssm_similarity_method": "sequence_match",
    "phonetic_ssm_normalize": true,
    "phonetic_ssm_normalize_method": "minmax",
    "phonetic_ssm_high_sim_threshold": 0.2509435574833248,
    "pos_ssm_enabled": true,
    "pos_ssm_tagset": "universal",
    "pos_ssm_similarity_method": "combined",
    "pos_ssm_high_sim_threshold": 0.22943540786976868,
    "pos_ssm_dimension": 12,
    "string_ssm_enabled": false,
    "string_ssm_case_sensitive": true,
    "string_ssm_remove_punctuation": false,
    "string_ssm_similarity_threshold": 0.05846621927232019,
    "string_ssm_similarity_method": "word_overlap",
    "string_ssm_dimension": 12,
    "syllable_pattern_ssm_enabled": true,
    "syllable_pattern_ssm_similarity_method": "cosine",
    "syllable_pattern_ssm_levenshtein_weight": 0.7899204214750122,
    "syllable_pattern_ssm_cosine_weight": 0.21007957852498788,
    "syllable_pattern_ssm_normalize": true,
    "syllable_pattern_ssm_normalize_method": "zscore",
    "syllable_pattern_ssm_dimension": 12,
    "line_syllable_ssm_enabled": false,
    "line_syllable_ssm_similarity_method": "cosine",
    "line_syllable_ssm_ratio_threshold": 0.10995792078004116,
    "line_syllable_ssm_normalize": true,
    "line_syllable_ssm_normalize_method": "minmax",
    "line_syllable_ssm_dimension": 12,
    "word2vec_enabled": true,
    "word2vec_model": "word2vec-google-news-300",
    "word2vec_mode": "summary",
    "word2vec_normalize": true,
    "word2vec_similarity_metric": "cosine",
    "word2vec_high_sim_threshold": 0.846881970288158,
    "contextual_enabled": true,
    "contextual_model": "all-MiniLM-L6-v2",
    "contextual_mode": "summary",
    "contextual_normalize": false,
    "contextual_similarity_metric": "dot",
    "contextual_high_sim_threshold": 0.7490123388679868
  }
}