{
  "metadata": {
    "model_info": {
      "hidden_dim": 128,
      "num_layers": 1,
      "dropout": 0.20753313636115833,
      "layer_dropout": 0.0,
      "attention_enabled": false,
      "attention_heads": 1,
      "attention_dropout": 0.0,
      "attention_dim": 128,
      "positional_encoding": false,
      "max_seq_length": 1000,
      "total_params": 219650,
      "lstm_params": 219136,
      "attention_params": 0,
      "classifier_params": 514
    },
    "training_info": {
      "batch_size": 32,
      "learning_rate": 0.0005117016497617105,
      "scheduler": "cosine",
      "label_smoothing": 0.0,
      "weighted_sampling": true,
      "total_epochs": 15,
      "validation_strategy": "composite",
      "weight_decay": 0.024646043909594528,
      "gradient_clip_norm": 0.6913246654073905,
      "max_epochs": 15,
      "patience": 4
    },
    "calibration_info": {
      "temperature": {
        "ece_before": 0.07920571274630915,
        "ece_after": 0.020689699030344046,
        "improvement": 0.058516013715965105,
        "params": {
          "temperature": 0.6286703618669199
        }
      },
      "platt": {
        "ece_before": 0.07920571274630915,
        "ece_after": 0.021533711193118466,
        "improvement": 0.05767200155319069,
        "params": {
          "A": 1.4910616302655677,
          "B": 0.0
        }
      }
    }
  },
  "metrics": [
    {
      "epoch": 1,
      "train_loss": 0.5292881548404693,
      "train_chorus_rate": 0.33940537422313355,
      "train_max_prob": 0.5407690376043319,
      "train_conf_over_90": 0.0,
      "train_conf_over_95": 0.0,
      "val_loss": 0.5575514286756516,
      "val_macro_f1": 0.5860219314985142,
      "val_verse_f1": 0.775118004045853,
      "val_chorus_f1": 0.3969258589511754,
      "val_chorus_rate": 0.24379778653383255,
      "val_max_prob": 0.5629479289054871,
      "val_conf_over_90": 0.0,
      "val_conf_over_95": 0.0,
      "learning_rate": 0.000506121621583462,
      "epoch_time": 408.06810426712036,
      "val_boundary_f1": 0.15886524822695036,
      "val_boundary_precision": 0.199288256227758,
      "val_boundary_recall": 0.1320754716981132,
      "val_complete_segments": 0.025459833413173816,
      "val_avg_segment_overlap": 0.2844335363227327,
      "val_verse_to_chorus_acc": 0.11946902654867257,
      "val_chorus_to_verse_acc": 0.07575757575757576,
      "val_window_diff": 0.42637860162087265,
      "val_pk_metric": 0.4133056971279313
    },
    {
      "epoch": 2,
      "train_loss": 0.5292759016156197,
      "train_chorus_rate": 0.37131434828042986,
      "train_max_prob": 0.5613047838211059,
      "train_conf_over_90": 0.0,
      "train_conf_over_95": 0.0,
      "val_loss": 0.5426327586174011,
      "val_macro_f1": 0.6272133266317226,
      "val_verse_f1": 0.7912687585266029,
      "val_chorus_f1": 0.46315789473684216,
      "val_chorus_rate": 0.26118582487106323,
      "val_max_prob": 0.5658474862575531,
      "val_conf_over_90": 0.0,
      "val_conf_over_95": 0.0,
      "learning_rate": 0.0004896254110560518,
      "epoch_time": 6906.211376905441,
      "val_boundary_f1": 0.2685589519650655,
      "val_boundary_precision": 0.25,
      "val_boundary_recall": 0.29009433962264153,
      "val_complete_segments": 0.10771197648185984,
      "val_avg_segment_overlap": 0.4017542336399958,
      "val_verse_to_chorus_acc": 0.2743362831858407,
      "val_chorus_to_verse_acc": 0.21717171717171718,
      "val_window_diff": 0.41321353176297526,
      "val_pk_metric": 0.3550608315196858
    },
    {
      "epoch": 3,
      "train_loss": 0.5031582444906235,
      "train_chorus_rate": 0.3947008304297924,
      "train_max_prob": 0.5816337317228317,
      "train_conf_over_90": 0.0,
      "train_conf_over_95": 0.0,
      "val_loss": 0.5171763896942139,
      "val_macro_f1": 0.5947183249889759,
      "val_verse_f1": 0.6362218756961461,
      "val_chorus_f1": 0.5532147742818058,
      "val_chorus_rate": 0.5984340310096741,
      "val_max_prob": 0.5969408005475998,
      "val_conf_over_90": 0.0,
      "val_conf_over_95": 0.0,
      "learning_rate": 0.00046293398173712834,
      "epoch_time": 182.0836741924286,
      "val_boundary_f1": 0.20335820895522388,
      "val_boundary_precision": 0.16820987654320987,
      "val_boundary_recall": 0.25707547169811323,
      "val_complete_segments": 0.0806077191416534,
      "val_avg_segment_overlap": 0.4270290785503125,
      "val_verse_to_chorus_acc": 0.17256637168141592,
      "val_chorus_to_verse_acc": 0.2777777777777778,
      "val_window_diff": 0.49061666772703494,
      "val_pk_metric": 0.41268062759913154
    },
    {
      "epoch": 4,
      "train_loss": 0.48550324589014054,
      "train_chorus_rate": 0.369705218821764,
      "train_max_prob": 0.6202417850494385,
      "train_conf_over_90": 0.00012644933012779803,
      "train_conf_over_95": 0.0,
      "val_loss": 0.51722202450037,
      "val_macro_f1": 0.6830144730537578,
      "val_verse_f1": 0.8196327441221898,
      "val_chorus_f1": 0.5463962019853259,
      "val_chorus_rate": 0.2705033980309963,
      "val_max_prob": 0.6302977204322815,
      "val_conf_over_90": 0.00026624067686498165,
      "val_conf_over_95": 0.0,
      "learning_rate": 0.00042721387716761655,
      "epoch_time": 194.23345303535461,
      "val_boundary_f1": 0.3320825515947467,
      "val_boundary_precision": 0.2757009345794392,
      "val_boundary_recall": 0.41745283018867924,
      "val_complete_segments": 0.19488498876091664,
      "val_avg_segment_overlap": 0.545759793190771,
      "val_verse_to_chorus_acc": 0.3805309734513274,
      "val_chorus_to_verse_acc": 0.36363636363636365,
      "val_window_diff": 0.41386876767373126,
      "val_pk_metric": 0.31921870242949224
    },
    {
      "epoch": 5,
      "train_loss": 0.46373810768127444,
      "train_chorus_rate": 0.3303400881588459,
      "train_max_prob": 0.6401225686073303,
      "train_conf_over_90": 0.0015246083115926013,
      "train_conf_over_95": 0.0,
      "val_loss": 0.4898989126086235,
      "val_macro_f1": 0.6942125949354272,
      "val_verse_f1": 0.7868049010367577,
      "val_chorus_f1": 0.6016202888340966,
      "val_chorus_rate": 0.3982560336589813,
      "val_max_prob": 0.6462337970733643,
      "val_conf_over_90": 0.0025323261215817183,
      "val_conf_over_95": 0.0,
      "learning_rate": 0.0003840262373212829,
      "epoch_time": 1167.7935781478882,
      "val_boundary_f1": 0.3274021352313167,
      "val_boundary_precision": 0.26285714285714284,
      "val_boundary_recall": 0.4339622641509434,
      "val_complete_segments": 0.19811608874440262,
      "val_avg_segment_overlap": 0.5884620996052434,
      "val_verse_to_chorus_acc": 0.3584070796460177,
      "val_chorus_to_verse_acc": 0.42424242424242425,
      "val_window_diff": 0.4310299426624119,
      "val_pk_metric": 0.33373189822253785
    },
    {
      "epoch": 6,
      "train_loss": 0.4494228005409241,
      "train_chorus_rate": 0.3546206563711166,
      "train_max_prob": 0.6633713036775589,
      "train_conf_over_90": 0.007517656497657299,
      "train_conf_over_95": 9.598856267984956e-05,
      "val_loss": 0.48034198582172394,
      "val_macro_f1": 0.6693697968231435,
      "val_verse_f1": 0.7279933249895704,
      "val_chorus_f1": 0.6107462686567166,
      "val_chorus_rate": 0.5236812978982925,
      "val_max_prob": 0.6496719270944595,
      "val_conf_over_90": 0.005331437103450298,
      "val_conf_over_95": 0.0,
      "learning_rate": 0.0003352585692967007,
      "epoch_time": 195.66494512557983,
      "val_boundary_f1": 0.2508532423208191,
      "val_boundary_precision": 0.196524064171123,
      "val_boundary_recall": 0.3466981132075472,
      "val_complete_segments": 0.10782139888714651,
      "val_avg_segment_overlap": 0.5438943897490982,
      "val_verse_to_chorus_acc": 0.2610619469026549,
      "val_chorus_to_verse_acc": 0.3888888888888889,
      "val_window_diff": 0.4881846033032476,
      "val_pk_metric": 0.3732816023568237
    },
    {
      "epoch": 7,