{
  "trial_number": 18,
  "trial_id": "cnn_trial_0018",
  "model_type": "CNN",
  "training_score": 0.7600259462196042,
  "optuna_objective": 0.35992578849721707,
  "validation_metrics": {
    "line_f1": 0.7600259462196042,
    "boundary_f1": 0.35992578849721707,
    "macro_f1": 0.7600259462196042,
    "verse_f1": 0.8300380228136882,
    "chorus_f1": 0.6900138696255201,
    "boundary_precision": 0.2966360856269113,
    "boundary_recall": 0.45754716981132076,
    "window_diff": 0.4204481130921233,
    "pk_metric": 0.2955443700134481,
    "confidence": 0.734047919511795,
    "val_loss": 0.4627179652452469
  },
  "all_results": {
    "line_f1": 0.7600259462196042,
    "boundary_f1": 0.35992578849721707,
    "macro_f1": 0.7600259462196042,
    "verse_f1": 0.8300380228136882,
    "chorus_f1": 0.6900138696255201,
    "boundary_precision": 0.2966360856269113,
    "boundary_recall": 0.45754716981132076,
    "window_diff": 0.4204481130921233,
    "pk_metric": 0.2955443700134481,
    "confidence": 0.734047919511795,
    "val_loss": 0.4627179652452469
  },
  "parameters": {
    "hidden_dim": 128,
    "num_layers": 2,
    "dropout": 0.26887165208110214,
    "layer_dropout": 0.16405224653738584,
    "cnn_kernel_sizes": "3,7,11",
    "cnn_dilation_rates": "1,2,4,8",
    "cnn_use_residual": true,
    "cnn_batch_multiplier": 1.1747701150691174,
    "attention_enabled": true,
    "attention_type": "self",
    "attention_heads": 8,
    "attention_dropout": 0.10154801383211794,
    "max_epochs": 15,
    "batch_size": 64,
    "learning_rate": 0.0003201247488417565,
    "weight_decay": 0.016705947465751252,
    "scheduler": "cosine",
    "min_delta": 0.00045312872919046215,
    "gradient_clip_norm": 0.5229161520125319,
    "validation_strategy": "line_f1",
    "boundary_weight": 2.145970550154288,
    "label_smoothing": 0.16000744547607154,
    "segment_consistency_lambda": 0.022729006602353493,
    "conf_penalty_lambda": 0.005663142347689084,
    "conf_threshold": 0.9455359895668246,
    "entropy_lambda": 0.030057729439055825,
    "max_confidence_threshold": 0.9048659100004016,
    "min_chorus_rate": 0.06164246656181552,
    "max_chorus_rate": 0.8368166444578781,
    "max_conf_over_95_ratio": 0.05539846890401339,
    "head_ssm_enabled": false,
    "tail_ssm_enabled": true,
    "phonetic_ssm_enabled": true,
    "pos_ssm_enabled": true,
    "string_ssm_enabled": true,
    "syllable_pattern_ssm_enabled": true,
    "line_syllable_ssm_enabled": false,
    "word2vec_enabled": true,
    "contextual_enabled": false,
    "head_tail_words": 2,
    "phonetic_mode": "alliteration",
    "phonetic_similarity": "binary",
    "phonetic_threshold": 0.2651807956029277,
    "pos_tagset": "penn",
    "pos_similarity": "position",
    "pos_threshold": 0.2497867312354914,
    "string_similarity": "levenshtein",
    "string_threshold": 0.050489617677982476
  },
  "duration_minutes": 0
}