{
  "trial_number": 52,
  "timestamp": 1756166598.747466,
  "boundary_f1": 0.404,
  "line_f1": 0.7573156922343405,
  "macro_f1": 0.7573156922343405,
  "verse_f1": 0.8571428571428571,
  "chorus_f1": 0.657488527325824,
  "windowdiff": 0.3383495835973836,
  "pk": 0.24350330684086202,
  "val_loss": 0.5243430137634277,
  "val_accuracy": 0.0,
  "weighted_f1": 0.0,
  "training_time": 1055.7007610797882,
  "training_time_minutes": 17.595012684663136,
  "total_params": 0,
  "actual_epochs": 15,
  "config_summary": {
    "attention_enabled": true,
    "hidden_dim": 256,
    "num_layers": 2,
    "max_epochs": 15,
    "batch_size": 32,
    "learning_rate": 0.000882134730535545,
    "boundary_weight": 2.1600928766074907,
    "label_smoothing": 0.20558670131341872
  },
  "validation_strategy": "boundary_f1",
  "all_metrics": {
    "loss": 0.5243430137634277,
    "chorus_rate": 0.28969570994377136,
    "max_prob_mean": 0.659782275557518,
    "confidence_over_90": 0.0002312673459528014,
    "confidence_over_95": 0.0,
    "verse_f1": 0.8571428571428571,
    "chorus_f1": 0.657488527325824,
    "macro_f1": 0.7573156922343405,
    "boundary_f1": 0.404,
    "boundary_precision": 0.3506944444444444,
    "boundary_recall": 0.47641509433962265,
    "complete_segments": 0.26850045584138904,
    "avg_segment_overlap": 0.6552070368310866,
    "verse_to_chorus_acc": 0.4026548672566372,
    "chorus_to_verse_acc": 0.4797979797979798,
    "window_diff": 0.3383495835973836,
    "pk_metric": 0.24350330684086202
  },
  "parameters": {
    "hidden_dim": 256,
    "num_layers": 2,
    "dropout": 0.17830716028305496,
    "layer_dropout": 0.2295553920344599,
    "attention_enabled": true,
    "attention_heads": 8,
    "attention_dropout": 0.1328868333036712,
    "max_epochs": 15,
    "batch_size": 32,
    "learning_rate": 0.000882134730535545,
    "weight_decay": 0.01644752307695163,
    "scheduler": "cosine",
    "min_delta": 0.00029338903679491826,
    "gradient_clip_norm": 0.4288044986041489,
    "validation_strategy": "boundary_f1",
    "head_tail_words": 4,
    "boundary_weight": 2.1600928766074907,
    "label_smoothing": 0.20558670131341872,
    "segment_consistency_lambda": 0.021457702777764272,
    "conf_penalty_lambda": 0.011278372228916405,
    "conf_threshold": 0.9488517975893153,
    "entropy_lambda": 0.03611158416000656,
    "max_confidence_threshold": 0.929861672971805,
    "min_chorus_rate": 0.08687909624699919,
    "max_chorus_rate": 0.8516470350379414,
    "max_conf_over_95_ratio": 0.19960008799889822,
    "head_ssm_enabled": true,
    "tail_ssm_enabled": false,
    "phonetic_ssm_enabled": true,
    "pos_ssm_enabled": false,
    "string_ssm_enabled": false,
    "syllable_pattern_ssm_enabled": true,
    "line_syllable_ssm_enabled": true,
    "word2vec_enabled": false,
    "contextual_enabled": false,
    "phonetic_mode": "rhyme",
    "phonetic_similarity_method": "binary",
    "phonetic_normalize": false,
    "phonetic_normalize_method": "zscore",
    "phonetic_high_sim_threshold": 0.3343793148319366,
    "pos_tagset": "universal",
    "pos_similarity_method": "position",
    "pos_high_sim_threshold": 0.3093492700042543,
    "string_case_sensitive": true,
    "string_remove_punctuation": true,
    "string_similarity_threshold": 0.05426158936531316,
    "string_similarity_method": "word_overlap",
    "syllable_pattern_similarity_method": "levenshtein",
    "syllable_pattern_levenshtein_weight": 0.6775492939930515,
    "syllable_pattern_cosine_weight": 0.21046258460302375,
    "syllable_pattern_normalize": false,
    "syllable_pattern_normalize_method": "minmax",
    "line_syllable_similarity_method": "cosine",
    "line_syllable_ratio_threshold": 0.10497768819461534,
    "line_syllable_normalize": false,
    "line_syllable_normalize_method": "minmax",
    "word2vec_mode": "complete",
    "word2vec_normalize": true,
    "word2vec_similarity_metric": "dot",
    "word2vec_high_sim_threshold": 0.767558159722417,
    "contextual_mode": "complete",
    "contextual_normalize": false,
    "contextual_similarity_metric": "dot",
    "contextual_high_sim_threshold": 0.6729981254006233
  },
  "config": {
    "hidden_dim": 256,
    "num_layers": 2,
    "layer_dropout": 0.2295553920344599,
    "num_classes": 2,
    "dropout": 0.17830716028305496,
    "attention_enabled": true,
    "attention_type": "boundary_aware",
    "attention_heads": 8,
    "attention_dropout": 0.1328868333036712,
    "attention_dim": 256,
    "positional_encoding": true,
    "max_seq_length": 1000,
    "window_size": 7,
    "boundary_temperature": 2.0,
    "batch_size": 32,
    "learning_rate": 0.000882134730535545,
    "weight_decay": 0.01644752307695163,
    "max_epochs": 15,
    "patience": 4,
    "gradient_clip_norm": 0.4288044986041489,
    "scheduler": "cosine",
    "min_lr": 1e-06,
    "cosine_t_max": 15,
    "warmup_epochs": 5,
    "lr_factor": 0.5,
    "lr_patience": 10,
    "step_size": 30,
    "step_gamma": 0.5,
    "cosine_t0": 10,
    "cosine_t_mult": 2,
    "min_delta": 0.00029338903679491826,
    "train_file": "data/train.jsonl",
    "val_file": "data/val.jsonl",
    "test_file": "data/test.jsonl",
    "weighted_sampling": true,
    "emergency_monitoring_enabled": true,
    "max_confidence_threshold": 0.929861672971805,
    "min_chorus_rate": 0.08687909624699919,
    "max_chorus_rate": 0.8516470350379414,
    "max_conf_over_95_ratio": 0.19960008799889822,
    "val_overconf_threshold": 0.96,
    "val_f1_collapse_threshold": 0.1,
    "loss": {
      "loss_type": "boundary_aware",
      "boundary_weight": 2.1600928766074907,
      "label_smoothing": 0.20558670131341872,
      "segment_consistency_lambda": 0.021457702777764272,
      "conf_penalty_lambda": 0.011278372228916405,
      "conf_threshold": 0.9488517975893153,
      "entropy_lambda": 0.03611158416000656
    },
    "calibration_enabled": true,
    "calibration_methods": [
      "temperature",
      "platt"
    ],
    "validation_strategy": "boundary_f1",
    "head_ssm_enabled": true,
    "head_ssm_words": 4,
    "head_ssm_dimension": 12,
    "tail_ssm_enabled": false,
    "tail_ssm_words": 4,
    "tail_ssm_dimension": 12,
    "phonetic_ssm_enabled": true,
    "phonetic_ssm_mode": "rhyme",
    "phonetic_ssm_dimension": 12,
    "phonetic_ssm_similarity_method": "binary",
    "phonetic_ssm_normalize": false,
    "phonetic_ssm_normalize_method": "zscore",
    "phonetic_ssm_high_sim_threshold": 0.3343793148319366,
    "pos_ssm_enabled": false,
    "pos_ssm_tagset": "universal",
    "pos_ssm_similarity_method": "position",
    "pos_ssm_high_sim_threshold": 0.3093492700042543,
    "pos_ssm_dimension": 12,
    "string_ssm_enabled": false,
    "string_ssm_case_sensitive": true,
    "string_ssm_remove_punctuation": true,
    "string_ssm_similarity_threshold": 0.05426158936531316,
    "string_ssm_similarity_method": "word_overlap",
    "string_ssm_dimension": 12,
    "syllable_pattern_ssm_enabled": true,
    "syllable_pattern_ssm_similarity_method": "levenshtein",
    "syllable_pattern_ssm_levenshtein_weight": 0.7629957552642652,
    "syllable_pattern_ssm_cosine_weight": 0.23700424473573467,
    "syllable_pattern_ssm_normalize": false,
    "syllable_pattern_ssm_normalize_method": "minmax",
    "syllable_pattern_ssm_dimension": 12,
    "line_syllable_ssm_enabled": true,
    "line_syllable_ssm_similarity_method": "cosine",
    "line_syllable_ssm_ratio_threshold": 0.10497768819461534,
    "line_syllable_ssm_normalize": false,
    "line_syllable_ssm_normalize_method": "minmax",
    "line_syllable_ssm_dimension": 12,
    "word2vec_enabled": false,
    "word2vec_model": "word2vec-google-news-300",
    "word2vec_mode": "complete",
    "word2vec_normalize": true,
    "word2vec_similarity_metric": "dot",
    "word2vec_high_sim_threshold": 0.767558159722417,
    "contextual_enabled": false,
    "contextual_model": "all-MiniLM-L6-v2",
    "contextual_mode": "complete",
    "contextual_normalize": false,
    "contextual_similarity_metric": "dot",