{
  "metadata": {
    "model_info": {
      "hidden_dim": 256,
      "num_layers": 2,
      "dropout": 0.17830716028305496,
      "layer_dropout": 0.2295553920344599,
      "attention_enabled": true,
      "attention_heads": 8,
      "attention_dropout": 0.1328868333036712,
      "attention_dim": 256,
      "positional_encoding": true,
      "max_seq_length": 1000,
      "total_params": 2764291,
      "lstm_params": 2203648,
      "attention_params": 559617,
      "classifier_params": 1026
    },
    "training_info": {
      "batch_size": 32,
      "learning_rate": 0.000882134730535545,
      "scheduler": "cosine",
      "label_smoothing": 0.0,
      "weighted_sampling": true,
      "total_epochs": 15,
      "validation_strategy": "boundary_f1",
      "weight_decay": 0.01644752307695163,
      "gradient_clip_norm": 0.4288044986041489,
      "max_epochs": 15,
      "patience": 4
    },
    "calibration_info": {
      "temperature": {
        "ece_before": 0.13863122057762503,
        "ece_after": 0.020468718220419395,
        "improvement": 0.11816250235720563,
        "params": {
          "temperature": 0.44587585992874396
        }
      },
      "platt": {
        "ece_before": 0.13863122057762503,
        "ece_after": 0.0765545886368555,
        "improvement": 0.062076631940769525,
        "params": {
          "A": 1.4999993941024998,
          "B": 0.0
        }
      }
    }
  },
  "metrics": [
    {
      "epoch": 1,
      "train_loss": 0.6061424791812897,
      "train_chorus_rate": 0.5685811843635747,
      "train_max_prob": 0.5806357443332673,
      "train_conf_over_90": 0.012269372493028641,
      "train_conf_over_95": 0.0,
      "val_loss": 0.6028936505317688,
      "val_macro_f1": 0.36177969296739665,
      "val_verse_f1": 0.23482526057633357,
      "val_chorus_f1": 0.48873412535845967,
      "val_chorus_rate": 0.8990464359521866,
      "val_max_prob": 0.617738351225853,
      "val_conf_over_90": 0.0,
      "val_conf_over_95": 0.0,
      "learning_rate": 0.0008725072765660583,
      "epoch_time": 68.70610308647156,
      "val_boundary_f1": 0.014571948998178508,
      "val_boundary_precision": 0.032,
      "val_boundary_recall": 0.009433962264150943,
      "val_complete_segments": 0.003818234610917538,
      "val_avg_segment_overlap": 0.150503135425353,
      "val_verse_to_chorus_acc": 0.008849557522123894,
      "val_chorus_to_verse_acc": 0.0,
      "val_window_diff": 0.42059857828196767,
      "val_pk_metric": 0.41831712946869365
    },
    {
      "epoch": 2,
      "train_loss": 0.5765446871519089,
      "train_chorus_rate": 0.5096969954669476,
      "train_max_prob": 0.5820269614458085,
      "train_conf_over_90": 0.0,
      "train_conf_over_95": 0.0,
      "val_loss": 0.6083894073963165,
      "val_macro_f1": 0.5635520347661711,
      "val_verse_f1": 0.7624831309041834,
      "val_chorus_f1": 0.36462093862815886,
      "val_chorus_rate": 0.24477799609303474,
      "val_max_prob": 0.5740877836942673,
      "val_conf_over_90": 0.0,
      "val_conf_over_95": 0.0,
      "learning_rate": 0.0008440456805937145,
      "epoch_time": 57.66246008872986,
      "val_boundary_f1": 0.09677419354838711,
      "val_boundary_precision": 0.20149253731343283,
      "val_boundary_recall": 0.06367924528301887,
      "val_complete_segments": 0.04303439555295335,
      "val_avg_segment_overlap": 0.23359352068040717,
      "val_verse_to_chorus_acc": 0.07079646017699115,
      "val_chorus_to_verse_acc": 0.04040404040404041,
      "val_window_diff": 0.35432086205119095,
      "val_pk_metric": 0.3603966397329876
    },
    {
      "epoch": 3,
      "train_loss": 0.5701187551021576,
      "train_chorus_rate": 0.557275313232094,
      "train_max_prob": 0.5787927895784378,
      "train_conf_over_90": 0.0,
      "train_conf_over_95": 0.0,
      "val_loss": 0.588733360171318,
      "val_macro_f1": 0.44702286473767805,
      "val_verse_f1": 0.40886309680823,
      "val_chorus_f1": 0.48518263266712613,
      "val_chorus_rate": 0.7701831758022308,
      "val_max_prob": 0.5772818773984909,
      "val_conf_over_90": 0.0,
      "val_conf_over_95": 0.0,
      "learning_rate": 0.0007979938509363953,
      "epoch_time": 40.73898482322693,
      "val_boundary_f1": 0.07985480943738656,
      "val_boundary_precision": 0.1732283464566929,
      "val_boundary_recall": 0.05188679245283019,
      "val_complete_segments": 0.03059605014801197,
      "val_avg_segment_overlap": 0.19150458096882056,
      "val_verse_to_chorus_acc": 0.0752212389380531,
      "val_chorus_to_verse_acc": 0.0,
      "val_window_diff": 0.4218771659664106,
      "val_pk_metric": 0.42083326832986423
    },
    {
      "epoch": 4,
      "train_loss": 0.5650955975055695,
      "train_chorus_rate": 0.5507179588079453,
      "train_max_prob": 0.5753828138113022,
      "train_conf_over_90": 0.0,
      "train_conf_over_95": 0.0,
      "val_loss": 0.5874295681715012,
      "val_macro_f1": 0.6302179834382237,
      "val_verse_f1": 0.7846873376060973,
      "val_chorus_f1": 0.47574862927035,
      "val_chorus_rate": 0.2833953872323036,
      "val_max_prob": 0.5634882301092148,
      "val_conf_over_90": 0.0,
      "val_conf_over_95": 0.0,
      "learning_rate": 0.0007363644735313216,
      "epoch_time": 48.64539194107056,
      "val_boundary_f1": 0.22538552787663108,
      "val_boundary_precision": 0.22673031026252982,
      "val_boundary_recall": 0.2240566037735849,
      "val_complete_segments": 0.08988462026638061,
      "val_avg_segment_overlap": 0.3994177686498067,
      "val_verse_to_chorus_acc": 0.18584070796460178,
      "val_chorus_to_verse_acc": 0.21212121212121213,
      "val_window_diff": 0.40901861121303473,
      "val_pk_metric": 0.34423676593188623
    },
    {
      "epoch": 5,
      "train_loss": 0.5469817727804184,
      "train_chorus_rate": 0.5164143212139607,
      "train_max_prob": 0.5981479436159134,
      "train_conf_over_90": 0.0,
      "train_conf_over_95": 0.0,
      "val_loss": 0.5466185361146927,
      "val_macro_f1": 0.6798750243362761,
      "val_verse_f1": 0.7651735505138646,
      "val_chorus_f1": 0.5945764981586876,
      "val_chorus_rate": 0.4350108578801155,
      "val_max_prob": 0.6227903068065643,
      "val_conf_over_90": 0.0,
      "val_conf_over_95": 0.0,
      "learning_rate": 0.0006618510479016586,
      "epoch_time": 48.638548135757446,
      "val_boundary_f1": 0.2713257965056526,
      "val_boundary_precision": 0.24043715846994534,
      "val_boundary_recall": 0.3113207547169811,
      "val_complete_segments": 0.09723391964908401,
      "val_avg_segment_overlap": 0.5380531706258358,
      "val_verse_to_chorus_acc": 0.23893805309734514,
      "val_chorus_to_verse_acc": 0.3383838383838384,
      "val_window_diff": 0.44403989986046766,
      "val_pk_metric": 0.3668486164089676
    },
    {
      "epoch": 6,
      "train_loss": 0.5292445316910743,
      "train_chorus_rate": 0.39972284287214277,
      "train_max_prob": 0.6490099787712097,
      "train_conf_over_90": 0.005210087483283133,
      "train_conf_over_95": 0.0,
      "val_loss": 0.5511895716190338,
      "val_macro_f1": 0.5304514133141887,
      "val_verse_f1": 0.5309126594700687,
      "val_chorus_f1": 0.5299901671583087,
      "val_chorus_rate": 0.6996256709098816,
      "val_max_prob": 0.6723151654005051,
      "val_conf_over_90": 0.015911240712739527,
      "val_conf_over_95": 0.0,
      "learning_rate": 0.0005777101683025091,
      "epoch_time": 41.94501209259033,
      "val_boundary_f1": 0.13364055299539168,
      "val_boundary_precision": 0.13063063063063063,
      "val_boundary_recall": 0.13679245283018868,
      "val_complete_segments": 0.04734624224284882,
      "val_avg_segment_overlap": 0.364108136894834,
      "val_verse_to_chorus_acc": 0.11946902654867257,
      "val_chorus_to_verse_acc": 0.12121212121212122,
      "val_window_diff": 0.5205542530988703,
      "val_pk_metric": 0.43269841505074935
    },
    {
      "epoch": 7,
      "train_loss": 0.5214117422699929,