{
  "trial_number": 19,
  "trial_id": "cnn_trial_0019",
  "model_type": "CNN",
  "training_score": 0.43946188340807174,
  "optuna_objective": 0.43946188340807174,
  "validation_metrics": {
    "line_f1": 0.767546662712218,
    "boundary_f1": 0.43946188340807174,
    "macro_f1": 0.767546662712218,
    "verse_f1": 0.8336520076481836,
    "chorus_f1": 0.7014413177762526,
    "boundary_precision": 0.3545586107091172,
    "boundary_recall": 0.5778301886792453,
    "window_diff": 0.4410471702607506,
    "pk_metric": 0.2888360383926414,
    "confidence": 0.7063449919223785,
    "val_loss": 0.4883916974067688
  },
  "all_results": {
    "line_f1": 0.767546662712218,
    "boundary_f1": 0.43946188340807174,
    "macro_f1": 0.767546662712218,
    "verse_f1": 0.8336520076481836,
    "chorus_f1": 0.7014413177762526,
    "boundary_precision": 0.3545586107091172,
    "boundary_recall": 0.5778301886792453,
    "window_diff": 0.4410471702607506,
    "pk_metric": 0.2888360383926414,
    "confidence": 0.7063449919223785,
    "val_loss": 0.4883916974067688
  },
  "parameters": {
    "hidden_dim": 128,
    "num_layers": 1,
    "dropout": 0.28604547333091457,
    "cnn_kernel_sizes": "5,7,9",
    "cnn_dilation_rates": "1,2,4,8",
    "cnn_use_residual": true,
    "cnn_batch_multiplier": 1.2928327767113765,
    "attention_enabled": false,
    "max_epochs": 15,
    "batch_size": 64,
    "learning_rate": 0.00026415416485417616,
    "weight_decay": 0.010738785520845747,
    "scheduler": "cosine",
    "min_delta": 0.0002660185755075174,
    "gradient_clip_norm": 0.6100491470471642,
    "validation_strategy": "boundary_f1",
    "boundary_weight": 2.4357913892834135,
    "label_smoothing": 0.17173440858754271,
    "segment_consistency_lambda": 0.01702025138631512,
    "conf_penalty_lambda": 0.006407977830479431,
    "conf_threshold": 0.9271124147145602,
    "entropy_lambda": 0.03689677118938177,
    "max_confidence_threshold": 0.9092089214600447,
    "min_chorus_rate": 0.053775642403427436,
    "max_chorus_rate": 0.8465502813319694,
    "max_conf_over_95_ratio": 0.0661335002392855,
    "head_ssm_enabled": false,
    "tail_ssm_enabled": true,
    "phonetic_ssm_enabled": true,
    "pos_ssm_enabled": true,
    "string_ssm_enabled": true,
    "syllable_pattern_ssm_enabled": false,
    "line_syllable_ssm_enabled": true,
    "word2vec_enabled": true,
    "contextual_enabled": false,
    "head_tail_words": 4,
    "phonetic_mode": "combined",
    "phonetic_similarity": "binary",
    "phonetic_threshold": 0.28426687785787,
    "pos_tagset": "universal",
    "pos_similarity": "combined",
    "pos_threshold": 0.31395289090048345,
    "string_similarity": "word_overlap",
    "string_threshold": 0.0546329734504882
  },
  "duration_minutes": 0
}