{
  "metadata": {
    "model_info": {
      "architecture": "CNN",
      "hidden_dim": 128,
      "num_layers": 1,
      "dropout": 0.28604547333091457,
      "layer_dropout": 0.0,
      "kernel_sizes": [
        5,
        7,
        9
      ],
      "dilation_rates": [
        1,
        2,
        4,
        8
      ],
      "use_residual": true,
      "attention_enabled": false,
      "attention_type": "self",
      "attention_heads": 4,
      "total_params": 134528,
      "cnn_params": 129534,
      "attention_params": 0
    },
    "training_info": {
      "batch_size": 64,
      "learning_rate": 0.00026415416485417616,
      "scheduler": "cosine",
      "scheduler_type": "epoch",
      "validation_strategy": "boundary_f1",
      "total_epochs": 14,
      "early_stopping_mode": "cnn_calibration",
      "convergence_window": 5
    },
    "calibration_info": {
      "temperature": {
        "ece_before": 0.09312770017999095,
        "ece_after": 0.007690192937616767,
        "improvement": 0.08543750724237417,
        "params": {
          "temperature": 0.6041498605737561
        }
      },
      "platt": {
        "ece_before": 0.09312770017999095,
        "ece_after": 0.009912414465297193,
        "improvement": 0.08321528571469375,
        "params": {
          "A": 1.5744686179492005,
          "B": 0.0
        }
      }
    }
  },
  "metrics": [
    {
      "epoch": 1,
      "train_loss": 0.5548784583806992,
      "train_chorus_rate": 0.5013910215348005,
      "train_max_prob": 0.5908265560865402,
      "train_conf_over_90": 0.0,
      "train_conf_over_95": 0.0,
      "val_loss": 0.5427101254463196,
      "val_macro_f1": 0.7183800045221601,
      "val_verse_f1": 0.8014413047600987,
      "val_chorus_f1": 0.6353187042842215,
      "val_chorus_rate": 0.4043327122926712,
      "val_max_prob": 0.6532518565654755,
      "val_conf_over_90": 0.0,
      "val_conf_over_95": 0.0,
      "learning_rate": 0.00026127888991469845,
      "epoch_time": 136.62450408935547,
      "val_boundary_f1": 0.35369774919614144,
      "val_boundary_precision": 0.2682926829268293,
      "val_boundary_recall": 0.5188679245283019,
      "val_complete_segments": 0.2819190699078967,
      "val_avg_segment_overlap": 0.6378544997343096,
      "val_verse_to_chorus_acc": 0.5176991150442478,
      "val_chorus_to_verse_acc": 0.41414141414141414,
      "val_window_diff": 0.4760955775139539,
      "val_pk_metric": 0.33378913513819364,
      "cnn_receptive_field_usage": 0.7000000000000001,
      "cnn_gradient_norm": 10.153571739792824,
      "cnn_effective_layers": 1
    },
    {
      "epoch": 2,
      "train_loss": 0.5257232934236526,
      "train_chorus_rate": 0.4678654074668884,
      "train_max_prob": 0.6563135087490082,
      "train_conf_over_90": 0.0,
      "train_conf_over_95": 0.0,
      "val_loss": 0.5117622911930084,
      "val_macro_f1": 0.7525441180373111,
      "val_verse_f1": 0.8271698113207546,
      "val_chorus_f1": 0.6779184247538678,
      "val_chorus_rate": 0.39940211176872253,
      "val_max_prob": 0.6742104589939117,
      "val_conf_over_90": 0.0,
      "val_conf_over_95": 0.0,
      "learning_rate": 0.00025277872840822046,
      "epoch_time": 3717.3668801784515,
      "val_boundary_f1": 0.3863447127393838,
      "val_boundary_precision": 0.2985842985842986,
      "val_boundary_recall": 0.5471698113207547,
      "val_complete_segments": 0.34967537369772006,
      "val_avg_segment_overlap": 0.6802234496943356,
      "val_verse_to_chorus_acc": 0.5088495575221239,
      "val_chorus_to_verse_acc": 0.5353535353535354,
      "val_window_diff": 0.4558450749175731,
      "val_pk_metric": 0.31199926327691074,
      "cnn_receptive_field_usage": 0.7000000000000001,
      "cnn_gradient_norm": 0.8559200763702393,
      "cnn_effective_layers": 1
    },
    {
      "epoch": 3,
      "train_loss": 0.5050874575972557,
      "train_chorus_rate": 0.38275808468461037,
      "train_max_prob": 0.6731393337249756,
      "train_conf_over_90": 0.0,
      "train_conf_over_95": 0.0,
      "val_loss": 0.506242573261261,
      "val_macro_f1": 0.7344803844604385,
      "val_verse_f1": 0.8103151862464184,
      "val_chorus_f1": 0.6586455826744586,
      "val_chorus_rate": 0.4124252647161484,
      "val_max_prob": 0.6934234201908112,
      "val_conf_over_90": 0.0,
      "val_conf_over_95": 0.0,
      "learning_rate": 0.00023902517818087557,
      "epoch_time": 850.7702820301056,
      "val_boundary_f1": 0.3778337531486146,
      "val_boundary_precision": 0.29335071707953064,
      "val_boundary_recall": 0.5306603773584906,
      "val_complete_segments": 0.2996678242488299,
      "val_avg_segment_overlap": 0.6703979286549718,
      "val_verse_to_chorus_acc": 0.4778761061946903,
      "val_chorus_to_verse_acc": 0.5555555555555556,
      "val_window_diff": 0.4706040277358623,
      "val_pk_metric": 0.33063003284137027,
      "cnn_receptive_field_usage": 0.7000000000000001,
      "cnn_gradient_norm": 3.296549826860428,
      "cnn_effective_layers": 1
    },
    {
      "epoch": 4,
      "train_loss": 0.4933962821960449,
      "train_chorus_rate": 0.38284918293356895,
      "train_max_prob": 0.7005357518792152,
      "train_conf_over_90": 0.0,
      "train_conf_over_95": 0.0,
      "val_loss": 0.5124746561050415,
      "val_macro_f1": 0.7863410398165944,
      "val_verse_f1": 0.868299609513667,
      "val_chorus_f1": 0.7043824701195219,
      "val_chorus_rate": 0.31822794675827026,
      "val_max_prob": 0.7232223153114319,
      "val_conf_over_90": 0.0,
      "val_conf_over_95": 0.0,
      "learning_rate": 0.00022061933537445498,
      "epoch_time": 1387.1425478458405,
      "val_boundary_f1": 0.4452901998097051,
      "val_boundary_precision": 0.37320574162679426,
      "val_boundary_recall": 0.5518867924528302,
      "val_complete_segments": 0.3573305148724143,
      "val_avg_segment_overlap": 0.702484397856422,
      "val_verse_to_chorus_acc": 0.5929203539823009,
      "val_chorus_to_verse_acc": 0.4393939393939394,
      "val_window_diff": 0.39711869565433533,
      "val_pk_metric": 0.2542925987525047,
      "cnn_receptive_field_usage": 0.7000000000000001,
      "cnn_gradient_norm": 4.698566623032093,
      "cnn_effective_layers": 1
    },
    {
      "epoch": 5,
      "train_loss": 0.5144790448248386,
      "train_chorus_rate": 0.334535863250494,
      "train_max_prob": 0.7109439373016357,
      "train_conf_over_90": 0.0,
      "train_conf_over_95": 0.0,
      "val_loss": 0.5038051307201385,
      "val_macro_f1": 0.7174276790408822,
      "val_verse_f1": 0.773081657775954,
      "val_chorus_f1": 0.6617737003058104,
      "val_chorus_rate": 0.5073711276054382,
      "val_max_prob": 0.6969837248325348,
      "val_conf_over_90": 0.0,
      "val_conf_over_95": 0.0,
      "learning_rate": 0.00019836562364063213,
      "epoch_time": 110.36161828041077,
      "val_boundary_f1": 0.33059360730593607,
      "val_boundary_precision": 0.2697466467958271,
      "val_boundary_recall": 0.4268867924528302,
      "val_complete_segments": 0.19659519855050583,
      "val_avg_segment_overlap": 0.6248002807038715,
      "val_verse_to_chorus_acc": 0.3141592920353982,
      "val_chorus_to_verse_acc": 0.5252525252525253,
      "val_window_diff": 0.4677871740269773,
      "val_pk_metric": 0.3477448937553204,
      "cnn_receptive_field_usage": 0.7000000000000001,
      "cnn_gradient_norm": 5.589185498654842,
      "cnn_effective_layers": 1
    },
    {
      "epoch": 6,
      "train_loss": 0.48684365302324295,
      "train_chorus_rate": 0.4385121501982212,
      "train_max_prob": 0.6693079024553299,
      "train_conf_over_90": 0.0,
      "train_conf_over_95": 0.0,
      "val_loss": 0.5011562556028366,
      "val_macro_f1": 0.7699172701368591,
      "val_verse_f1": 0.8472707222936959,
      "val_chorus_f1": 0.6925638179800222,
      "val_chorus_rate": 0.36558108031749725,
      "val_max_prob": 0.6815807819366455,
      "val_conf_over_90": 0.0,
      "val_conf_over_95": 0.0,