{
  "model_type": "CNN",
  "architecture": "CNNTagger",
  "experiment_name": "cnn_quick_test",
  "model_files": {
    "best_model": "best_cnn_model.pt",
    "final_model": "cnn_cnn_quick_test_128d_2layers_final.pt",
    "config_snapshot": "training_config_snapshot.yaml"
  },
  "architecture_config": {
    "hidden_dim": 128,
    "num_layers": 2,
    "dropout": 0.3,
    "kernel_sizes": [
      3,
      5,
      7
    ],
    "dilation_rates": [
      1,
      2,
      4
    ],
    "use_residual": true,
    "batch_multiplier": 1.5
  },
  "attention_config": {
    "enabled": true,
    "type": "boundary_aware",
    "heads": 4,
    "dropout": 0.1
  },
  "training_config": {
    "scheduler": "onecycle",
    "validation_strategy": "cnn_composite",
    "emergency_monitoring": true
  },
  "feature_dimension": 48,
  "total_parameters": 275711,
  "final_results": {
    "loss": 0.520751878619194,
    "chorus_rate": 0.4543883353471756,
    "max_prob_mean": 0.6851813942193985,
    "confidence_over_90": 0.0008392799645662308,
    "confidence_over_95": 0.0,
    "verse_f1": 0.7667753960857407,
    "chorus_f1": 0.598314606741573,
    "macro_f1": 0.6825450014136569,
    "boundary_f1": 0.2914238134887594,
    "boundary_precision": 0.19230769230769232,
    "boundary_recall": 0.6013745704467354,
    "complete_segments": 0.23896218673063568,
    "avg_segment_overlap": 0.5915643149184439,
    "verse_to_chorus_acc": 0.5922330097087378,
    "chorus_to_verse_acc": 0.4432234432234432,
    "window_diff": 0.5104371725018695,
    "pk_metric": 0.36088497768058475,
    "receptive_field_usage": 0.5,
    "effective_layers": 2,
    "gradient_stability": 0.694504413741569
  },
  "training_time_minutes": 1.4625512838363648
}