{
  "boundary_metrics": {
    "description": "Boundary-aware evaluation metrics for structural understanding",
    "line_level_metrics": {
      "macro_f1": 0.7064745972738538,
      "verse_f1": 0.8296158612143743,
      "chorus_f1": 0.5833333333333334
    },
    "boundary_detection": {
      "f1": 0.34853420195439744,
      "precision": 0.28763440860215056,
      "recall": 0.44214876033057854
    },
    "segment_quality": {
      "complete_segments_detected": 0.270578231292517,
      "avg_segment_overlap_iou": 0.5679211348357003
    },
    "transition_accuracy": {
      "verse_to_chorus": 0.4263565891472868,
      "chorus_to_verse": 0.3893805309734513
    }
  },
  "historical_progression": [
    {
      "epoch": 1,
      "boundary_f1": 0.16430594900849857,
      "complete_segments": 0.1451829380400809,
      "verse_to_chorus_acc": 0.12403100775193798,
      "chorus_to_verse_acc": 0.08849557522123894
    },
    {
      "epoch": 2,
      "boundary_f1": 0.3096085409252669,
      "complete_segments": 0.20604430961573816,
      "verse_to_chorus_acc": 0.29457364341085274,
      "chorus_to_verse_acc": 0.35398230088495575
    },
    {
      "epoch": 3,
      "boundary_f1": 0.34853420195439744,
      "complete_segments": 0.270578231292517,
      "verse_to_chorus_acc": 0.4263565891472868,
      "chorus_to_verse_acc": 0.3893805309734513
    }
  ],
  "export_timestamp": 1755538451.907821,
  "model_config": {
    "experiment_name": "training_validation_segment_composite_2layer_v1",
    "batch_size": 24,
    "learning_rate": 0.0008,
    "scheduler": "cosine"
  }
}