{
  "metadata": {
    "model_info": {
      "architecture": "CNN",
      "hidden_dim": 128,
      "num_layers": 1,
      "dropout": 0.2571040329333564,
      "layer_dropout": 0.0,
      "kernel_sizes": [
        3,
        5
      ],
      "dilation_rates": [
        1,
        2
      ],
      "use_residual": true,
      "attention_enabled": false,
      "attention_type": "self",
      "attention_heads": 4,
      "total_params": 70914,
      "cnn_params": 65920,
      "attention_params": 0
    },
    "training_info": {
      "batch_size": 32,
      "learning_rate": 0.0003537855468923014,
      "scheduler": "onecycle",
      "scheduler_type": "step",
      "validation_strategy": "line_f1",
      "total_epochs": 12,
      "early_stopping_mode": "cnn_calibration",
      "convergence_window": 5
    },
    "calibration_info": {
      "temperature": {
        "ece_before": 0.09240374507744793,
        "ece_after": 0.03043185793639165,
        "improvement": 0.06197188714105628,
        "params": {
          "temperature": 0.5950673647331057
        }
      },
      "platt": {
        "ece_before": 0.09240374507744793,
        "ece_after": 0.031180650259282117,
        "improvement": 0.06122309481816582,
        "params": {
          "A": 1.637816383303685,
          "B": 0.0
        }
      }
    }
  },
  "metrics": [
    {
      "epoch": 1,
      "train_loss": 0.5629579644454153,
      "train_chorus_rate": 0.2061280584649036,
      "train_max_prob": 0.5404794153414274,
      "train_conf_over_90": 0.0,
      "train_conf_over_95": 0.0,
      "val_loss": 0.5797087997198105,
      "val_macro_f1": 0.6257447183541913,
      "val_verse_f1": 0.8066225165562914,
      "val_chorus_f1": 0.4448669201520913,
      "val_chorus_rate": 0.2184743508696556,
      "val_max_prob": 0.5249180197715759,
      "val_conf_over_90": 0.0,
      "val_conf_over_95": 0.0,
      "learning_rate": 1.649332345141026e-05,
      "epoch_time": 334.9937300682068,
      "val_boundary_f1": 0.2696817420435511,
      "val_boundary_precision": 0.20909090909090908,
      "val_boundary_recall": 0.37971698113207547,
      "val_complete_segments": 0.1423312746151092,
      "val_avg_segment_overlap": 0.45579513022979146,
      "val_verse_to_chorus_acc": 0.2920353982300885,
      "val_chorus_to_verse_acc": 0.35858585858585856,
      "val_window_diff": 0.43625626180893295,
      "val_pk_metric": 0.32313877349099807,
      "cnn_receptive_field_usage": 0.4,
      "cnn_gradient_norm": 5.076060659007022,
      "cnn_effective_layers": 1
    },
    {
      "epoch": 2,
      "train_loss": 0.5504280171896282,
      "train_chorus_rate": 0.37989179868447154,
      "train_max_prob": 0.534515402818981,
      "train_conf_over_90": 0.0,
      "train_conf_over_95": 0.0,
      "val_loss": 0.5663524717092514,
      "val_macro_f1": 0.6596249825171343,
      "val_verse_f1": 0.7770677378126711,
      "val_chorus_f1": 0.5421822272215974,
      "val_chorus_rate": 0.35625964403152466,
      "val_max_prob": 0.5447886735200882,
      "val_conf_over_90": 0.0,
      "val_conf_over_95": 0.0,
      "learning_rate": 2.3454435105179326e-05,
      "epoch_time": 236.7407727241516,
      "val_boundary_f1": 0.3009900990099009,
      "val_boundary_precision": 0.2593856655290102,
      "val_boundary_recall": 0.3584905660377358,
      "val_complete_segments": 0.14337894248608535,
      "val_avg_segment_overlap": 0.5039366770018354,
      "val_verse_to_chorus_acc": 0.26991150442477874,
      "val_chorus_to_verse_acc": 0.3838383838383838,
      "val_window_diff": 0.4188778058022688,
      "val_pk_metric": 0.32945168250044155,
      "cnn_receptive_field_usage": 0.4,
      "cnn_gradient_norm": 1.6776614879306995,
      "cnn_effective_layers": 1
    },
    {
      "epoch": 3,
      "train_loss": 0.5291471010760257,
      "train_chorus_rate": 0.3634275268567236,
      "train_max_prob": 0.5677751679169504,
      "train_conf_over_90": 0.0,
      "train_conf_over_95": 0.0,
      "val_loss": 0.5455421954393387,
      "val_macro_f1": 0.6401094121050801,
      "val_verse_f1": 0.713819812474521,
      "val_chorus_f1": 0.5663990117356392,
      "val_chorus_rate": 0.49683183431625366,
      "val_max_prob": 0.5817072838544846,
      "val_conf_over_90": 0.0,
      "val_conf_over_95": 0.0,
      "learning_rate": 3.48427591883541e-05,
      "epoch_time": 150.35669016838074,
      "val_boundary_f1": 0.19484240687679083,
      "val_boundary_precision": 0.1637239165329053,
      "val_boundary_recall": 0.24056603773584906,
      "val_complete_segments": 0.06806932102984735,
      "val_avg_segment_overlap": 0.4737518652978112,
      "val_verse_to_chorus_acc": 0.12389380530973451,
      "val_chorus_to_verse_acc": 0.3333333333333333,
      "val_window_diff": 0.4651230191930834,
      "val_pk_metric": 0.37646956831302925,
      "cnn_receptive_field_usage": 0.4,
      "cnn_gradient_norm": 1.5880225426272343,
      "cnn_effective_layers": 1
    },
    {
      "epoch": 4,
      "train_loss": 0.5009271910316065,
      "train_chorus_rate": 0.31138628407528524,
      "train_max_prob": 0.6168908414087797,
      "train_conf_over_90": 0.0,
      "train_conf_over_95": 0.0,
      "val_loss": 0.5339429080486298,
      "val_macro_f1": 0.6529698608995484,
      "val_verse_f1": 0.733506079330277,
      "val_chorus_f1": 0.5724336424688199,
      "val_chorus_rate": 0.4695003479719162,
      "val_max_prob": 0.6152828484773636,
      "val_conf_over_90": 0.0,
      "val_conf_over_95": 0.0,
      "learning_rate": 5.034418905321342e-05,
      "epoch_time": 161.21241807937622,
      "val_boundary_f1": 0.19723502304147467,
      "val_boundary_precision": 0.16187594553706505,
      "val_boundary_recall": 0.25235849056603776,
      "val_complete_segments": 0.07067486085343228,
      "val_avg_segment_overlap": 0.5114099318811933,
      "val_verse_to_chorus_acc": 0.12389380530973451,
      "val_chorus_to_verse_acc": 0.3282828282828283,
      "val_window_diff": 0.4499601826960882,
      "val_pk_metric": 0.371441801940949,
      "cnn_receptive_field_usage": 0.4,
      "cnn_gradient_norm": 2.411900884226749,
      "cnn_effective_layers": 1
    },
    {
      "epoch": 5,
      "train_loss": 0.5054011721360055,
      "train_chorus_rate": 0.4340038032908189,
      "train_max_prob": 0.6402451019538077,
      "train_conf_over_90": 0.0,
      "train_conf_over_95": 0.0,
      "val_loss": 0.5251438021659851,
      "val_macro_f1": 0.6740020768593278,
      "val_verse_f1": 0.7591041869522882,
      "val_chorus_f1": 0.5888999667663675,
      "val_chorus_rate": 0.44002199172973633,
      "val_max_prob": 0.6464596837759018,
      "val_conf_over_90": 0.0,
      "val_conf_over_95": 0.0,
      "learning_rate": 6.953117257407348e-05,
      "epoch_time": 178.36974596977234,
      "val_boundary_f1": 0.2514506769825918,
      "val_boundary_precision": 0.21311475409836064,
      "val_boundary_recall": 0.30660377358490565,
      "val_complete_segments": 0.11291764313380855,
      "val_avg_segment_overlap": 0.5416721990337677,
      "val_verse_to_chorus_acc": 0.1902654867256637,
      "val_chorus_to_verse_acc": 0.3888888888888889,
      "val_window_diff": 0.41415045217260277,
      "val_pk_metric": 0.3439418582171143,
      "cnn_receptive_field_usage": 0.4,
      "cnn_gradient_norm": 2.6212894163633647,
      "cnn_effective_layers": 1
    },
    {
      "epoch": 6,
      "train_loss": 0.4925654608952372,
      "train_chorus_rate": 0.38671609288767766,
      "train_max_prob": 0.6477896571159363,
      "train_conf_over_90": 0.0,
      "train_conf_over_95": 0.0,
      "val_loss": 0.5132874324917793,
      "val_macro_f1": 0.6771014405882236,
      "val_verse_f1": 0.7367330016583749,
      "val_chorus_f1": 0.6174698795180724,
      "val_chorus_rate": 0.5168790966272354,
      "val_max_prob": 0.6423758566379547,
      "val_conf_over_90": 0.0,
      "val_conf_over_95": 0.0,
      "learning_rate": 9.187450466073804e-05,
      "epoch_time": 203.195739030838,
      "val_boundary_f1": 0.2395644283121597,