{
  "trial_number": 11,
  "trial_id": "cnn_trial_0011",
  "model_type": "CNN",
  "training_score": 0.6033157740029085,
  "optuna_objective": 0.25768087215064417,
  "validation_metrics": {
    "line_f1": 0.6033157740029085,
    "boundary_f1": 0.25768087215064417,
    "macro_f1": 0.6033157740029085,
    "verse_f1": 0.6212406015037594,
    "chorus_f1": 0.5853909465020577,
    "boundary_precision": 0.2222222222222222,
    "boundary_recall": 0.30660377358490565,
    "window_diff": 0.4250179214387838,
    "pk_metric": 0.3486287256920381,
    "confidence": 0.6630957275629044,
    "val_loss": 0.5151231586933136
  },
  "all_results": {
    "line_f1": 0.6033157740029085,
    "boundary_f1": 0.25768087215064417,
    "macro_f1": 0.6033157740029085,
    "verse_f1": 0.6212406015037594,
    "chorus_f1": 0.5853909465020577,
    "boundary_precision": 0.2222222222222222,
    "boundary_recall": 0.30660377358490565,
    "window_diff": 0.4250179214387838,
    "pk_metric": 0.3486287256920381,
    "confidence": 0.6630957275629044,
    "val_loss": 0.5151231586933136
  },
  "parameters": {
    "hidden_dim": 128,
    "num_layers": 1,
    "dropout": 0.2571040329333564,
    "cnn_kernel_sizes": "3,5",
    "cnn_dilation_rates": "1,2",
    "cnn_use_residual": true,
    "cnn_batch_multiplier": 1.0490155104810341,
    "attention_enabled": false,
    "max_epochs": 12,
    "batch_size": 32,
    "learning_rate": 0.0003537855468923014,
    "weight_decay": 0.013329824715606437,
    "scheduler": "onecycle",
    "min_delta": 0.0009792394749785099,
    "gradient_clip_norm": 0.9542572144954471,
    "validation_strategy": "line_f1",
    "boundary_weight": 2.0096604030609377,
    "label_smoothing": 0.16174643083370463,
    "segment_consistency_lambda": 0.020003968466418356,
    "conf_penalty_lambda": 0.008285726521637808,
    "conf_threshold": 0.9284424277873689,
    "entropy_lambda": 0.03551649772099251,
    "max_confidence_threshold": 0.901957296976135,
    "min_chorus_rate": 0.050297906834145784,
    "max_chorus_rate": 0.8214217246903499,
    "max_conf_over_95_ratio": 0.06084321107900702,
    "head_ssm_enabled": false,
    "tail_ssm_enabled": true,
    "phonetic_ssm_enabled": false,
    "pos_ssm_enabled": false,
    "string_ssm_enabled": false,
    "syllable_pattern_ssm_enabled": false,
    "line_syllable_ssm_enabled": false,
    "word2vec_enabled": true,
    "contextual_enabled": true,
    "head_tail_words": 4,
    "phonetic_mode": "alliteration",
    "phonetic_similarity": "binary",
    "phonetic_threshold": 0.2865172321723614,
    "pos_tagset": "universal",
    "pos_similarity": "combined",
    "pos_threshold": 0.2659454619208046,
    "string_similarity": "levenshtein",
    "string_threshold": 0.045722201495258595
  },
  "duration_minutes": 0
}