{
  "trial_number": 87,
  "timestamp": 1756218038.2823749,
  "boundary_f1": 0.3878550440744368,
  "line_f1": 0.7471047984131978,
  "macro_f1": 0.7471047984131978,
  "verse_f1": 0.8329972502291475,
  "chorus_f1": 0.661212346597248,
  "windowdiff": 0.3835788421940857,
  "pk": 0.27186224707428064,
  "val_loss": 0.49559320509433746,
  "val_accuracy": 0.0,
  "weighted_f1": 0.0,
  "training_time": 2030.1238939762115,
  "training_time_minutes": 33.83539823293686,
  "total_params": 0,
  "actual_epochs": 15,
  "config_summary": {
    "attention_enabled": true,
    "hidden_dim": 256,
    "num_layers": 2,
    "max_epochs": 15,
    "batch_size": 32,
    "learning_rate": 0.0009468786539653119,
    "boundary_weight": 1.945975121242729,
    "label_smoothing": 0.20079896172312053
  },
  "validation_strategy": "composite",
  "all_metrics": {
    "loss": 0.49559320509433746,
    "chorus_rate": 0.3614005297422409,
    "max_prob_mean": 0.6989698708057404,
    "confidence_over_90": 0.02503240341320634,
    "confidence_over_95": 0.0,
    "verse_f1": 0.8329972502291475,
    "chorus_f1": 0.661212346597248,
    "macro_f1": 0.7471047984131978,
    "boundary_f1": 0.3878550440744368,
    "boundary_precision": 0.3316582914572864,
    "boundary_recall": 0.4669811320754717,
    "complete_segments": 0.24308997681214015,
    "avg_segment_overlap": 0.642987679784255,
    "verse_to_chorus_acc": 0.42035398230088494,
    "chorus_to_verse_acc": 0.41414141414141414,
    "window_diff": 0.3835788421940857,
    "pk_metric": 0.27186224707428064
  },
  "parameters": {
    "hidden_dim": 256,
    "num_layers": 2,
    "dropout": 0.18846526869816876,
    "layer_dropout": 0.2146160531549492,
    "attention_enabled": true,
    "attention_type": "self",
    "attention_heads": 4,
    "attention_dropout": 0.23372379035592697,
    "max_epochs": 15,
    "batch_size": 32,
    "learning_rate": 0.0009468786539653119,
    "weight_decay": 0.01759056186308215,
    "scheduler": "cosine",
    "min_delta": 0.0001029831484187306,
    "gradient_clip_norm": 0.4270817695044167,
    "validation_strategy": "composite",
    "head_tail_words": 4,
    "boundary_weight": 1.945975121242729,
    "label_smoothing": 0.20079896172312053,
    "segment_consistency_lambda": 0.02506514114054984,
    "conf_penalty_lambda": 0.013350813303046279,
    "conf_threshold": 0.9434316412647863,
    "entropy_lambda": 0.02200603548328894,
    "max_confidence_threshold": 0.9231846333116509,
    "min_chorus_rate": 0.08480229486528,
    "max_chorus_rate": 0.7634267427084284,
    "max_conf_over_95_ratio": 0.06480843635420178,
    "head_ssm_enabled": true,
    "tail_ssm_enabled": false,
    "phonetic_ssm_enabled": true,
    "pos_ssm_enabled": true,
    "string_ssm_enabled": false,
    "syllable_pattern_ssm_enabled": true,
    "line_syllable_ssm_enabled": false,
    "word2vec_enabled": false,
    "contextual_enabled": true,
    "phonetic_mode": "rhyme",
    "phonetic_similarity_method": "sequence_match",
    "phonetic_normalize": false,
    "phonetic_normalize_method": "zscore",
    "phonetic_high_sim_threshold": 0.3201843635323599,
    "pos_tagset": "universal",
    "pos_similarity_method": "lcs",
    "pos_high_sim_threshold": 0.2767001362468032,
    "string_case_sensitive": false,
    "string_remove_punctuation": true,
    "string_similarity_threshold": 0.05205552341045812,
    "string_similarity_method": "word_overlap",
    "syllable_pattern_similarity_method": "cosine",
    "syllable_pattern_levenshtein_weight": 0.6446273920592537,
    "syllable_pattern_cosine_weight": 0.2123780686161046,
    "syllable_pattern_normalize": true,
    "syllable_pattern_normalize_method": "minmax",
    "line_syllable_similarity_method": "cosine",
    "line_syllable_ratio_threshold": 0.1041903509773151,
    "line_syllable_normalize": true,
    "line_syllable_normalize_method": "minmax",
    "word2vec_mode": "summary",
    "word2vec_normalize": true,
    "word2vec_similarity_metric": "cosine",
    "word2vec_high_sim_threshold": 0.7863144661809882,
    "contextual_mode": "complete",
    "contextual_normalize": false,
    "contextual_similarity_metric": "dot",
    "contextual_high_sim_threshold": 0.6537646884547256
  },
  "config": {
    "hidden_dim": 256,
    "num_layers": 2,
    "layer_dropout": 0.2146160531549492,
    "num_classes": 2,
    "dropout": 0.18846526869816876,
    "attention_enabled": true,
    "attention_type": "self",
    "attention_heads": 4,
    "attention_dropout": 0.23372379035592697,
    "attention_dim": 256,
    "positional_encoding": true,
    "max_seq_length": 1000,
    "window_size": 7,
    "boundary_temperature": 2.0,
    "batch_size": 32,
    "learning_rate": 0.0009468786539653119,
    "weight_decay": 0.01759056186308215,
    "max_epochs": 15,
    "patience": 4,
    "gradient_clip_norm": 0.4270817695044167,
    "scheduler": "cosine",
    "min_lr": 1e-06,
    "cosine_t_max": 15,
    "warmup_epochs": 5,
    "lr_factor": 0.5,
    "lr_patience": 10,
    "step_size": 30,
    "step_gamma": 0.5,
    "cosine_t0": 10,
    "cosine_t_mult": 2,
    "min_delta": 0.0001029831484187306,
    "train_file": "data/train.jsonl",
    "val_file": "data/val.jsonl",
    "test_file": "data/test.jsonl",
    "weighted_sampling": true,
    "emergency_monitoring_enabled": true,
    "max_confidence_threshold": 0.9231846333116509,
    "min_chorus_rate": 0.08480229486528,
    "max_chorus_rate": 0.7634267427084284,
    "max_conf_over_95_ratio": 0.06480843635420178,
    "val_overconf_threshold": 0.96,
    "val_f1_collapse_threshold": 0.1,
    "loss": {
      "loss_type": "boundary_aware",
      "boundary_weight": 1.945975121242729,
      "label_smoothing": 0.20079896172312053,
      "segment_consistency_lambda": 0.02506514114054984,
      "conf_penalty_lambda": 0.013350813303046279,
      "conf_threshold": 0.9434316412647863,
      "entropy_lambda": 0.02200603548328894
    },
    "calibration_enabled": true,
    "calibration_methods": [
      "temperature",
      "platt"
    ],
    "validation_strategy": "composite",
    "head_ssm_enabled": true,
    "head_ssm_words": 4,
    "head_ssm_dimension": 12,
    "tail_ssm_enabled": false,
    "tail_ssm_words": 4,
    "tail_ssm_dimension": 12,
    "phonetic_ssm_enabled": true,
    "phonetic_ssm_mode": "rhyme",
    "phonetic_ssm_dimension": 12,
    "phonetic_ssm_similarity_method": "sequence_match",
    "phonetic_ssm_normalize": false,
    "phonetic_ssm_normalize_method": "zscore",
    "phonetic_ssm_high_sim_threshold": 0.3201843635323599,
    "pos_ssm_enabled": true,
    "pos_ssm_tagset": "universal",
    "pos_ssm_similarity_method": "lcs",
    "pos_ssm_high_sim_threshold": 0.2767001362468032,
    "pos_ssm_dimension": 12,
    "string_ssm_enabled": false,
    "string_ssm_case_sensitive": false,
    "string_ssm_remove_punctuation": true,
    "string_ssm_similarity_threshold": 0.05205552341045812,
    "string_ssm_similarity_method": "word_overlap",
    "string_ssm_dimension": 12,
    "syllable_pattern_ssm_enabled": true,
    "syllable_pattern_ssm_similarity_method": "cosine",
    "syllable_pattern_ssm_levenshtein_weight": 0.7521858630296926,
    "syllable_pattern_ssm_cosine_weight": 0.24781413697030735,
    "syllable_pattern_ssm_normalize": true,
    "syllable_pattern_ssm_normalize_method": "minmax",
    "syllable_pattern_ssm_dimension": 12,
    "line_syllable_ssm_enabled": false,
    "line_syllable_ssm_similarity_method": "cosine",
    "line_syllable_ssm_ratio_threshold": 0.1041903509773151,
    "line_syllable_ssm_normalize": true,
    "line_syllable_ssm_normalize_method": "minmax",
    "line_syllable_ssm_dimension": 12,
    "word2vec_enabled": false,
    "word2vec_model": "word2vec-google-news-300",
    "word2vec_mode": "summary",
    "word2vec_normalize": true,
    "word2vec_similarity_metric": "cosine",
    "word2vec_high_sim_threshold": 0.7863144661809882,
    "contextual_enabled": true,
    "contextual_model": "all-MiniLM-L6-v2",
    "contextual_mode": "complete",
    "contextual_normalize": false,