{
  "trial_number": 102,
  "timestamp": 1756234273.862734,
  "boundary_f1": 0.4300202839756592,
  "line_f1": 0.7736929605032457,
  "macro_f1": 0.7736929605032457,
  "verse_f1": 0.8598363571682676,
  "chorus_f1": 0.6875495638382236,
  "windowdiff": 0.34224867872017856,
  "pk": 0.23741552545706124,
  "val_loss": 0.485375814139843,
  "val_accuracy": 0.0,
  "weighted_f1": 0.0,
  "training_time": 1598.4051442146301,
  "training_time_minutes": 26.640085736910503,
  "total_params": 0,
  "actual_epochs": 15,
  "config_summary": {
    "attention_enabled": true,
    "hidden_dim": 256,
    "num_layers": 1,
    "max_epochs": 15,
    "batch_size": 32,
    "learning_rate": 0.0008134741470873795,
    "boundary_weight": 1.8955530620591903,
    "label_smoothing": 0.22085124069270595
  },
  "validation_strategy": "composite",
  "all_metrics": {
    "loss": 0.485375814139843,
    "chorus_rate": 0.3204469755291939,
    "max_prob_mean": 0.689225897192955,
    "confidence_over_90": 0.011192044243216515,
    "confidence_over_95": 0.0,
    "verse_f1": 0.8598363571682676,
    "chorus_f1": 0.6875495638382236,
    "macro_f1": 0.7736929605032457,
    "boundary_f1": 0.4300202839756592,
    "boundary_precision": 0.37722419928825623,
    "boundary_recall": 0.5,
    "complete_segments": 0.31925155347742834,
    "avg_segment_overlap": 0.6699107058818954,
    "verse_to_chorus_acc": 0.4557522123893805,
    "chorus_to_verse_acc": 0.4696969696969697,
    "window_diff": 0.34224867872017856,
    "pk_metric": 0.23741552545706124
  },
  "parameters": {
    "hidden_dim": 256,
    "num_layers": 1,
    "dropout": 0.22961636888313067,
    "attention_enabled": true,
    "attention_type": "localized",
    "attention_heads": 4,
    "attention_dropout": 0.22807861176983377,
    "max_epochs": 15,
    "batch_size": 32,
    "learning_rate": 0.0008134741470873795,
    "weight_decay": 0.01847630007448729,
    "scheduler": "cosine",
    "min_delta": 0.0005580935505960966,
    "gradient_clip_norm": 0.34104789626018633,
    "validation_strategy": "composite",
    "head_tail_words": 2,
    "boundary_weight": 1.8955530620591903,
    "label_smoothing": 0.22085124069270595,
    "segment_consistency_lambda": 0.016759331618848985,
    "conf_penalty_lambda": 0.008487477199529903,
    "conf_threshold": 0.9266178147704867,
    "entropy_lambda": 0.0353841595360227,
    "max_confidence_threshold": 0.9374414818434866,
    "min_chorus_rate": 0.07890595250581456,
    "max_chorus_rate": 0.7756375529118178,
    "max_conf_over_95_ratio": 0.19073237415099142,
    "head_ssm_enabled": true,
    "tail_ssm_enabled": true,
    "phonetic_ssm_enabled": true,
    "pos_ssm_enabled": true,
    "string_ssm_enabled": true,
    "syllable_pattern_ssm_enabled": true,
    "line_syllable_ssm_enabled": false,
    "word2vec_enabled": true,
    "contextual_enabled": true,
    "phonetic_mode": "combined",
    "phonetic_similarity_method": "binary",
    "phonetic_normalize": true,
    "phonetic_normalize_method": "minmax",
    "phonetic_high_sim_threshold": 0.2795657363264915,
    "pos_tagset": "universal",
    "pos_similarity_method": "combined",
    "pos_high_sim_threshold": 0.2247254299159041,
    "string_case_sensitive": false,
    "string_remove_punctuation": false,
    "string_similarity_threshold": 0.053912214354492324,
    "string_similarity_method": "jaccard",
    "syllable_pattern_similarity_method": "cosine",
    "syllable_pattern_levenshtein_weight": 0.6948186680121956,
    "syllable_pattern_cosine_weight": 0.21181609361985923,
    "syllable_pattern_normalize": true,
    "syllable_pattern_normalize_method": "zscore",
    "line_syllable_similarity_method": "cosine",
    "line_syllable_ratio_threshold": 0.10203507629555494,
    "line_syllable_normalize": true,
    "line_syllable_normalize_method": "minmax",
    "word2vec_mode": "summary",
    "word2vec_normalize": true,
    "word2vec_similarity_metric": "cosine",
    "word2vec_high_sim_threshold": 0.7690363176020014,
    "contextual_mode": "summary",
    "contextual_normalize": false,
    "contextual_similarity_metric": "dot",
    "contextual_high_sim_threshold": 0.6559675871299494
  },
  "config": {
    "hidden_dim": 256,
    "num_layers": 1,
    "layer_dropout": 0.0,
    "num_classes": 2,
    "dropout": 0.22961636888313067,
    "attention_enabled": true,
    "attention_type": "localized",
    "attention_heads": 4,
    "attention_dropout": 0.22807861176983377,
    "attention_dim": 256,
    "positional_encoding": true,
    "max_seq_length": 1000,
    "window_size": 7,
    "boundary_temperature": 2.0,
    "batch_size": 32,
    "learning_rate": 0.0008134741470873795,
    "weight_decay": 0.01847630007448729,
    "max_epochs": 15,
    "patience": 4,
    "gradient_clip_norm": 0.34104789626018633,
    "scheduler": "cosine",
    "min_lr": 1e-06,
    "cosine_t_max": 15,
    "warmup_epochs": 5,
    "lr_factor": 0.5,
    "lr_patience": 10,
    "step_size": 30,
    "step_gamma": 0.5,
    "cosine_t0": 10,
    "cosine_t_mult": 2,
    "min_delta": 0.0005580935505960966,
    "train_file": "data/train.jsonl",
    "val_file": "data/val.jsonl",
    "test_file": "data/test.jsonl",
    "weighted_sampling": true,
    "emergency_monitoring_enabled": true,
    "max_confidence_threshold": 0.9374414818434866,
    "min_chorus_rate": 0.07890595250581456,
    "max_chorus_rate": 0.7756375529118178,
    "max_conf_over_95_ratio": 0.19073237415099142,
    "val_overconf_threshold": 0.96,
    "val_f1_collapse_threshold": 0.1,
    "loss": {
      "loss_type": "boundary_aware",
      "boundary_weight": 1.8955530620591903,
      "label_smoothing": 0.22085124069270595,
      "segment_consistency_lambda": 0.016759331618848985,
      "conf_penalty_lambda": 0.008487477199529903,
      "conf_threshold": 0.9266178147704867,
      "entropy_lambda": 0.0353841595360227
    },
    "calibration_enabled": true,
    "calibration_methods": [
      "temperature",
      "platt"
    ],
    "validation_strategy": "composite",
    "head_ssm_enabled": true,
    "head_ssm_words": 2,
    "head_ssm_dimension": 12,
    "tail_ssm_enabled": true,
    "tail_ssm_words": 2,
    "tail_ssm_dimension": 12,
    "phonetic_ssm_enabled": true,
    "phonetic_ssm_mode": "combined",
    "phonetic_ssm_dimension": 12,
    "phonetic_ssm_similarity_method": "binary",
    "phonetic_ssm_normalize": true,
    "phonetic_ssm_normalize_method": "minmax",
    "phonetic_ssm_high_sim_threshold": 0.2795657363264915,
    "pos_ssm_enabled": true,
    "pos_ssm_tagset": "universal",
    "pos_ssm_similarity_method": "combined",
    "pos_ssm_high_sim_threshold": 0.2247254299159041,
    "pos_ssm_dimension": 12,
    "string_ssm_enabled": true,
    "string_ssm_case_sensitive": false,
    "string_ssm_remove_punctuation": false,
    "string_ssm_similarity_threshold": 0.053912214354492324,
    "string_ssm_similarity_method": "jaccard",
    "string_ssm_dimension": 12,
    "syllable_pattern_ssm_enabled": true,
    "syllable_pattern_ssm_similarity_method": "cosine",
    "syllable_pattern_ssm_levenshtein_weight": 0.7663710872517573,
    "syllable_pattern_ssm_cosine_weight": 0.2336289127482428,
    "syllable_pattern_ssm_normalize": true,
    "syllable_pattern_ssm_normalize_method": "zscore",
    "syllable_pattern_ssm_dimension": 12,
    "line_syllable_ssm_enabled": false,
    "line_syllable_ssm_similarity_method": "cosine",
    "line_syllable_ssm_ratio_threshold": 0.10203507629555494,
    "line_syllable_ssm_normalize": true,
    "line_syllable_ssm_normalize_method": "minmax",
    "line_syllable_ssm_dimension": 12,
    "word2vec_enabled": true,
    "word2vec_model": "word2vec-google-news-300",
    "word2vec_mode": "summary",
    "word2vec_normalize": true,
    "word2vec_similarity_metric": "cosine",
    "word2vec_high_sim_threshold": 0.7690363176020014,
    "contextual_enabled": true,
    "contextual_model": "all-MiniLM-L6-v2",
    "contextual_mode": "summary",
    "contextual_normalize": false,
    "contextual_similarity_metric": "dot",