{
  "method": "platt",
  "params": {
    "A": 1.4999887668368552,
    "B": 0.0
  },
  "ece_before": 0.04222365902015877,
  "ece_after": 0.07315540708938142,
  "improvement": -0.030931748069222657,
  "all_results": [
    {
      "method": "temperature",
      "params": {
        "temperature": 0.5115188596834167
      },
      "ece_before": 0.04222365902015877,
      "ece_after": 0.07339671138520325,
      "improvement": -0.03117305236504448
    },
    {
      "method": "platt",
      "params": {
        "A": 1.4999887668368552,
        "B": 0.0
      },
      "ece_before": 0.04222365902015877,
      "ece_after": 0.07315540708938142,
      "improvement": -0.030931748069222657
    }
  ]
}