{
  "trial_number": 4,
  "timestamp": 1755971641.180706,
  "boundary_f1": 0.08880994671403197,
  "line_f1": 0.0,
  "windowdiff": 1.0,
  "pk": 1.0,
  "val_loss": Infinity,
  "val_accuracy": 0.0,
  "weighted_f1": 0.0,
  "training_time": 357.50417470932007,
  "training_time_minutes": 5.958402911822001,
  "total_params": 0,
  "actual_epochs": 8,
  "config_summary": {
    "attention_enabled": false,
    "hidden_dim": 128,
    "num_layers": 2,
    "max_epochs": 8,
    "batch_size": 64,
    "learning_rate": 0.0009358014285756778,
    "boundary_weight": 2.0062320481965203,
    "label_smoothing": 0.26385263734046316
  },
  "validation_strategy": "composite",
  "all_metrics": {
    "loss": 0.578888863325119,
    "chorus_rate": 0.4872720241546631,
    "max_prob_mean": 0.5461050271987915,
    "confidence_over_90": 0.0,
    "confidence_over_95": 0.0,
    "verse_f1": 0.6302146618063993,
    "chorus_f1": 0.430442919525889,
    "macro_f1": 0.5303287906661441,
    "boundary_f1": 0.08880994671403197,
    "boundary_precision": 0.17985611510791366,
    "boundary_recall": 0.0589622641509434,
    "complete_segments": 0.01825909961685824,
    "avg_segment_overlap": 0.21272159396883092,
    "verse_to_chorus_acc": 0.07964601769911504,
    "chorus_to_verse_acc": 0.010101010101010102,
    "window_diff": 0.4253419276634875,
    "pk_metric": 0.4355955566446007
  },
  "parameters": {
    "hidden_dim": 128,
    "num_layers": 2,
    "dropout": 0.28427244341715946,
    "layer_dropout": 0.26852273363757145,
    "attention_enabled": false,
    "max_epochs": 8,
    "batch_size": 64,
    "learning_rate": 0.0009358014285756778,
    "weight_decay": 0.017976736292988307,
    "scheduler": "cosine",
    "min_delta": 0.0006561219150323484,
    "gradient_clip_norm": 0.43350151645985313,
    "validation_strategy": "composite",
    "head_tail_words": 2,
    "boundary_weight": 2.0062320481965203,
    "label_smoothing": 0.26385263734046316,
    "segment_consistency_lambda": 0.0169696480655328,
    "conf_penalty_lambda": 0.007833821904542532,
    "conf_threshold": 0.9024844361548683,
    "entropy_lambda": 0.053502793382295674,
    "max_confidence_threshold": 0.9522760044436371,
    "min_chorus_rate": 0.08109781188138182,
    "max_chorus_rate": 0.7576874634342269,
    "max_conf_over_95_ratio": 0.1992641058415171,
    "head_ssm_enabled": true,
    "tail_ssm_enabled": true,
    "phonetic_ssm_enabled": false,
    "pos_ssm_enabled": false,
    "string_ssm_enabled": false,
    "syllable_pattern_ssm_enabled": false,
    "line_syllable_ssm_enabled": true,
    "word2vec_enabled": true,
    "contextual_enabled": false,
    "phonetic_mode": "alliteration",
    "phonetic_similarity_method": "binary",
    "phonetic_normalize": false,
    "phonetic_normalize_method": "minmax",
    "phonetic_high_sim_threshold": 0.2775850188280441,
    "pos_tagset": "universal",
    "pos_similarity_method": "position",
    "pos_high_sim_threshold": 0.31262034827579444,
    "string_case_sensitive": false,
    "string_remove_punctuation": false,
    "string_similarity_threshold": 0.0611450600547167,
    "string_similarity_method": "jaccard",
    "syllable_pattern_similarity_method": "levenshtein",
    "syllable_pattern_levenshtein_weight": 0.7488425390579386,
    "syllable_pattern_cosine_weight": 0.333681249177572,
    "syllable_pattern_normalize": false,
    "syllable_pattern_normalize_method": "zscore",
    "line_syllable_similarity_method": "cosine",
    "line_syllable_ratio_threshold": 0.08869584177487749,
    "line_syllable_normalize": true,
    "line_syllable_normalize_method": "minmax",
    "word2vec_mode": "summary",
    "word2vec_normalize": false,
    "word2vec_similarity_metric": "dot",
    "word2vec_high_sim_threshold": 0.7788431443707371,
    "contextual_mode": "complete",
    "contextual_normalize": true,
    "contextual_similarity_metric": "dot",
    "contextual_high_sim_threshold": 0.7125377579722003
  },
  "config": {
    "hidden_dim": 128,
    "num_layers": 2,
    "layer_dropout": 0.26852273363757145,
    "num_classes": 2,
    "dropout": 0.28427244341715946,
    "attention_enabled": false,
    "attention_type": null,
    "attention_heads": 1,
    "attention_dropout": 0.0,
    "attention_dim": 128,
    "positional_encoding": false,
    "max_seq_length": 1000,
    "window_size": 7,
    "boundary_temperature": 2.0,
    "batch_size": 64,
    "learning_rate": 0.0009358014285756778,
    "weight_decay": 0.017976736292988307,
    "max_epochs": 8,
    "patience": 4,
    "gradient_clip_norm": 0.43350151645985313,
    "scheduler": "cosine",
    "min_lr": 1e-06,
    "cosine_t_max": 8,
    "warmup_epochs": 5,
    "lr_factor": 0.5,
    "lr_patience": 10,
    "step_size": 30,
    "step_gamma": 0.5,
    "cosine_t0": 10,
    "cosine_t_mult": 2,
    "min_delta": 0.0006561219150323484,
    "train_file": "data/train.jsonl",
    "val_file": "data/val.jsonl",
    "test_file": "data/test.jsonl",
    "weighted_sampling": true,
    "emergency_monitoring_enabled": true,
    "max_confidence_threshold": 0.9522760044436371,
    "min_chorus_rate": 0.08109781188138182,
    "max_chorus_rate": 0.7576874634342269,
    "max_conf_over_95_ratio": 0.1992641058415171,
    "val_overconf_threshold": 0.96,
    "val_f1_collapse_threshold": 0.1,
    "loss": {
      "loss_type": "boundary_aware",
      "boundary_weight": 2.0062320481965203,
      "label_smoothing": 0.26385263734046316,
      "segment_consistency_lambda": 0.0169696480655328,
      "conf_penalty_lambda": 0.007833821904542532,
      "conf_threshold": 0.9024844361548683,
      "entropy_lambda": 0.053502793382295674
    },
    "calibration_enabled": true,
    "calibration_methods": [
      "temperature",
      "platt"
    ],
    "validation_strategy": "composite",
    "head_ssm_enabled": true,
    "head_ssm_words": 2,
    "head_ssm_dimension": 12,
    "tail_ssm_enabled": true,
    "tail_ssm_words": 2,
    "tail_ssm_dimension": 12,
    "phonetic_ssm_enabled": false,
    "phonetic_ssm_mode": "alliteration",
    "phonetic_ssm_dimension": 12,
    "phonetic_ssm_similarity_method": "binary",
    "phonetic_ssm_normalize": false,
    "phonetic_ssm_normalize_method": "minmax",
    "phonetic_ssm_high_sim_threshold": 0.2775850188280441,
    "pos_ssm_enabled": false,
    "pos_ssm_tagset": "universal",
    "pos_ssm_similarity_method": "position",
    "pos_ssm_high_sim_threshold": 0.31262034827579444,
    "pos_ssm_dimension": 12,
    "string_ssm_enabled": false,
    "string_ssm_case_sensitive": false,
    "string_ssm_remove_punctuation": false,
    "string_ssm_similarity_threshold": 0.0611450600547167,
    "string_ssm_similarity_method": "jaccard",
    "string_ssm_dimension": 12,
    "syllable_pattern_ssm_enabled": false,
    "syllable_pattern_ssm_similarity_method": "levenshtein",
    "syllable_pattern_ssm_levenshtein_weight": 0.6917561971349702,
    "syllable_pattern_ssm_cosine_weight": 0.3082438028650298,
    "syllable_pattern_ssm_normalize": false,
    "syllable_pattern_ssm_normalize_method": "zscore",
    "syllable_pattern_ssm_dimension": 12,
    "line_syllable_ssm_enabled": true,
    "line_syllable_ssm_similarity_method": "cosine",
    "line_syllable_ssm_ratio_threshold": 0.08869584177487749,
    "line_syllable_ssm_normalize": true,
    "line_syllable_ssm_normalize_method": "minmax",
    "line_syllable_ssm_dimension": 12,
    "word2vec_enabled": true,
    "word2vec_model": "word2vec-google-news-300",
    "word2vec_mode": "summary",
    "word2vec_normalize": false,
    "word2vec_similarity_metric": "dot",
    "word2vec_high_sim_threshold": 0.7788431443707371,
    "contextual_enabled": false,
    "contextual_model": "all-MiniLM-L6-v2",
    "contextual_mode": "complete",
    "contextual_normalize": true,
    "contextual_similarity_metric": "dot",
    "contextual_high_sim_threshold": 0.7125377579722003
  }
}