{
  "metadata": {
    "model_info": {
      "hidden_dim": 128,
      "num_layers": 2,
      "dropout": 0.28427244341715946,
      "layer_dropout": 0.26852273363757145,
      "attention_enabled": false,
      "attention_heads": 1,
      "attention_dropout": 0.0,
      "attention_dim": 128,
      "positional_encoding": false,
      "max_seq_length": 1000,
      "total_params": 578050,
      "lstm_params": 577536,
      "attention_params": 0,
      "classifier_params": 514
    },
    "training_info": {
      "batch_size": 64,
      "learning_rate": 0.0009358014285756778,
      "scheduler": "cosine",
      "label_smoothing": 0.0,
      "weighted_sampling": true,
      "total_epochs": 8,
      "validation_strategy": "composite",
      "weight_decay": 0.017976736292988307,
      "gradient_clip_norm": 0.43350151645985313,
      "max_epochs": 8,
      "patience": 4
    },
    "calibration_info": {
      "temperature": {
        "ece_before": 0.04222365902015877,
        "ece_after": 0.07339671138520325,
        "improvement": -0.03117305236504448,
        "params": {
          "temperature": 0.5115188596834167
        }
      },
      "platt": {
        "ece_before": 0.04222365902015877,
        "ece_after": 0.07315540708938142,
        "improvement": -0.030931748069222657,
        "params": {
          "A": 1.4999887668368552,
          "B": 0.0
        }
      }
    }
  },
  "metrics": [
    {
      "epoch": 1,
      "train_loss": 0.5566376686096192,
      "train_chorus_rate": 0.5608851358294487,
      "train_max_prob": 0.5395912170410156,
      "train_conf_over_90": 0.0,
      "train_conf_over_95": 0.0,
      "val_loss": 0.578924298286438,
      "val_macro_f1": 0.43853349169459444,
      "val_verse_f1": 0.3818628789948101,
      "val_chorus_f1": 0.49520410439437873,
      "val_chorus_rate": 0.8010489642620087,
      "val_max_prob": 0.53293776512146,
      "val_conf_over_90": 0.0,
      "val_conf_over_95": 0.0,
      "learning_rate": 0.0009002226676995289,
      "epoch_time": 47.10256886482239,
      "val_boundary_f1": 0.0510948905109489,
      "val_boundary_precision": 0.11290322580645161,
      "val_boundary_recall": 0.0330188679245283,
      "val_complete_segments": 0.01825909961685824,
      "val_avg_segment_overlap": 0.19644881066724526,
      "val_verse_to_chorus_acc": 0.04424778761061947,
      "val_chorus_to_verse_acc": 0.0,
      "val_window_diff": 0.39898746630531134,
      "val_pk_metric": 0.39338537860470735
    },
    {
      "epoch": 2,
      "train_loss": 0.5553986549377441,
      "train_chorus_rate": 0.6871566057205201,
      "train_max_prob": 0.5442832469940185,
      "train_conf_over_90": 0.0,
      "train_conf_over_95": 0.0,
      "val_loss": 0.5822785794734955,
      "val_macro_f1": 0.47466590057882185,
      "val_verse_f1": 0.5004681647940075,
      "val_chorus_f1": 0.4488636363636363,
      "val_chorus_rate": 0.6507879495620728,
      "val_max_prob": 0.5531491637229919,
      "val_conf_over_90": 0.0,
      "val_conf_over_95": 0.0,
      "learning_rate": 0.0007989029288922057,
      "epoch_time": 36.77373695373535,
      "val_boundary_f1": 0.04051565377532229,
      "val_boundary_precision": 0.09243697478991597,
      "val_boundary_recall": 0.025943396226415096,
      "val_complete_segments": 0.005567528735632184,
      "val_avg_segment_overlap": 0.18043643641041385,
      "val_verse_to_chorus_acc": 0.022123893805309734,
      "val_chorus_to_verse_acc": 0.005050505050505051,
      "val_window_diff": 0.406665554284615,
      "val_pk_metric": 0.4099830765288661
    },
    {
      "epoch": 3,
      "train_loss": 0.5507759213447571,
      "train_chorus_rate": 0.5475832968950272,
      "train_max_prob": 0.5545058310031891,
      "train_conf_over_90": 0.0,
      "train_conf_over_95": 0.0,
      "val_loss": 0.5743913948535919,
      "val_macro_f1": 0.42858893660411396,
      "val_verse_f1": 0.3567415730337079,
      "val_chorus_f1": 0.50043630017452,
      "val_chorus_rate": 0.8259138762950897,
      "val_max_prob": 0.5556043386459351,
      "val_conf_over_90": 0.0,
      "val_conf_over_95": 0.0,
      "learning_rate": 0.0006472672239214038,
      "epoch_time": 37.1389799118042,
      "val_boundary_f1": 0.040145985401459854,
      "val_boundary_precision": 0.08870967741935484,
      "val_boundary_recall": 0.025943396226415096,
      "val_complete_segments": 0.0163433908045977,
      "val_avg_segment_overlap": 0.18755972710556754,
      "val_verse_to_chorus_acc": 0.03982300884955752,
      "val_chorus_to_verse_acc": 0.0,
      "val_window_diff": 0.41297258904659795,
      "val_pk_metric": 0.4084382593729944
    },
    {
      "epoch": 4,
      "train_loss": 0.5588623523712158,
      "train_chorus_rate": 0.7390516340732575,
      "train_max_prob": 0.5602831661701202,
      "train_conf_over_90": 0.0,
      "train_conf_over_95": 0.0,
      "val_loss": 0.578888863325119,
      "val_macro_f1": 0.5303287906661441,
      "val_verse_f1": 0.6302146618063993,
      "val_chorus_f1": 0.430442919525889,
      "val_chorus_rate": 0.4872720241546631,
      "val_max_prob": 0.5461050271987915,
      "val_conf_over_90": 0.0,
      "val_conf_over_95": 0.0,
      "learning_rate": 0.0004684007142878389,
      "epoch_time": 35.33509111404419,
      "val_boundary_f1": 0.08880994671403197,
      "val_boundary_precision": 0.17985611510791366,
      "val_boundary_recall": 0.0589622641509434,
      "val_complete_segments": 0.01825909961685824,
      "val_avg_segment_overlap": 0.21272159396883092,
      "val_verse_to_chorus_acc": 0.07964601769911504,
      "val_chorus_to_verse_acc": 0.010101010101010102,
      "val_window_diff": 0.4253419276634875,
      "val_pk_metric": 0.4355955566446007
    },
    {
      "epoch": 5,
      "train_loss": 0.5450768589973449,
      "train_chorus_rate": 0.547795370221138,
      "train_max_prob": 0.5590165019035339,
      "train_conf_over_90": 0.0,
      "train_conf_over_95": 0.0,
      "val_loss": 0.5772466063499451,
      "val_macro_f1": 0.5101985131239568,
      "val_verse_f1": 0.548930359581247,
      "val_chorus_f1": 0.47146666666666665,
      "val_chorus_rate": 0.620721161365509,
      "val_max_prob": 0.5589300394058228,
      "val_conf_over_90": 0.0,
      "val_conf_over_95": 0.0,
      "learning_rate": 0.0002895342046542741,
      "epoch_time": 45.20781993865967,
      "val_boundary_f1": 0.0466786355475763,
      "val_boundary_precision": 0.09774436090225563,
      "val_boundary_recall": 0.030660377358490566,
      "val_complete_segments": 0.012871168582375478,
      "val_avg_segment_overlap": 0.1961581667312931,
      "val_verse_to_chorus_acc": 0.03982300884955752,
      "val_chorus_to_verse_acc": 0.010101010101010102,
      "val_window_diff": 0.4160105218057669,
      "val_pk_metric": 0.4178869378090768
    },
    {
      "epoch": 6,
      "train_loss": 0.546703553199768,
      "train_chorus_rate": 0.6308071851730347,
      "train_max_prob": 0.5701154410839081,
      "train_conf_over_90": 0.0,
      "train_conf_over_95": 0.0,
      "val_loss": 0.5721888840198517,
      "val_macro_f1": 0.4615224513216434,
      "val_verse_f1": 0.42965283215870537,
      "val_chorus_f1": 0.49339207048458145,
      "val_chorus_rate": 0.7591975033283234,
      "val_max_prob": 0.56875279545784,
      "val_conf_over_90": 0.0,
      "val_conf_over_95": 0.0,
      "learning_rate": 0.000137898499683472,
      "epoch_time": 49.42482781410217,
      "val_boundary_f1": 0.053571428571428575,
      "val_boundary_precision": 0.11029411764705882,
      "val_boundary_recall": 0.03537735849056604,
      "val_complete_segments": 0.01825909961685824,
      "val_avg_segment_overlap": 0.19508830255003268,
      "val_verse_to_chorus_acc": 0.04424778761061947,
      "val_chorus_to_verse_acc": 0.015151515151515152,
      "val_window_diff": 0.4152993325119909,
      "val_pk_metric": 0.41861283306526875
    },
    {
      "epoch": 7,
      "train_loss": 0.5376769185066224,
      "train_chorus_rate": 0.5719873368740082,
      "train_max_prob": 0.5749326288700104,