{
  "method": "platt",
  "params": {
    "A": 1.3114165679136591,
    "B": 0.20161251590750437
  },
  "ece_before": 0.0779409398176581,
  "ece_after": 0.016077973782899088,
  "improvement": 0.06186296603475901,
  "all_results": [
    {
      "method": "temperature",
      "params": {
        "temperature": 0.6517048048715933
      },
      "ece_before": 0.0779409398176581,
      "ece_after": 0.01689540220091525,
      "improvement": 0.06104553761674285
    },
    {
      "method": "platt",
      "params": {
        "A": 1.3114165679136591,
        "B": 0.20161251590750437
      },
      "ece_before": 0.0779409398176581,
      "ece_after": 0.016077973782899088,
      "improvement": 0.06186296603475901
    }
  ]
}