{
  "trial_number": 49,
  "timestamp": 1756163527.797102,
  "boundary_f1": 0.3741562198649952,
  "line_f1": 0.7462052887794433,
  "macro_f1": 0.7462052887794433,
  "verse_f1": 0.8353326063249727,
  "chorus_f1": 0.6570779712339136,
  "windowdiff": 0.37340010181489325,
  "pk": 0.277563132515886,
  "val_loss": 0.5056679099798203,
  "val_accuracy": 0.0,
  "weighted_f1": 0.0,
  "training_time": 1309.4195499420166,
  "training_time_minutes": 21.823659165700278,
  "total_params": 0,
  "actual_epochs": 15,
  "config_summary": {
    "attention_enabled": true,
    "hidden_dim": 256,
    "num_layers": 2,
    "max_epochs": 15,
    "batch_size": 64,
    "learning_rate": 0.000771353728534339,
    "boundary_weight": 2.118919564615335,
    "label_smoothing": 0.1788845775724733
  },
  "validation_strategy": "boundary_f1",
  "all_metrics": {
    "loss": 0.5056679099798203,
    "chorus_rate": 0.34903837740421295,
    "max_prob_mean": 0.699773520231247,
    "confidence_over_90": 0.01946567464619875,
    "confidence_over_95": 0.0004911894793622196,
    "verse_f1": 0.8353326063249727,
    "chorus_f1": 0.6570779712339136,
    "macro_f1": 0.7462052887794433,
    "boundary_f1": 0.3741562198649952,
    "boundary_precision": 0.3164763458401305,
    "boundary_recall": 0.45754716981132076,
    "complete_segments": 0.23563218390804597,
    "avg_segment_overlap": 0.6432300725173479,
    "verse_to_chorus_acc": 0.37610619469026546,
    "chorus_to_verse_acc": 0.46464646464646464,
    "window_diff": 0.37340010181489325,
    "pk_metric": 0.277563132515886
  },
  "parameters": {
    "hidden_dim": 256,
    "num_layers": 2,
    "dropout": 0.16343491662366816,
    "layer_dropout": 0.23991579802092267,
    "attention_enabled": true,
    "attention_heads": 8,
    "attention_dropout": 0.1314509569765976,
    "max_epochs": 15,
    "batch_size": 64,
    "learning_rate": 0.000771353728534339,
    "weight_decay": 0.01915074667594571,
    "scheduler": "cosine",
    "min_delta": 0.0002800009372456177,
    "gradient_clip_norm": 0.5180020544542104,
    "validation_strategy": "boundary_f1",
    "head_tail_words": 4,
    "boundary_weight": 2.118919564615335,
    "label_smoothing": 0.1788845775724733,
    "segment_consistency_lambda": 0.019397989552040935,
    "conf_penalty_lambda": 0.009021214610138597,
    "conf_threshold": 0.9472448029214138,
    "entropy_lambda": 0.030128200946979895,
    "max_confidence_threshold": 0.9405685062273421,
    "min_chorus_rate": 0.08827909457298726,
    "max_chorus_rate": 0.7644000720721951,
    "max_conf_over_95_ratio": 0.1944875238575013,
    "head_ssm_enabled": true,
    "tail_ssm_enabled": false,
    "phonetic_ssm_enabled": true,
    "pos_ssm_enabled": true,
    "string_ssm_enabled": true,
    "syllable_pattern_ssm_enabled": true,
    "line_syllable_ssm_enabled": false,
    "word2vec_enabled": false,
    "contextual_enabled": false,
    "phonetic_mode": "rhyme",
    "phonetic_similarity_method": "binary",
    "phonetic_normalize": false,
    "phonetic_normalize_method": "zscore",
    "phonetic_high_sim_threshold": 0.34179342555092207,
    "pos_tagset": "simplified",
    "pos_similarity_method": "position",
    "pos_high_sim_threshold": 0.2721532484730861,
    "string_case_sensitive": true,
    "string_remove_punctuation": true,
    "string_similarity_threshold": 0.05120228342646975,
    "string_similarity_method": "word_overlap",
    "syllable_pattern_similarity_method": "levenshtein",
    "syllable_pattern_levenshtein_weight": 0.6955466435711902,
    "syllable_pattern_cosine_weight": 0.2842454392777587,
    "syllable_pattern_normalize": false,
    "syllable_pattern_normalize_method": "minmax",
    "line_syllable_similarity_method": "cosine",
    "line_syllable_ratio_threshold": 0.0922454082254408,
    "line_syllable_normalize": false,
    "line_syllable_normalize_method": "minmax",
    "word2vec_mode": "summary",
    "word2vec_normalize": true,
    "word2vec_similarity_metric": "cosine",
    "word2vec_high_sim_threshold": 0.7562416285056754,
    "contextual_mode": "complete",
    "contextual_normalize": true,
    "contextual_similarity_metric": "dot",
    "contextual_high_sim_threshold": 0.6676601769862993
  },
  "config": {
    "hidden_dim": 256,
    "num_layers": 2,
    "layer_dropout": 0.23991579802092267,
    "num_classes": 2,
    "dropout": 0.16343491662366816,
    "attention_enabled": true,
    "attention_type": "boundary_aware",
    "attention_heads": 8,
    "attention_dropout": 0.1314509569765976,
    "attention_dim": 256,
    "positional_encoding": true,
    "max_seq_length": 1000,
    "window_size": 7,
    "boundary_temperature": 2.0,
    "batch_size": 64,
    "learning_rate": 0.000771353728534339,
    "weight_decay": 0.01915074667594571,
    "max_epochs": 15,
    "patience": 4,
    "gradient_clip_norm": 0.5180020544542104,
    "scheduler": "cosine",
    "min_lr": 1e-06,
    "cosine_t_max": 15,
    "warmup_epochs": 5,
    "lr_factor": 0.5,
    "lr_patience": 10,
    "step_size": 30,
    "step_gamma": 0.5,
    "cosine_t0": 10,
    "cosine_t_mult": 2,
    "min_delta": 0.0002800009372456177,
    "train_file": "data/train.jsonl",
    "val_file": "data/val.jsonl",
    "test_file": "data/test.jsonl",
    "weighted_sampling": true,
    "emergency_monitoring_enabled": true,
    "max_confidence_threshold": 0.9405685062273421,
    "min_chorus_rate": 0.08827909457298726,
    "max_chorus_rate": 0.7644000720721951,
    "max_conf_over_95_ratio": 0.1944875238575013,
    "val_overconf_threshold": 0.96,
    "val_f1_collapse_threshold": 0.1,
    "loss": {
      "loss_type": "boundary_aware",
      "boundary_weight": 2.118919564615335,
      "label_smoothing": 0.1788845775724733,
      "segment_consistency_lambda": 0.019397989552040935,
      "conf_penalty_lambda": 0.009021214610138597,
      "conf_threshold": 0.9472448029214138,
      "entropy_lambda": 0.030128200946979895
    },
    "calibration_enabled": true,
    "calibration_methods": [
      "temperature",
      "platt"
    ],
    "validation_strategy": "boundary_f1",
    "head_ssm_enabled": true,
    "head_ssm_words": 4,
    "head_ssm_dimension": 12,
    "tail_ssm_enabled": false,
    "tail_ssm_words": 4,
    "tail_ssm_dimension": 12,
    "phonetic_ssm_enabled": true,
    "phonetic_ssm_mode": "rhyme",
    "phonetic_ssm_dimension": 12,
    "phonetic_ssm_similarity_method": "binary",
    "phonetic_ssm_normalize": false,
    "phonetic_ssm_normalize_method": "zscore",
    "phonetic_ssm_high_sim_threshold": 0.34179342555092207,
    "pos_ssm_enabled": true,
    "pos_ssm_tagset": "simplified",
    "pos_ssm_similarity_method": "position",
    "pos_ssm_high_sim_threshold": 0.2721532484730861,
    "pos_ssm_dimension": 12,
    "string_ssm_enabled": true,
    "string_ssm_case_sensitive": true,
    "string_ssm_remove_punctuation": true,
    "string_ssm_similarity_threshold": 0.05120228342646975,
    "string_ssm_similarity_method": "word_overlap",
    "string_ssm_dimension": 12,
    "syllable_pattern_ssm_enabled": true,
    "syllable_pattern_ssm_similarity_method": "levenshtein",
    "syllable_pattern_ssm_levenshtein_weight": 0.7098920839906605,
    "syllable_pattern_ssm_cosine_weight": 0.2901079160093395,
    "syllable_pattern_ssm_normalize": false,
    "syllable_pattern_ssm_normalize_method": "minmax",
    "syllable_pattern_ssm_dimension": 12,
    "line_syllable_ssm_enabled": false,
    "line_syllable_ssm_similarity_method": "cosine",
    "line_syllable_ssm_ratio_threshold": 0.0922454082254408,
    "line_syllable_ssm_normalize": false,
    "line_syllable_ssm_normalize_method": "minmax",
    "line_syllable_ssm_dimension": 12,
    "word2vec_enabled": false,
    "word2vec_model": "word2vec-google-news-300",
    "word2vec_mode": "summary",
    "word2vec_normalize": true,
    "word2vec_similarity_metric": "cosine",
    "word2vec_high_sim_threshold": 0.7562416285056754,
    "contextual_enabled": false,
    "contextual_model": "all-MiniLM-L6-v2",
    "contextual_mode": "complete",
    "contextual_normalize": true,