{
  "metadata": {
    "model_info": {
      "hidden_dim": 256,
      "num_layers": 2,
      "dropout": 0.16343491662366816,
      "layer_dropout": 0.23991579802092267,
      "attention_enabled": true,
      "attention_heads": 8,
      "attention_dropout": 0.1314509569765976,
      "attention_dim": 256,
      "positional_encoding": true,
      "max_seq_length": 1000,
      "total_params": 2788867,
      "lstm_params": 2228224,
      "attention_params": 559617,
      "classifier_params": 1026
    },
    "training_info": {
      "batch_size": 64,
      "learning_rate": 0.000771353728534339,
      "scheduler": "cosine",
      "label_smoothing": 0.0,
      "weighted_sampling": true,
      "total_epochs": 15,
      "validation_strategy": "boundary_f1",
      "weight_decay": 0.01915074667594571,
      "gradient_clip_norm": 0.5180020544542104,
      "max_epochs": 15,
      "patience": 4
    },
    "calibration_info": {
      "temperature": {
        "ece_before": 0.0779409398176581,
        "ece_after": 0.01689540220091525,
        "improvement": 0.06104553761674285,
        "params": {
          "temperature": 0.6517048048715933
        }
      },
      "platt": {
        "ece_before": 0.0779409398176581,
        "ece_after": 0.016077973782899088,
        "improvement": 0.06186296603475901,
        "params": {
          "A": 1.3114165679136591,
          "B": 0.20161251590750437
        }
      }
    }
  },
  "metrics": [
    {
      "epoch": 1,
      "train_loss": 0.6310576975345612,
      "train_chorus_rate": 0.6157804973423481,
      "train_max_prob": 0.5993445575237274,
      "train_conf_over_90": 0.0012647058814764024,
      "train_conf_over_95": 0.0,
      "val_loss": 0.6040041744709015,
      "val_macro_f1": 0.3404054283214686,
      "val_verse_f1": 0.19705051772827112,
      "val_chorus_f1": 0.4837603389146661,
      "val_chorus_rate": 0.9174878895282745,
      "val_max_prob": 0.6087444424629211,
      "val_conf_over_90": 0.0,
      "val_conf_over_95": 0.0,
      "learning_rate": 0.0007629366899082721,
      "epoch_time": 124.6598482131958,
      "val_boundary_f1": 0.0,
      "val_boundary_precision": 0.0,
      "val_boundary_recall": 0.0,
      "val_complete_segments": 0.0,
      "val_avg_segment_overlap": 0.1346259238007691,
      "val_verse_to_chorus_acc": 0.0,
      "val_chorus_to_verse_acc": 0.0,
      "val_window_diff": 0.40163025013212994,
      "val_pk_metric": 0.3874917807883339
    },
    {
      "epoch": 2,
      "train_loss": 0.5718876719474792,
      "train_chorus_rate": 0.4568315092474222,
      "train_max_prob": 0.5736046552658081,
      "train_conf_over_90": 0.0,
      "train_conf_over_95": 0.0,
      "val_loss": 0.5985299646854401,
      "val_macro_f1": 0.5539243211235333,
      "val_verse_f1": 0.6658814291323125,
      "val_chorus_f1": 0.4419672131147541,
      "val_chorus_rate": 0.4489901065826416,
      "val_max_prob": 0.5496503114700317,
      "val_conf_over_90": 0.0,
      "val_conf_over_95": 0.0,
      "learning_rate": 0.0007380534390074628,
      "epoch_time": 86.19042205810547,
      "val_boundary_f1": 0.0744336569579288,
      "val_boundary_precision": 0.11855670103092783,
      "val_boundary_recall": 0.054245283018867926,
      "val_complete_segments": 0.036159003831417624,
      "val_avg_segment_overlap": 0.24451243643928516,
      "val_verse_to_chorus_acc": 0.030973451327433628,
      "val_chorus_to_verse_acc": 0.04040404040404041,
      "val_window_diff": 0.42586218176749113,
      "val_pk_metric": 0.41987107637588944
    },
    {
      "epoch": 3,
      "train_loss": 0.558334481716156,
      "train_chorus_rate": 0.5262815102934837,
      "train_max_prob": 0.5702408492565155,
      "train_conf_over_90": 0.0,
      "train_conf_over_95": 0.0,
      "val_loss": 0.5891430079936981,
      "val_macro_f1": 0.45310858926233505,
      "val_verse_f1": 0.4332313965341488,
      "val_chorus_f1": 0.47298578199052127,
      "val_chorus_rate": 0.736463338136673,
      "val_max_prob": 0.5687640011310577,
      "val_conf_over_90": 0.0,
      "val_conf_over_95": 0.0,
      "learning_rate": 0.0006977914932993621,
      "epoch_time": 78.29841589927673,
      "val_boundary_f1": 0.04727272727272727,
      "val_boundary_precision": 0.10317460317460317,
      "val_boundary_recall": 0.030660377358490566,
      "val_complete_segments": 0.020354406130268198,
      "val_avg_segment_overlap": 0.19776694541763307,
      "val_verse_to_chorus_acc": 0.048672566371681415,
      "val_chorus_to_verse_acc": 0.0,
      "val_window_diff": 0.4524754309568633,
      "val_pk_metric": 0.46025277573064804
    },
    {
      "epoch": 4,
      "train_loss": 0.5657674193382263,
      "train_chorus_rate": 0.5562010481953621,
      "train_max_prob": 0.5799978375434875,
      "train_conf_over_90": 0.0,
      "train_conf_over_95": 0.0,
      "val_loss": 0.6078030169010162,
      "val_macro_f1": 0.4833231655651584,
      "val_verse_f1": 0.8223606168446026,
      "val_chorus_f1": 0.1442857142857143,
      "val_chorus_rate": 0.043974967673420906,
      "val_max_prob": 0.599349170923233,
      "val_conf_over_90": 0.0,
      "val_conf_over_95": 0.0,
      "learning_rate": 0.0006439104930096643,
      "epoch_time": 63.96477699279785,
      "val_boundary_f1": 0.06329113924050632,
      "val_boundary_precision": 0.3,
      "val_boundary_recall": 0.03537735849056604,
      "val_complete_segments": 0.07130028735632184,
      "val_avg_segment_overlap": 0.19977160562816285,
      "val_verse_to_chorus_acc": 0.03982300884955752,
      "val_chorus_to_verse_acc": 0.025252525252525252,
      "val_window_diff": 0.27088767583419227,
      "val_pk_metric": 0.27256912776151104
    },
    {
      "epoch": 5,
      "train_loss": 0.5392939984798432,
      "train_chorus_rate": 0.46901788413524625,
      "train_max_prob": 0.586219185590744,
      "train_conf_over_90": 0.0,
      "train_conf_over_95": 0.0,
      "val_loss": 0.5871269702911377,
      "val_macro_f1": 0.48373682553430697,
      "val_verse_f1": 0.4784119106699752,
      "val_chorus_f1": 0.48906174039863876,
      "val_chorus_rate": 0.7104264497756958,
      "val_max_prob": 0.584214597940445,
      "val_conf_over_90": 0.0,
      "val_conf_over_95": 0.0,
      "learning_rate": 0.0005787652964007543,
      "epoch_time": 92.34669208526611,
      "val_boundary_f1": 0.0628099173553719,
      "val_boundary_precision": 0.10497237569060773,
      "val_boundary_recall": 0.04481132075471698,
      "val_complete_segments": 0.03825431034482758,
      "val_avg_segment_overlap": 0.21272943911321118,
      "val_verse_to_chorus_acc": 0.05752212389380531,
      "val_chorus_to_verse_acc": 0.020202020202020204,
      "val_window_diff": 0.428218990421666,
      "val_pk_metric": 0.4168084933094187
    },
    {
      "epoch": 6,
      "train_loss": 0.553749930858612,
      "train_chorus_rate": 0.4502728670835495,
      "train_max_prob": 0.5978698134422302,
      "train_conf_over_90": 2.9940120293758808e-05,
      "train_conf_over_95": 0.0,
      "val_loss": 0.5835557281970978,
      "val_macro_f1": 0.6534223255877156,
      "val_verse_f1": 0.7981985103065997,
      "val_chorus_f1": 0.5086461408688316,
      "val_chorus_rate": 0.282437801361084,
      "val_max_prob": 0.5826365053653717,
      "val_conf_over_90": 0.0,
      "val_conf_over_95": 0.0,
      "learning_rate": 0.0005052030611657774,
      "epoch_time": 77.03324103355408,
      "val_boundary_f1": 0.18893387314439944,
      "val_boundary_precision": 0.22082018927444794,
      "val_boundary_recall": 0.1650943396226415,
      "val_complete_segments": 0.08782327586206896,
      "val_avg_segment_overlap": 0.4074243726772382,
      "val_verse_to_chorus_acc": 0.1504424778761062,
      "val_chorus_to_verse_acc": 0.16666666666666666,
      "val_window_diff": 0.3239338321831827,
      "val_pk_metric": 0.3002504817637136
    },
    {
      "epoch": 7,
      "train_loss": 0.5318174421787262,
      "train_chorus_rate": 0.4851604551076889,
      "train_max_prob": 0.5979640305042266,