{
  "trial_number": 58,
  "timestamp": 1756173074.3218749,
  "boundary_f1": 0.136986301369863,
  "line_f1": 0.5901512252740855,
  "macro_f1": 0.5901512252740855,
  "verse_f1": 0.7379061371841156,
  "chorus_f1": 0.44239631336405527,
  "windowdiff": 0.37971132304395366,
  "pk": 0.3669145032265084,
  "val_loss": 0.5745831727981567,
  "val_accuracy": 0.0,
  "weighted_f1": 0.0,
  "training_time": 1496.2049300670624,
  "training_time_minutes": 24.93674883445104,
  "total_params": 0,
  "actual_epochs": 15,
  "config_summary": {
    "attention_enabled": false,
    "hidden_dim": 256,
    "num_layers": 2,
    "max_epochs": 15,
    "batch_size": 32,
    "learning_rate": 0.00044100925805968513,
    "boundary_weight": 2.0636185667142852,
    "label_smoothing": 0.16112547877866046
  },
  "validation_strategy": "boundary_f1",
  "all_metrics": {
    "loss": 0.5745831727981567,
    "chorus_rate": 0.3402509242296219,
    "max_prob_mean": 0.5669534504413605,
    "confidence_over_90": 0.0,
    "confidence_over_95": 0.0,
    "verse_f1": 0.7379061371841156,
    "chorus_f1": 0.44239631336405527,
    "macro_f1": 0.5901512252740855,
    "boundary_f1": 0.136986301369863,
    "boundary_precision": 0.19313304721030042,
    "boundary_recall": 0.10613207547169812,
    "complete_segments": 0.0460929172620583,
    "avg_segment_overlap": 0.2923214412131594,
    "verse_to_chorus_acc": 0.11504424778761062,
    "chorus_to_verse_acc": 0.06060606060606061,
    "window_diff": 0.37971132304395366,
    "pk_metric": 0.3669145032265084
  },
  "parameters": {
    "hidden_dim": 256,
    "num_layers": 2,
    "dropout": 0.18438114790485868,
    "layer_dropout": 0.28728847835094956,
    "attention_enabled": false,
    "max_epochs": 15,
    "batch_size": 32,
    "learning_rate": 0.00044100925805968513,
    "weight_decay": 0.02289629513452356,
    "scheduler": "cosine",
    "min_delta": 0.00023043972194286314,
    "gradient_clip_norm": 0.5371905349512455,
    "validation_strategy": "boundary_f1",
    "head_tail_words": 4,
    "boundary_weight": 2.0636185667142852,
    "label_smoothing": 0.16112547877866046,
    "segment_consistency_lambda": 0.02490742656685404,
    "conf_penalty_lambda": 0.011178544644941283,
    "conf_threshold": 0.942027244487654,
    "entropy_lambda": 0.04277301243322373,
    "max_confidence_threshold": 0.9325360570198937,
    "min_chorus_rate": 0.0911163621200105,
    "max_chorus_rate": 0.8725433470294384,
    "max_conf_over_95_ratio": 0.17096069989426763,
    "head_ssm_enabled": true,
    "tail_ssm_enabled": false,
    "phonetic_ssm_enabled": false,
    "pos_ssm_enabled": false,
    "string_ssm_enabled": false,
    "syllable_pattern_ssm_enabled": true,
    "line_syllable_ssm_enabled": true,
    "word2vec_enabled": false,
    "contextual_enabled": false,
    "phonetic_mode": "rhyme",
    "phonetic_similarity_method": "binary",
    "phonetic_normalize": false,
    "phonetic_normalize_method": "zscore",
    "phonetic_high_sim_threshold": 0.33986581668475835,
    "pos_tagset": "universal",
    "pos_similarity_method": "position",
    "pos_high_sim_threshold": 0.2969059479353301,
    "string_case_sensitive": true,
    "string_remove_punctuation": true,
    "string_similarity_threshold": 0.05165817260994472,
    "string_similarity_method": "word_overlap",
    "syllable_pattern_similarity_method": "levenshtein",
    "syllable_pattern_levenshtein_weight": 0.6591738202586234,
    "syllable_pattern_cosine_weight": 0.2147337144698085,
    "syllable_pattern_normalize": false,
    "syllable_pattern_normalize_method": "minmax",
    "line_syllable_similarity_method": "cosine",
    "line_syllable_ratio_threshold": 0.09713448787823914,
    "line_syllable_normalize": false,
    "line_syllable_normalize_method": "minmax",
    "word2vec_mode": "complete",
    "word2vec_normalize": true,
    "word2vec_similarity_metric": "dot",
    "word2vec_high_sim_threshold": 0.7745065158185621,
    "contextual_mode": "complete",
    "contextual_normalize": false,
    "contextual_similarity_metric": "dot",
    "contextual_high_sim_threshold": 0.6879326078226589
  },
  "config": {
    "hidden_dim": 256,
    "num_layers": 2,
    "layer_dropout": 0.28728847835094956,
    "num_classes": 2,
    "dropout": 0.18438114790485868,
    "attention_enabled": false,
    "attention_type": null,
    "attention_heads": 1,
    "attention_dropout": 0.0,
    "attention_dim": 256,
    "positional_encoding": false,
    "max_seq_length": 1000,
    "window_size": 7,
    "boundary_temperature": 2.0,
    "batch_size": 32,
    "learning_rate": 0.00044100925805968513,
    "weight_decay": 0.02289629513452356,
    "max_epochs": 15,
    "patience": 4,
    "gradient_clip_norm": 0.5371905349512455,
    "scheduler": "cosine",
    "min_lr": 1e-06,
    "cosine_t_max": 15,
    "warmup_epochs": 5,
    "lr_factor": 0.5,
    "lr_patience": 10,
    "step_size": 30,
    "step_gamma": 0.5,
    "cosine_t0": 10,
    "cosine_t_mult": 2,
    "min_delta": 0.00023043972194286314,
    "train_file": "data/train.jsonl",
    "val_file": "data/val.jsonl",
    "test_file": "data/test.jsonl",
    "weighted_sampling": true,
    "emergency_monitoring_enabled": true,
    "max_confidence_threshold": 0.9325360570198937,
    "min_chorus_rate": 0.0911163621200105,
    "max_chorus_rate": 0.8725433470294384,
    "max_conf_over_95_ratio": 0.17096069989426763,
    "val_overconf_threshold": 0.96,
    "val_f1_collapse_threshold": 0.1,
    "loss": {
      "loss_type": "boundary_aware",
      "boundary_weight": 2.0636185667142852,
      "label_smoothing": 0.16112547877866046,
      "segment_consistency_lambda": 0.02490742656685404,
      "conf_penalty_lambda": 0.011178544644941283,
      "conf_threshold": 0.942027244487654,
      "entropy_lambda": 0.04277301243322373
    },
    "calibration_enabled": true,
    "calibration_methods": [
      "temperature",
      "platt"
    ],
    "validation_strategy": "boundary_f1",
    "head_ssm_enabled": true,
    "head_ssm_words": 4,
    "head_ssm_dimension": 12,
    "tail_ssm_enabled": false,
    "tail_ssm_words": 4,
    "tail_ssm_dimension": 12,
    "phonetic_ssm_enabled": false,
    "phonetic_ssm_mode": "rhyme",
    "phonetic_ssm_dimension": 12,
    "phonetic_ssm_similarity_method": "binary",
    "phonetic_ssm_normalize": false,
    "phonetic_ssm_normalize_method": "zscore",
    "phonetic_ssm_high_sim_threshold": 0.33986581668475835,
    "pos_ssm_enabled": false,
    "pos_ssm_tagset": "universal",
    "pos_ssm_similarity_method": "position",
    "pos_ssm_high_sim_threshold": 0.2969059479353301,
    "pos_ssm_dimension": 12,
    "string_ssm_enabled": false,
    "string_ssm_case_sensitive": true,
    "string_ssm_remove_punctuation": true,
    "string_ssm_similarity_threshold": 0.05165817260994472,
    "string_ssm_similarity_method": "word_overlap",
    "string_ssm_dimension": 12,
    "syllable_pattern_ssm_enabled": true,
    "syllable_pattern_ssm_similarity_method": "levenshtein",
    "syllable_pattern_ssm_levenshtein_weight": 0.7542832554515767,
    "syllable_pattern_ssm_cosine_weight": 0.24571674454842335,
    "syllable_pattern_ssm_normalize": false,
    "syllable_pattern_ssm_normalize_method": "minmax",
    "syllable_pattern_ssm_dimension": 12,
    "line_syllable_ssm_enabled": true,
    "line_syllable_ssm_similarity_method": "cosine",
    "line_syllable_ssm_ratio_threshold": 0.09713448787823914,
    "line_syllable_ssm_normalize": false,
    "line_syllable_ssm_normalize_method": "minmax",
    "line_syllable_ssm_dimension": 12,
    "word2vec_enabled": false,
    "word2vec_model": "word2vec-google-news-300",
    "word2vec_mode": "complete",
    "word2vec_normalize": true,
    "word2vec_similarity_metric": "dot",
    "word2vec_high_sim_threshold": 0.7745065158185621,
    "contextual_enabled": false,
    "contextual_model": "all-MiniLM-L6-v2",
    "contextual_mode": "complete",
    "contextual_normalize": false,
    "contextual_similarity_metric": "dot",
    "contextual_high_sim_threshold": 0.6879326078226589
  }
}