{
  "metadata": {
    "model_info": {
      "hidden_dim": 256,
      "num_layers": 2,
      "dropout": 0.18438114790485868,
      "layer_dropout": 0.28728847835094956,
      "attention_enabled": false,
      "attention_heads": 1,
      "attention_dropout": 0.0,
      "attention_dim": 256,
      "positional_encoding": false,
      "max_seq_length": 1000,
      "total_params": 2180098,
      "lstm_params": 2179072,
      "attention_params": 0,
      "classifier_params": 1026
    },
    "training_info": {
      "batch_size": 32,
      "learning_rate": 0.00044100925805968513,
      "scheduler": "cosine",
      "label_smoothing": 0.0,
      "weighted_sampling": true,
      "total_epochs": 15,
      "validation_strategy": "boundary_f1",
      "weight_decay": 0.02289629513452356,
      "gradient_clip_norm": 0.5371905349512455,
      "max_epochs": 15,
      "patience": 4
    },
    "calibration_info": {
      "temperature": {
        "ece_before": 0.07632035199984585,
        "ece_after": 0.037651047139832944,
        "improvement": 0.03866930486001291,
        "params": {
          "temperature": 0.4512964332972441
        }
      },
      "platt": {
        "ece_before": 0.07632035199984585,
        "ece_after": 0.04678210248705914,
        "improvement": 0.02953824951278671,
        "params": {
          "A": 1.5081334839461313,
          "B": 0.0
        }
      }
    }
  },
  "metrics": [
    {
      "epoch": 1,
      "train_loss": 0.555259519815445,
      "train_chorus_rate": 0.451932153548114,
      "train_max_prob": 0.546483239531517,
      "train_conf_over_90": 0.0,
      "train_conf_over_95": 0.0,
      "val_loss": 0.5820657461881638,
      "val_macro_f1": 0.521258649581865,
      "val_verse_f1": 0.6041448607912916,
      "val_chorus_f1": 0.43837243837243833,
      "val_chorus_rate": 0.5271359756588936,
      "val_max_prob": 0.5475320816040039,
      "val_conf_over_90": 0.0,
      "val_conf_over_95": 0.0,
      "learning_rate": 0.00043620162906571406,
      "epoch_time": 67.36596894264221,
      "val_boundary_f1": 0.05100182149362477,
      "val_boundary_precision": 0.112,
      "val_boundary_recall": 0.0330188679245283,
      "val_complete_segments": 0.008883806166414862,
      "val_avg_segment_overlap": 0.21368584388019413,
      "val_verse_to_chorus_acc": 0.048672566371681415,
      "val_chorus_to_verse_acc": 0.0,
      "val_window_diff": 0.47765732165774144,
      "val_pk_metric": 0.4896354237613158
    },
    {
      "epoch": 2,
      "train_loss": 0.5434940919280052,
      "train_chorus_rate": 0.4297168172895908,
      "train_max_prob": 0.5552536129951477,
      "train_conf_over_90": 0.0,
      "train_conf_over_95": 0.0,
      "val_loss": 0.5857912749052048,
      "val_macro_f1": 0.5130644010730234,
      "val_verse_f1": 0.780209324452902,
      "val_chorus_f1": 0.24591947769314473,
      "val_chorus_rate": 0.15145961940288544,
      "val_max_prob": 0.553293988108635,
      "val_conf_over_90": 0.0,
      "val_conf_over_95": 0.0,
      "learning_rate": 0.0004219888585404007,
      "epoch_time": 93.83760476112366,
      "val_boundary_f1": 0.07207207207207207,
      "val_boundary_precision": 0.15267175572519084,
      "val_boundary_recall": 0.04716981132075472,
      "val_complete_segments": 0.01823534449462339,
      "val_avg_segment_overlap": 0.21488145155721206,
      "val_verse_to_chorus_acc": 0.048672566371681415,
      "val_chorus_to_verse_acc": 0.005050505050505051,
      "val_window_diff": 0.389643757634322,
      "val_pk_metric": 0.409232703789687
    },
    {
      "epoch": 3,
      "train_loss": 0.5504667073488235,
      "train_chorus_rate": 0.44453758653253317,
      "train_max_prob": 0.557569432258606,
      "train_conf_over_90": 0.0,
      "train_conf_over_95": 0.0,
      "val_loss": 0.5761013180017471,
      "val_macro_f1": 0.4892086230711945,
      "val_verse_f1": 0.5227010831988936,
      "val_chorus_f1": 0.4557161629434954,
      "val_chorus_rate": 0.6349237263202667,
      "val_max_prob": 0.5472736358642578,
      "val_conf_over_90": 0.0,
      "val_conf_over_95": 0.0,
      "learning_rate": 0.0003989921127561411,
      "epoch_time": 102.1526939868927,
      "val_boundary_f1": 0.08586762075134169,
      "val_boundary_precision": 0.17777777777777778,
      "val_boundary_recall": 0.05660377358490566,
      "val_complete_segments": 0.02014545980611728,
      "val_avg_segment_overlap": 0.21285838214081731,
      "val_verse_to_chorus_acc": 0.061946902654867256,
      "val_chorus_to_verse_acc": 0.0,
      "val_window_diff": 0.4478301060576573,
      "val_pk_metric": 0.4610189720529697
    },
    {
      "epoch": 4,
      "train_loss": 0.5359215945005417,
      "train_chorus_rate": 0.4511558713391423,
      "train_max_prob": 0.5713936418294907,
      "train_conf_over_90": 0.0,
      "train_conf_over_95": 0.0,
      "val_loss": 0.5772942900657654,
      "val_macro_f1": 0.44590839338005983,
      "val_verse_f1": 0.41447539703202296,
      "val_chorus_f1": 0.47734138972809664,
      "val_chorus_rate": 0.7569911330938339,
      "val_max_prob": 0.5625602602958679,
      "val_conf_over_90": 0.0,
      "val_conf_over_95": 0.0,
      "learning_rate": 0.0003682164598543368,
      "epoch_time": 108.80734705924988,
      "val_boundary_f1": 0.039711191335740074,
      "val_boundary_precision": 0.08461538461538462,
      "val_boundary_recall": 0.025943396226415096,
      "val_complete_segments": 0.012410469475686867,
      "val_avg_segment_overlap": 0.19949838537284106,
      "val_verse_to_chorus_acc": 0.030973451327433628,
      "val_chorus_to_verse_acc": 0.0,
      "val_window_diff": 0.44551502092274864,
      "val_pk_metric": 0.45251666949977465
    },
    {
      "epoch": 5,
      "train_loss": 0.5498302087187767,
      "train_chorus_rate": 0.5808820225298404,
      "train_max_prob": 0.5636463195085526,
      "train_conf_over_90": 0.0,
      "train_conf_over_95": 0.0,
      "val_loss": 0.5737639516592026,
      "val_macro_f1": 0.43675979418722727,
      "val_verse_f1": 0.3750689464975179,
      "val_chorus_f1": 0.49845064187693666,
      "val_chorus_rate": 0.8098825663328171,
      "val_max_prob": 0.5542742609977722,
      "val_conf_over_90": 0.0,
      "val_conf_over_95": 0.0,
      "learning_rate": 0.00033100694354476387,
      "epoch_time": 82.25369811058044,
      "val_boundary_f1": 0.0617059891107078,
      "val_boundary_precision": 0.13385826771653545,
      "val_boundary_recall": 0.04009433962264151,
      "val_complete_segments": 0.025213027373684853,
      "val_avg_segment_overlap": 0.19615776590838568,
      "val_verse_to_chorus_acc": 0.061946902654867256,
      "val_chorus_to_verse_acc": 0.0,
      "val_window_diff": 0.43789692830054006,
      "val_pk_metric": 0.443522670583945
    },
    {
      "epoch": 6,
      "train_loss": 0.536906686425209,
      "train_chorus_rate": 0.5645216666162014,
      "train_max_prob": 0.5688909113407135,
      "train_conf_over_90": 0.0,
      "train_conf_over_95": 0.0,
      "val_loss": 0.5794879645109177,
      "val_macro_f1": 0.5333761347348304,
      "val_verse_f1": 0.6149665551839465,
      "val_chorus_f1": 0.4517857142857143,
      "val_chorus_rate": 0.5269700735807419,
      "val_max_prob": 0.5635177940130234,
      "val_conf_over_90": 0.0,
      "val_conf_over_95": 0.0,
      "learning_rate": 0.00028898979824121984,
      "epoch_time": 107.8517062664032,
      "val_boundary_f1": 0.057245080500894455,
      "val_boundary_precision": 0.11851851851851852,
      "val_boundary_recall": 0.03773584905660377,
      "val_complete_segments": 0.01630134527801548,
      "val_avg_segment_overlap": 0.222554250188972,
      "val_verse_to_chorus_acc": 0.05752212389380531,
      "val_chorus_to_verse_acc": 0.0,
      "val_window_diff": 0.41904440491595796,
      "val_pk_metric": 0.43129233527749794
    },
    {
      "epoch": 7,
      "train_loss": 0.5522832706570625,
      "train_chorus_rate": 0.6200140878558159,
      "train_max_prob": 0.5729174733161926,
      "train_conf_over_90": 0.0,