{
  "trial_number": 114,
  "timestamp": 1756253011.883445,
  "boundary_f1": 0.41291585127201563,
  "line_f1": 0.7515214349590124,
  "macro_f1": 0.7515214349590124,
  "verse_f1": 0.8588578288458241,
  "chorus_f1": 0.6441850410722006,
  "windowdiff": 0.3520943469007869,
  "pk": 0.2500037711275091,
  "val_loss": 0.5278433561325073,
  "val_accuracy": 0.0,
  "weighted_f1": 0.0,
  "training_time": 1126.8740389347076,
  "training_time_minutes": 18.781233982245126,
  "total_params": 0,
  "actual_epochs": 15,
  "config_summary": {
    "attention_enabled": true,
    "hidden_dim": 256,
    "num_layers": 1,
    "max_epochs": 15,
    "batch_size": 32,
    "learning_rate": 0.0007508366990586275,
    "boundary_weight": 1.852691316605321,
    "label_smoothing": 0.25317525367048266
  },
  "validation_strategy": "composite",
  "all_metrics": {
    "loss": 0.5278433561325073,
    "chorus_rate": 0.2695329114794731,
    "max_prob_mean": 0.6965391784906387,
    "confidence_over_90": 0.0014072294579818845,
    "confidence_over_95": 0.0,
    "verse_f1": 0.8588578288458241,
    "chorus_f1": 0.6441850410722006,
    "macro_f1": 0.7515214349590124,
    "boundary_f1": 0.41291585127201563,
    "boundary_precision": 0.3528428093645485,
    "boundary_recall": 0.49764150943396224,
    "complete_segments": 0.31854858191019375,
    "avg_segment_overlap": 0.6349699848043231,
    "verse_to_chorus_acc": 0.5,
    "chorus_to_verse_acc": 0.4090909090909091,
    "window_diff": 0.3520943469007869,
    "pk_metric": 0.2500037711275091
  },
  "parameters": {
    "hidden_dim": 256,
    "num_layers": 1,
    "dropout": 0.27849421393583873,
    "attention_enabled": true,
    "attention_type": "localized",
    "attention_heads": 4,
    "attention_dropout": 0.29471009103158474,
    "max_epochs": 15,
    "batch_size": 32,
    "learning_rate": 0.0007508366990586275,
    "weight_decay": 0.02334230379147727,
    "scheduler": "cosine",
    "min_delta": 0.00073248031187229,
    "gradient_clip_norm": 0.3519584334224244,
    "validation_strategy": "composite",
    "head_tail_words": 2,
    "boundary_weight": 1.852691316605321,
    "label_smoothing": 0.25317525367048266,
    "segment_consistency_lambda": 0.0296717340092562,
    "conf_penalty_lambda": 0.006369383514708569,
    "conf_threshold": 0.9174142247416726,
    "entropy_lambda": 0.04618359095483137,
    "max_confidence_threshold": 0.9261000577253808,
    "min_chorus_rate": 0.05886904684542529,
    "max_chorus_rate": 0.7722626941109791,
    "max_conf_over_95_ratio": 0.17362390976887682,
    "head_ssm_enabled": true,
    "tail_ssm_enabled": true,
    "phonetic_ssm_enabled": true,
    "pos_ssm_enabled": true,
    "string_ssm_enabled": true,
    "syllable_pattern_ssm_enabled": true,
    "line_syllable_ssm_enabled": true,
    "word2vec_enabled": true,
    "contextual_enabled": true,
    "phonetic_mode": "combined",
    "phonetic_similarity_method": "binary",
    "phonetic_normalize": true,
    "phonetic_normalize_method": "minmax",
    "phonetic_high_sim_threshold": 0.26694875823865927,
    "pos_tagset": "universal",
    "pos_similarity_method": "combined",
    "pos_high_sim_threshold": 0.23268732881403134,
    "string_case_sensitive": false,
    "string_remove_punctuation": false,
    "string_similarity_threshold": 0.060717424565641914,
    "string_similarity_method": "jaccard",
    "syllable_pattern_similarity_method": "cosine",
    "syllable_pattern_levenshtein_weight": 0.7279084810998048,
    "syllable_pattern_cosine_weight": 0.2036694111193487,
    "syllable_pattern_normalize": true,
    "syllable_pattern_normalize_method": "zscore",
    "line_syllable_similarity_method": "cosine",
    "line_syllable_ratio_threshold": 0.09914077026821627,
    "line_syllable_normalize": true,
    "line_syllable_normalize_method": "minmax",
    "word2vec_mode": "complete",
    "word2vec_normalize": true,
    "word2vec_similarity_metric": "cosine",
    "word2vec_high_sim_threshold": 0.8334511752197731,
    "contextual_mode": "summary",
    "contextual_normalize": false,
    "contextual_similarity_metric": "dot",
    "contextual_high_sim_threshold": 0.657845236969663
  },
  "config": {
    "hidden_dim": 256,
    "num_layers": 1,
    "layer_dropout": 0.0,
    "num_classes": 2,
    "dropout": 0.27849421393583873,
    "attention_enabled": true,
    "attention_type": "localized",
    "attention_heads": 4,
    "attention_dropout": 0.29471009103158474,
    "attention_dim": 256,
    "positional_encoding": true,
    "max_seq_length": 1000,
    "window_size": 7,
    "boundary_temperature": 2.0,
    "batch_size": 32,
    "learning_rate": 0.0007508366990586275,
    "weight_decay": 0.02334230379147727,
    "max_epochs": 15,
    "patience": 4,
    "gradient_clip_norm": 0.3519584334224244,
    "scheduler": "cosine",
    "min_lr": 1e-06,
    "cosine_t_max": 15,
    "warmup_epochs": 5,
    "lr_factor": 0.5,
    "lr_patience": 10,
    "step_size": 30,
    "step_gamma": 0.5,
    "cosine_t0": 10,
    "cosine_t_mult": 2,
    "min_delta": 0.00073248031187229,
    "train_file": "data/train.jsonl",
    "val_file": "data/val.jsonl",
    "test_file": "data/test.jsonl",
    "weighted_sampling": true,
    "emergency_monitoring_enabled": true,
    "max_confidence_threshold": 0.9261000577253808,
    "min_chorus_rate": 0.05886904684542529,
    "max_chorus_rate": 0.7722626941109791,
    "max_conf_over_95_ratio": 0.17362390976887682,
    "val_overconf_threshold": 0.96,
    "val_f1_collapse_threshold": 0.1,
    "loss": {
      "loss_type": "boundary_aware",
      "boundary_weight": 1.852691316605321,
      "label_smoothing": 0.25317525367048266,
      "segment_consistency_lambda": 0.0296717340092562,
      "conf_penalty_lambda": 0.006369383514708569,
      "conf_threshold": 0.9174142247416726,
      "entropy_lambda": 0.04618359095483137
    },
    "calibration_enabled": true,
    "calibration_methods": [
      "temperature",
      "platt"
    ],
    "validation_strategy": "composite",
    "head_ssm_enabled": true,
    "head_ssm_words": 2,
    "head_ssm_dimension": 12,
    "tail_ssm_enabled": true,
    "tail_ssm_words": 2,
    "tail_ssm_dimension": 12,
    "phonetic_ssm_enabled": true,
    "phonetic_ssm_mode": "combined",
    "phonetic_ssm_dimension": 12,
    "phonetic_ssm_similarity_method": "binary",
    "phonetic_ssm_normalize": true,
    "phonetic_ssm_normalize_method": "minmax",
    "phonetic_ssm_high_sim_threshold": 0.26694875823865927,
    "pos_ssm_enabled": true,
    "pos_ssm_tagset": "universal",
    "pos_ssm_similarity_method": "combined",
    "pos_ssm_high_sim_threshold": 0.23268732881403134,
    "pos_ssm_dimension": 12,
    "string_ssm_enabled": true,
    "string_ssm_case_sensitive": false,
    "string_ssm_remove_punctuation": false,
    "string_ssm_similarity_threshold": 0.060717424565641914,
    "string_ssm_similarity_method": "jaccard",
    "string_ssm_dimension": 12,
    "syllable_pattern_ssm_enabled": true,
    "syllable_pattern_ssm_similarity_method": "cosine",
    "syllable_pattern_ssm_levenshtein_weight": 0.7813715709438116,
    "syllable_pattern_ssm_cosine_weight": 0.21862842905618837,
    "syllable_pattern_ssm_normalize": true,
    "syllable_pattern_ssm_normalize_method": "zscore",
    "syllable_pattern_ssm_dimension": 12,
    "line_syllable_ssm_enabled": true,
    "line_syllable_ssm_similarity_method": "cosine",
    "line_syllable_ssm_ratio_threshold": 0.09914077026821627,
    "line_syllable_ssm_normalize": true,
    "line_syllable_ssm_normalize_method": "minmax",
    "line_syllable_ssm_dimension": 12,
    "word2vec_enabled": true,
    "word2vec_model": "word2vec-google-news-300",
    "word2vec_mode": "complete",
    "word2vec_normalize": true,
    "word2vec_similarity_metric": "cosine",
    "word2vec_high_sim_threshold": 0.8334511752197731,
    "contextual_enabled": true,
    "contextual_model": "all-MiniLM-L6-v2",
    "contextual_mode": "summary",
    "contextual_normalize": false,
    "contextual_similarity_metric": "dot",