{
  "metadata": {
    "model_info": {
      "hidden_dim": 256,
      "num_layers": 1,
      "dropout": 0.27849421393583873,
      "layer_dropout": 0.0,
      "attention_enabled": true,
      "attention_heads": 4,
      "attention_dropout": 0.29471009103158474,
      "attention_dim": 256,
      "positional_encoding": true,
      "max_seq_length": 1000,
      "total_params": 1867010,
      "lstm_params": 1339392,
      "attention_params": 526592,
      "classifier_params": 1026
    },
    "training_info": {
      "batch_size": 32,
      "learning_rate": 0.0007508366990586275,
      "scheduler": "cosine",
      "label_smoothing": 0.0,
      "weighted_sampling": true,
      "total_epochs": 10,
      "validation_strategy": "composite",
      "weight_decay": 0.02334230379147727,
      "gradient_clip_norm": 0.3519584334224244,
      "max_epochs": 15,
      "patience": 4
    },
    "calibration_info": {
      "temperature": {
        "ece_before": 0.10269793576774991,
        "ece_after": 0.022345644273668922,
        "improvement": 0.08035229149408099,
        "params": {
          "temperature": 0.5396214312772467
        }
      },
      "platt": {
        "ece_before": 0.10269793576774991,
        "ece_after": 0.03148794040991421,
        "improvement": 0.0712099953578357,
        "params": {
          "A": 1.6050358420137936,
          "B": 0.0
        }
      }
    }
  },
  "metrics": [
    {
      "epoch": 1,
      "train_loss": 0.5803359776735306,
      "train_chorus_rate": 0.501976868417114,
      "train_max_prob": 0.6046778589487076,
      "train_conf_over_90": 3.320053219795227e-05,
      "train_conf_over_95": 0.0,
      "val_loss": 0.5598631203174591,
      "val_macro_f1": 0.5515726318902334,
      "val_verse_f1": 0.5750291715285881,
      "val_chorus_f1": 0.5281160922518786,
      "val_chorus_rate": 0.6485812664031982,
      "val_max_prob": 0.5450561046600342,
      "val_conf_over_90": 0.0,
      "val_conf_over_95": 0.0,
      "learning_rate": 0.0007426438335924903,
      "epoch_time": 107.89349508285522,
      "val_boundary_f1": 0.13301088270858527,
      "val_boundary_precision": 0.13647642679900746,
      "val_boundary_recall": 0.12971698113207547,
      "val_complete_segments": 0.03899523481973111,
      "val_avg_segment_overlap": 0.33576888792879556,
      "val_verse_to_chorus_acc": 0.11504424778761062,
      "val_chorus_to_verse_acc": 0.10606060606060606,
      "val_window_diff": 0.4738016912420314,
      "val_pk_metric": 0.45152410189476677
    },
    {
      "epoch": 2,
      "train_loss": 0.5315618649125099,
      "train_chorus_rate": 0.4354299310594797,
      "train_max_prob": 0.582837775349617,
      "train_conf_over_90": 0.0,
      "train_conf_over_95": 0.0,
      "val_loss": 0.5470973700284958,
      "val_macro_f1": 0.6876642737037405,
      "val_verse_f1": 0.7980402830702231,
      "val_chorus_f1": 0.5772882643372579,
      "val_chorus_rate": 0.34761814773082733,
      "val_max_prob": 0.5801851749420166,
      "val_conf_over_90": 0.0,
      "val_conf_over_95": 0.0,
      "learning_rate": 0.0007184233047286792,
      "epoch_time": 98.21277117729187,
      "val_boundary_f1": 0.3163950143815915,
      "val_boundary_precision": 0.2665589660743134,
      "val_boundary_recall": 0.3891509433962264,
      "val_complete_segments": 0.19334666055238697,
      "val_avg_segment_overlap": 0.543647102466952,
      "val_verse_to_chorus_acc": 0.37168141592920356,
      "val_chorus_to_verse_acc": 0.3434343434343434,
      "val_window_diff": 0.423409185241901,
      "val_pk_metric": 0.32810877923088716
    },
    {
      "epoch": 3,
      "train_loss": 0.5227852210402488,
      "train_chorus_rate": 0.5138400949537754,
      "train_max_prob": 0.6477950900793076,
      "train_conf_over_90": 0.006036939108162187,
      "train_conf_over_95": 0.0,
      "val_loss": 0.5161336585879326,
      "val_macro_f1": 0.6907330086265204,
      "val_verse_f1": 0.7543788187372708,
      "val_chorus_f1": 0.62708719851577,
      "val_chorus_rate": 0.4948910176753998,
      "val_max_prob": 0.6362003087997437,
      "val_conf_over_90": 0.0004625346919056028,
      "val_conf_over_95": 0.0,
      "learning_rate": 0.0006792336658015351,
      "epoch_time": 101.2265088558197,
      "val_boundary_f1": 0.29720279720279724,
      "val_boundary_precision": 0.2361111111111111,
      "val_boundary_recall": 0.4009433962264151,
      "val_complete_segments": 0.15531592606088895,
      "val_avg_segment_overlap": 0.5809548402247087,
      "val_verse_to_chorus_acc": 0.3274336283185841,
      "val_chorus_to_verse_acc": 0.41919191919191917,
      "val_window_diff": 0.46839320417751557,
      "val_pk_metric": 0.3621471829094697
    },
    {
      "epoch": 4,
      "train_loss": 0.49691698253154754,
      "train_chorus_rate": 0.4063765212893486,
      "train_max_prob": 0.6543578207492828,
      "train_conf_over_90": 0.003445455979090184,
      "train_conf_over_95": 0.0,
      "val_loss": 0.5269350856542587,
      "val_macro_f1": 0.5801543927981803,
      "val_verse_f1": 0.5880935165100024,
      "val_chorus_f1": 0.572215269086358,
      "val_chorus_rate": 0.6819352060556412,
      "val_max_prob": 0.6634415835142136,
      "val_conf_over_90": 0.0096942950040102,
      "val_conf_over_95": 0.0,
      "learning_rate": 0.0006267876920849258,
      "epoch_time": 232.2000629901886,
      "val_boundary_f1": 0.1724890829694323,
      "val_boundary_precision": 0.16056910569105692,
      "val_boundary_recall": 0.18632075471698112,
      "val_complete_segments": 0.05392284611531696,
      "val_avg_segment_overlap": 0.43607614452812443,
      "val_verse_to_chorus_acc": 0.17699115044247787,
      "val_chorus_to_verse_acc": 0.16666666666666666,
      "val_window_diff": 0.47038653914924866,
      "val_pk_metric": 0.37773031003542135
    },
    {
      "epoch": 5,
      "train_loss": 0.4897220075130463,
      "train_chorus_rate": 0.39561875984072686,
      "train_max_prob": 0.659117066860199,
      "train_conf_over_90": 0.004831391668994911,
      "train_conf_over_95": 0.0,
      "val_loss": 0.5278433561325073,
      "val_macro_f1": 0.7515214349590124,
      "val_verse_f1": 0.8588578288458241,
      "val_chorus_f1": 0.6441850410722006,
      "val_chorus_rate": 0.2695329114794731,
      "val_max_prob": 0.6965391784906387,
      "val_conf_over_90": 0.0014072294579818845,
      "val_conf_over_95": 0.0,
      "learning_rate": 0.0005633775242939706,
      "epoch_time": 87.79989099502563,
      "val_boundary_f1": 0.41291585127201563,
      "val_boundary_precision": 0.3528428093645485,
      "val_boundary_recall": 0.49764150943396224,
      "val_complete_segments": 0.31854858191019375,
      "val_avg_segment_overlap": 0.6349699848043231,
      "val_verse_to_chorus_acc": 0.5,
      "val_chorus_to_verse_acc": 0.4090909090909091,
      "val_window_diff": 0.3520943469007869,
      "val_pk_metric": 0.2500037711275091
    },
    {
      "epoch": 6,
      "train_loss": 0.4806489869952202,
      "train_chorus_rate": 0.3552610531449318,
      "train_max_prob": 0.6691628605127334,
      "train_conf_over_90": 0.005875722932978533,
      "train_conf_over_95": 0.0,
      "val_loss": 0.4943871721625328,
      "val_macro_f1": 0.7199913118321479,
      "val_verse_f1": 0.7821543408360129,
      "val_chorus_f1": 0.6578282828282829,
      "val_chorus_rate": 0.47878118604421616,
      "val_max_prob": 0.6861609071493149,
      "val_conf_over_90": 0.011969883344136178,
      "val_conf_over_95": 0.0,
      "learning_rate": 0.0004917744910368783,
      "epoch_time": 90.20715594291687,
      "val_boundary_f1": 0.37044145873320533,
      "val_boundary_precision": 0.3122977346278317,
      "val_boundary_recall": 0.455188679245283,
      "val_complete_segments": 0.2504249799716396,
      "val_avg_segment_overlap": 0.6146259590598838,
      "val_verse_to_chorus_acc": 0.4336283185840708,
      "val_chorus_to_verse_acc": 0.42424242424242425,
      "val_window_diff": 0.42160061827942275,