{
  "trial_number": 9,
  "trial_id": "cnn_trial_0009",
  "model_type": "CNN",
  "training_score": 0.6217602587874715,
  "optuna_objective": 0.4179372197309417,
  "validation_metrics": {
    "line_f1": 0.7608817661834979,
    "boundary_f1": 0.4179372197309417,
    "macro_f1": 0.7608817661834979,
    "verse_f1": 0.8326407253494521,
    "chorus_f1": 0.6891228070175438,
    "boundary_precision": 0.33719247467438496,
    "boundary_recall": 0.5495283018867925,
    "window_diff": 0.44426165119107575,
    "pk_metric": 0.308829549847057,
    "confidence": 0.7220079898834229,
    "val_loss": 0.4919636696577072
  },
  "all_results": {
    "line_f1": 0.7608817661834979,
    "boundary_f1": 0.4179372197309417,
    "macro_f1": 0.7608817661834979,
    "verse_f1": 0.8326407253494521,
    "chorus_f1": 0.6891228070175438,
    "boundary_precision": 0.33719247467438496,
    "boundary_recall": 0.5495283018867925,
    "window_diff": 0.44426165119107575,
    "pk_metric": 0.308829549847057,
    "confidence": 0.7220079898834229,
    "val_loss": 0.4919636696577072
  },
  "parameters": {
    "hidden_dim": 256,
    "num_layers": 2,
    "dropout": 0.3354834527306975,
    "layer_dropout": 0.21436880286110357,
    "cnn_kernel_sizes": "3,5,7",
    "cnn_dilation_rates": "1,2,4",
    "cnn_use_residual": true,
    "cnn_batch_multiplier": 1.0749587136743868,
    "attention_enabled": false,
    "max_epochs": 8,
    "batch_size": 32,
    "learning_rate": 0.0002216644223806641,
    "weight_decay": 0.006697324797226437,
    "scheduler": "cosine",
    "min_delta": 0.0004068429025960035,
    "gradient_clip_norm": 0.6234040625508929,
    "validation_strategy": "cnn_composite",
    "boundary_weight": 2.252944339442233,
    "label_smoothing": 0.1805727117717324,
    "segment_consistency_lambda": 0.015181101838208404,
    "conf_penalty_lambda": 0.009360619544720757,
    "conf_threshold": 0.9479635484745084,
    "entropy_lambda": 0.03130266367178418,
    "max_confidence_threshold": 0.9139330164775379,
    "min_chorus_rate": 0.06844998762354591,
    "max_chorus_rate": 0.8624343180588039,
    "max_conf_over_95_ratio": 0.054576171287427845,
    "head_ssm_enabled": false,
    "tail_ssm_enabled": false,
    "phonetic_ssm_enabled": true,
    "pos_ssm_enabled": true,
    "string_ssm_enabled": true,
    "syllable_pattern_ssm_enabled": false,
    "line_syllable_ssm_enabled": true,
    "word2vec_enabled": true,
    "contextual_enabled": false,
    "head_tail_words": 2,
    "phonetic_mode": "combined",
    "phonetic_similarity": "sequence_match",
    "phonetic_threshold": 0.2952217940889807,
    "pos_tagset": "universal",
    "pos_similarity": "jaccard",
    "pos_threshold": 0.25623938991166334,
    "string_similarity": "jaccard",
    "string_threshold": 0.05827074744033421
  },
  "duration_minutes": 0
}