{
  "trial_number": 12,
  "trial_id": "cnn_trial_0012",
  "model_type": "CNN",
  "training_score": 0.7075476032751855,
  "optuna_objective": 0.33481745325022266,
  "validation_metrics": {
    "line_f1": 0.7075476032751855,
    "boundary_f1": 0.33481745325022266,
    "macro_f1": 0.7075476032751855,
    "verse_f1": 0.7752741774675972,
    "chorus_f1": 0.6398210290827739,
    "boundary_precision": 0.26895565092989987,
    "boundary_recall": 0.44339622641509435,
    "window_diff": 0.41409363290108303,
    "pk_metric": 0.30061637297921484,
    "confidence": 0.6566858738660812,
    "val_loss": 0.519794687628746
  },
  "all_results": {
    "line_f1": 0.7075476032751855,
    "boundary_f1": 0.33481745325022266,
    "macro_f1": 0.7075476032751855,
    "verse_f1": 0.7752741774675972,
    "chorus_f1": 0.6398210290827739,
    "boundary_precision": 0.26895565092989987,
    "boundary_recall": 0.44339622641509435,
    "window_diff": 0.41409363290108303,
    "pk_metric": 0.30061637297921484,
    "confidence": 0.6566858738660812,
    "val_loss": 0.519794687628746
  },
  "parameters": {
    "hidden_dim": 128,
    "num_layers": 1,
    "dropout": 0.28262909084207094,
    "cnn_kernel_sizes": "3,5",
    "cnn_dilation_rates": "1,2,4",
    "cnn_use_residual": true,
    "cnn_batch_multiplier": 1.109615024909433,
    "attention_enabled": false,
    "max_epochs": 8,
    "batch_size": 32,
    "learning_rate": 0.0005180984142541071,
    "weight_decay": 0.021019347368871812,
    "scheduler": "onecycle",
    "min_delta": 0.00039930830000035954,
    "gradient_clip_norm": 0.30813467313928716,
    "validation_strategy": "line_f1",
    "boundary_weight": 2.1960488781200618,
    "label_smoothing": 0.1789784392705208,
    "segment_consistency_lambda": 0.019579495668772033,
    "conf_penalty_lambda": 0.008224101849791842,
    "conf_threshold": 0.9298109344035552,
    "entropy_lambda": 0.03496896936285249,
    "max_confidence_threshold": 0.9044607520828212,
    "min_chorus_rate": 0.0559457132058706,
    "max_chorus_rate": 0.8359195505354116,
    "max_conf_over_95_ratio": 0.06812162610294353,
    "head_ssm_enabled": false,
    "tail_ssm_enabled": true,
    "phonetic_ssm_enabled": false,
    "pos_ssm_enabled": false,
    "string_ssm_enabled": false,
    "syllable_pattern_ssm_enabled": false,
    "line_syllable_ssm_enabled": false,
    "word2vec_enabled": true,
    "contextual_enabled": true,
    "head_tail_words": 4,
    "phonetic_mode": "alliteration",
    "phonetic_similarity": "binary",
    "phonetic_threshold": 0.2523806344299734,
    "pos_tagset": "simplified",
    "pos_similarity": "jaccard",
    "pos_threshold": 0.27030911215349646,
    "string_similarity": "levenshtein",
    "string_threshold": 0.04831588408165942
  },
  "duration_minutes": 0
}