{
  "method": "temperature",
  "params": {
    "temperature": 0.9473971360648306
  },
  "ece_before": 0.023188316751791123,
  "ece_after": 0.018838332815933754,
  "improvement": 0.004349983935857369,
  "all_results": [
    {
      "method": "temperature",
      "params": {
        "temperature": 0.9473971360648306
      },
      "ece_before": 0.023188316751791123,
      "ece_after": 0.018838332815933754,
      "improvement": 0.004349983935857369
    },
    {
      "method": "platt",
      "params": {
        "A": 0.9582263215527819,
        "B": 0.0
      },
      "ece_before": 0.023188316751791123,
      "ece_after": 0.02110074513202097,
      "improvement": 0.0020875716197701517
    }
  ]
}