{
  "method": "platt",
  "params": {
    "A": 1.7470335380752962,
    "B": 0.0
  },
  "ece_before": 0.09915899463393132,
  "ece_after": 0.01551273877939211,
  "improvement": 0.08364625585453922,
  "all_results": [
    {
      "method": "temperature",
      "params": {
        "temperature": 0.5602246556875882
      },
      "ece_before": 0.09915899463393132,
      "ece_after": 0.01883737814625496,
      "improvement": 0.08032161648767636
    },
    {
      "method": "platt",
      "params": {
        "A": 1.7470335380752962,
        "B": 0.0
      },
      "ece_before": 0.09915899463393132,
      "ece_after": 0.01551273877939211,
      "improvement": 0.08364625585453922
    }
  ]
}