{
  "trial_number": 72,
  "timestamp": 1756195380.008683,
  "boundary_f1": 0.41666666666666663,
  "line_f1": 0.7716878751009764,
  "macro_f1": 0.7716878751009764,
  "verse_f1": 0.8731723903434205,
  "chorus_f1": 0.6702033598585323,
  "windowdiff": 0.2972308373234402,
  "pk": 0.22435213120756442,
  "val_loss": 0.49799010902643204,
  "val_accuracy": 0.0,
  "weighted_f1": 0.0,
  "training_time": 1289.2284002304077,
  "training_time_minutes": 21.48714000384013,
  "total_params": 0,
  "actual_epochs": 15,
  "config_summary": {
    "attention_enabled": true,
    "hidden_dim": 128,
    "num_layers": 2,
    "max_epochs": 15,
    "batch_size": 32,
    "learning_rate": 0.0009959599371340954,
    "boundary_weight": 2.1800150723014644,
    "label_smoothing": 0.14783141567554475
  },
  "validation_strategy": "boundary_f1",
  "all_metrics": {
    "loss": 0.49799010902643204,
    "chorus_rate": 0.25623075291514397,
    "max_prob_mean": 0.7185096740722656,
    "confidence_over_90": 0.010694752563722432,
    "confidence_over_95": 0.0,
    "verse_f1": 0.8731723903434205,
    "chorus_f1": 0.6702033598585323,
    "macro_f1": 0.7716878751009764,
    "boundary_f1": 0.41666666666666663,
    "boundary_precision": 0.36607142857142855,
    "boundary_recall": 0.4834905660377358,
    "complete_segments": 0.2855770897393379,
    "avg_segment_overlap": 0.659445831602117,
    "verse_to_chorus_acc": 0.39823008849557523,
    "chorus_to_verse_acc": 0.4898989898989899,
    "window_diff": 0.2972308373234402,
    "pk_metric": 0.22435213120756442
  },
  "parameters": {
    "hidden_dim": 128,
    "num_layers": 2,
    "dropout": 0.18493020307967306,
    "layer_dropout": 0.22907614455699954,
    "attention_enabled": true,
    "attention_heads": 8,
    "attention_dropout": 0.143589691271329,
    "max_epochs": 15,
    "batch_size": 32,
    "learning_rate": 0.0009959599371340954,
    "weight_decay": 0.01647732088150535,
    "scheduler": "cosine",
    "min_delta": 0.0002777410164307439,
    "gradient_clip_norm": 0.3815059945237017,
    "validation_strategy": "boundary_f1",
    "head_tail_words": 4,
    "boundary_weight": 2.1800150723014644,
    "label_smoothing": 0.14783141567554475,
    "segment_consistency_lambda": 0.025945421099154646,
    "conf_penalty_lambda": 0.011860947499590097,
    "conf_threshold": 0.945300159876726,
    "entropy_lambda": 0.027791347662437446,
    "max_confidence_threshold": 0.9450889437744021,
    "min_chorus_rate": 0.10074530374297001,
    "max_chorus_rate": 0.752737647104717,
    "max_conf_over_95_ratio": 0.17670552982155696,
    "head_ssm_enabled": true,
    "tail_ssm_enabled": false,
    "phonetic_ssm_enabled": true,
    "pos_ssm_enabled": true,
    "string_ssm_enabled": false,
    "syllable_pattern_ssm_enabled": true,
    "line_syllable_ssm_enabled": false,
    "word2vec_enabled": false,
    "contextual_enabled": false,
    "phonetic_mode": "rhyme",
    "phonetic_similarity_method": "binary",
    "phonetic_normalize": false,
    "phonetic_normalize_method": "zscore",
    "phonetic_high_sim_threshold": 0.32823564647078834,
    "pos_tagset": "simplified",
    "pos_similarity_method": "position",
    "pos_high_sim_threshold": 0.27026112788970735,
    "string_case_sensitive": true,
    "string_remove_punctuation": true,
    "string_similarity_threshold": 0.05000025158244931,
    "string_similarity_method": "word_overlap",
    "syllable_pattern_similarity_method": "levenshtein",
    "syllable_pattern_levenshtein_weight": 0.6395674631044955,
    "syllable_pattern_cosine_weight": 0.21863670492262818,
    "syllable_pattern_normalize": false,
    "syllable_pattern_normalize_method": "minmax",
    "line_syllable_similarity_method": "cosine",
    "line_syllable_ratio_threshold": 0.10605745541460188,
    "line_syllable_normalize": false,
    "line_syllable_normalize_method": "minmax",
    "word2vec_mode": "summary",
    "word2vec_normalize": false,
    "word2vec_similarity_metric": "cosine",
    "word2vec_high_sim_threshold": 0.753528461937706,
    "contextual_mode": "complete",
    "contextual_normalize": false,
    "contextual_similarity_metric": "cosine",
    "contextual_high_sim_threshold": 0.6712170647424783
  },
  "config": {
    "hidden_dim": 128,
    "num_layers": 2,
    "layer_dropout": 0.22907614455699954,
    "num_classes": 2,
    "dropout": 0.18493020307967306,
    "attention_enabled": true,
    "attention_type": "boundary_aware",
    "attention_heads": 8,
    "attention_dropout": 0.143589691271329,
    "attention_dim": 128,
    "positional_encoding": true,
    "max_seq_length": 1000,
    "window_size": 7,
    "boundary_temperature": 2.0,
    "batch_size": 32,
    "learning_rate": 0.0009959599371340954,
    "weight_decay": 0.01647732088150535,
    "max_epochs": 15,
    "patience": 4,
    "gradient_clip_norm": 0.3815059945237017,
    "scheduler": "cosine",
    "min_lr": 1e-06,
    "cosine_t_max": 15,
    "warmup_epochs": 5,
    "lr_factor": 0.5,
    "lr_patience": 10,
    "step_size": 30,
    "step_gamma": 0.5,
    "cosine_t0": 10,
    "cosine_t_mult": 2,
    "min_delta": 0.0002777410164307439,
    "train_file": "data/train.jsonl",
    "val_file": "data/val.jsonl",
    "test_file": "data/test.jsonl",
    "weighted_sampling": true,
    "emergency_monitoring_enabled": true,
    "max_confidence_threshold": 0.9450889437744021,
    "min_chorus_rate": 0.10074530374297001,
    "max_chorus_rate": 0.752737647104717,
    "max_conf_over_95_ratio": 0.17670552982155696,
    "val_overconf_threshold": 0.96,
    "val_f1_collapse_threshold": 0.1,
    "loss": {
      "loss_type": "boundary_aware",
      "boundary_weight": 2.1800150723014644,
      "label_smoothing": 0.14783141567554475,
      "segment_consistency_lambda": 0.025945421099154646,
      "conf_penalty_lambda": 0.011860947499590097,
      "conf_threshold": 0.945300159876726,
      "entropy_lambda": 0.027791347662437446
    },
    "calibration_enabled": true,
    "calibration_methods": [
      "temperature",
      "platt"
    ],
    "validation_strategy": "boundary_f1",
    "head_ssm_enabled": true,
    "head_ssm_words": 4,
    "head_ssm_dimension": 12,
    "tail_ssm_enabled": false,
    "tail_ssm_words": 4,
    "tail_ssm_dimension": 12,
    "phonetic_ssm_enabled": true,
    "phonetic_ssm_mode": "rhyme",
    "phonetic_ssm_dimension": 12,
    "phonetic_ssm_similarity_method": "binary",
    "phonetic_ssm_normalize": false,
    "phonetic_ssm_normalize_method": "zscore",
    "phonetic_ssm_high_sim_threshold": 0.32823564647078834,
    "pos_ssm_enabled": true,
    "pos_ssm_tagset": "simplified",
    "pos_ssm_similarity_method": "position",
    "pos_ssm_high_sim_threshold": 0.27026112788970735,
    "pos_ssm_dimension": 12,
    "string_ssm_enabled": false,
    "string_ssm_case_sensitive": true,
    "string_ssm_remove_punctuation": true,
    "string_ssm_similarity_threshold": 0.05000025158244931,
    "string_ssm_similarity_method": "word_overlap",
    "string_ssm_dimension": 12,
    "syllable_pattern_ssm_enabled": true,
    "syllable_pattern_ssm_similarity_method": "levenshtein",
    "syllable_pattern_ssm_levenshtein_weight": 0.745239287959601,
    "syllable_pattern_ssm_cosine_weight": 0.2547607120403989,
    "syllable_pattern_ssm_normalize": false,
    "syllable_pattern_ssm_normalize_method": "minmax",
    "syllable_pattern_ssm_dimension": 12,
    "line_syllable_ssm_enabled": false,
    "line_syllable_ssm_similarity_method": "cosine",
    "line_syllable_ssm_ratio_threshold": 0.10605745541460188,
    "line_syllable_ssm_normalize": false,
    "line_syllable_ssm_normalize_method": "minmax",
    "line_syllable_ssm_dimension": 12,
    "word2vec_enabled": false,
    "word2vec_model": "word2vec-google-news-300",
    "word2vec_mode": "summary",
    "word2vec_normalize": false,
    "word2vec_similarity_metric": "cosine",
    "word2vec_high_sim_threshold": 0.753528461937706,
    "contextual_enabled": false,
    "contextual_model": "all-MiniLM-L6-v2",
    "contextual_mode": "complete",
    "contextual_normalize": false,