{
  "metadata": {
    "model_info": {
      "hidden_dim": 128,
      "num_layers": 2,
      "dropout": 0.18493020307967306,
      "layer_dropout": 0.22907614455699954,
      "attention_enabled": true,
      "attention_heads": 8,
      "attention_dropout": 0.143589691271329,
      "attention_dim": 128,
      "positional_encoding": true,
      "max_seq_length": 1000,
      "total_params": 718595,
      "lstm_params": 577536,
      "attention_params": 140545,
      "classifier_params": 514
    },
    "training_info": {
      "batch_size": 32,
      "learning_rate": 0.0009959599371340954,
      "scheduler": "cosine",
      "label_smoothing": 0.0,
      "weighted_sampling": true,
      "total_epochs": 15,
      "validation_strategy": "boundary_f1",
      "weight_decay": 0.01647732088150535,
      "gradient_clip_norm": 0.3815059945237017,
      "max_epochs": 15,
      "patience": 4
    },
    "calibration_info": {
      "temperature": {
        "ece_before": 0.09915899463393132,
        "ece_after": 0.01883737814625496,
        "improvement": 0.08032161648767636,
        "params": {
          "temperature": 0.5602246556875882
        }
      },
      "platt": {
        "ece_before": 0.09915899463393132,
        "ece_after": 0.01551273877939211,
        "improvement": 0.08364625585453922,
        "params": {
          "A": 1.7470335380752962,
          "B": 0.0
        }
      }
    }
  },
  "metrics": [
    {
      "epoch": 1,
      "train_loss": 0.5870218575000763,
      "train_chorus_rate": 0.5857558886171319,
      "train_max_prob": 0.5643089085817337,
      "train_conf_over_90": 0.0,
      "train_conf_over_95": 0.0,
      "val_loss": 0.6248234808444977,
      "val_macro_f1": 0.43663581243497285,
      "val_verse_f1": 0.8195906432748536,
      "val_chorus_f1": 0.05368098159509203,
      "val_chorus_rate": 0.020455408608540893,
      "val_max_prob": 0.6002911329269409,
      "val_conf_over_90": 0.0,
      "val_conf_over_95": 0.0,
      "learning_rate": 0.0009850888062340345,
      "epoch_time": 102.33510780334473,
      "val_boundary_f1": 0.013513513513513514,
      "val_boundary_precision": 0.15,
      "val_boundary_recall": 0.007075471698113208,
      "val_complete_segments": 0.05889547516005629,
      "val_avg_segment_overlap": 0.17635192163793728,
      "val_verse_to_chorus_acc": 0.01327433628318584,
      "val_chorus_to_verse_acc": 0.0,
      "val_window_diff": 0.27204540173479697,
      "val_pk_metric": 0.27825045425660655
    },
    {
      "epoch": 2,
      "train_loss": 0.5655359655618668,
      "train_chorus_rate": 0.4837995732435957,
      "train_max_prob": 0.5798713713884354,
      "train_conf_over_90": 0.0,
      "train_conf_over_95": 0.0,
      "val_loss": 0.5914314538240433,
      "val_macro_f1": 0.5003218657268175,
      "val_verse_f1": 0.5348035837353549,
      "val_chorus_f1": 0.4658401477182801,
      "val_chorus_rate": 0.6321724951267242,
      "val_max_prob": 0.5471044033765793,
      "val_conf_over_90": 0.0,
      "val_conf_over_95": 0.0,
      "learning_rate": 0.000952950534119658,
      "epoch_time": 50.65052103996277,
      "val_boundary_f1": 0.050520059435364036,
      "val_boundary_precision": 0.06827309236947791,
      "val_boundary_recall": 0.04009433962264151,
      "val_complete_segments": 0.02320439095359562,
      "val_avg_segment_overlap": 0.24011523161709775,
      "val_verse_to_chorus_acc": 0.04424778761061947,
      "val_chorus_to_verse_acc": 0.025252525252525252,
      "val_window_diff": 0.5048544859084731,
      "val_pk_metric": 0.5055455840487817
    },
    {
      "epoch": 3,
      "train_loss": 0.5496187061071396,
      "train_chorus_rate": 0.3923657894134521,
      "train_max_prob": 0.5975724935531617,
      "train_conf_over_90": 0.0,
      "train_conf_over_95": 0.0,
      "val_loss": 0.600134015083313,
      "val_macro_f1": 0.569886885487173,
      "val_verse_f1": 0.7500865351332642,
      "val_chorus_f1": 0.38968723584108195,
      "val_chorus_rate": 0.282359953969717,
      "val_max_prob": 0.5748170763254166,
      "val_conf_over_90": 0.0,
      "val_conf_over_95": 0.0,
      "learning_rate": 0.0009009497174989041,
      "epoch_time": 130.42610096931458,
      "val_boundary_f1": 0.10204081632653061,
      "val_boundary_precision": 0.18292682926829268,
      "val_boundary_recall": 0.07075471698113207,
      "val_complete_segments": 0.059582546870457796,
      "val_avg_segment_overlap": 0.24731569582885343,
      "val_verse_to_chorus_acc": 0.07079646017699115,
      "val_chorus_to_verse_acc": 0.06060606060606061,
      "val_window_diff": 0.3677006170054957,
      "val_pk_metric": 0.34948362570948927
    },
    {
      "epoch": 4,
      "train_loss": 0.5419954851269722,
      "train_chorus_rate": 0.4437202931381762,
      "train_max_prob": 0.6094844400882721,
      "train_conf_over_90": 0.0,
      "train_conf_over_95": 0.0,
      "val_loss": 0.6005875915288925,
      "val_macro_f1": 0.5573908345805876,
      "val_verse_f1": 0.639021356002488,
      "val_chorus_f1": 0.4757603131586871,
      "val_chorus_rate": 0.5170078948140144,
      "val_max_prob": 0.6098746210336685,
      "val_conf_over_90": 0.0,
      "val_conf_over_95": 0.0,
      "learning_rate": 0.0008313590415857022,
      "epoch_time": 99.18647503852844,
      "val_boundary_f1": 0.08067226890756303,
      "val_boundary_precision": 0.14035087719298245,
      "val_boundary_recall": 0.05660377358490566,
      "val_complete_segments": 0.03987295127273918,
      "val_avg_segment_overlap": 0.23806611774984665,
      "val_verse_to_chorus_acc": 0.05752212389380531,
      "val_chorus_to_verse_acc": 0.030303030303030304,
      "val_window_diff": 0.3926067916752179,
      "val_pk_metric": 0.36409539408144304
    },
    {
      "epoch": 5,
      "train_loss": 0.5489874497056008,
      "train_chorus_rate": 0.45835779160261153,
      "train_max_prob": 0.614521038532257,
      "train_conf_over_90": 0.0002677376149222255,
      "train_conf_over_95": 0.0,
      "val_loss": 0.554561585187912,
      "val_macro_f1": 0.6957403291477493,
      "val_verse_f1": 0.8285176953325356,
      "val_chorus_f1": 0.5629629629629631,
      "val_chorus_rate": 0.2650105655193329,
      "val_max_prob": 0.6374301612377167,
      "val_conf_over_90": 0.0002312673459528014,
      "val_conf_over_95": 0.0,
      "learning_rate": 0.0007472199528505717,
      "epoch_time": 50.077512979507446,
      "val_boundary_f1": 0.3183760683760684,
      "val_boundary_precision": 0.291015625,
      "val_boundary_recall": 0.35141509433962265,
      "val_complete_segments": 0.1691677721502748,
      "val_avg_segment_overlap": 0.5298202939556096,
      "val_verse_to_chorus_acc": 0.3141592920353982,
      "val_chorus_to_verse_acc": 0.3333333333333333,
      "val_window_diff": 0.35978629366291326,
      "val_pk_metric": 0.2982289980363253
    },
    {
      "epoch": 6,
      "train_loss": 0.5044238865375519,
      "train_chorus_rate": 0.3875848062336445,
      "train_max_prob": 0.6697196900844574,
      "train_conf_over_90": 0.019784225500188768,
      "train_conf_over_95": 0.0009805295616388322,
      "val_loss": 0.5341435521841049,
      "val_macro_f1": 0.7359446863020369,
      "val_verse_f1": 0.8490371389270978,
      "val_chorus_f1": 0.622852233676976,
      "val_chorus_rate": 0.2724859192967415,
      "val_max_prob": 0.7263096123933792,
      "val_conf_over_90": 0.015432738233357668,
      "val_conf_over_95": 0.0,
      "learning_rate": 0.0006522097332153803,
      "epoch_time": 51.55779004096985,
      "val_boundary_f1": 0.3553008595988539,
      "val_boundary_precision": 0.2985553772070626,
      "val_boundary_recall": 0.4386792452830189,
      "val_complete_segments": 0.21255249341145416,
      "val_avg_segment_overlap": 0.6250361931546469,
      "val_verse_to_chorus_acc": 0.3584070796460177,
      "val_chorus_to_verse_acc": 0.4393939393939394,
      "val_window_diff": 0.37502063910878847,
      "val_pk_metric": 0.275529935737608
    },
    {
      "epoch": 7,
      "train_loss": 0.47629875838756563,