{
  "trial_number": 103,
  "timestamp": 1756235193.162706,
  "boundary_f1": 0.442,
  "line_f1": 0.7620697912775272,
  "macro_f1": 0.7620697912775272,
  "verse_f1": 0.843989769820972,
  "chorus_f1": 0.6801498127340825,
  "windowdiff": 0.3523498386122736,
  "pk": 0.25511557052563805,
  "val_loss": 0.49470827728509903,
  "val_accuracy": 0.0,
  "weighted_f1": 0.0,
  "training_time": 919.245414018631,
  "training_time_minutes": 15.320756900310517,
  "total_params": 0,
  "actual_epochs": 15,
  "config_summary": {
    "attention_enabled": true,
    "hidden_dim": 256,
    "num_layers": 1,
    "max_epochs": 15,
    "batch_size": 32,
    "learning_rate": 0.0008083438812501096,
    "boundary_weight": 1.9026216806571596,
    "label_smoothing": 0.24021016512452883
  },
  "validation_strategy": "composite",
  "all_metrics": {
    "loss": 0.49470827728509903,
    "chorus_rate": 0.3567579686641693,
    "max_prob_mean": 0.6824325770139694,
    "confidence_over_90": 0.000693802023306489,
    "confidence_over_95": 0.0,
    "verse_f1": 0.843989769820972,
    "chorus_f1": 0.6801498127340825,
    "macro_f1": 0.7620697912775272,
    "boundary_f1": 0.442,
    "boundary_precision": 0.3836805555555556,
    "boundary_recall": 0.5212264150943396,
    "complete_segments": 0.3385726432386029,
    "avg_segment_overlap": 0.669807095428246,
    "verse_to_chorus_acc": 0.504424778761062,
    "chorus_to_verse_acc": 0.4595959595959596,
    "window_diff": 0.3523498386122736,
    "pk_metric": 0.25511557052563805
  },
  "parameters": {
    "hidden_dim": 256,
    "num_layers": 1,
    "dropout": 0.2501466134483093,
    "attention_enabled": true,
    "attention_type": "localized",
    "attention_heads": 4,
    "attention_dropout": 0.2383515113338004,
    "max_epochs": 15,
    "batch_size": 32,
    "learning_rate": 0.0008083438812501096,
    "weight_decay": 0.01857005053818392,
    "scheduler": "cosine",
    "min_delta": 0.0005533162834163665,
    "gradient_clip_norm": 0.34197399756983626,
    "validation_strategy": "composite",
    "head_tail_words": 2,
    "boundary_weight": 1.9026216806571596,
    "label_smoothing": 0.24021016512452883,
    "segment_consistency_lambda": 0.015563923846067846,
    "conf_penalty_lambda": 0.008402089155287413,
    "conf_threshold": 0.9164104979654442,
    "entropy_lambda": 0.037229525517616,
    "max_confidence_threshold": 0.9379201723187043,
    "min_chorus_rate": 0.07880548198364938,
    "max_chorus_rate": 0.7725581419367988,
    "max_conf_over_95_ratio": 0.19014453108660154,
    "head_ssm_enabled": true,
    "tail_ssm_enabled": true,
    "phonetic_ssm_enabled": true,
    "pos_ssm_enabled": true,
    "string_ssm_enabled": true,
    "syllable_pattern_ssm_enabled": true,
    "line_syllable_ssm_enabled": false,
    "word2vec_enabled": true,
    "contextual_enabled": true,
    "phonetic_mode": "combined",
    "phonetic_similarity_method": "binary",
    "phonetic_normalize": true,
    "phonetic_normalize_method": "minmax",
    "phonetic_high_sim_threshold": 0.2813106012835412,
    "pos_tagset": "universal",
    "pos_similarity_method": "combined",
    "pos_high_sim_threshold": 0.2252785208028356,
    "string_case_sensitive": false,
    "string_remove_punctuation": false,
    "string_similarity_threshold": 0.054948688267848225,
    "string_similarity_method": "jaccard",
    "syllable_pattern_similarity_method": "cosine",
    "syllable_pattern_levenshtein_weight": 0.7181085529320969,
    "syllable_pattern_cosine_weight": 0.2114987698005637,
    "syllable_pattern_normalize": true,
    "syllable_pattern_normalize_method": "zscore",
    "line_syllable_similarity_method": "cosine",
    "line_syllable_ratio_threshold": 0.09955512936431987,
    "line_syllable_normalize": true,
    "line_syllable_normalize_method": "minmax",
    "word2vec_mode": "summary",
    "word2vec_normalize": true,
    "word2vec_similarity_metric": "cosine",
    "word2vec_high_sim_threshold": 0.7698898469555429,
    "contextual_mode": "summary",
    "contextual_normalize": false,
    "contextual_similarity_metric": "dot",
    "contextual_high_sim_threshold": 0.6538970402594583
  },
  "config": {
    "hidden_dim": 256,
    "num_layers": 1,
    "layer_dropout": 0.0,
    "num_classes": 2,
    "dropout": 0.2501466134483093,
    "attention_enabled": true,
    "attention_type": "localized",
    "attention_heads": 4,
    "attention_dropout": 0.2383515113338004,
    "attention_dim": 256,
    "positional_encoding": true,
    "max_seq_length": 1000,
    "window_size": 7,
    "boundary_temperature": 2.0,
    "batch_size": 32,
    "learning_rate": 0.0008083438812501096,
    "weight_decay": 0.01857005053818392,
    "max_epochs": 15,
    "patience": 4,
    "gradient_clip_norm": 0.34197399756983626,
    "scheduler": "cosine",
    "min_lr": 1e-06,
    "cosine_t_max": 15,
    "warmup_epochs": 5,
    "lr_factor": 0.5,
    "lr_patience": 10,
    "step_size": 30,
    "step_gamma": 0.5,
    "cosine_t0": 10,
    "cosine_t_mult": 2,
    "min_delta": 0.0005533162834163665,
    "train_file": "data/train.jsonl",
    "val_file": "data/val.jsonl",
    "test_file": "data/test.jsonl",
    "weighted_sampling": true,
    "emergency_monitoring_enabled": true,
    "max_confidence_threshold": 0.9379201723187043,
    "min_chorus_rate": 0.07880548198364938,
    "max_chorus_rate": 0.7725581419367988,
    "max_conf_over_95_ratio": 0.19014453108660154,
    "val_overconf_threshold": 0.96,
    "val_f1_collapse_threshold": 0.1,
    "loss": {
      "loss_type": "boundary_aware",
      "boundary_weight": 1.9026216806571596,
      "label_smoothing": 0.24021016512452883,
      "segment_consistency_lambda": 0.015563923846067846,
      "conf_penalty_lambda": 0.008402089155287413,
      "conf_threshold": 0.9164104979654442,
      "entropy_lambda": 0.037229525517616
    },
    "calibration_enabled": true,
    "calibration_methods": [
      "temperature",
      "platt"
    ],
    "validation_strategy": "composite",
    "head_ssm_enabled": true,
    "head_ssm_words": 2,
    "head_ssm_dimension": 12,
    "tail_ssm_enabled": true,
    "tail_ssm_words": 2,
    "tail_ssm_dimension": 12,
    "phonetic_ssm_enabled": true,
    "phonetic_ssm_mode": "combined",
    "phonetic_ssm_dimension": 12,
    "phonetic_ssm_similarity_method": "binary",
    "phonetic_ssm_normalize": true,
    "phonetic_ssm_normalize_method": "minmax",
    "phonetic_ssm_high_sim_threshold": 0.2813106012835412,
    "pos_ssm_enabled": true,
    "pos_ssm_tagset": "universal",
    "pos_ssm_similarity_method": "combined",
    "pos_ssm_high_sim_threshold": 0.2252785208028356,
    "pos_ssm_dimension": 12,
    "string_ssm_enabled": true,
    "string_ssm_case_sensitive": false,
    "string_ssm_remove_punctuation": false,
    "string_ssm_similarity_threshold": 0.054948688267848225,
    "string_ssm_similarity_method": "jaccard",
    "string_ssm_dimension": 12,
    "syllable_pattern_ssm_enabled": true,
    "syllable_pattern_ssm_similarity_method": "cosine",
    "syllable_pattern_ssm_levenshtein_weight": 0.7724859038557862,
    "syllable_pattern_ssm_cosine_weight": 0.22751409614421378,
    "syllable_pattern_ssm_normalize": true,
    "syllable_pattern_ssm_normalize_method": "zscore",
    "syllable_pattern_ssm_dimension": 12,
    "line_syllable_ssm_enabled": false,
    "line_syllable_ssm_similarity_method": "cosine",
    "line_syllable_ssm_ratio_threshold": 0.09955512936431987,
    "line_syllable_ssm_normalize": true,
    "line_syllable_ssm_normalize_method": "minmax",
    "line_syllable_ssm_dimension": 12,
    "word2vec_enabled": true,
    "word2vec_model": "word2vec-google-news-300",
    "word2vec_mode": "summary",
    "word2vec_normalize": true,
    "word2vec_similarity_metric": "cosine",
    "word2vec_high_sim_threshold": 0.7698898469555429,
    "contextual_enabled": true,
    "contextual_model": "all-MiniLM-L6-v2",
    "contextual_mode": "summary",
    "contextual_normalize": false,
    "contextual_similarity_metric": "dot",
    "contextual_high_sim_threshold": 0.6538970402594583
  }
}