{
  "trial_number": 4,
  "boundary_f1": 0.12312312312312312,
  "validation_strategy": "line_f1",
  "all_metrics": {
    "loss": 0.5558684170246124,
    "chorus_rate": 0.4009286165237427,
    "max_prob_mean": 0.604466438293457,
    "confidence_over_90": 0.0005324813537299633,
    "confidence_over_95": 0.0,
    "verse_f1": 0.7380547686496695,
    "chorus_f1": 0.513162513162513,
    "macro_f1": 0.6256086409060913,
    "boundary_f1": 0.12312312312312312,
    "boundary_precision": 0.16942148760330578,
    "boundary_recall": 0.09669811320754718,
    "complete_segments": 0.07314341875582597,
    "avg_segment_overlap": 0.34494497689462744,
    "verse_to_chorus_acc": 0.12389380530973451,
    "chorus_to_verse_acc": 0.04040404040404041,
    "window_diff": 0.3721770719827228,
    "pk_metric": 0.3470294408791558
  },
  "parameters": {
    "hidden_dim": 256,
    "num_layers": 2,
    "dropout": 0.3530072704171141,
    "layer_dropout": 0.263086458866949,
    "attention_heads": 8,
    "attention_dropout": 0.16638631239479354,
    "max_epochs": 25,
    "batch_size": 32,
    "learning_rate": 0.00010522780142327846,
    "weight_decay": 3.7746075079682066e-06,
    "scheduler": "cosine_restarts",
    "patience": 8,
    "min_delta": 0.000725185334719487,
    "gradient_clip_norm": 1.458927717723894,
    "validation_strategy": "line_f1",
    "head_tail_words": 4,
    "boundary_weight": 1.7308351262441979,
    "label_smoothing": 0.19283191625704293,
    "segment_consistency_lambda": 0.04426573818965777,
    "conf_penalty_lambda": 0.00920741504729957,
    "conf_threshold": 0.9116057953650193,
    "entropy_lambda": 0.020890399765746883,
    "max_confidence_threshold": 0.9251005376706793,
    "min_chorus_rate": 0.05489193586923721,
    "max_chorus_rate": 0.7194404329455404,
    "max_conf_over_95_ratio": 0.19408883046026534,
    "head_ssm_enabled": false,
    "tail_ssm_enabled": false,
    "phonetic_ssm_enabled": true,
    "pos_ssm_enabled": false,
    "string_ssm_enabled": false,
    "syllable_pattern_ssm_enabled": true,
    "line_syllable_ssm_enabled": true,
    "word2vec_enabled": false,
    "contextual_enabled": false,
    "phonetic_mode": "combined",
    "phonetic_similarity_method": "sequence_match",
    "phonetic_normalize": false,
    "phonetic_normalize_method": "zscore",
    "phonetic_high_sim_threshold": 0.27281720691493483,
    "pos_tagset": "simplified",
    "pos_similarity_method": "position",
    "pos_high_sim_threshold": 0.2622187166806754,
    "string_case_sensitive": true,
    "string_remove_punctuation": true,
    "string_similarity_threshold": 0.04618799027758084,
    "string_similarity_method": "levenshtein",
    "syllable_pattern_similarity_method": "combined",
    "syllable_pattern_levenshtein_weight": 0.7129341763886893,
    "syllable_pattern_cosine_weight": 0.295172840860983,
    "syllable_pattern_normalize": true,
    "syllable_pattern_normalize_method": "minmax",
    "line_syllable_similarity_method": "cosine",
    "line_syllable_ratio_threshold": 0.08900245479644849,
    "line_syllable_normalize": true,
    "line_syllable_normalize_method": "minmax",
    "word2vec_mode": "complete",
    "word2vec_normalize": true,
    "word2vec_similarity_metric": "dot",
    "word2vec_high_sim_threshold": 0.8179114460894285,
    "contextual_mode": "complete",
    "contextual_normalize": false,
    "contextual_similarity_metric": "dot",
    "contextual_high_sim_threshold": 0.6679022524715648
  },
  "config": {
    "hidden_dim": 256,
    "num_layers": 2,
    "layer_dropout": 0.263086458866949,
    "num_classes": 2,
    "dropout": 0.3530072704171141,
    "attention_enabled": true,
    "attention_type": "boundary_aware",
    "attention_heads": 8,
    "attention_dropout": 0.16638631239479354,
    "attention_dim": 256,
    "positional_encoding": true,
    "max_seq_length": 1000,
    "window_size": 7,
    "boundary_temperature": 2.0,
    "batch_size": 32,
    "learning_rate": 0.00010522780142327846,
    "weight_decay": 3.7746075079682066e-06,
    "max_epochs": 25,
    "patience": 8,
    "gradient_clip_norm": 1.458927717723894,
    "scheduler": "cosine_restarts",
    "min_lr": 1e-06,
    "cosine_t_max": 25,
    "warmup_epochs": 5,
    "lr_factor": 0.5,
    "lr_patience": 10,
    "step_size": 30,
    "step_gamma": 0.5,
    "cosine_t0": 10,
    "cosine_t_mult": 2,
    "min_delta": 0.000725185334719487,
    "train_file": "data/train.jsonl",
    "val_file": "data/val.jsonl",
    "test_file": "data/test.jsonl",
    "weighted_sampling": true,
    "emergency_monitoring_enabled": true,
    "max_confidence_threshold": 0.9251005376706793,
    "min_chorus_rate": 0.05489193586923721,
    "max_chorus_rate": 0.7194404329455404,
    "max_conf_over_95_ratio": 0.19408883046026534,
    "val_overconf_threshold": 0.96,
    "val_f1_collapse_threshold": 0.1,
    "loss": {
      "loss_type": "boundary_aware",
      "boundary_weight": 1.7308351262441979,
      "label_smoothing": 0.19283191625704293,
      "segment_consistency_lambda": 0.04426573818965777,
      "conf_penalty_lambda": 0.00920741504729957,
      "conf_threshold": 0.9116057953650193,
      "entropy_lambda": 0.020890399765746883
    },
    "calibration_enabled": true,
    "calibration_methods": [
      "temperature",
      "platt"
    ],
    "validation_strategy": "line_f1",
    "head_ssm_enabled": false,
    "head_ssm_words": 4,
    "head_ssm_dimension": 12,
    "tail_ssm_enabled": false,
    "tail_ssm_words": 4,
    "tail_ssm_dimension": 12,
    "phonetic_ssm_enabled": true,
    "phonetic_ssm_mode": "combined",
    "phonetic_ssm_dimension": 12,
    "phonetic_ssm_similarity_method": "sequence_match",
    "phonetic_ssm_normalize": false,
    "phonetic_ssm_normalize_method": "zscore",
    "phonetic_ssm_high_sim_threshold": 0.27281720691493483,
    "pos_ssm_enabled": false,
    "pos_ssm_tagset": "simplified",
    "pos_ssm_similarity_method": "position",
    "pos_ssm_high_sim_threshold": 0.2622187166806754,
    "pos_ssm_dimension": 12,
    "string_ssm_enabled": false,
    "string_ssm_case_sensitive": true,
    "string_ssm_remove_punctuation": true,
    "string_ssm_similarity_threshold": 0.04618799027758084,
    "string_ssm_similarity_method": "levenshtein",
    "string_ssm_dimension": 12,
    "syllable_pattern_ssm_enabled": true,
    "syllable_pattern_ssm_similarity_method": "combined",
    "syllable_pattern_ssm_levenshtein_weight": 0.7072008866020232,
    "syllable_pattern_ssm_cosine_weight": 0.2927991133979769,
    "syllable_pattern_ssm_normalize": true,
    "syllable_pattern_ssm_normalize_method": "minmax",
    "syllable_pattern_ssm_dimension": 12,
    "line_syllable_ssm_enabled": true,
    "line_syllable_ssm_similarity_method": "cosine",
    "line_syllable_ssm_ratio_threshold": 0.08900245479644849,
    "line_syllable_ssm_normalize": true,
    "line_syllable_ssm_normalize_method": "minmax",
    "line_syllable_ssm_dimension": 12,
    "word2vec_enabled": false,
    "word2vec_model": "word2vec-google-news-300",
    "word2vec_mode": "complete",
    "word2vec_normalize": true,
    "word2vec_similarity_metric": "dot",
    "word2vec_high_sim_threshold": 0.8179114460894285,
    "contextual_enabled": false,
    "contextual_model": "all-MiniLM-L6-v2",
    "contextual_mode": "complete",
    "contextual_normalize": false,
    "contextual_similarity_metric": "dot",
    "contextual_high_sim_threshold": 0.6679022524715648
  }
}