{
  "trial_number": 60,
  "timestamp": 1756180627.990759,
  "boundary_f1": 0.3468208092485549,
  "line_f1": 0.729194188667162,
  "macro_f1": 0.729194188667162,
  "verse_f1": 0.8224333211545488,
  "chorus_f1": 0.6359550561797752,
  "windowdiff": 0.39990523477435125,
  "pk": 0.3001898251449797,
  "val_loss": 0.5331843197345734,
  "val_accuracy": 0.0,
  "weighted_f1": 0.0,
  "training_time": 5470.118832111359,
  "training_time_minutes": 91.16864720185598,
  "total_params": 0,
  "actual_epochs": 15,
  "config_summary": {
    "attention_enabled": true,
    "hidden_dim": 128,
    "num_layers": 2,
    "max_epochs": 15,
    "batch_size": 32,
    "learning_rate": 0.0005312620340594232,
    "boundary_weight": 2.1698840185892068,
    "label_smoothing": 0.22481282273672237
  },
  "validation_strategy": "boundary_f1",
  "all_metrics": {
    "loss": 0.5331843197345734,
    "chorus_rate": 0.35696084797382355,
    "max_prob_mean": 0.6716282963752747,
    "confidence_over_90": 0.0052103151683695614,
    "confidence_over_95": 0.0,
    "verse_f1": 0.8224333211545488,
    "chorus_f1": 0.6359550561797752,
    "macro_f1": 0.729194188667162,
    "boundary_f1": 0.3468208092485549,
    "boundary_precision": 0.2931596091205212,
    "boundary_recall": 0.42452830188679247,
    "complete_segments": 0.20936875179982284,
    "avg_segment_overlap": 0.6341674362773455,
    "verse_to_chorus_acc": 0.34513274336283184,
    "chorus_to_verse_acc": 0.4494949494949495,
    "window_diff": 0.39990523477435125,
    "pk_metric": 0.3001898251449797
  },
  "parameters": {
    "hidden_dim": 128,
    "num_layers": 2,
    "dropout": 0.17245424727799044,
    "layer_dropout": 0.39694321891601053,
    "attention_enabled": true,
    "attention_heads": 8,
    "attention_dropout": 0.11140268407792936,
    "max_epochs": 15,
    "batch_size": 32,
    "learning_rate": 0.0005312620340594232,
    "weight_decay": 0.013911935884814437,
    "scheduler": "cosine",
    "min_delta": 0.0007046917810317834,
    "gradient_clip_norm": 0.4055708904458351,
    "validation_strategy": "boundary_f1",
    "head_tail_words": 4,
    "boundary_weight": 2.1698840185892068,
    "label_smoothing": 0.22481282273672237,
    "segment_consistency_lambda": 0.01731954837775891,
    "conf_penalty_lambda": 0.007135636037435909,
    "conf_threshold": 0.9471610763388795,
    "entropy_lambda": 0.033129814490630835,
    "max_confidence_threshold": 0.9390794236997353,
    "min_chorus_rate": 0.0892897372539598,
    "max_chorus_rate": 0.819311898347247,
    "max_conf_over_95_ratio": 0.18041431238184186,
    "head_ssm_enabled": true,
    "tail_ssm_enabled": false,
    "phonetic_ssm_enabled": true,
    "pos_ssm_enabled": false,
    "string_ssm_enabled": true,
    "syllable_pattern_ssm_enabled": true,
    "line_syllable_ssm_enabled": true,
    "word2vec_enabled": false,
    "contextual_enabled": false,
    "phonetic_mode": "rhyme",
    "phonetic_similarity_method": "binary",
    "phonetic_normalize": false,
    "phonetic_normalize_method": "zscore",
    "phonetic_high_sim_threshold": 0.3350180887704567,
    "pos_tagset": "penn",
    "pos_similarity_method": "position",
    "pos_high_sim_threshold": 0.3165837081136492,
    "string_case_sensitive": true,
    "string_remove_punctuation": true,
    "string_similarity_threshold": 0.05986723638834648,
    "string_similarity_method": "word_overlap",
    "syllable_pattern_similarity_method": "levenshtein",
    "syllable_pattern_levenshtein_weight": 0.6916583543980762,
    "syllable_pattern_cosine_weight": 0.27233525810058434,
    "syllable_pattern_normalize": false,
    "syllable_pattern_normalize_method": "minmax",
    "line_syllable_similarity_method": "cosine",
    "line_syllable_ratio_threshold": 0.1015409342217283,
    "line_syllable_normalize": false,
    "line_syllable_normalize_method": "minmax",
    "word2vec_mode": "complete",
    "word2vec_normalize": true,
    "word2vec_similarity_metric": "dot",
    "word2vec_high_sim_threshold": 0.7651801742424452,
    "contextual_mode": "complete",
    "contextual_normalize": false,
    "contextual_similarity_metric": "dot",
    "contextual_high_sim_threshold": 0.664472551847169
  },
  "config": {
    "hidden_dim": 128,
    "num_layers": 2,
    "layer_dropout": 0.39694321891601053,
    "num_classes": 2,
    "dropout": 0.17245424727799044,
    "attention_enabled": true,
    "attention_type": "boundary_aware",
    "attention_heads": 8,
    "attention_dropout": 0.11140268407792936,
    "attention_dim": 128,
    "positional_encoding": true,
    "max_seq_length": 1000,
    "window_size": 7,
    "boundary_temperature": 2.0,
    "batch_size": 32,
    "learning_rate": 0.0005312620340594232,
    "weight_decay": 0.013911935884814437,
    "max_epochs": 15,
    "patience": 4,
    "gradient_clip_norm": 0.4055708904458351,
    "scheduler": "cosine",
    "min_lr": 1e-06,
    "cosine_t_max": 15,
    "warmup_epochs": 5,
    "lr_factor": 0.5,
    "lr_patience": 10,
    "step_size": 30,
    "step_gamma": 0.5,
    "cosine_t0": 10,
    "cosine_t_mult": 2,
    "min_delta": 0.0007046917810317834,
    "train_file": "data/train.jsonl",
    "val_file": "data/val.jsonl",
    "test_file": "data/test.jsonl",
    "weighted_sampling": true,
    "emergency_monitoring_enabled": true,
    "max_confidence_threshold": 0.9390794236997353,
    "min_chorus_rate": 0.0892897372539598,
    "max_chorus_rate": 0.819311898347247,
    "max_conf_over_95_ratio": 0.18041431238184186,
    "val_overconf_threshold": 0.96,
    "val_f1_collapse_threshold": 0.1,
    "loss": {
      "loss_type": "boundary_aware",
      "boundary_weight": 2.1698840185892068,
      "label_smoothing": 0.22481282273672237,
      "segment_consistency_lambda": 0.01731954837775891,
      "conf_penalty_lambda": 0.007135636037435909,
      "conf_threshold": 0.9471610763388795,
      "entropy_lambda": 0.033129814490630835
    },
    "calibration_enabled": true,
    "calibration_methods": [
      "temperature",
      "platt"
    ],
    "validation_strategy": "boundary_f1",
    "head_ssm_enabled": true,
    "head_ssm_words": 4,
    "head_ssm_dimension": 12,
    "tail_ssm_enabled": false,
    "tail_ssm_words": 4,
    "tail_ssm_dimension": 12,
    "phonetic_ssm_enabled": true,
    "phonetic_ssm_mode": "rhyme",
    "phonetic_ssm_dimension": 12,
    "phonetic_ssm_similarity_method": "binary",
    "phonetic_ssm_normalize": false,
    "phonetic_ssm_normalize_method": "zscore",
    "phonetic_ssm_high_sim_threshold": 0.3350180887704567,
    "pos_ssm_enabled": false,
    "pos_ssm_tagset": "penn",
    "pos_ssm_similarity_method": "position",
    "pos_ssm_high_sim_threshold": 0.3165837081136492,
    "pos_ssm_dimension": 12,
    "string_ssm_enabled": true,
    "string_ssm_case_sensitive": true,
    "string_ssm_remove_punctuation": true,
    "string_ssm_similarity_threshold": 0.05986723638834648,
    "string_ssm_similarity_method": "word_overlap",
    "string_ssm_dimension": 12,
    "syllable_pattern_ssm_enabled": true,
    "syllable_pattern_ssm_similarity_method": "levenshtein",
    "syllable_pattern_ssm_levenshtein_weight": 0.7174926736343258,
    "syllable_pattern_ssm_cosine_weight": 0.28250732636567416,
    "syllable_pattern_ssm_normalize": false,
    "syllable_pattern_ssm_normalize_method": "minmax",
    "syllable_pattern_ssm_dimension": 12,
    "line_syllable_ssm_enabled": true,
    "line_syllable_ssm_similarity_method": "cosine",
    "line_syllable_ssm_ratio_threshold": 0.1015409342217283,
    "line_syllable_ssm_normalize": false,
    "line_syllable_ssm_normalize_method": "minmax",
    "line_syllable_ssm_dimension": 12,
    "word2vec_enabled": false,
    "word2vec_model": "word2vec-google-news-300",
    "word2vec_mode": "complete",
    "word2vec_normalize": true,
    "word2vec_similarity_metric": "dot",
    "word2vec_high_sim_threshold": 0.7651801742424452,
    "contextual_enabled": false,
    "contextual_model": "all-MiniLM-L6-v2",
    "contextual_mode": "complete",
    "contextual_normalize": false,
    "contextual_similarity_metric": "dot",