{
  "metadata": {
    "model_info": {
      "hidden_dim": 128,
      "num_layers": 2,
      "dropout": 0.17245424727799044,
      "layer_dropout": 0.39694321891601053,
      "attention_enabled": true,
      "attention_heads": 8,
      "attention_dropout": 0.11140268407792936,
      "attention_dim": 128,
      "positional_encoding": true,
      "max_seq_length": 1000,
      "total_params": 730883,
      "lstm_params": 589824,
      "attention_params": 140545,
      "classifier_params": 514
    },
    "training_info": {
      "batch_size": 32,
      "learning_rate": 0.0005312620340594232,
      "scheduler": "cosine",
      "label_smoothing": 0.0,
      "weighted_sampling": true,
      "total_epochs": 15,
      "validation_strategy": "boundary_f1",
      "weight_decay": 0.013911935884814437,
      "gradient_clip_norm": 0.4055708904458351,
      "max_epochs": 15,
      "patience": 4
    },
    "calibration_info": {
      "temperature": {
        "ece_before": 0.09517550140560727,
        "ece_after": 0.012305341558512633,
        "improvement": 0.08287015984709463,
        "params": {
          "temperature": 0.5649057168495911
        }
      },
      "platt": {
        "ece_before": 0.09517550140560727,
        "ece_after": 0.030992231472653342,
        "improvement": 0.06418326993295392,
        "params": {
          "A": 1.5224931840457385,
          "B": 0.0
        }
      }
    }
  },
  "metrics": [
    {
      "epoch": 1,
      "train_loss": 0.5779734253883362,
      "train_chorus_rate": 0.5979855519835837,
      "train_max_prob": 0.5537334203720092,
      "train_conf_over_90": 0.0,
      "train_conf_over_95": 0.0,
      "val_loss": 0.601711630821228,
      "val_macro_f1": 0.5315286788912004,
      "val_verse_f1": 0.6107960512497375,
      "val_chorus_f1": 0.45226130653266333,
      "val_chorus_rate": 0.5305684581398964,
      "val_max_prob": 0.5536657720804214,
      "val_conf_over_90": 0.0,
      "val_conf_over_95": 0.0,
      "learning_rate": 0.0005254682852174377,
      "epoch_time": 84.81042098999023,
      "val_boundary_f1": 0.04643449419568823,
      "val_boundary_precision": 0.0782122905027933,
      "val_boundary_recall": 0.0330188679245283,
      "val_complete_segments": 0.025335432387394212,
      "val_avg_segment_overlap": 0.23169115487702144,
      "val_verse_to_chorus_acc": 0.03982300884955752,
      "val_chorus_to_verse_acc": 0.015151515151515152,
      "val_window_diff": 0.45644574608957056,
      "val_pk_metric": 0.4567140749732048
    },
    {
      "epoch": 2,
      "train_loss": 0.5633515387773513,
      "train_chorus_rate": 0.5734349802136421,
      "train_max_prob": 0.5753726810216904,
      "train_conf_over_90": 0.0,
      "train_conf_over_95": 0.0,
      "val_loss": 0.6153649538755417,
      "val_macro_f1": 0.5511596091367343,
      "val_verse_f1": 0.7750286744224152,
      "val_chorus_f1": 0.3272905438510534,
      "val_chorus_rate": 0.2014283835887909,
      "val_max_prob": 0.5818146914243698,
      "val_conf_over_90": 0.0,
      "val_conf_over_95": 0.0,
      "learning_rate": 0.0005083402533173677,
      "epoch_time": 94.8455171585083,
      "val_boundary_f1": 0.07307692307692307,
      "val_boundary_precision": 0.19791666666666666,
      "val_boundary_recall": 0.04481132075471698,
      "val_complete_segments": 0.06805396329521463,
      "val_avg_segment_overlap": 0.22647426121874406,
      "val_verse_to_chorus_acc": 0.04424778761061947,
      "val_chorus_to_verse_acc": 0.03535353535353535,
      "val_window_diff": 0.30960543919916045,
      "val_pk_metric": 0.308947072956637
    },
    {
      "epoch": 3,
      "train_loss": 0.565821173787117,
      "train_chorus_rate": 0.4544792503118515,
      "train_max_prob": 0.582352003455162,
      "train_conf_over_90": 0.0,
      "train_conf_over_95": 0.0,
      "val_loss": 0.5930231362581253,
      "val_macro_f1": 0.5344697564126675,
      "val_verse_f1": 0.5853442550365288,
      "val_chorus_f1": 0.4835952577888062,
      "val_chorus_rate": 0.5920961946249008,
      "val_max_prob": 0.5537494570016861,
      "val_conf_over_90": 0.0,
      "val_conf_over_95": 0.0,
      "learning_rate": 0.0004806265155426619,
      "epoch_time": 95.75541973114014,
      "val_boundary_f1": 0.06988352745424294,
      "val_boundary_precision": 0.11864406779661017,
      "val_boundary_recall": 0.049528301886792456,
      "val_complete_segments": 0.029203430820610034,
      "val_avg_segment_overlap": 0.23326986031288321,
      "val_verse_to_chorus_acc": 0.05752212389380531,
      "val_chorus_to_verse_acc": 0.020202020202020204,
      "val_window_diff": 0.433789402269694,
      "val_pk_metric": 0.43511571956337525
    },
    {
      "epoch": 4,
      "train_loss": 0.5478211760520935,
      "train_chorus_rate": 0.5693996101617813,
      "train_max_prob": 0.5915595233440399,
      "train_conf_over_90": 0.00019178311922587454,
      "train_conf_over_95": 0.0,
      "val_loss": 0.5981486588716507,
      "val_macro_f1": 0.6209630690667289,
      "val_verse_f1": 0.7605886575735822,
      "val_chorus_f1": 0.4813374805598756,
      "val_chorus_rate": 0.33280646055936813,
      "val_max_prob": 0.5880803167819977,
      "val_conf_over_90": 0.0,
      "val_conf_over_95": 0.0,
      "learning_rate": 0.00044353829521934327,
      "epoch_time": 133.00516414642334,
      "val_boundary_f1": 0.1527165932452276,
      "val_boundary_precision": 0.20233463035019456,
      "val_boundary_recall": 0.12264150943396226,
      "val_complete_segments": 0.07573860976565112,
      "val_avg_segment_overlap": 0.3462297559351365,
      "val_verse_to_chorus_acc": 0.09292035398230089,
      "val_chorus_to_verse_acc": 0.1111111111111111,
      "val_window_diff": 0.3573328624118549,
      "val_pk_metric": 0.3394629836341844
    },
    {
      "epoch": 5,
      "train_loss": 0.5514942958950997,
      "train_chorus_rate": 0.5134842291474342,
      "train_max_prob": 0.6046275556087494,
      "train_conf_over_90": 0.0,
      "train_conf_over_95": 0.0,
      "val_loss": 0.5741212218999863,
      "val_macro_f1": 0.6276289675062681,
      "val_verse_f1": 0.701883701883702,
      "val_chorus_f1": 0.5533742331288343,
      "val_chorus_rate": 0.5028641149401665,
      "val_max_prob": 0.5969942659139633,
      "val_conf_over_90": 0.0,
      "val_conf_over_95": 0.0,
      "learning_rate": 0.00039869652554456737,
      "epoch_time": 109.5030882358551,
      "val_boundary_f1": 0.1619631901840491,
      "val_boundary_precision": 0.16879795396419436,
      "val_boundary_recall": 0.15566037735849056,
      "val_complete_segments": 0.04624319820502217,
      "val_avg_segment_overlap": 0.40380618293676124,
      "val_verse_to_chorus_acc": 0.13716814159292035,
      "val_chorus_to_verse_acc": 0.15656565656565657,
      "val_window_diff": 0.473927430194928,
      "val_pk_metric": 0.4115247435927699
    },
    {
      "epoch": 6,
      "train_loss": 0.5224231615662575,
      "train_chorus_rate": 0.45697489827871324,
      "train_max_prob": 0.6394376188516617,
      "train_conf_over_90": 0.004739011015044525,
      "train_conf_over_95": 3.19488812237978e-05,
      "val_loss": 0.562147319316864,
      "val_macro_f1": 0.7191586843180462,
      "val_verse_f1": 0.8353022932592078,
      "val_chorus_f1": 0.6030150753768845,
      "val_chorus_rate": 0.2878829650580883,
      "val_max_prob": 0.6405289620161057,
      "val_conf_over_90": 0.0,
      "val_conf_over_95": 0.0,
      "learning_rate": 0.00034806100702780606,
      "epoch_time": 127.63040208816528,
      "val_boundary_f1": 0.3182844243792325,
      "val_boundary_precision": 0.3051948051948052,
      "val_boundary_recall": 0.33254716981132076,
      "val_complete_segments": 0.16799607894517757,
      "val_avg_segment_overlap": 0.5533775350147819,
      "val_verse_to_chorus_acc": 0.2831858407079646,
      "val_chorus_to_verse_acc": 0.32323232323232326,
      "val_window_diff": 0.32266054904030417,
      "val_pk_metric": 0.27208521203059033
    },
    {
      "epoch": 7,