{
  "metadata": {
    "model_info": {
      "hidden_dim": 512,
      "num_layers": 2,
      "dropout": 0.18203146026587883,
      "layer_dropout": 0.215304526678214,
      "attention_enabled": true,
      "attention_heads": 4,
      "attention_dropout": 0.23745763045785265,
      "attention_dim": 512,
      "positional_encoding": true,
      "max_seq_length": 1000,
      "total_params": 10787843,
      "lstm_params": 8552448,
      "attention_params": 2233345,
      "classifier_params": 2050
    },
    "training_info": {
      "batch_size": 16,
      "learning_rate": 0.006197854346101357,
      "scheduler": "cosine",
      "label_smoothing": 0.0,
      "weighted_sampling": true,
      "total_epochs": 3,
      "validation_strategy": "line_f1",
      "weight_decay": 0.00014154986519572584,
      "gradient_clip_norm": 1.4817491678242902,
      "max_epochs": 25,
      "patience": 5
    },
    "calibration_info": null
  },
  "metrics": [
    {
      "epoch": 1,
      "train_loss": 7.319161791067857,
      "train_chorus_rate": 0.47188202457395023,
      "train_max_prob": 0.9316393885857019,
      "train_conf_over_90": 0.7798659009142563,
      "train_conf_over_95": 0.749380342522039,
      "val_loss": 3.717483103275299,
      "val_macro_f1": 0.41181568684096487,
      "val_verse_f1": 0.8236313736819297,
      "val_chorus_f1": 0.0,
      "val_chorus_rate": 0.0,
      "val_max_prob": 0.9989379942417145,
      "val_conf_over_90": 1.0,
      "val_conf_over_95": 1.0,
      "learning_rate": 0.006173422322386515,
      "epoch_time": 130.78277397155762,
      "val_boundary_f1": 0.0,
      "val_boundary_precision": 0.0,
      "val_boundary_recall": 0.0,
      "val_complete_segments": 0.059089483776263066,
      "val_avg_segment_overlap": 0.16680357345371088,
      "val_verse_to_chorus_acc": 0.0,
      "val_chorus_to_verse_acc": 0.0,
      "val_window_diff": 0.26507154558476675,
      "val_pk_metric": 0.27148572012865724
    },
    {
      "epoch": 2,
      "train_loss": 0.9278786946565677,
      "train_chorus_rate": 0.4886498909879428,
      "train_max_prob": 0.7114060398859855,
      "train_conf_over_90": 0.16097629237442446,
      "train_conf_over_95": 0.11884678604129033,
      "val_loss": 0.696948878467083,
      "val_macro_f1": 0.23068203287360667,
      "val_verse_f1": 0.0,
      "val_chorus_f1": 0.46136406574721334,
      "val_chorus_rate": 1.0,
      "val_max_prob": 0.6813808903098106,
      "val_conf_over_90": 0.0,
      "val_conf_over_95": 0.0,
      "learning_rate": 0.006100511558850953,
      "epoch_time": 151.0421268939972,
      "val_boundary_f1": 0.0,
      "val_boundary_precision": 0.0,
      "val_boundary_recall": 0.0,
      "val_complete_segments": 0.0,
      "val_avg_segment_overlap": 0.061402859162332984,
      "val_verse_to_chorus_acc": 0.0,
      "val_chorus_to_verse_acc": 0.0,
      "val_window_diff": 0.26507154558476675,
      "val_pk_metric": 0.27148572012865724
    },
    {
      "epoch": 3,
      "train_loss": 0.6974506561572735,
      "train_chorus_rate": 0.5090780864627913,
      "train_max_prob": 0.6327624504382794,
      "train_conf_over_90": 0.004407051282051282,
      "train_conf_over_95": 0.0,
      "val_loss": 0.6544277518987656,
      "val_macro_f1": 0.3119845297435561,
      "val_verse_f1": 0.14572538860103626,
      "val_chorus_f1": 0.47824367088607594,
      "val_chorus_rate": 0.9412536025047302,
      "val_max_prob": 0.5312088653445244,
      "val_conf_over_90": 0.0,
      "val_conf_over_95": 0.0,
      "learning_rate": 0.005980271901790408,
      "epoch_time": 141.03849697113037,
      "val_boundary_f1": 0.003642987249544627,
      "val_boundary_precision": 0.008,
      "val_boundary_recall": 0.0023584905660377358,
      "val_complete_segments": 0.001838235294117647,
      "val_avg_segment_overlap": 0.11706890040902129,
      "val_verse_to_chorus_acc": 0.004424778761061947,
      "val_chorus_to_verse_acc": 0.0,
      "val_window_diff": 0.3901793275930464,
      "val_pk_metric": 0.365940795311952
    }
  ]
}