{
  "metadata": {
    "model_info": {
      "hidden_dim": 128,
      "num_layers": 1,
      "dropout": 0.1589194994273726,
      "layer_dropout": 0.0,
      "attention_enabled": false,
      "attention_heads": 1,
      "attention_dropout": 0.0,
      "attention_dim": 128,
      "positional_encoding": false,
      "max_seq_length": 1000,
      "total_params": 219650,
      "lstm_params": 219136,
      "attention_params": 0,
      "classifier_params": 514
    },
    "training_info": {
      "batch_size": 32,
      "learning_rate": 0.0004923017246485956,
      "scheduler": "cosine",
      "label_smoothing": 0.0,
      "weighted_sampling": true,
      "total_epochs": 15,
      "validation_strategy": "composite",
      "weight_decay": 0.005029274469936654,
      "gradient_clip_norm": 0.7059952252310515,
      "max_epochs": 15,
      "patience": 4
    },
    "calibration_info": {
      "temperature": {
        "ece_before": 0.07780909394819752,
        "ece_after": 0.013074568452675812,
        "improvement": 0.06473452549552171,
        "params": {
          "temperature": 0.634555265316118
        }
      },
      "platt": {
        "ece_before": 0.07780909394819752,
        "ece_after": 0.015828194561430874,
        "improvement": 0.06198089938676664,
        "params": {
          "A": 1.4999981522949728,
          "B": 0.0
        }
      }
    }
  },
  "metrics": [
    {
      "epoch": 1,
      "train_loss": 0.5243826374411583,
      "train_chorus_rate": 0.3179531301488169,
      "train_max_prob": 0.5410491824150085,
      "train_conf_over_90": 0.0,
      "train_conf_over_95": 0.0,
      "val_loss": 0.5519872307777405,
      "val_macro_f1": 0.5878832682085402,
      "val_verse_f1": 0.7745098039215687,
      "val_chorus_f1": 0.40125673249551164,
      "val_chorus_rate": 0.24770113080739975,
      "val_max_prob": 0.562009260058403,
      "val_conf_over_90": 0.0,
      "val_conf_over_95": 0.0,
      "learning_rate": 0.0004869336639250001,
      "epoch_time": 4077.565703868866,
      "val_boundary_f1": 0.16571428571428573,
      "val_boundary_precision": 0.21014492753623187,
      "val_boundary_recall": 0.13679245283018868,
      "val_complete_segments": 0.02714902260236301,
      "val_avg_segment_overlap": 0.28675486046832604,
      "val_verse_to_chorus_acc": 0.12389380530973451,
      "val_chorus_to_verse_acc": 0.08585858585858586,
      "val_window_diff": 0.4255475819248825,
      "val_pk_metric": 0.41730433437557723
    },
    {
      "epoch": 2,
      "train_loss": 0.5243024110794068,
      "train_chorus_rate": 0.35586537793278694,
      "train_max_prob": 0.5612979501485824,
      "train_conf_over_90": 0.0,
      "train_conf_over_95": 0.0,
      "val_loss": 0.5382384210824966,
      "val_macro_f1": 0.6202781982825214,
      "val_verse_f1": 0.7900899372136434,
      "val_chorus_f1": 0.45046645935139934,
      "val_chorus_rate": 0.2540507912635803,
      "val_max_prob": 0.5658487975597382,
      "val_conf_over_90": 0.0,
      "val_conf_over_95": 0.0,
      "learning_rate": 0.0004710640917666479,
      "epoch_time": 97.26357293128967,
      "val_boundary_f1": 0.26440677966101694,
      "val_boundary_precision": 0.25379609544468545,
      "val_boundary_recall": 0.2759433962264151,
      "val_complete_segments": 0.11099183375164287,
      "val_avg_segment_overlap": 0.39221265792198196,
      "val_verse_to_chorus_acc": 0.24778761061946902,
      "val_chorus_to_verse_acc": 0.21212121212121213,
      "val_window_diff": 0.4094002909274004,
      "val_pk_metric": 0.35574618577880357
    },
    {
      "epoch": 3,
      "train_loss": 0.49847174286842344,
      "train_chorus_rate": 0.38861600309610367,
      "train_max_prob": 0.5812035858631134,
      "train_conf_over_90": 0.0,
      "train_conf_over_95": 0.0,
      "val_loss": 0.5132089853286743,
      "val_macro_f1": 0.5903522429293876,
      "val_verse_f1": 0.6330071174377224,
      "val_chorus_f1": 0.5476973684210528,
      "val_chorus_rate": 0.5966860055923462,
      "val_max_prob": 0.5943190455436707,
      "val_conf_over_90": 0.0,
      "val_conf_over_95": 0.0,
      "learning_rate": 0.0004453865846275152,
      "epoch_time": 116.32398986816406,
      "val_boundary_f1": 0.20018709073900845,
      "val_boundary_precision": 0.16589147286821707,
      "val_boundary_recall": 0.25235849056603776,
      "val_complete_segments": 0.08065947897602192,
      "val_avg_segment_overlap": 0.4203705132285799,
      "val_verse_to_chorus_acc": 0.17699115044247787,
      "val_chorus_to_verse_acc": 0.25757575757575757,
      "val_window_diff": 0.4955207797552581,
      "val_pk_metric": 0.41833236906455384
    },
    {
      "epoch": 4,
      "train_loss": 0.4808266893029213,
      "train_chorus_rate": 0.36321036219596864,
      "train_max_prob": 0.6190286159515381,
      "train_conf_over_90": 0.00012868668127339334,
      "train_conf_over_95": 0.0,
      "val_loss": 0.5137543752789497,
      "val_macro_f1": 0.6768533595362254,
      "val_verse_f1": 0.818507768482158,
      "val_chorus_f1": 0.5351989505902929,
      "val_chorus_rate": 0.2631573937833309,
      "val_max_prob": 0.6303671449422836,
      "val_conf_over_90": 0.00026624067686498165,
      "val_conf_over_95": 0.0,
      "learning_rate": 0.0004110233727839316,
      "epoch_time": 99.28018522262573,
      "val_boundary_f1": 0.33209647495361777,
      "val_boundary_precision": 0.27370030581039756,
      "val_boundary_recall": 0.4221698113207547,
      "val_complete_segments": 0.20113083466742004,
      "val_avg_segment_overlap": 0.5418810089675151,
      "val_verse_to_chorus_acc": 0.38495575221238937,
      "val_chorus_to_verse_acc": 0.3686868686868687,
      "val_window_diff": 0.408730669904563,
      "val_pk_metric": 0.32042455101195105
    },
    {
      "epoch": 5,
      "train_loss": 0.4587215885519981,
      "train_chorus_rate": 0.3226293295621872,
      "train_max_prob": 0.6396390348672867,
      "train_conf_over_90": 0.0013562932377681135,
      "train_conf_over_95": 0.0,
      "val_loss": 0.4853530600667,
      "val_macro_f1": 0.696401270847079,
      "val_verse_f1": 0.7910894795956571,
      "val_chorus_f1": 0.6017130620985011,
      "val_chorus_rate": 0.3892653211951256,
      "val_max_prob": 0.6449349820613861,
      "val_conf_over_90": 0.0025375515106134117,
      "val_conf_over_95": 0.0,
      "learning_rate": 0.0003694762934864467,
      "epoch_time": 108.00269675254822,
      "val_boundary_f1": 0.32737030411449014,
      "val_boundary_precision": 0.26368876080691644,
      "val_boundary_recall": 0.43160377358490565,
      "val_complete_segments": 0.19840965605811844,
      "val_avg_segment_overlap": 0.5890885151974032,
      "val_verse_to_chorus_acc": 0.35398230088495575,
      "val_chorus_to_verse_acc": 0.4292929292929293,
      "val_window_diff": 0.4307905672280224,
      "val_pk_metric": 0.3336800138472084
    },
    {
      "epoch": 6,
      "train_loss": 0.4434963807463646,
      "train_chorus_rate": 0.3472489908337593,
      "train_max_prob": 0.663374799489975,
      "train_conf_over_90": 0.0067930595192592595,
      "train_conf_over_95": 6.564875657204539e-05,
      "val_loss": 0.47480079531669617,
      "val_macro_f1": 0.6651307268098187,
      "val_verse_f1": 0.7214631070002101,
      "val_chorus_f1": 0.6087983466194272,
      "val_chorus_rate": 0.5326461642980576,
      "val_max_prob": 0.648124024271965,
      "val_conf_over_90": 0.004326608381234109,
      "val_conf_over_95": 0.0,
      "learning_rate": 0.00032256115346536635,
      "epoch_time": 117.69876408576965,
      "val_boundary_f1": 0.2451063829787234,
      "val_boundary_precision": 0.19174434087882822,
      "val_boundary_recall": 0.33962264150943394,
      "val_complete_segments": 0.10667058703909181,
      "val_avg_segment_overlap": 0.5362904344602505,
      "val_verse_to_chorus_acc": 0.252212389380531,
      "val_chorus_to_verse_acc": 0.3686868686868687,
      "val_window_diff": 0.49114979852440666,
      "val_pk_metric": 0.3788680425154475
    },
    {
      "epoch": 7,