{
  "method": "temperature",
  "params": {
    "temperature": 0.47502107882168093
  },
  "ece_before": 0.1289992445607785,
  "ece_after": 0.030909582416294608,
  "improvement": 0.09808966214448389,
  "all_results": [
    {
      "method": "temperature",
      "params": {
        "temperature": 0.47502107882168093
      },
      "ece_before": 0.1289992445607785,
      "ece_after": 0.030909582416294608,
      "improvement": 0.09808966214448389
    },
    {
      "method": "platt",
      "params": {
        "A": 1.675641120432565,
        "B": 0.0
      },
      "ece_before": 0.1289992445607785,
      "ece_after": 0.054891609343423825,
      "improvement": 0.07410763521735467
    }
  ]
}