{
  "trial_number": 56,
  "timestamp": 1756170777.183701,
  "boundary_f1": 0.3412228796844181,
  "line_f1": 0.7308752689103782,
  "macro_f1": 0.7308752689103782,
  "verse_f1": 0.8358947182476595,
  "chorus_f1": 0.625855819573097,
  "windowdiff": 0.3959451374997799,
  "pk": 0.2865748356936409,
  "val_loss": 0.5232362747192383,
  "val_accuracy": 0.0,
  "weighted_f1": 0.0,
  "training_time": 1036.4260411262512,
  "training_time_minutes": 17.273767352104187,
  "total_params": 0,
  "actual_epochs": 15,
  "config_summary": {
    "attention_enabled": true,
    "hidden_dim": 256,
    "num_layers": 2,
    "max_epochs": 15,
    "batch_size": 32,
    "learning_rate": 0.000742572091878156,
    "boundary_weight": 2.007932388958708,
    "label_smoothing": 0.2008055946681602
  },
  "validation_strategy": "boundary_f1",
  "all_metrics": {
    "loss": 0.5232362747192383,
    "chorus_rate": 0.3107384219765663,
    "max_prob_mean": 0.643075093626976,
    "confidence_over_90": 0.0,
    "confidence_over_95": 0.0,
    "verse_f1": 0.8358947182476595,
    "chorus_f1": 0.625855819573097,
    "macro_f1": 0.7308752689103782,
    "boundary_f1": 0.3412228796844181,
    "boundary_precision": 0.29322033898305083,
    "boundary_recall": 0.4080188679245283,
    "complete_segments": 0.2094404035151649,
    "avg_segment_overlap": 0.5999188952859222,
    "verse_to_chorus_acc": 0.27876106194690264,
    "chorus_to_verse_acc": 0.46464646464646464,
    "window_diff": 0.3959451374997799,
    "pk_metric": 0.2865748356936409
  },
  "parameters": {
    "hidden_dim": 256,
    "num_layers": 2,
    "dropout": 0.1734008689327779,
    "layer_dropout": 0.2697535268313576,
    "attention_enabled": true,
    "attention_heads": 8,
    "attention_dropout": 0.12671616781439018,
    "max_epochs": 15,
    "batch_size": 32,
    "learning_rate": 0.000742572091878156,
    "weight_decay": 0.019918534181750838,
    "scheduler": "cosine",
    "min_delta": 0.0005396443538942976,
    "gradient_clip_norm": 0.5867952976798732,
    "validation_strategy": "boundary_f1",
    "head_tail_words": 4,
    "boundary_weight": 2.007932388958708,
    "label_smoothing": 0.2008055946681602,
    "segment_consistency_lambda": 0.0215766541785446,
    "conf_penalty_lambda": 0.009791339776951015,
    "conf_threshold": 0.9498950257665896,
    "entropy_lambda": 0.04037159869282075,
    "max_confidence_threshold": 0.9502983522534677,
    "min_chorus_rate": 0.06355497865836526,
    "max_chorus_rate": 0.8234250597693106,
    "max_conf_over_95_ratio": 0.1737871927452047,
    "head_ssm_enabled": true,
    "tail_ssm_enabled": false,
    "phonetic_ssm_enabled": true,
    "pos_ssm_enabled": false,
    "string_ssm_enabled": false,
    "syllable_pattern_ssm_enabled": true,
    "line_syllable_ssm_enabled": true,
    "word2vec_enabled": false,
    "contextual_enabled": false,
    "phonetic_mode": "alliteration",
    "phonetic_similarity_method": "binary",
    "phonetic_normalize": false,
    "phonetic_normalize_method": "zscore",
    "phonetic_high_sim_threshold": 0.347949896193867,
    "pos_tagset": "universal",
    "pos_similarity_method": "position",
    "pos_high_sim_threshold": 0.315281723103947,
    "string_case_sensitive": true,
    "string_remove_punctuation": true,
    "string_similarity_threshold": 0.05428948957303992,
    "string_similarity_method": "word_overlap",
    "syllable_pattern_similarity_method": "levenshtein",
    "syllable_pattern_levenshtein_weight": 0.6422244810796877,
    "syllable_pattern_cosine_weight": 0.33475674723286064,
    "syllable_pattern_normalize": false,
    "syllable_pattern_normalize_method": "minmax",
    "line_syllable_similarity_method": "cosine",
    "line_syllable_ratio_threshold": 0.09863454991010707,
    "line_syllable_normalize": false,
    "line_syllable_normalize_method": "minmax",
    "word2vec_mode": "complete",
    "word2vec_normalize": true,
    "word2vec_similarity_metric": "dot",
    "word2vec_high_sim_threshold": 0.7553723327593153,
    "contextual_mode": "complete",
    "contextual_normalize": false,
    "contextual_similarity_metric": "dot",
    "contextual_high_sim_threshold": 0.6707454663108469
  },
  "config": {
    "hidden_dim": 256,
    "num_layers": 2,
    "layer_dropout": 0.2697535268313576,
    "num_classes": 2,
    "dropout": 0.1734008689327779,
    "attention_enabled": true,
    "attention_type": "boundary_aware",
    "attention_heads": 8,
    "attention_dropout": 0.12671616781439018,
    "attention_dim": 256,
    "positional_encoding": true,
    "max_seq_length": 1000,
    "window_size": 7,
    "boundary_temperature": 2.0,
    "batch_size": 32,
    "learning_rate": 0.000742572091878156,
    "weight_decay": 0.019918534181750838,
    "max_epochs": 15,
    "patience": 4,
    "gradient_clip_norm": 0.5867952976798732,
    "scheduler": "cosine",
    "min_lr": 1e-06,
    "cosine_t_max": 15,
    "warmup_epochs": 5,
    "lr_factor": 0.5,
    "lr_patience": 10,
    "step_size": 30,
    "step_gamma": 0.5,
    "cosine_t0": 10,
    "cosine_t_mult": 2,
    "min_delta": 0.0005396443538942976,
    "train_file": "data/train.jsonl",
    "val_file": "data/val.jsonl",
    "test_file": "data/test.jsonl",
    "weighted_sampling": true,
    "emergency_monitoring_enabled": true,
    "max_confidence_threshold": 0.9502983522534677,
    "min_chorus_rate": 0.06355497865836526,
    "max_chorus_rate": 0.8234250597693106,
    "max_conf_over_95_ratio": 0.1737871927452047,
    "val_overconf_threshold": 0.96,
    "val_f1_collapse_threshold": 0.1,
    "loss": {
      "loss_type": "boundary_aware",
      "boundary_weight": 2.007932388958708,
      "label_smoothing": 0.2008055946681602,
      "segment_consistency_lambda": 0.0215766541785446,
      "conf_penalty_lambda": 0.009791339776951015,
      "conf_threshold": 0.9498950257665896,
      "entropy_lambda": 0.04037159869282075
    },
    "calibration_enabled": true,
    "calibration_methods": [
      "temperature",
      "platt"
    ],
    "validation_strategy": "boundary_f1",
    "head_ssm_enabled": true,
    "head_ssm_words": 4,
    "head_ssm_dimension": 12,
    "tail_ssm_enabled": false,
    "tail_ssm_words": 4,
    "tail_ssm_dimension": 12,
    "phonetic_ssm_enabled": true,
    "phonetic_ssm_mode": "alliteration",
    "phonetic_ssm_dimension": 12,
    "phonetic_ssm_similarity_method": "binary",
    "phonetic_ssm_normalize": false,
    "phonetic_ssm_normalize_method": "zscore",
    "phonetic_ssm_high_sim_threshold": 0.347949896193867,
    "pos_ssm_enabled": false,
    "pos_ssm_tagset": "universal",
    "pos_ssm_similarity_method": "position",
    "pos_ssm_high_sim_threshold": 0.315281723103947,
    "pos_ssm_dimension": 12,
    "string_ssm_enabled": false,
    "string_ssm_case_sensitive": true,
    "string_ssm_remove_punctuation": true,
    "string_ssm_similarity_threshold": 0.05428948957303992,
    "string_ssm_similarity_method": "word_overlap",
    "string_ssm_dimension": 12,
    "syllable_pattern_ssm_enabled": true,
    "syllable_pattern_ssm_similarity_method": "levenshtein",
    "syllable_pattern_ssm_levenshtein_weight": 0.6573560089674847,
    "syllable_pattern_ssm_cosine_weight": 0.34264399103251536,
    "syllable_pattern_ssm_normalize": false,
    "syllable_pattern_ssm_normalize_method": "minmax",
    "syllable_pattern_ssm_dimension": 12,
    "line_syllable_ssm_enabled": true,
    "line_syllable_ssm_similarity_method": "cosine",
    "line_syllable_ssm_ratio_threshold": 0.09863454991010707,
    "line_syllable_ssm_normalize": false,
    "line_syllable_ssm_normalize_method": "minmax",
    "line_syllable_ssm_dimension": 12,
    "word2vec_enabled": false,
    "word2vec_model": "word2vec-google-news-300",
    "word2vec_mode": "complete",
    "word2vec_normalize": true,
    "word2vec_similarity_metric": "dot",
    "word2vec_high_sim_threshold": 0.7553723327593153,
    "contextual_enabled": false,
    "contextual_model": "all-MiniLM-L6-v2",
    "contextual_mode": "complete",
    "contextual_normalize": false,
    "contextual_similarity_metric": "dot",