{
  "metadata": {
    "model_info": {
      "hidden_dim": 256,
      "num_layers": 2,
      "dropout": 0.1734008689327779,
      "layer_dropout": 0.2697535268313576,
      "attention_enabled": true,
      "attention_heads": 8,
      "attention_dropout": 0.12671616781439018,
      "attention_dim": 256,
      "positional_encoding": true,
      "max_seq_length": 1000,
      "total_params": 2764291,
      "lstm_params": 2203648,
      "attention_params": 559617,
      "classifier_params": 1026
    },
    "training_info": {
      "batch_size": 32,
      "learning_rate": 0.000742572091878156,
      "scheduler": "cosine",
      "label_smoothing": 0.0,
      "weighted_sampling": true,
      "total_epochs": 15,
      "validation_strategy": "boundary_f1",
      "weight_decay": 0.019918534181750838,
      "gradient_clip_norm": 0.5867952976798732,
      "max_epochs": 15,
      "patience": 4
    },
    "calibration_info": {
      "temperature": {
        "ece_before": 0.1289992445607785,
        "ece_after": 0.030909582416294608,
        "improvement": 0.09808966214448389,
        "params": {
          "temperature": 0.47502107882168093
        }
      },
      "platt": {
        "ece_before": 0.1289992445607785,
        "ece_after": 0.054891609343423825,
        "improvement": 0.07410763521735467,
        "params": {
          "A": 1.675641120432565,
          "B": 0.0
        }
      }
    }
  },
  "metrics": [
    {
      "epoch": 1,
      "train_loss": 0.5928121775388717,
      "train_chorus_rate": 0.5736561298370362,
      "train_max_prob": 0.5832145631313324,
      "train_conf_over_90": 0.00024600245524197817,
      "train_conf_over_95": 0.0,
      "val_loss": 0.5910789966583252,
      "val_macro_f1": 0.33577733552009886,
      "val_verse_f1": 0.18864353312302842,
      "val_chorus_f1": 0.4829111379171693,
      "val_chorus_rate": 0.9217201918363571,
      "val_max_prob": 0.6119639128446579,
      "val_conf_over_90": 0.0,
      "val_conf_over_95": 0.0,
      "learning_rate": 0.0007344695271599618,
      "epoch_time": 67.09951496124268,
      "val_boundary_f1": 0.0,
      "val_boundary_precision": 0.0,
      "val_boundary_recall": 0.0,
      "val_complete_segments": 0.0,
      "val_avg_segment_overlap": 0.13275619014985773,
      "val_verse_to_chorus_acc": 0.0,
      "val_chorus_to_verse_acc": 0.0,
      "val_window_diff": 0.40577687458963024,
      "val_pk_metric": 0.39196571469713404
    },
    {
      "epoch": 2,
      "train_loss": 0.5599433928728104,
      "train_chorus_rate": 0.5599818728864193,
      "train_max_prob": 0.5599341541528702,
      "train_conf_over_90": 0.0,
      "train_conf_over_95": 0.0,
      "val_loss": 0.5777433812618256,
      "val_macro_f1": 0.5000531870461749,
      "val_verse_f1": 0.5426567096628196,
      "val_chorus_f1": 0.45744966442953017,
      "val_chorus_rate": 0.6149447113275528,
      "val_max_prob": 0.5571353733539581,
      "val_conf_over_90": 0.0,
      "val_conf_over_95": 0.0,
      "learning_rate": 0.0007105159539639834,
      "epoch_time": 56.23041105270386,
      "val_boundary_f1": 0.0692167577413479,
      "val_boundary_precision": 0.152,
      "val_boundary_recall": 0.04481132075471698,
      "val_complete_segments": 0.01407377874769179,
      "val_avg_segment_overlap": 0.20829283081096958,
      "val_verse_to_chorus_acc": 0.05309734513274336,
      "val_chorus_to_verse_acc": 0.0,
      "val_window_diff": 0.4509223218748187,
      "val_pk_metric": 0.4581950863056009
    },
    {
      "epoch": 3,
      "train_loss": 0.5654239892959595,
      "train_chorus_rate": 0.5242296658456326,
      "train_max_prob": 0.5723927617073059,
      "train_conf_over_90": 0.0,
      "train_conf_over_95": 0.0,
      "val_loss": 0.5855711400508881,
      "val_macro_f1": 0.4192139221094588,
      "val_verse_f1": 0.8238529454334925,
      "val_chorus_f1": 0.014574898785425103,
      "val_chorus_rate": 0.003482556203380227,
      "val_max_prob": 0.5486272722482681,
      "val_conf_over_90": 0.0,
      "val_conf_over_95": 0.0,
      "learning_rate": 0.0006717582583808821,
      "epoch_time": 39.96475791931152,
      "val_boundary_f1": 0.0,
      "val_boundary_precision": 0.0,
      "val_boundary_recall": 0.0,
      "val_complete_segments": 0.05708388095715773,
      "val_avg_segment_overlap": 0.16854330225923483,
      "val_verse_to_chorus_acc": 0.0,
      "val_chorus_to_verse_acc": 0.0,
      "val_window_diff": 0.27336180986536973,
      "val_pk_metric": 0.27645067122204625
    },
    {
      "epoch": 4,
      "train_loss": 0.5556670695543289,
      "train_chorus_rate": 0.5572054905584082,
      "train_max_prob": 0.559805366396904,
      "train_conf_over_90": 0.0,
      "train_conf_over_95": 0.0,
      "val_loss": 0.5878100395202637,
      "val_macro_f1": 0.5398714340239196,
      "val_verse_f1": 0.8153609831029187,
      "val_chorus_f1": 0.26438188494492043,
      "val_chorus_rate": 0.10191639512777328,
      "val_max_prob": 0.5643322765827179,
      "val_conf_over_90": 0.0,
      "val_conf_over_95": 0.0,
      "learning_rate": 0.0006198903376876967,
      "epoch_time": 46.567352056503296,
      "val_boundary_f1": 0.16999999999999998,
      "val_boundary_precision": 0.2897727272727273,
      "val_boundary_recall": 0.12028301886792453,
      "val_complete_segments": 0.08591810072456944,
      "val_avg_segment_overlap": 0.2554627362628811,
      "val_verse_to_chorus_acc": 0.11946902654867257,
      "val_chorus_to_verse_acc": 0.08585858585858586,
      "val_window_diff": 0.32387377914108473,
      "val_pk_metric": 0.30869238154178347
    },
    {
      "epoch": 5,
      "train_loss": 0.5552938193082809,
      "train_chorus_rate": 0.5884345347993076,
      "train_max_prob": 0.5721800118684769,
      "train_conf_over_90": 0.0,
      "train_conf_over_95": 0.0,
      "val_loss": 0.5852085798978806,
      "val_macro_f1": 0.5467105825785883,
      "val_verse_f1": 0.8220015278838808,
      "val_chorus_f1": 0.2714196372732958,
      "val_chorus_rate": 0.09314179606735706,
      "val_max_prob": 0.5692616701126099,
      "val_conf_over_90": 0.0,
      "val_conf_over_95": 0.0,
      "learning_rate": 0.000557179068908617,
      "epoch_time": 45.61583495140076,
      "val_boundary_f1": 0.17886178861788618,
      "val_boundary_precision": 0.2879581151832461,
      "val_boundary_recall": 0.12971698113207547,
      "val_complete_segments": 0.07733286043201207,
      "val_avg_segment_overlap": 0.2659181680517793,
      "val_verse_to_chorus_acc": 0.1592920353982301,
      "val_chorus_to_verse_acc": 0.08080808080808081,
      "val_window_diff": 0.33021103193056905,
      "val_pk_metric": 0.30711875906014624
    },
    {
      "epoch": 6,
      "train_loss": 0.5397914290428162,
      "train_chorus_rate": 0.5053326934576035,
      "train_max_prob": 0.5852143138647079,
      "train_conf_over_90": 0.0,
      "train_conf_over_95": 0.0,
      "val_loss": 0.5566587746143341,
      "val_macro_f1": 0.6245639629653779,
      "val_verse_f1": 0.7108626198083068,
      "val_chorus_f1": 0.538265306122449,
      "val_chorus_rate": 0.47194766998291016,
      "val_max_prob": 0.5857006460428238,
      "val_conf_over_90": 0.0,
      "val_conf_over_95": 0.0,
      "learning_rate": 0.0004863652354113431,
      "epoch_time": 40.687103033065796,
      "val_boundary_f1": 0.22172949002217296,
      "val_boundary_precision": 0.20920502092050208,
      "val_boundary_recall": 0.2358490566037736,
      "val_complete_segments": 0.06373612856910842,
      "val_avg_segment_overlap": 0.4439793031299383,
      "val_verse_to_chorus_acc": 0.14601769911504425,
      "val_chorus_to_verse_acc": 0.2474747474747475,
      "val_window_diff": 0.4544955247126029,
      "val_pk_metric": 0.3924064547708941
    },
    {
      "epoch": 7,
      "train_loss": 0.51889588534832,
      "train_chorus_rate": 0.44221448600292207,
      "train_max_prob": 0.6256513208150863,
      "train_conf_over_90": 0.0008181130775483325,
      "train_conf_over_95": 0.0,
      "val_loss": 0.5333945825695992,