{
  "metadata": {
    "model_info": {
      "hidden_dim": 256,
      "num_layers": 2,
      "dropout": 0.15948912775980234,
      "layer_dropout": 0.3346428426576398,
      "attention_enabled": true,
      "attention_heads": 8,
      "attention_dropout": 0.24379438002037535,
      "attention_dim": 256,
      "positional_encoding": true,
      "max_seq_length": 1000,
      "total_params": 3550723,
      "lstm_params": 2990080,
      "attention_params": 559617,
      "classifier_params": 1026
    },
    "training_info": {
      "batch_size": 32,
      "learning_rate": 0.0008089073702296803,
      "scheduler": "cosine",
      "label_smoothing": 0.0,
      "weighted_sampling": true,
      "total_epochs": 15,
      "validation_strategy": "boundary_f1",
      "weight_decay": 0.017843498152169523,
      "gradient_clip_norm": 0.43472112395642976,
      "max_epochs": 15,
      "patience": 4
    },
    "calibration_info": {
      "temperature": {
        "ece_before": 0.07935003504479095,
        "ece_after": 0.017687427754603573,
        "improvement": 0.061662607290187375,
        "params": {
          "temperature": 0.5901911257860007
        }
      },
      "platt": {
        "ece_before": 0.07935003504479095,
        "ece_after": 0.02505885007514935,
        "improvement": 0.054291184969641595,
        "params": {
          "A": 1.4999995830772757,
          "B": 0.0
        }
      }
    }
  },
  "metrics": [
    {
      "epoch": 1,
      "train_loss": 0.5768637597560883,
      "train_chorus_rate": 0.45244807842245793,
      "train_max_prob": 0.5780826687812806,
      "train_conf_over_90": 0.0,
      "train_conf_over_95": 0.0,
      "val_loss": 0.5734885036945343,
      "val_macro_f1": 0.417704923848002,
      "val_verse_f1": 0.3339070567986231,
      "val_chorus_f1": 0.5015027908973809,
      "val_chorus_rate": 0.8440727591514587,
      "val_max_prob": 0.5602363795042038,
      "val_conf_over_90": 0.0,
      "val_conf_over_95": 0.0,
      "learning_rate": 0.0008000800130175003,
      "epoch_time": 250.86634612083435,
      "val_boundary_f1": 0.054644808743169404,
      "val_boundary_precision": 0.12,
      "val_boundary_recall": 0.03537735849056604,
      "val_complete_segments": 0.021762007803895398,
      "val_avg_segment_overlap": 0.18712312228913908,
      "val_verse_to_chorus_acc": 0.05309734513274336,
      "val_chorus_to_verse_acc": 0.0,
      "val_window_diff": 0.439960436731865,
      "val_pk_metric": 0.4450709646743345
    },
    {
      "epoch": 2,
      "train_loss": 0.557608251273632,
      "train_chorus_rate": 0.4562181032728404,
      "train_max_prob": 0.5873260110616684,
      "train_conf_over_90": 0.0,
      "train_conf_over_95": 0.0,
      "val_loss": 0.5963705629110336,
      "val_macro_f1": 0.32401198450031815,
      "val_verse_f1": 0.1674656439757111,
      "val_chorus_f1": 0.48055832502492524,
      "val_chorus_rate": 0.9317896217107773,
      "val_max_prob": 0.6384118348360062,
      "val_conf_over_90": 0.0,
      "val_conf_over_95": 0.0,
      "learning_rate": 0.0007739837392494918,
      "epoch_time": 177.12687587738037,
      "val_boundary_f1": 0.0,
      "val_boundary_precision": 0.0,
      "val_boundary_recall": 0.0,
      "val_complete_segments": 0.0,
      "val_avg_segment_overlap": 0.12275977908278593,
      "val_verse_to_chorus_acc": 0.0,
      "val_chorus_to_verse_acc": 0.0,
      "val_window_diff": 0.4084813195320849,
      "val_pk_metric": 0.3924441896218974
    },
    {
      "epoch": 3,
      "train_loss": 0.5472785219550133,
      "train_chorus_rate": 0.4411502172704786,
      "train_max_prob": 0.6162707597017288,
      "train_conf_over_90": 0.0,
      "train_conf_over_95": 0.0,
      "val_loss": 0.57833631336689,
      "val_macro_f1": 0.5010054085969398,
      "val_verse_f1": 0.5321312991215904,
      "val_chorus_f1": 0.4698795180722892,
      "val_chorus_rate": 0.6378202587366104,
      "val_max_prob": 0.6063448488712311,
      "val_conf_over_90": 0.0,
      "val_conf_over_95": 0.0,
      "learning_rate": 0.000731759081313132,
      "epoch_time": 144.4102909564972,
      "val_boundary_f1": 0.05415162454873646,
      "val_boundary_precision": 0.11538461538461539,
      "val_boundary_recall": 0.03537735849056604,
      "val_complete_segments": 0.014567390826669725,
      "val_avg_segment_overlap": 0.19602334342807426,
      "val_verse_to_chorus_acc": 0.03982300884955752,
      "val_chorus_to_verse_acc": 0.010101010101010102,
      "val_window_diff": 0.4331530277097361,
      "val_pk_metric": 0.44021210589128973
    },
    {
      "epoch": 4,
      "train_loss": 0.531819973886013,
      "train_chorus_rate": 0.4355301011353731,
      "train_max_prob": 0.6136875420808792,
      "train_conf_over_90": 0.00029949544696137307,
      "train_conf_over_95": 0.0,
      "val_loss": 0.5270650237798691,
      "val_macro_f1": 0.6767389475839507,
      "val_verse_f1": 0.7492980344965904,
      "val_chorus_f1": 0.6041798606713109,
      "val_chorus_rate": 0.4770067110657692,
      "val_max_prob": 0.6034080982208252,
      "val_conf_over_90": 0.0,
      "val_conf_over_95": 0.0,
      "learning_rate": 0.0006752514593766284,
      "epoch_time": 111.29074788093567,
      "val_boundary_f1": 0.2973523421588595,
      "val_boundary_precision": 0.2616487455197133,
      "val_boundary_recall": 0.3443396226415094,
      "val_complete_segments": 0.13325676835751066,
      "val_avg_segment_overlap": 0.5524223282167342,
      "val_verse_to_chorus_acc": 0.26548672566371684,
      "val_chorus_to_verse_acc": 0.398989898989899,
      "val_window_diff": 0.4429307154580094,
      "val_pk_metric": 0.3677841753883585
    },
    {
      "epoch": 5,
      "train_loss": 0.4900846377015114,
      "train_chorus_rate": 0.38827364444732665,
      "train_max_prob": 0.6752525806427002,
      "train_conf_over_90": 0.00811534502718132,
      "train_conf_over_95": 0.0,
      "val_loss": 0.5343243405222893,
      "val_macro_f1": 0.726320802431496,
      "val_verse_f1": 0.8435350756533699,
      "val_chorus_f1": 0.6091065292096219,
      "val_chorus_rate": 0.2726990580558777,
      "val_max_prob": 0.7030978947877884,
      "val_conf_over_90": 0.0009551455441396683,
      "val_conf_over_95": 0.0,
      "learning_rate": 0.0006069305276722603,
      "epoch_time": 140.57324314117432,
      "val_boundary_f1": 0.3724007561436673,
      "val_boundary_precision": 0.3107255520504732,
      "val_boundary_recall": 0.46462264150943394,
      "val_complete_segments": 0.25351277652444143,
      "val_avg_segment_overlap": 0.606616837220739,
      "val_verse_to_chorus_acc": 0.4424778761061947,
      "val_chorus_to_verse_acc": 0.398989898989899,
      "val_window_diff": 0.37071864723115056,
      "val_pk_metric": 0.2736185822160858
    },
    {
      "epoch": 6,
      "train_loss": 0.4763039916753769,
      "train_chorus_rate": 0.38815446197986603,
      "train_max_prob": 0.6842941522598267,
      "train_conf_over_90": 0.012290458841016516,
      "train_conf_over_95": 0.0002806901815347373,
      "val_loss": 0.4943699911236763,
      "val_macro_f1": 0.7452512218963832,
      "val_verse_f1": 0.8279569892473118,
      "val_chorus_f1": 0.6625454545454545,
      "val_chorus_rate": 0.3758600652217865,
      "val_max_prob": 0.7328798174858093,
      "val_conf_over_90": 0.031408192589879036,
      "val_conf_over_95": 0.0,
      "learning_rate": 0.000529782238755712,
      "epoch_time": 110.38850808143616,
      "val_boundary_f1": 0.35581622678396874,
      "val_boundary_precision": 0.3038397328881469,
      "val_boundary_recall": 0.42924528301886794,
      "val_complete_segments": 0.21519463335476058,
      "val_avg_segment_overlap": 0.6334749084714892,
      "val_verse_to_chorus_acc": 0.3893805309734513,
      "val_chorus_to_verse_acc": 0.41919191919191917,
      "val_window_diff": 0.41738112372996483,
      "val_pk_metric": 0.30305476010167287
    },
    {
      "epoch": 7,
      "train_loss": 0.46902128756046296,
      "train_chorus_rate": 0.34103157818317414,