{
  "metadata": {
    "model_info": {
      "hidden_dim": 128,
      "num_layers": 1,
      "dropout": 0.22268332173749755,
      "layer_dropout": 0.0,
      "attention_enabled": false,
      "attention_heads": 1,
      "attention_dropout": 0.0,
      "attention_dim": 128,
      "positional_encoding": false,
      "max_seq_length": 1000,
      "total_params": 219650,
      "lstm_params": 219136,
      "attention_params": 0,
      "classifier_params": 514
    },
    "training_info": {
      "batch_size": 32,
      "learning_rate": 0.0006085377933455069,
      "scheduler": "cosine",
      "label_smoothing": 0.0,
      "weighted_sampling": true,
      "total_epochs": 15,
      "validation_strategy": "composite",
      "weight_decay": 0.011551517533142222,
      "gradient_clip_norm": 0.8137166547212907,
      "max_epochs": 15,
      "patience": 4
    },
    "calibration_info": {
      "temperature": {
        "ece_before": 0.08780037245780874,
        "ece_after": 0.016484993892357712,
        "improvement": 0.07131537856545103,
        "params": {
          "temperature": 0.5952567078431916
        }
      },
      "platt": {
        "ece_before": 0.08780037245780874,
        "ece_after": 0.017170620719904033,
        "improvement": 0.0706297517379047,
        "params": {
          "A": 1.621765197728803,
          "B": 0.0
        }
      }
    }
  },
  "metrics": [
    {
      "epoch": 1,
      "train_loss": 0.5251828670501709,
      "train_chorus_rate": 0.4067015316337347,
      "train_max_prob": 0.5416193425655365,
      "train_conf_over_90": 0.0,
      "train_conf_over_95": 0.0,
      "val_loss": 0.5499710738658905,
      "val_macro_f1": 0.5847530969335001,
      "val_verse_f1": 0.7810571952642987,
      "val_chorus_f1": 0.38844899860270143,
      "val_chorus_rate": 0.22783766314387321,
      "val_max_prob": 0.5669301003217697,
      "val_conf_over_90": 0.0,
      "val_conf_over_95": 0.0,
      "learning_rate": 0.0006018997141307626,
      "epoch_time": 157.00208377838135,
      "val_boundary_f1": 0.14804469273743018,
      "val_boundary_precision": 0.1815068493150685,
      "val_boundary_recall": 0.125,
      "val_complete_segments": 0.02548571333035808,
      "val_avg_segment_overlap": 0.2801019234310292,
      "val_verse_to_chorus_acc": 0.11061946902654868,
      "val_chorus_to_verse_acc": 0.08080808080808081,
      "val_window_diff": 0.4187499323301723,
      "val_pk_metric": 0.40110473453748496
    },
    {
      "epoch": 2,
      "train_loss": 0.5235924825072289,
      "train_chorus_rate": 0.4046234667301178,
      "train_max_prob": 0.5636364817619324,
      "train_conf_over_90": 0.0,
      "train_conf_over_95": 0.0,
      "val_loss": 0.5289396196603775,
      "val_macro_f1": 0.6612193275353447,
      "val_verse_f1": 0.7767808093755721,
      "val_chorus_f1": 0.5456578456951173,
      "val_chorus_rate": 0.35953596234321594,
      "val_max_prob": 0.5642163008451462,
      "val_conf_over_90": 0.0,
      "val_conf_over_95": 0.0,
      "learning_rate": 0.0005822755924012519,
      "epoch_time": 93.72842502593994,
      "val_boundary_f1": 0.3063414634146342,
      "val_boundary_precision": 0.2612312811980033,
      "val_boundary_recall": 0.37028301886792453,
      "val_complete_segments": 0.1557225836653196,
      "val_avg_segment_overlap": 0.49471789089740115,
      "val_verse_to_chorus_acc": 0.3230088495575221,
      "val_chorus_to_verse_acc": 0.3181818181818182,
      "val_window_diff": 0.43133488566208894,
      "val_pk_metric": 0.3552989403340631
    },
    {
      "epoch": 3,
      "train_loss": 0.4988104239106178,
      "train_chorus_rate": 0.43805770948529243,
      "train_max_prob": 0.5863053888082504,
      "train_conf_over_90": 0.0,
      "train_conf_over_95": 0.0,
      "val_loss": 0.5076459795236588,
      "val_macro_f1": 0.613756386220434,
      "val_verse_f1": 0.6548279689234184,
      "val_chorus_f1": 0.5726848035174498,
      "val_chorus_rate": 0.5942872613668442,
      "val_max_prob": 0.6060153841972351,
      "val_conf_over_90": 0.0,
      "val_conf_over_95": 0.0,
      "learning_rate": 0.0005505230964435384,
      "epoch_time": 117.50786590576172,
      "val_boundary_f1": 0.21538461538461537,
      "val_boundary_precision": 0.17474302496328928,
      "val_boundary_recall": 0.2806603773584906,
      "val_complete_segments": 0.10134132011120348,
      "val_avg_segment_overlap": 0.45818034312022027,
      "val_verse_to_chorus_acc": 0.2079646017699115,
      "val_chorus_to_verse_acc": 0.29797979797979796,
      "val_window_diff": 0.49128432038753533,
      "val_pk_metric": 0.38915774200947756
    },
    {
      "epoch": 4,
      "train_loss": 0.4837042197585106,
      "train_chorus_rate": 0.3815210357308388,
      "train_max_prob": 0.6276591897010804,
      "train_conf_over_90": 0.00019797119894064962,
      "train_conf_over_95": 0.0,
      "val_loss": 0.5036363378167152,
      "val_macro_f1": 0.7029288949951462,
      "val_verse_f1": 0.8148412415269355,
      "val_chorus_f1": 0.5910165484633569,
      "val_chorus_rate": 0.32460349053144455,
      "val_max_prob": 0.6319068521261215,
      "val_conf_over_90": 0.00026624067686498165,
      "val_conf_over_95": 0.0,
      "learning_rate": 0.0005080299626963543,
      "epoch_time": 99.39275217056274,
      "val_boundary_f1": 0.35135135135135137,
      "val_boundary_precision": 0.28425655976676384,
      "val_boundary_recall": 0.45990566037735847,
      "val_complete_segments": 0.23878220744604625,
      "val_avg_segment_overlap": 0.5837409746505544,
      "val_verse_to_chorus_acc": 0.43805309734513276,
      "val_chorus_to_verse_acc": 0.3888888888888889,
      "val_window_diff": 0.43106782449926423,
      "val_pk_metric": 0.3159592696313428
    },
    {
      "epoch": 5,
      "train_loss": 0.4660980775952339,
      "train_chorus_rate": 0.3631853759288788,
      "train_max_prob": 0.6388187646865845,
      "train_conf_over_90": 0.001054491163813509,
      "train_conf_over_95": 0.0,
      "val_loss": 0.4882546588778496,
      "val_macro_f1": 0.6961901225263207,
      "val_verse_f1": 0.780871903207221,
      "val_chorus_f1": 0.6115083418454205,
      "val_chorus_rate": 0.4225805848836899,
      "val_max_prob": 0.6464181840419769,
      "val_conf_over_90": 0.002437218849081546,
      "val_conf_over_95": 0.0,
      "learning_rate": 0.00045665334500913016,
      "epoch_time": 109.57892298698425,
      "val_boundary_f1": 0.3278969957081545,
      "val_boundary_precision": 0.25775978407557354,
      "val_boundary_recall": 0.45047169811320753,
      "val_complete_segments": 0.21548461808270927,
      "val_avg_segment_overlap": 0.605999765569064,
      "val_verse_to_chorus_acc": 0.37610619469026546,
      "val_chorus_to_verse_acc": 0.45454545454545453,
      "val_window_diff": 0.4420242145086909,
      "val_pk_metric": 0.3377138663509973
    },
    {
      "epoch": 6,
      "train_loss": 0.45705498456954957,
      "train_chorus_rate": 0.37510485351085665,
      "train_max_prob": 0.6592716127634048,
      "train_conf_over_90": 0.0052551899978425356,
      "train_conf_over_95": 0.0,
      "val_loss": 0.48158373683691025,
      "val_macro_f1": 0.6721980012740882,
      "val_verse_f1": 0.7295150501672241,
      "val_chorus_f1": 0.6148809523809524,
      "val_chorus_rate": 0.5263038203120232,
      "val_max_prob": 0.6489669382572174,
      "val_conf_over_90": 0.005793661985080689,
      "val_conf_over_95": 0.0,
      "learning_rate": 0.0003986386481071617,
      "epoch_time": 118.26519298553467,
      "val_boundary_f1": 0.25236051502145923,
      "val_boundary_precision": 0.19838056680161945,
      "val_boundary_recall": 0.3466981132075472,
      "val_complete_segments": 0.1276579886203428,
      "val_avg_segment_overlap": 0.5496526707982086,
      "val_verse_to_chorus_acc": 0.28761061946902655,
      "val_chorus_to_verse_acc": 0.35858585858585856,
      "val_window_diff": 0.487552740231369,
      "val_pk_metric": 0.36412607670688024
    },
    {
      "epoch": 7,