{
  "metadata": {
    "model_info": {
      "hidden_dim": 128,
      "num_layers": 1,
      "dropout": 0.265187192677686,
      "layer_dropout": 0.0,
      "attention_enabled": true,
      "attention_heads": 8,
      "attention_dropout": 0.11115133537492615,
      "attention_dim": 128,
      "positional_encoding": true,
      "max_seq_length": 1000,
      "total_params": 704259,
      "lstm_params": 563200,
      "attention_params": 140545,
      "classifier_params": 514
    },
    "training_info": {
      "batch_size": 32,
      "learning_rate": 0.00012701407475214274,
      "scheduler": "cosine",
      "label_smoothing": 0.0,
      "weighted_sampling": true,
      "total_epochs": 15,
      "validation_strategy": "boundary_f1",
      "weight_decay": 0.015897219097457515,
      "gradient_clip_norm": 0.9305788219025521,
      "max_epochs": 15,
      "patience": 4
    },
    "calibration_info": {
      "temperature": {
        "ece_before": 0.05612909599172576,
        "ece_after": 0.022185708998111463,
        "improvement": 0.033943386993614294,
        "params": {
          "temperature": 0.7315326049083168
        }
      },
      "platt": {
        "ece_before": 0.05612909599172576,
        "ece_after": 0.02541914503209013,
        "improvement": 0.03070995095963563,
        "params": {
          "A": 1.2802638635268748,
          "B": 0.0
        }
      }
    }
  },
  "metrics": [
    {
      "epoch": 1,
      "train_loss": 0.5383151039481163,
      "train_chorus_rate": 0.2433562593534589,
      "train_max_prob": 0.5388636857271194,
      "train_conf_over_90": 0.0,
      "train_conf_over_95": 0.0,
      "val_loss": 0.5714779645204544,
      "val_macro_f1": 0.41181568684096487,
      "val_verse_f1": 0.8236313736819297,
      "val_chorus_f1": 0.0,
      "val_chorus_rate": 0.0,
      "val_max_prob": 0.5677640438079834,
      "val_conf_over_90": 0.0,
      "val_conf_over_95": 0.0,
      "learning_rate": 0.0001256372198148208,
      "epoch_time": 243.00109004974365,
      "val_boundary_f1": 0.0,
      "val_boundary_precision": 0.0,
      "val_boundary_recall": 0.0,
      "val_complete_segments": 0.05911640128236099,
      "val_avg_segment_overlap": 0.16672167678962696,
      "val_verse_to_chorus_acc": 0.0,
      "val_chorus_to_verse_acc": 0.0,
      "val_window_diff": 0.26458863159601387,
      "val_pk_metric": 0.271007419880346
    },
    {
      "epoch": 2,
      "train_loss": 0.5404746249318123,
      "train_chorus_rate": 0.4013435013592243,
      "train_max_prob": 0.5477977812290191,
      "train_conf_over_90": 0.0,
      "train_conf_over_95": 0.0,
      "val_loss": 0.5578447729349136,
      "val_macro_f1": 0.5871446395919235,
      "val_verse_f1": 0.7129681912290609,
      "val_chorus_f1": 0.4613210879547863,
      "val_chorus_rate": 0.3973225727677345,
      "val_max_prob": 0.5381756126880646,
      "val_conf_over_90": 0.0,
      "val_conf_over_95": 0.0,
      "learning_rate": 0.00012156683017049895,
      "epoch_time": 155.37335896492004,
      "val_boundary_f1": 0.0798611111111111,
      "val_boundary_precision": 0.1513157894736842,
      "val_boundary_recall": 0.054245283018867926,
      "val_complete_segments": 0.041931351515126704,
      "val_avg_segment_overlap": 0.2549735028257287,
      "val_verse_to_chorus_acc": 0.07079646017699115,
      "val_chorus_to_verse_acc": 0.025252525252525252,
      "val_window_diff": 0.3615746052946306,
      "val_pk_metric": 0.36334553888635
    },
    {
      "epoch": 3,
      "train_loss": 0.5332411006093025,
      "train_chorus_rate": 0.441089129447937,
      "train_max_prob": 0.5631723970174789,
      "train_conf_over_90": 0.0,
      "train_conf_over_95": 0.0,
      "val_loss": 0.5460704118013382,
      "val_macro_f1": 0.573410786461479,
      "val_verse_f1": 0.6214963584197749,
      "val_chorus_f1": 0.525325214503183,
      "val_chorus_rate": 0.5894367098808289,
      "val_max_prob": 0.563043549656868,
      "val_conf_over_90": 0.0,
      "val_conf_over_95": 0.0,
      "learning_rate": 0.00011498080137853062,
      "epoch_time": 192.08371496200562,
      "val_boundary_f1": 0.12006861063464837,
      "val_boundary_precision": 0.22012578616352202,
      "val_boundary_recall": 0.08254716981132075,
      "val_complete_segments": 0.06655782429907563,
      "val_avg_segment_overlap": 0.2515016777923014,
      "val_verse_to_chorus_acc": 0.11061946902654868,
      "val_chorus_to_verse_acc": 0.03535353535353535,
      "val_window_diff": 0.3416697577922385,
      "val_pk_metric": 0.3398159563378903
    },
    {
      "epoch": 4,
      "train_loss": 0.510584433376789,
      "train_chorus_rate": 0.4466750599443913,
      "train_max_prob": 0.594255530834198,
      "train_conf_over_90": 0.0,
      "train_conf_over_95": 0.0,
      "val_loss": 0.545139417052269,
      "val_macro_f1": 0.6296328794235234,
      "val_verse_f1": 0.7752511898466421,
      "val_chorus_f1": 0.4840145690004047,
      "val_chorus_rate": 0.30777331441640854,
      "val_max_prob": 0.5821465104818344,
      "val_conf_over_90": 0.0,
      "val_conf_over_95": 0.0,
      "learning_rate": 0.00010616697450039726,
      "epoch_time": 363.16982316970825,
      "val_boundary_f1": 0.14035087719298245,
      "val_boundary_precision": 0.21674876847290642,
      "val_boundary_recall": 0.10377358490566038,
      "val_complete_segments": 0.07257416293736549,
      "val_avg_segment_overlap": 0.28962192177132634,
      "val_verse_to_chorus_acc": 0.08849557522123894,
      "val_chorus_to_verse_acc": 0.10101010101010101,
      "val_window_diff": 0.3022830546197544,
      "val_pk_metric": 0.29081570729412204
    },
    {
      "epoch": 5,
      "train_loss": 0.5112323239445686,
      "train_chorus_rate": 0.41508526876568796,
      "train_max_prob": 0.6103535443544388,
      "train_conf_over_90": 0.0010277247056365013,
      "train_conf_over_95": 0.0,
      "val_loss": 0.5351339727640152,
      "val_macro_f1": 0.6335559495616029,
      "val_verse_f1": 0.7308364059771008,
      "val_chorus_f1": 0.536275493146105,
      "val_chorus_rate": 0.43573056161403656,
      "val_max_prob": 0.5869882702827454,
      "val_conf_over_90": 0.0,
      "val_conf_over_95": 0.0,
      "learning_rate": 9.551055606410707e-05,
      "epoch_time": 178.44593787193298,
      "val_boundary_f1": 0.16978417266187049,
      "val_boundary_precision": 0.2177121771217712,
      "val_boundary_recall": 0.1391509433962264,
      "val_complete_segments": 0.08506385873830201,
      "val_avg_segment_overlap": 0.32702028733350225,
      "val_verse_to_chorus_acc": 0.11946902654867257,
      "val_chorus_to_verse_acc": 0.12121212121212122,
      "val_window_diff": 0.3298910268057392,
      "val_pk_metric": 0.3091218775334498
    },
    {
      "epoch": 6,
      "train_loss": 0.48077173680067065,
      "train_chorus_rate": 0.40749760195612905,
      "train_max_prob": 0.6355392217636109,
      "train_conf_over_90": 0.010176977189257742,
      "train_conf_over_95": 0.0,
      "val_loss": 0.5248376429080963,
      "val_macro_f1": 0.6505213000058361,
      "val_verse_f1": 0.7422680412371133,
      "val_chorus_f1": 0.5587745587745588,
      "val_chorus_rate": 0.4390653893351555,
      "val_max_prob": 0.6039008051156998,
      "val_conf_over_90": 0.0,
      "val_conf_over_95": 0.0,
      "learning_rate": 8.347728269049494e-05,
      "epoch_time": 229.5865249633789,
      "val_boundary_f1": 0.19086021505376344,
      "val_boundary_precision": 0.221875,
      "val_boundary_recall": 0.16745283018867924,
      "val_complete_segments": 0.08763475640463976,
      "val_avg_segment_overlap": 0.3535335747869913,
      "val_verse_to_chorus_acc": 0.15486725663716813,
      "val_chorus_to_verse_acc": 0.11616161616161616,
      "val_window_diff": 0.32689692304803525,
      "val_pk_metric": 0.3000203019654718
    },
    {
      "epoch": 7,
      "train_loss": 0.4982143998146057,
      "train_chorus_rate": 0.4089851051568985,
      "train_max_prob": 0.6205278396606445,
      "train_conf_over_90": 9.863719460554421e-05,