{
  "metadata": {
    "model_info": {
      "hidden_dim": 256,
      "num_layers": 1,
      "dropout": 0.24077489450702996,
      "layer_dropout": 0.0,
      "attention_enabled": true,
      "attention_heads": 4,
      "attention_dropout": 0.2863488160022229,
      "attention_dim": 256,
      "positional_encoding": true,
      "max_seq_length": 1000,
      "total_params": 1867010,
      "lstm_params": 1339392,
      "attention_params": 526592,
      "classifier_params": 1026
    },
    "training_info": {
      "batch_size": 32,
      "learning_rate": 0.0007437435052705635,
      "scheduler": "cosine",
      "label_smoothing": 0.0,
      "weighted_sampling": true,
      "total_epochs": 15,
      "validation_strategy": "composite",
      "weight_decay": 0.02382538338379597,
      "gradient_clip_norm": 0.35726807842921304,
      "max_epochs": 15,
      "patience": 4
    },
    "calibration_info": {
      "temperature": {
        "ece_before": 0.09120283281697739,
        "ece_after": 0.02694173313838326,
        "improvement": 0.06426109967859413,
        "params": {
          "temperature": 0.6177254049849297
        }
      },
      "platt": {
        "ece_before": 0.09120283281697739,
        "ece_after": 0.03684059053308136,
        "improvement": 0.05436224228389602,
        "params": {
          "A": 1.4999998276180042,
          "B": 0.0
        }
      }
    }
  },
  "metrics": [
    {
      "epoch": 1,
      "train_loss": 0.5852993726730347,
      "train_chorus_rate": 0.4966963772661984,
      "train_max_prob": 0.6064233630895615,
      "train_conf_over_90": 3.320053219795227e-05,
      "train_conf_over_95": 0.0,
      "val_loss": 0.5657413154840469,
      "val_macro_f1": 0.579146892286488,
      "val_verse_f1": 0.6296864722648542,
      "val_chorus_f1": 0.5286073123081217,
      "val_chorus_rate": 0.5809430032968521,
      "val_max_prob": 0.5455882400274277,
      "val_conf_over_90": 0.0,
      "val_conf_over_95": 0.0,
      "learning_rate": 0.000735628141455791,
      "epoch_time": 148.5858838558197,
      "val_boundary_f1": 0.16326530612244897,
      "val_boundary_precision": 0.16625916870415647,
      "val_boundary_recall": 0.16037735849056603,
      "val_complete_segments": 0.048419414339350715,
      "val_avg_segment_overlap": 0.3628836784753427,
      "val_verse_to_chorus_acc": 0.11504424778761062,
      "val_chorus_to_verse_acc": 0.16666666666666666,
      "val_window_diff": 0.4698819777457297,
      "val_pk_metric": 0.4407821396775041
    },
    {
      "epoch": 2,
      "train_loss": 0.536104941368103,
      "train_chorus_rate": 0.42782553620636465,
      "train_max_prob": 0.5825838029384613,
      "train_conf_over_90": 0.0,
      "train_conf_over_95": 0.0,
      "val_loss": 0.5524686872959137,
      "val_macro_f1": 0.6834771138787805,
      "val_verse_f1": 0.7928454097463041,
      "val_chorus_f1": 0.574108818011257,
      "val_chorus_rate": 0.3556126803159714,
      "val_max_prob": 0.5813924074172974,
      "val_conf_over_90": 0.0,
      "val_conf_over_95": 0.0,
      "learning_rate": 0.000711636730352015,
      "epoch_time": 149.8562560081482,
      "val_boundary_f1": 0.3088803088803089,
      "val_boundary_precision": 0.26143790849673204,
      "val_boundary_recall": 0.37735849056603776,
      "val_complete_segments": 0.1818660768024501,
      "val_avg_segment_overlap": 0.5344871359221924,
      "val_verse_to_chorus_acc": 0.3584070796460177,
      "val_chorus_to_verse_acc": 0.3333333333333333,
      "val_window_diff": 0.427642815585297,
      "val_pk_metric": 0.33153905982309173
    },
    {
      "epoch": 3,
      "train_loss": 0.5255503714084625,
      "train_chorus_rate": 0.5095719873905182,
      "train_max_prob": 0.6457885384559632,
      "train_conf_over_90": 0.004045374915585853,
      "train_conf_over_95": 0.0,
      "val_loss": 0.520288735628128,
      "val_macro_f1": 0.6945605441816882,
      "val_verse_f1": 0.7609441194270727,
      "val_chorus_f1": 0.6281769689363038,
      "val_chorus_rate": 0.4834744855761528,
      "val_max_prob": 0.6347781866788864,
      "val_conf_over_90": 0.0002312673459528014,
      "val_conf_over_95": 0.0,
      "learning_rate": 0.0006728178117480338,
      "epoch_time": 147.09140014648438,
      "val_boundary_f1": 0.2966175195143105,
      "val_boundary_precision": 0.2345679012345679,
      "val_boundary_recall": 0.4033018867924528,
      "val_complete_segments": 0.15988988154947859,
      "val_avg_segment_overlap": 0.585419890571515,
      "val_verse_to_chorus_acc": 0.3407079646017699,
      "val_chorus_to_verse_acc": 0.41919191919191917,
      "val_window_diff": 0.4668074611534876,
      "val_pk_metric": 0.35696837905231094
    },
    {
      "epoch": 4,
      "train_loss": 0.4996132552623749,
      "train_chorus_rate": 0.4043935343623161,
      "train_max_prob": 0.6579667776823044,
      "train_conf_over_90": 0.0037418864783830942,
      "train_conf_over_95": 0.0,
      "val_loss": 0.557101234793663,
      "val_macro_f1": 0.48755548162868667,
      "val_verse_f1": 0.44174757281553395,
      "val_chorus_f1": 0.5333633904418394,
      "val_chorus_rate": 0.7897560596466064,
      "val_max_prob": 0.6831009685993195,
      "val_conf_over_90": 0.01363354071509093,
      "val_conf_over_95": 0.0,
      "learning_rate": 0.0006208679586606797,
      "epoch_time": 142.9616961479187,
      "val_boundary_f1": 0.06561360874848116,
      "val_boundary_precision": 0.06766917293233082,
      "val_boundary_recall": 0.06367924528301887,
      "val_complete_segments": 0.01796265853795016,
      "val_avg_segment_overlap": 0.32619177751555295,
      "val_verse_to_chorus_acc": 0.04424778761061947,
      "val_chorus_to_verse_acc": 0.06565656565656566,
      "val_window_diff": 0.45606970700479355,
      "val_pk_metric": 0.38760475262142813
    },
    {
      "epoch": 5,
      "train_loss": 0.5006828710436821,
      "train_chorus_rate": 0.45676776170730593,
      "train_max_prob": 0.6591351866722107,
      "train_conf_over_90": 0.005929192382609472,
      "train_conf_over_95": 3.3715442987158896e-05,
      "val_loss": 0.5057632476091385,
      "val_macro_f1": 0.7199348864540649,
      "val_verse_f1": 0.7929086304305475,
      "val_chorus_f1": 0.6469611424775822,
      "val_chorus_rate": 0.4407675787806511,
      "val_max_prob": 0.6870786994695663,
      "val_conf_over_90": 0.011517161154188216,
      "val_conf_over_95": 0.0,
      "learning_rate": 0.0005580576289529226,
      "epoch_time": 142.7749891281128,
      "val_boundary_f1": 0.3441441441441441,
      "val_boundary_precision": 0.2784256559766764,
      "val_boundary_recall": 0.45047169811320753,
      "val_complete_segments": 0.20304627267776792,
      "val_avg_segment_overlap": 0.6256132708165355,
      "val_verse_to_chorus_acc": 0.3938053097345133,
      "val_chorus_to_verse_acc": 0.4595959595959596,
      "val_window_diff": 0.42943212711023804,
      "val_pk_metric": 0.3172629272742196
    },
    {
      "epoch": 6,
      "train_loss": 0.48548117876052854,
      "train_chorus_rate": 0.3579547770321369,
      "train_max_prob": 0.6628472238779068,
      "train_conf_over_90": 0.0037599317904096095,
      "train_conf_over_95": 0.0,
      "val_loss": 0.4985792115330696,
      "val_macro_f1": 0.7433029714837056,
      "val_verse_f1": 0.8183200304066895,
      "val_chorus_f1": 0.6682859125607218,
      "val_chorus_rate": 0.4088197350502014,
      "val_max_prob": 0.6708875298500061,
      "val_conf_over_90": 0.006065437861252576,
      "val_conf_over_95": 0.0,
      "learning_rate": 0.00048713193543039294,
      "epoch_time": 132.59369707107544,
      "val_boundary_f1": 0.37927844588344123,
      "val_boundary_precision": 0.3120243531202435,
      "val_boundary_recall": 0.4834905660377358,
      "val_complete_segments": 0.27940248610980317,
      "val_avg_segment_overlap": 0.6446574344194257,
      "val_verse_to_chorus_acc": 0.4646017699115044,
      "val_chorus_to_verse_acc": 0.4595959595959596,
      "val_window_diff": 0.42126938590546553,