{
  "trial_number": 31,
  "timestamp": 1756072610.365516,
  "boundary_f1": 0.33587786259541985,
  "line_f1": 0.7244486903908924,
  "macro_f1": 0.7244486903908924,
  "verse_f1": 0.8075471698113207,
  "chorus_f1": 0.6413502109704641,
  "windowdiff": 0.4034933600296683,
  "pk": 0.2961314987289687,
  "val_loss": 0.528659038245678,
  "val_accuracy": 0.0,
  "weighted_f1": 0.0,
  "training_time": 1178.9792160987854,
  "training_time_minutes": 19.649653601646424,
  "total_params": 0,
  "actual_epochs": 8,
  "config_summary": {
    "attention_enabled": true,
    "hidden_dim": 256,
    "num_layers": 2,
    "max_epochs": 8,
    "batch_size": 32,
    "learning_rate": 0.000825293205466523,
    "boundary_weight": 2.0960564209271126,
    "label_smoothing": 0.23377800251485384
  },
  "validation_strategy": "line_f1",
  "all_metrics": {
    "loss": 0.528659038245678,
    "chorus_rate": 0.3997565135359764,
    "max_prob_mean": 0.6318774372339249,
    "confidence_over_90": 0.0,
    "confidence_over_95": 0.0,
    "verse_f1": 0.8075471698113207,
    "chorus_f1": 0.6413502109704641,
    "macro_f1": 0.7244486903908924,
    "boundary_f1": 0.33587786259541985,
    "boundary_precision": 0.28205128205128205,
    "boundary_recall": 0.41509433962264153,
    "complete_segments": 0.21690311732729547,
    "avg_segment_overlap": 0.6297512132451702,
    "verse_to_chorus_acc": 0.35398230088495575,
    "chorus_to_verse_acc": 0.42424242424242425,
    "window_diff": 0.4034933600296683,
    "pk_metric": 0.2961314987289687
  },
  "parameters": {
    "hidden_dim": 256,
    "num_layers": 2,
    "dropout": 0.2218563827162236,
    "layer_dropout": 0.2396900313147464,
    "attention_enabled": true,
    "attention_heads": 4,
    "attention_dropout": 0.14816098055564583,
    "max_epochs": 8,
    "batch_size": 32,
    "learning_rate": 0.000825293205466523,
    "weight_decay": 0.010365712055920623,
    "scheduler": "cosine",
    "min_delta": 0.00010913738052995047,
    "gradient_clip_norm": 0.34390163238740207,
    "validation_strategy": "line_f1",
    "head_tail_words": 4,
    "boundary_weight": 2.0960564209271126,
    "label_smoothing": 0.23377800251485384,
    "segment_consistency_lambda": 0.012691829467618399,
    "conf_penalty_lambda": 0.011818207482345796,
    "conf_threshold": 0.9440525594924574,
    "entropy_lambda": 0.04118006974592316,
    "max_confidence_threshold": 0.9391532082271237,
    "min_chorus_rate": 0.1146196021269792,
    "max_chorus_rate": 0.7841830319728453,
    "max_conf_over_95_ratio": 0.15735173051348916,
    "head_ssm_enabled": true,
    "tail_ssm_enabled": false,
    "phonetic_ssm_enabled": true,
    "pos_ssm_enabled": true,
    "string_ssm_enabled": false,
    "syllable_pattern_ssm_enabled": true,
    "line_syllable_ssm_enabled": false,
    "word2vec_enabled": false,
    "contextual_enabled": false,
    "phonetic_mode": "rhyme",
    "phonetic_similarity_method": "edit_distance",
    "phonetic_normalize": false,
    "phonetic_normalize_method": "zscore",
    "phonetic_high_sim_threshold": 0.34965316779842226,
    "pos_tagset": "penn",
    "pos_similarity_method": "lcs",
    "pos_high_sim_threshold": 0.28859666438906895,
    "string_case_sensitive": true,
    "string_remove_punctuation": true,
    "string_similarity_threshold": 0.050292675644662145,
    "string_similarity_method": "jaccard",
    "syllable_pattern_similarity_method": "combined",
    "syllable_pattern_levenshtein_weight": 0.6844999611218572,
    "syllable_pattern_cosine_weight": 0.3711391843058612,
    "syllable_pattern_normalize": true,
    "syllable_pattern_normalize_method": "minmax",
    "line_syllable_similarity_method": "cosine",
    "line_syllable_ratio_threshold": 0.09047234779321082,
    "line_syllable_normalize": false,
    "line_syllable_normalize_method": "minmax",
    "word2vec_mode": "summary",
    "word2vec_normalize": true,
    "word2vec_similarity_metric": "cosine",
    "word2vec_high_sim_threshold": 0.7886293083840018,
    "contextual_mode": "complete",
    "contextual_normalize": false,
    "contextual_similarity_metric": "dot",
    "contextual_high_sim_threshold": 0.691770374120584
  },
  "config": {
    "hidden_dim": 256,
    "num_layers": 2,
    "layer_dropout": 0.2396900313147464,
    "num_classes": 2,
    "dropout": 0.2218563827162236,
    "attention_enabled": true,
    "attention_type": "boundary_aware",
    "attention_heads": 4,
    "attention_dropout": 0.14816098055564583,
    "attention_dim": 256,
    "positional_encoding": true,
    "max_seq_length": 1000,
    "window_size": 7,
    "boundary_temperature": 2.0,
    "batch_size": 32,
    "learning_rate": 0.000825293205466523,
    "weight_decay": 0.010365712055920623,
    "max_epochs": 8,
    "patience": 4,
    "gradient_clip_norm": 0.34390163238740207,
    "scheduler": "cosine",
    "min_lr": 1e-06,
    "cosine_t_max": 8,
    "warmup_epochs": 5,
    "lr_factor": 0.5,
    "lr_patience": 10,
    "step_size": 30,
    "step_gamma": 0.5,
    "cosine_t0": 10,
    "cosine_t_mult": 2,
    "min_delta": 0.00010913738052995047,
    "train_file": "data/train.jsonl",
    "val_file": "data/val.jsonl",
    "test_file": "data/test.jsonl",
    "weighted_sampling": true,
    "emergency_monitoring_enabled": true,
    "max_confidence_threshold": 0.9391532082271237,
    "min_chorus_rate": 0.1146196021269792,
    "max_chorus_rate": 0.7841830319728453,
    "max_conf_over_95_ratio": 0.15735173051348916,
    "val_overconf_threshold": 0.96,
    "val_f1_collapse_threshold": 0.1,
    "loss": {
      "loss_type": "boundary_aware",
      "boundary_weight": 2.0960564209271126,
      "label_smoothing": 0.23377800251485384,
      "segment_consistency_lambda": 0.012691829467618399,
      "conf_penalty_lambda": 0.011818207482345796,
      "conf_threshold": 0.9440525594924574,
      "entropy_lambda": 0.04118006974592316
    },
    "calibration_enabled": true,
    "calibration_methods": [
      "temperature",
      "platt"
    ],
    "validation_strategy": "line_f1",
    "head_ssm_enabled": true,
    "head_ssm_words": 4,
    "head_ssm_dimension": 12,
    "tail_ssm_enabled": false,
    "tail_ssm_words": 4,
    "tail_ssm_dimension": 12,
    "phonetic_ssm_enabled": true,
    "phonetic_ssm_mode": "rhyme",
    "phonetic_ssm_dimension": 12,
    "phonetic_ssm_similarity_method": "edit_distance",
    "phonetic_ssm_normalize": false,
    "phonetic_ssm_normalize_method": "zscore",
    "phonetic_ssm_high_sim_threshold": 0.34965316779842226,
    "pos_ssm_enabled": true,
    "pos_ssm_tagset": "penn",
    "pos_ssm_similarity_method": "lcs",
    "pos_ssm_high_sim_threshold": 0.28859666438906895,
    "pos_ssm_dimension": 12,
    "string_ssm_enabled": false,
    "string_ssm_case_sensitive": true,
    "string_ssm_remove_punctuation": true,
    "string_ssm_similarity_threshold": 0.050292675644662145,
    "string_ssm_similarity_method": "jaccard",
    "string_ssm_dimension": 12,
    "syllable_pattern_ssm_enabled": true,
    "syllable_pattern_ssm_similarity_method": "combined",
    "syllable_pattern_ssm_levenshtein_weight": 0.6484222985540339,
    "syllable_pattern_ssm_cosine_weight": 0.3515777014459661,
    "syllable_pattern_ssm_normalize": true,
    "syllable_pattern_ssm_normalize_method": "minmax",
    "syllable_pattern_ssm_dimension": 12,
    "line_syllable_ssm_enabled": false,
    "line_syllable_ssm_similarity_method": "cosine",
    "line_syllable_ssm_ratio_threshold": 0.09047234779321082,
    "line_syllable_ssm_normalize": false,
    "line_syllable_ssm_normalize_method": "minmax",
    "line_syllable_ssm_dimension": 12,
    "word2vec_enabled": false,
    "word2vec_model": "word2vec-google-news-300",
    "word2vec_mode": "summary",
    "word2vec_normalize": true,
    "word2vec_similarity_metric": "cosine",
    "word2vec_high_sim_threshold": 0.7886293083840018,
    "contextual_enabled": false,
    "contextual_model": "all-MiniLM-L6-v2",
    "contextual_mode": "complete",
    "contextual_normalize": false,
    "contextual_similarity_metric": "dot",