{
  "method": "temperature",
  "params": {
    "temperature": 0.2837155724185404
  },
  "ece_before": 0.06934967402859145,
  "ece_after": 0.08006165091731461,
  "improvement": -0.010711976888723163,
  "all_results": [
    {
      "method": "temperature",
      "params": {
        "temperature": 0.2837155724185404
      },
      "ece_before": 0.06934967402859145,
      "ece_after": 0.08006165091731461,
      "improvement": -0.010711976888723163
    },
    {
      "method": "platt",
      "params": {
        "A": 0.9999493707710332,
        "B": -0.07505364859622636
      },
      "ece_before": 0.06934967402859145,
      "ece_after": 0.08653559929495473,
      "improvement": -0.017185925266363283
    }
  ]
}