{
  "metadata": {
    "model_info": {
      "hidden_dim": 256,
      "num_layers": 1,
      "dropout": 0.167216422638474,
      "layer_dropout": 0.0,
      "attention_enabled": true,
      "attention_heads": 4,
      "attention_dropout": 0.21647275612733344,
      "attention_dim": 256,
      "positional_encoding": true,
      "max_seq_length": 1000,
      "total_params": 1236483,
      "lstm_params": 675840,
      "attention_params": 559617,
      "classifier_params": 1026
    },
    "training_info": {
      "batch_size": 32,
      "learning_rate": 0.00035528467830571523,
      "scheduler": "cosine",
      "label_smoothing": 0.0,
      "weighted_sampling": true,
      "total_epochs": 15,
      "validation_strategy": "composite",
      "weight_decay": 0.013403809248506373,
      "gradient_clip_norm": 0.3970807739147053,
      "max_epochs": 15,
      "patience": 4
    },
    "calibration_info": {
      "temperature": {
        "ece_before": 0.06885371303043104,
        "ece_after": 0.02235096258299759,
        "improvement": 0.046502750447433454,
        "params": {
          "temperature": 0.6930786389733736
        }
      },
      "platt": {
        "ece_before": 0.06885371303043104,
        "ece_after": 0.021396534645487145,
        "improvement": 0.0474571783849439,
        "params": {
          "A": 1.4085030139422192,
          "B": 0.0
        }
      }
    }
  },
  "metrics": [
    {
      "epoch": 1,
      "train_loss": 0.5530885621905327,
      "train_chorus_rate": 0.4176975697278976,
      "train_max_prob": 0.562816721200943,
      "train_conf_over_90": 0.0,
      "train_conf_over_95": 0.0,
      "val_loss": 0.5786372870206833,
      "val_macro_f1": 0.5849791484749265,
      "val_verse_f1": 0.7833167165171153,
      "val_chorus_f1": 0.38664158043273755,
      "val_chorus_rate": 0.22304848209023476,
      "val_max_prob": 0.6051378101110458,
      "val_conf_over_90": 0.0,
      "val_conf_over_95": 0.0,
      "learning_rate": 0.0003514136931835994,
      "epoch_time": 52.477147817611694,
      "val_boundary_f1": 0.1940085592011412,
      "val_boundary_precision": 0.24548736462093862,
      "val_boundary_recall": 0.16037735849056603,
      "val_complete_segments": 0.07826133018338746,
      "val_avg_segment_overlap": 0.29598933414959355,
      "val_verse_to_chorus_acc": 0.1415929203539823,
      "val_chorus_to_verse_acc": 0.12121212121212122,
      "val_window_diff": 0.32416283607252167,
      "val_pk_metric": 0.3022507857518355
    },
    {
      "epoch": 2,
      "train_loss": 0.5514687746763229,
      "train_chorus_rate": 0.43499721502885225,
      "train_max_prob": 0.6174238115549088,
      "train_conf_over_90": 0.0,
      "train_conf_over_95": 0.0,
      "val_loss": 0.6312509626150131,
      "val_macro_f1": 0.4295368294902239,
      "val_verse_f1": 0.8240418118466899,
      "val_chorus_f1": 0.03503184713375796,
      "val_chorus_rate": 0.00843824545154348,
      "val_max_prob": 0.6945909708738327,
      "val_conf_over_90": 0.0,
      "val_conf_over_95": 0.0,
      "learning_rate": 0.00033996991844213574,
      "epoch_time": 49.33963489532471,
      "val_boundary_f1": 0.004464285714285714,
      "val_boundary_precision": 0.041666666666666664,
      "val_boundary_recall": 0.0023584905660377358,
      "val_complete_segments": 0.05708388095715773,
      "val_avg_segment_overlap": 0.17378866942582322,
      "val_verse_to_chorus_acc": 0.0,
      "val_chorus_to_verse_acc": 0.0,
      "val_window_diff": 0.2747220237895879,
      "val_pk_metric": 0.2755063531536668
    },
    {
      "epoch": 3,
      "train_loss": 0.512213283777237,
      "train_chorus_rate": 0.34741122454870493,
      "train_max_prob": 0.6292834728956223,
      "train_conf_over_90": 0.00149732593272347,
      "train_conf_over_95": 0.0,
      "val_loss": 0.5331805944442749,
      "val_macro_f1": 0.676796886040194,
      "val_verse_f1": 0.7791868705706826,
      "val_chorus_f1": 0.5744069015097053,
      "val_chorus_rate": 0.38445867598056793,
      "val_max_prob": 0.6393297761678696,
      "val_conf_over_90": 0.01188961649313569,
      "val_conf_over_95": 0.0,
      "learning_rate": 0.0003214535019508501,
      "epoch_time": 62.22845506668091,
      "val_boundary_f1": 0.2648648648648648,
      "val_boundary_precision": 0.21428571428571427,
      "val_boundary_recall": 0.3466981132075472,
      "val_complete_segments": 0.13063695986548585,
      "val_avg_segment_overlap": 0.5210864213827762,
      "val_verse_to_chorus_acc": 0.25663716814159293,
      "val_chorus_to_verse_acc": 0.3686868686868687,
      "val_window_diff": 0.3923700903110975,
      "val_pk_metric": 0.31574840874316235
    },
    {
      "epoch": 4,
      "train_loss": 0.4888631537556648,
      "train_chorus_rate": 0.371843533962965,
      "train_max_prob": 0.6729057848453521,
      "train_conf_over_90": 0.030724000826012343,
      "train_conf_over_95": 0.0017254999082069844,
      "val_loss": 0.5039522126317024,
      "val_macro_f1": 0.7055274313843662,
      "val_verse_f1": 0.7955614068083505,
      "val_chorus_f1": 0.615493455960382,
      "val_chorus_rate": 0.3954831287264824,
      "val_max_prob": 0.665661409497261,
      "val_conf_over_90": 0.017069217516109347,
      "val_conf_over_95": 0.0005073207139503211,
      "learning_rate": 0.00029667369996203577,
      "epoch_time": 60.172313928604126,
      "val_boundary_f1": 0.2993421052631579,
      "val_boundary_precision": 0.2297979797979798,
      "val_boundary_recall": 0.42924528301886794,
      "val_complete_segments": 0.17071526154240896,
      "val_avg_segment_overlap": 0.5684198629371118,
      "val_verse_to_chorus_acc": 0.3407079646017699,
      "val_chorus_to_verse_acc": 0.4393939393939394,
      "val_window_diff": 0.4470135788009892,
      "val_pk_metric": 0.32609044643822593
    },
    {
      "epoch": 5,
      "train_loss": 0.4791674390435219,
      "train_chorus_rate": 0.38038635328412057,
      "train_max_prob": 0.6897835999727249,
      "train_conf_over_90": 0.033436771761626,
      "train_conf_over_95": 0.0017446344689233228,
      "val_loss": 0.5116758272051811,
      "val_macro_f1": 0.6637118497805796,
      "val_verse_f1": 0.735478648046954,
      "val_chorus_f1": 0.5919450515142054,
      "val_chorus_rate": 0.48832160234451294,
      "val_max_prob": 0.6699198484420776,
      "val_conf_over_90": 0.022470582858659327,
      "val_conf_over_95": 0.0021458175615407526,
      "learning_rate": 0.00026671350872928647,
      "epoch_time": 48.56138205528259,
      "val_boundary_f1": 0.239202657807309,
      "val_boundary_precision": 0.18461538461538463,
      "val_boundary_recall": 0.33962264150943394,
      "val_complete_segments": 0.11680572217422694,
      "val_avg_segment_overlap": 0.5360753708602858,
      "val_verse_to_chorus_acc": 0.23893805309734514,
      "val_chorus_to_verse_acc": 0.40404040404040403,
      "val_window_diff": 0.5004940411075897,
      "val_pk_metric": 0.3681631028524851
    },
    {
      "epoch": 6,
      "train_loss": 0.4792018041014671,
      "train_chorus_rate": 0.3957667492330074,
      "train_max_prob": 0.6837503850460053,
      "train_conf_over_90": 0.02575114506762475,
      "train_conf_over_95": 0.0007804338441928848,
      "val_loss": 0.4880238398909569,
      "val_macro_f1": 0.7261504106467643,
      "val_verse_f1": 0.8077941732879304,
      "val_chorus_f1": 0.6445066480055983,
      "val_chorus_rate": 0.4037391021847725,
      "val_max_prob": 0.684663936495781,
      "val_conf_over_90": 0.02760616596788168,
      "val_conf_over_95": 0.00227589815040119,
      "learning_rate": 0.0002328823323744213,
      "epoch_time": 51.077378034591675,
      "val_boundary_f1": 0.3131313131313132,
      "val_boundary_precision": 0.24345549738219896,
      "val_boundary_recall": 0.4386792452830189,
      "val_complete_segments": 0.18906743245290436,
      "val_avg_segment_overlap": 0.6158835079421006,
      "val_verse_to_chorus_acc": 0.37610619469026546,
      "val_chorus_to_verse_acc": 0.4595959595959596,