{
  "trial_number": 1,
  "trial_id": "cnn_trial_0001",
  "model_type": "CNN",
  "training_score": 0.751958459768138,
  "optuna_objective": 0.3708961845607809,
  "validation_metrics": {
    "line_f1": 0.751958459768138,
    "boundary_f1": 0.3708961845607809,
    "macro_f1": 0.751958459768138,
    "verse_f1": 0.8114104595879555,
    "chorus_f1": 0.6925064599483205,
    "boundary_precision": 0.2972972972972973,
    "boundary_recall": 0.49292452830188677,
    "window_diff": 0.5049126052091478,
    "pk_metric": 0.3522802121249189,
    "confidence": 0.741617813706398,
    "val_loss": 0.47569365054368973
  },
  "all_results": {
    "line_f1": 0.751958459768138,
    "boundary_f1": 0.3708961845607809,
    "macro_f1": 0.751958459768138,
    "verse_f1": 0.8114104595879555,
    "chorus_f1": 0.6925064599483205,
    "boundary_precision": 0.2972972972972973,
    "boundary_recall": 0.49292452830188677,
    "window_diff": 0.5049126052091478,
    "pk_metric": 0.3522802121249189,
    "confidence": 0.741617813706398,
    "val_loss": 0.47569365054368973
  },
  "parameters": {
    "hidden_dim": 128,
    "num_layers": 3,
    "dropout": 0.3594409267507096,
    "layer_dropout": 0.19563362070328197,
    "cnn_kernel_sizes": "3,5,7",
    "cnn_dilation_rates": "1,3,9",
    "cnn_use_residual": true,
    "cnn_batch_multiplier": 1.261366414690997,
    "attention_enabled": true,
    "attention_type": "boundary_aware",
    "attention_heads": 8,
    "attention_dropout": 0.2815132947852186,
    "max_epochs": 15,
    "batch_size": 32,
    "learning_rate": 0.00019487290213568488,
    "weight_decay": 0.006481251111122418,
    "scheduler": "cosine",
    "min_delta": 0.0006370697189453193,
    "gradient_clip_norm": 0.9100224131314023,
    "validation_strategy": "line_f1",
    "boundary_weight": 2.2696711209578253,
    "label_smoothing": 0.19037200775820312,
    "segment_consistency_lambda": 0.023960912999234935,
    "conf_penalty_lambda": 0.00659001737485932,
    "conf_threshold": 0.9233015577358303,
    "entropy_lambda": 0.024558703250838834,
    "max_confidence_threshold": 0.9085421557725252,
    "min_chorus_rate": 0.06636029531844986,
    "max_chorus_rate": 0.8716438349953806,
    "max_conf_over_95_ratio": 0.05020856391593572,
    "head_ssm_enabled": true,
    "tail_ssm_enabled": true,
    "phonetic_ssm_enabled": false,
    "pos_ssm_enabled": false,
    "string_ssm_enabled": true,
    "syllable_pattern_ssm_enabled": true,
    "line_syllable_ssm_enabled": false,
    "word2vec_enabled": true,
    "contextual_enabled": false,
    "head_tail_words": 2,
    "phonetic_mode": "rhyme",
    "phonetic_similarity": "edit_distance",
    "phonetic_threshold": 0.3172135547405878,
    "pos_tagset": "simplified",
    "pos_similarity": "position",
    "pos_threshold": 0.22902897700544084,
    "string_similarity": "word_overlap",
    "string_threshold": 0.04581550283109528
  },
  "duration_minutes": 0
}