{
  "trial_number": 85,
  "timestamp": 1756214757.893218,
  "boundary_f1": 0.43286573146292584,
  "line_f1": 0.7733388212696732,
  "macro_f1": 0.7733388212696732,
  "verse_f1": 0.8622331980949021,
  "chorus_f1": 0.6844444444444444,
  "windowdiff": 0.31782301254808687,
  "pk": 0.22287582989728674,
  "val_loss": 0.4895900636911392,
  "val_accuracy": 0.0,
  "weighted_f1": 0.0,
  "training_time": 1331.16987991333,
  "training_time_minutes": 22.18616466522217,
  "total_params": 0,
  "actual_epochs": 15,
  "config_summary": {
    "attention_enabled": true,
    "hidden_dim": 256,
    "num_layers": 2,
    "max_epochs": 15,
    "batch_size": 32,
    "learning_rate": 0.0009912659505864248,
    "boundary_weight": 1.92594974101914,
    "label_smoothing": 0.18110061272129638
  },
  "validation_strategy": "composite",
  "all_metrics": {
    "loss": 0.4895900636911392,
    "chorus_rate": 0.3085951432585716,
    "max_prob_mean": 0.7185624837875366,
    "confidence_over_90": 0.018281006952747703,
    "confidence_over_95": 0.0,
    "verse_f1": 0.8622331980949021,
    "chorus_f1": 0.6844444444444444,
    "macro_f1": 0.7733388212696732,
    "boundary_f1": 0.43286573146292584,
    "boundary_precision": 0.37630662020905925,
    "boundary_recall": 0.5094339622641509,
    "complete_segments": 0.32349434156167983,
    "avg_segment_overlap": 0.6813260120144172,
    "verse_to_chorus_acc": 0.4469026548672566,
    "chorus_to_verse_acc": 0.5050505050505051,
    "window_diff": 0.31782301254808687,
    "pk_metric": 0.22287582989728674
  },
  "parameters": {
    "hidden_dim": 256,
    "num_layers": 2,
    "dropout": 0.19240118216521998,
    "layer_dropout": 0.21360835864899277,
    "attention_enabled": true,
    "attention_type": "self",
    "attention_heads": 4,
    "attention_dropout": 0.19897449658624206,
    "max_epochs": 15,
    "batch_size": 32,
    "learning_rate": 0.0009912659505864248,
    "weight_decay": 0.015071872898657244,
    "scheduler": "cosine",
    "min_delta": 0.0001672039673762963,
    "gradient_clip_norm": 0.3273209927462604,
    "validation_strategy": "composite",
    "head_tail_words": 4,
    "boundary_weight": 1.92594974101914,
    "label_smoothing": 0.18110061272129638,
    "segment_consistency_lambda": 0.02599858872136378,
    "conf_penalty_lambda": 0.012433136338405969,
    "conf_threshold": 0.9434868661153493,
    "entropy_lambda": 0.025622982439369543,
    "max_confidence_threshold": 0.9227880855393145,
    "min_chorus_rate": 0.07021543015215734,
    "max_chorus_rate": 0.7504428510394019,
    "max_conf_over_95_ratio": 0.0758212839302865,
    "head_ssm_enabled": true,
    "tail_ssm_enabled": false,
    "phonetic_ssm_enabled": true,
    "pos_ssm_enabled": true,
    "string_ssm_enabled": false,
    "syllable_pattern_ssm_enabled": true,
    "line_syllable_ssm_enabled": false,
    "word2vec_enabled": false,
    "contextual_enabled": false,
    "phonetic_mode": "rhyme",
    "phonetic_similarity_method": "sequence_match",
    "phonetic_normalize": false,
    "phonetic_normalize_method": "zscore",
    "phonetic_high_sim_threshold": 0.3197957533257944,
    "pos_tagset": "universal",
    "pos_similarity_method": "lcs",
    "pos_high_sim_threshold": 0.2761962384301975,
    "string_case_sensitive": true,
    "string_remove_punctuation": true,
    "string_similarity_threshold": 0.052784437219768186,
    "string_similarity_method": "word_overlap",
    "syllable_pattern_similarity_method": "cosine",
    "syllable_pattern_levenshtein_weight": 0.652075555322183,
    "syllable_pattern_cosine_weight": 0.22396443209562938,
    "syllable_pattern_normalize": true,
    "syllable_pattern_normalize_method": "minmax",
    "line_syllable_similarity_method": "cosine",
    "line_syllable_ratio_threshold": 0.10723420279241089,
    "line_syllable_normalize": false,
    "line_syllable_normalize_method": "minmax",
    "word2vec_mode": "summary",
    "word2vec_normalize": true,
    "word2vec_similarity_metric": "cosine",
    "word2vec_high_sim_threshold": 0.7830953412626921,
    "contextual_mode": "complete",
    "contextual_normalize": false,
    "contextual_similarity_metric": "dot",
    "contextual_high_sim_threshold": 0.674873023443279
  },
  "config": {
    "hidden_dim": 256,
    "num_layers": 2,
    "layer_dropout": 0.21360835864899277,
    "num_classes": 2,
    "dropout": 0.19240118216521998,
    "attention_enabled": true,
    "attention_type": "self",
    "attention_heads": 4,
    "attention_dropout": 0.19897449658624206,
    "attention_dim": 256,
    "positional_encoding": true,
    "max_seq_length": 1000,
    "window_size": 7,
    "boundary_temperature": 2.0,
    "batch_size": 32,
    "learning_rate": 0.0009912659505864248,
    "weight_decay": 0.015071872898657244,
    "max_epochs": 15,
    "patience": 4,
    "gradient_clip_norm": 0.3273209927462604,
    "scheduler": "cosine",
    "min_lr": 1e-06,
    "cosine_t_max": 15,
    "warmup_epochs": 5,
    "lr_factor": 0.5,
    "lr_patience": 10,
    "step_size": 30,
    "step_gamma": 0.5,
    "cosine_t0": 10,
    "cosine_t_mult": 2,
    "min_delta": 0.0001672039673762963,
    "train_file": "data/train.jsonl",
    "val_file": "data/val.jsonl",
    "test_file": "data/test.jsonl",
    "weighted_sampling": true,
    "emergency_monitoring_enabled": true,
    "max_confidence_threshold": 0.9227880855393145,
    "min_chorus_rate": 0.07021543015215734,
    "max_chorus_rate": 0.7504428510394019,
    "max_conf_over_95_ratio": 0.0758212839302865,
    "val_overconf_threshold": 0.96,
    "val_f1_collapse_threshold": 0.1,
    "loss": {
      "loss_type": "boundary_aware",
      "boundary_weight": 1.92594974101914,
      "label_smoothing": 0.18110061272129638,
      "segment_consistency_lambda": 0.02599858872136378,
      "conf_penalty_lambda": 0.012433136338405969,
      "conf_threshold": 0.9434868661153493,
      "entropy_lambda": 0.025622982439369543
    },
    "calibration_enabled": true,
    "calibration_methods": [
      "temperature",
      "platt"
    ],
    "validation_strategy": "composite",
    "head_ssm_enabled": true,
    "head_ssm_words": 4,
    "head_ssm_dimension": 12,
    "tail_ssm_enabled": false,
    "tail_ssm_words": 4,
    "tail_ssm_dimension": 12,
    "phonetic_ssm_enabled": true,
    "phonetic_ssm_mode": "rhyme",
    "phonetic_ssm_dimension": 12,
    "phonetic_ssm_similarity_method": "sequence_match",
    "phonetic_ssm_normalize": false,
    "phonetic_ssm_normalize_method": "zscore",
    "phonetic_ssm_high_sim_threshold": 0.3197957533257944,
    "pos_ssm_enabled": true,
    "pos_ssm_tagset": "universal",
    "pos_ssm_similarity_method": "lcs",
    "pos_ssm_high_sim_threshold": 0.2761962384301975,
    "pos_ssm_dimension": 12,
    "string_ssm_enabled": false,
    "string_ssm_case_sensitive": true,
    "string_ssm_remove_punctuation": true,
    "string_ssm_similarity_threshold": 0.052784437219768186,
    "string_ssm_similarity_method": "word_overlap",
    "string_ssm_dimension": 12,
    "syllable_pattern_ssm_enabled": true,
    "syllable_pattern_ssm_similarity_method": "cosine",
    "syllable_pattern_ssm_levenshtein_weight": 0.7443445101681033,
    "syllable_pattern_ssm_cosine_weight": 0.2556554898318966,
    "syllable_pattern_ssm_normalize": true,
    "syllable_pattern_ssm_normalize_method": "minmax",
    "syllable_pattern_ssm_dimension": 12,
    "line_syllable_ssm_enabled": false,
    "line_syllable_ssm_similarity_method": "cosine",
    "line_syllable_ssm_ratio_threshold": 0.10723420279241089,
    "line_syllable_ssm_normalize": false,
    "line_syllable_ssm_normalize_method": "minmax",
    "line_syllable_ssm_dimension": 12,
    "word2vec_enabled": false,
    "word2vec_model": "word2vec-google-news-300",
    "word2vec_mode": "summary",
    "word2vec_normalize": true,
    "word2vec_similarity_metric": "cosine",
    "word2vec_high_sim_threshold": 0.7830953412626921,
    "contextual_enabled": false,
    "contextual_model": "all-MiniLM-L6-v2",
    "contextual_mode": "complete",
    "contextual_normalize": false,