{
  "metadata": {
    "model_info": {
      "hidden_dim": 256,
      "num_layers": 2,
      "dropout": 0.19240118216521998,
      "layer_dropout": 0.21360835864899277,
      "attention_enabled": true,
      "attention_heads": 4,
      "attention_dropout": 0.19897449658624206,
      "attention_dim": 256,
      "positional_encoding": true,
      "max_seq_length": 1000,
      "total_params": 2731266,
      "lstm_params": 2203648,
      "attention_params": 526592,
      "classifier_params": 1026
    },
    "training_info": {
      "batch_size": 32,
      "learning_rate": 0.0009912659505864248,
      "scheduler": "cosine",
      "label_smoothing": 0.0,
      "weighted_sampling": true,
      "total_epochs": 15,
      "validation_strategy": "composite",
      "weight_decay": 0.015071872898657244,
      "gradient_clip_norm": 0.3273209927462604,
      "max_epochs": 15,
      "patience": 4
    },
    "calibration_info": {
      "temperature": {
        "ece_before": 0.09303328595426087,
        "ece_after": 0.021338917036890268,
        "improvement": 0.0716943689173706,
        "params": {
          "temperature": 0.608456050343231
        }
      },
      "platt": {
        "ece_before": 0.09303328595426087,
        "ece_after": 0.10973885146011772,
        "improvement": -0.016705565505856848,
        "params": {
          "A": 0.9999999713159701,
          "B": -0.0999083609533307
        }
      }
    }
  },
  "metrics": [
    {
      "epoch": 1,
      "train_loss": 0.5764472126960755,
      "train_chorus_rate": 0.422423985300702,
      "train_max_prob": 0.5801256150007248,
      "train_conf_over_90": 0.00010956902988255024,
      "train_conf_over_95": 0.0,
      "val_loss": 0.5983958691358566,
      "val_macro_f1": 0.3358196453919468,
      "val_verse_f1": 0.19913419913419914,
      "val_chorus_f1": 0.47250509164969445,
      "val_chorus_rate": 0.9057602435350418,
      "val_max_prob": 0.6160411834716797,
      "val_conf_over_90": 0.0,
      "val_conf_over_95": 0.0,
      "learning_rate": 0.0009804461071204588,
      "epoch_time": 102.74079895019531,
      "val_boundary_f1": 0.0,
      "val_boundary_precision": 0.0,
      "val_boundary_recall": 0.0,
      "val_complete_segments": 0.0,
      "val_avg_segment_overlap": 0.13238356192848585,
      "val_verse_to_chorus_acc": 0.0,
      "val_chorus_to_verse_acc": 0.0,
      "val_window_diff": 0.4091074051948197,
      "val_pk_metric": 0.3938680187523469
    },
    {
      "epoch": 2,
      "train_loss": 0.566199517250061,
      "train_chorus_rate": 0.4052607201039791,
      "train_max_prob": 0.577084156870842,
      "train_conf_over_90": 0.0,
      "train_conf_over_95": 0.0,
      "val_loss": 0.5829578787088394,
      "val_macro_f1": 0.4129088790942198,
      "val_verse_f1": 0.3432711061577041,
      "val_chorus_f1": 0.4825466520307355,
      "val_chorus_rate": 0.8185261636972427,
      "val_max_prob": 0.6017825305461884,
      "val_conf_over_90": 0.0,
      "val_conf_over_95": 0.0,
      "learning_rate": 0.0009484594558013927,
      "epoch_time": 78.73152327537537,
      "val_boundary_f1": 0.05474452554744526,
      "val_boundary_precision": 0.12096774193548387,
      "val_boundary_recall": 0.03537735849056604,
      "val_complete_segments": 0.02161372287300177,
      "val_avg_segment_overlap": 0.18309465709394593,
      "val_verse_to_chorus_acc": 0.05309734513274336,
      "val_chorus_to_verse_acc": 0.0,
      "val_window_diff": 0.43532699184087764,
      "val_pk_metric": 0.4398570732259358
    },
    {
      "epoch": 3,
      "train_loss": 0.5647069156169892,
      "train_chorus_rate": 0.5579617857700214,
      "train_max_prob": 0.5772068172693252,
      "train_conf_over_90": 0.0,
      "train_conf_over_95": 0.0,
      "val_loss": 0.5756164789199829,
      "val_macro_f1": 0.4570403891295404,
      "val_verse_f1": 0.42663891779396457,
      "val_chorus_f1": 0.4874418604651163,
      "val_chorus_rate": 0.7560405880212784,
      "val_max_prob": 0.5555298775434494,
      "val_conf_over_90": 0.0,
      "val_conf_over_95": 0.0,
      "learning_rate": 0.0008967039667808523,
      "epoch_time": 80.17456793785095,
      "val_boundary_f1": 0.04355716878402904,
      "val_boundary_precision": 0.09448818897637795,
      "val_boundary_recall": 0.02830188679245283,
      "val_complete_segments": 0.015007247059208884,
      "val_avg_segment_overlap": 0.2049842207924214,
      "val_verse_to_chorus_acc": 0.035398230088495575,
      "val_chorus_to_verse_acc": 0.0,
      "val_window_diff": 0.44736776510677845,
      "val_pk_metric": 0.4509359754657697
    },
    {
      "epoch": 4,
      "train_loss": 0.544902266561985,
      "train_chorus_rate": 0.46390507072210313,
      "train_max_prob": 0.5758779138326645,
      "train_conf_over_90": 0.0,
      "train_conf_over_95": 0.0,
      "val_loss": 0.5970706939697266,
      "val_macro_f1": 0.6059887370694843,
      "val_verse_f1": 0.7983498349834984,
      "val_chorus_f1": 0.4136276391554703,
      "val_chorus_rate": 0.2122383788228035,
      "val_max_prob": 0.6261890381574631,
      "val_conf_over_90": 0.00024630542611703277,
      "val_conf_over_95": 0.0,
      "learning_rate": 0.0008274416032794253,
      "epoch_time": 70.97185373306274,
      "val_boundary_f1": 0.24751066856330017,
      "val_boundary_precision": 0.3118279569892473,
      "val_boundary_recall": 0.20518867924528303,
      "val_complete_segments": 0.10981614852240515,
      "val_avg_segment_overlap": 0.3549680031408026,
      "val_verse_to_chorus_acc": 0.2168141592920354,
      "val_chorus_to_verse_acc": 0.13131313131313133,
      "val_window_diff": 0.31786154084776,
      "val_pk_metric": 0.29226715900781713
    },
    {
      "epoch": 5,
      "train_loss": 0.5256769359111786,
      "train_chorus_rate": 0.4309866841882467,
      "train_max_prob": 0.6359687328338623,
      "train_conf_over_90": 0.0025048246170626953,
      "train_conf_over_95": 0.0,
      "val_loss": 0.5329074263572693,
      "val_macro_f1": 0.6864004396706983,
      "val_verse_f1": 0.7784317448262768,
      "val_chorus_f1": 0.5943691345151199,
      "val_chorus_rate": 0.4080870822072029,
      "val_max_prob": 0.6390452533960342,
      "val_conf_over_90": 0.00024108003708533943,
      "val_conf_over_95": 0.0,
      "learning_rate": 0.0007436994629398187,
      "epoch_time": 80.59839010238647,
      "val_boundary_f1": 0.27342256214149135,
      "val_boundary_precision": 0.22990353697749197,
      "val_boundary_recall": 0.33726415094339623,
      "val_complete_segments": 0.12211809976921324,
      "val_avg_segment_overlap": 0.5529202510232343,
      "val_verse_to_chorus_acc": 0.24336283185840707,
      "val_chorus_to_verse_acc": 0.3787878787878788,
      "val_window_diff": 0.45950329954038494,
      "val_pk_metric": 0.354426047317019
    },
    {
      "epoch": 6,
      "train_loss": 0.4968497440218925,
      "train_chorus_rate": 0.3762006491422653,
      "train_max_prob": 0.6565218597650528,
      "train_conf_over_90": 0.006251980006345548,
      "train_conf_over_95": 9.778357343748212e-05,
      "val_loss": 0.5202046632766724,
      "val_macro_f1": 0.6293616808130571,
      "val_verse_f1": 0.6800604882263988,
      "val_chorus_f1": 0.5786628733997156,
      "val_chorus_rate": 0.5648044049739838,
      "val_max_prob": 0.6912639439105988,
      "val_conf_over_90": 0.01279866328695789,
      "val_conf_over_95": 0.0,
      "learning_rate": 0.0006491374791342461,
      "epoch_time": 83.88670611381531,
      "val_boundary_f1": 0.17255717255717257,
      "val_boundary_precision": 0.15427509293680297,
      "val_boundary_recall": 0.1957547169811321,
      "val_complete_segments": 0.08079877332263334,
      "val_avg_segment_overlap": 0.4851521151254582,
      "val_verse_to_chorus_acc": 0.19469026548672566,
      "val_chorus_to_verse_acc": 0.16666666666666666,
      "val_window_diff": 0.4960130931081702,
      "val_pk_metric": 0.39505254602491763
    },
    {
      "epoch": 7,
      "train_loss": 0.49889079928398133,