{
  "method": "temperature",
  "params": {
    "temperature": 0.6150227685747701
  },
  "ece_before": 0.08888155956750766,
  "ece_after": 0.014367842940661188,
  "improvement": 0.07451371662684647,
  "all_results": [
    {
      "method": "temperature",
      "params": {
        "temperature": 0.6150227685747701
      },
      "ece_before": 0.08888155956750766,
      "ece_after": 0.014367842940661188,
      "improvement": 0.07451371662684647
    },
    {
      "method": "platt",
      "params": {
        "A": 1.3535878076229,
        "B": 0.0
      },
      "ece_before": 0.08888155956750766,
      "ece_after": 0.04030015539151045,
      "improvement": 0.04858140417599721
    }
  ]
}