{
  "method": "platt",
  "params": {
    "A": 0.8426390208831205,
    "B": 0.07544461615310763
  },
  "ece_before": 0.0311510047064783,
  "ece_after": 0.02167456273596976,
  "improvement": 0.00947644197050854,
  "all_results": [
    {
      "method": "temperature",
      "params": {
        "temperature": 1.1021677588946885
      },
      "ece_before": 0.0311510047064783,
      "ece_after": 0.02665185666330204,
      "improvement": 0.004499148043176259
    },
    {
      "method": "platt",
      "params": {
        "A": 0.8426390208831205,
        "B": 0.07544461615310763
      },
      "ece_before": 0.0311510047064783,
      "ece_after": 0.02167456273596976,
      "improvement": 0.00947644197050854
    }
  ]
}