{
  "trial_number": 15,
  "timestamp": 1756042116.28653,
  "boundary_f1": 0.39019963702359345,
  "line_f1": 0.0,
  "windowdiff": 1.0,
  "pk": 1.0,
  "val_loss": Infinity,
  "val_accuracy": 0.0,
  "weighted_f1": 0.0,
  "training_time": 1601.173985004425,
  "training_time_minutes": 26.686233083407085,
  "total_params": 0,
  "actual_epochs": 15,
  "config_summary": {
    "attention_enabled": false,
    "hidden_dim": 128,
    "num_layers": 1,
    "max_epochs": 15,
    "batch_size": 32,
    "learning_rate": 0.0007322402366575148,
    "boundary_weight": 1.511832499369231,
    "label_smoothing": 0.10935481918354063
  },
  "validation_strategy": "composite",
  "all_metrics": {
    "loss": 0.4461973309516907,
    "chorus_rate": 0.34253719449043274,
    "max_prob_mean": 0.709065392613411,
    "confidence_over_90": 0.047065723687410355,
    "confidence_over_95": 0.0015075621486175805,
    "verse_f1": 0.8427900252981568,
    "chorus_f1": 0.6666666666666666,
    "macro_f1": 0.7547283459824117,
    "boundary_f1": 0.39019963702359345,
    "boundary_precision": 0.31710914454277284,
    "boundary_recall": 0.5070754716981132,
    "complete_segments": 0.2930831698991826,
    "avg_segment_overlap": 0.647017230226933,
    "verse_to_chorus_acc": 0.46017699115044247,
    "chorus_to_verse_acc": 0.47474747474747475,
    "window_diff": 0.4214152161140377,
    "pk_metric": 0.2953984863862297
  },
  "parameters": {
    "hidden_dim": 128,
    "num_layers": 1,
    "dropout": 0.167897163796303,
    "attention_enabled": false,
    "max_epochs": 15,
    "batch_size": 32,
    "learning_rate": 0.0007322402366575148,
    "weight_decay": 0.012087077093475994,
    "scheduler": "cosine",
    "min_delta": 0.0006546614891327787,
    "gradient_clip_norm": 0.6203366412675902,
    "validation_strategy": "composite",
    "head_tail_words": 2,
    "boundary_weight": 1.511832499369231,
    "label_smoothing": 0.10935481918354063,
    "segment_consistency_lambda": 0.020128359296259873,
    "conf_penalty_lambda": 0.010210612938642196,
    "conf_threshold": 0.9195689670359724,
    "entropy_lambda": 0.020432810763867514,
    "max_confidence_threshold": 0.9276670873089575,
    "min_chorus_rate": 0.12572242949730875,
    "max_chorus_rate": 0.7249356292050022,
    "max_conf_over_95_ratio": 0.11771066416938503,
    "head_ssm_enabled": true,
    "tail_ssm_enabled": true,
    "phonetic_ssm_enabled": true,
    "pos_ssm_enabled": true,
    "string_ssm_enabled": false,
    "syllable_pattern_ssm_enabled": true,
    "line_syllable_ssm_enabled": false,
    "word2vec_enabled": true,
    "contextual_enabled": true,
    "phonetic_mode": "combined",
    "phonetic_similarity_method": "sequence_match",
    "phonetic_normalize": true,
    "phonetic_normalize_method": "minmax",
    "phonetic_high_sim_threshold": 0.30731101341050837,
    "pos_tagset": "universal",
    "pos_similarity_method": "combined",
    "pos_high_sim_threshold": 0.26297175818941587,
    "string_case_sensitive": true,
    "string_remove_punctuation": false,
    "string_similarity_threshold": 0.06280127292701648,
    "string_similarity_method": "word_overlap",
    "syllable_pattern_similarity_method": "cosine",
    "syllable_pattern_levenshtein_weight": 0.6029853243119725,
    "syllable_pattern_cosine_weight": 0.2347982048874787,
    "syllable_pattern_normalize": true,
    "syllable_pattern_normalize_method": "zscore",
    "line_syllable_similarity_method": "cosine",
    "line_syllable_ratio_threshold": 0.10491236457935674,
    "line_syllable_normalize": true,
    "line_syllable_normalize_method": "minmax",
    "word2vec_mode": "summary",
    "word2vec_normalize": true,
    "word2vec_similarity_metric": "cosine",
    "word2vec_high_sim_threshold": 0.8487698785951904,
    "contextual_mode": "summary",
    "contextual_normalize": false,
    "contextual_similarity_metric": "dot",
    "contextual_high_sim_threshold": 0.7386891611887667
  },
  "config": {
    "hidden_dim": 128,
    "num_layers": 1,
    "layer_dropout": 0.0,
    "num_classes": 2,
    "dropout": 0.167897163796303,
    "attention_enabled": false,
    "attention_type": null,
    "attention_heads": 1,
    "attention_dropout": 0.0,
    "attention_dim": 128,
    "positional_encoding": false,
    "max_seq_length": 1000,
    "window_size": 7,
    "boundary_temperature": 2.0,
    "batch_size": 32,
    "learning_rate": 0.0007322402366575148,
    "weight_decay": 0.012087077093475994,
    "max_epochs": 15,
    "patience": 4,
    "gradient_clip_norm": 0.6203366412675902,
    "scheduler": "cosine",
    "min_lr": 1e-06,
    "cosine_t_max": 15,
    "warmup_epochs": 5,
    "lr_factor": 0.5,
    "lr_patience": 10,
    "step_size": 30,
    "step_gamma": 0.5,
    "cosine_t0": 10,
    "cosine_t_mult": 2,
    "min_delta": 0.0006546614891327787,
    "train_file": "data/train.jsonl",
    "val_file": "data/val.jsonl",
    "test_file": "data/test.jsonl",
    "weighted_sampling": true,
    "emergency_monitoring_enabled": true,
    "max_confidence_threshold": 0.9276670873089575,
    "min_chorus_rate": 0.12572242949730875,
    "max_chorus_rate": 0.7249356292050022,
    "max_conf_over_95_ratio": 0.11771066416938503,
    "val_overconf_threshold": 0.96,
    "val_f1_collapse_threshold": 0.1,
    "loss": {
      "loss_type": "boundary_aware",
      "boundary_weight": 1.511832499369231,
      "label_smoothing": 0.10935481918354063,
      "segment_consistency_lambda": 0.020128359296259873,
      "conf_penalty_lambda": 0.010210612938642196,
      "conf_threshold": 0.9195689670359724,
      "entropy_lambda": 0.020432810763867514
    },
    "calibration_enabled": true,
    "calibration_methods": [
      "temperature",
      "platt"
    ],
    "validation_strategy": "composite",
    "head_ssm_enabled": true,
    "head_ssm_words": 2,
    "head_ssm_dimension": 12,
    "tail_ssm_enabled": true,
    "tail_ssm_words": 2,
    "tail_ssm_dimension": 12,
    "phonetic_ssm_enabled": true,
    "phonetic_ssm_mode": "combined",
    "phonetic_ssm_dimension": 12,
    "phonetic_ssm_similarity_method": "sequence_match",
    "phonetic_ssm_normalize": true,
    "phonetic_ssm_normalize_method": "minmax",
    "phonetic_ssm_high_sim_threshold": 0.30731101341050837,
    "pos_ssm_enabled": true,
    "pos_ssm_tagset": "universal",
    "pos_ssm_similarity_method": "combined",
    "pos_ssm_high_sim_threshold": 0.26297175818941587,
    "pos_ssm_dimension": 12,
    "string_ssm_enabled": false,
    "string_ssm_case_sensitive": true,
    "string_ssm_remove_punctuation": false,
    "string_ssm_similarity_threshold": 0.06280127292701648,
    "string_ssm_similarity_method": "word_overlap",
    "string_ssm_dimension": 12,
    "syllable_pattern_ssm_enabled": true,
    "syllable_pattern_ssm_similarity_method": "cosine",
    "syllable_pattern_ssm_levenshtein_weight": 0.7197388147367358,
    "syllable_pattern_ssm_cosine_weight": 0.2802611852632642,
    "syllable_pattern_ssm_normalize": true,
    "syllable_pattern_ssm_normalize_method": "zscore",
    "syllable_pattern_ssm_dimension": 12,
    "line_syllable_ssm_enabled": false,
    "line_syllable_ssm_similarity_method": "cosine",
    "line_syllable_ssm_ratio_threshold": 0.10491236457935674,
    "line_syllable_ssm_normalize": true,
    "line_syllable_ssm_normalize_method": "minmax",
    "line_syllable_ssm_dimension": 12,
    "word2vec_enabled": true,
    "word2vec_model": "word2vec-google-news-300",
    "word2vec_mode": "summary",
    "word2vec_normalize": true,
    "word2vec_similarity_metric": "cosine",
    "word2vec_high_sim_threshold": 0.8487698785951904,
    "contextual_enabled": true,
    "contextual_model": "all-MiniLM-L6-v2",
    "contextual_mode": "summary",
    "contextual_normalize": false,
    "contextual_similarity_metric": "dot",
    "contextual_high_sim_threshold": 0.7386891611887667
  }
}