{
  "metadata": {
    "model_info": {
      "hidden_dim": 128,
      "num_layers": 1,
      "dropout": 0.167897163796303,
      "layer_dropout": 0.0,
      "attention_enabled": false,
      "attention_heads": 1,
      "attention_dropout": 0.0,
      "attention_dim": 128,
      "positional_encoding": false,
      "max_seq_length": 1000,
      "total_params": 219650,
      "lstm_params": 219136,
      "attention_params": 0,
      "classifier_params": 514
    },
    "training_info": {
      "batch_size": 32,
      "learning_rate": 0.0007322402366575148,
      "scheduler": "cosine",
      "label_smoothing": 0.0,
      "weighted_sampling": true,
      "total_epochs": 14,
      "validation_strategy": "composite",
      "weight_decay": 0.012087077093475994,
      "gradient_clip_norm": 0.6203366412675902,
      "max_epochs": 15,
      "patience": 4
    },
    "calibration_info": {
      "temperature": {
        "ece_before": 0.07746378789072186,
        "ece_after": 0.011809495832105058,
        "improvement": 0.06565429205861681,
        "params": {
          "temperature": 0.6471547469089572
        }
      },
      "platt": {
        "ece_before": 0.07746378789072186,
        "ece_after": 0.07746378789072186,
        "improvement": 0.0,
        "params": {
          "A": 0.9999999716183253,
          "B": 0.0
        }
      }
    }
  },
  "metrics": [
    {
      "epoch": 1,
      "train_loss": 0.5232107013463974,
      "train_chorus_rate": 0.32166917668073436,
      "train_max_prob": 0.5505192041397095,
      "train_conf_over_90": 0.0,
      "train_conf_over_95": 0.0,
      "val_loss": 0.5497317016124725,
      "val_macro_f1": 0.5687001635832255,
      "val_verse_f1": 0.8029917250159134,
      "val_chorus_f1": 0.3344086021505376,
      "val_chorus_rate": 0.15772433951497078,
      "val_max_prob": 0.5861204266548157,
      "val_conf_over_90": 0.0,
      "val_conf_over_95": 0.0,
      "learning_rate": 0.0007242505598520415,
      "epoch_time": 117.5092031955719,
      "val_boundary_f1": 0.16011644832605532,
      "val_boundary_precision": 0.20912547528517111,
      "val_boundary_recall": 0.12971698113207547,
      "val_complete_segments": 0.050370302888860685,
      "val_avg_segment_overlap": 0.2679825015539557,
      "val_verse_to_chorus_acc": 0.1415929203539823,
      "val_chorus_to_verse_acc": 0.09595959595959595,
      "val_window_diff": 0.3785783425243251,
      "val_pk_metric": 0.3606288122254589
    },
    {
      "epoch": 2,
      "train_loss": 0.5181085214018821,
      "train_chorus_rate": 0.33777505457401275,
      "train_max_prob": 0.5771226108074188,
      "train_conf_over_90": 0.0,
      "train_conf_over_95": 0.0,
      "val_loss": 0.5203780978918076,
      "val_macro_f1": 0.6580045045060954,
      "val_verse_f1": 0.7887724284952922,
      "val_chorus_f1": 0.5272365805168987,
      "val_chorus_rate": 0.31875359266996384,
      "val_max_prob": 0.5833003222942352,
      "val_conf_over_90": 0.0,
      "val_conf_over_95": 0.0,
      "learning_rate": 0.0007006307166507439,
      "epoch_time": 98.42192363739014,
      "val_boundary_f1": 0.3139534883720931,
      "val_boundary_precision": 0.26644736842105265,
      "val_boundary_recall": 0.38207547169811323,
      "val_complete_segments": 0.16618016857942625,
      "val_avg_segment_overlap": 0.49641816531744015,
      "val_verse_to_chorus_acc": 0.34513274336283184,
      "val_chorus_to_verse_acc": 0.32323232323232326,
      "val_window_diff": 0.42696226585774205,
      "val_pk_metric": 0.3458345972344969
    },
    {
      "epoch": 3,
      "train_loss": 0.48458070009946824,
      "train_chorus_rate": 0.38947929367423056,
      "train_max_prob": 0.6099435061216354,
      "train_conf_over_90": 3.3579583396203815e-05,
      "train_conf_over_95": 0.0,
      "val_loss": 0.49009969830513,
      "val_macro_f1": 0.6690798727674299,
      "val_verse_f1": 0.7409200968523002,
      "val_chorus_f1": 0.5972396486825595,
      "val_chorus_rate": 0.48348578065633774,
      "val_max_prob": 0.636436939239502,
      "val_conf_over_90": 0.0007735613908153027,
      "val_conf_over_95": 0.0,
      "learning_rate": 0.0006624130075421013,
      "epoch_time": 123.01244473457336,
      "val_boundary_f1": 0.28446005267778757,
      "val_boundary_precision": 0.22657342657342658,
      "val_boundary_recall": 0.38207547169811323,
      "val_complete_segments": 0.14027348436150133,
      "val_avg_segment_overlap": 0.5431846651585265,
      "val_verse_to_chorus_acc": 0.3008849557522124,
      "val_chorus_to_verse_acc": 0.3838383838383838,
      "val_window_diff": 0.4572448714719128,
      "val_pk_metric": 0.36351386455439516
    },
    {
      "epoch": 4,
      "train_loss": 0.4634041115641594,
      "train_chorus_rate": 0.34363267198204994,
      "train_max_prob": 0.6625386238098144,
      "train_conf_over_90": 0.00877745938487351,
      "train_conf_over_95": 6.950642273295671e-05,
      "val_loss": 0.48033538460731506,
      "val_macro_f1": 0.7077066170921271,
      "val_verse_f1": 0.8125790710283751,
      "val_chorus_f1": 0.602834163155879,
      "val_chorus_rate": 0.3429093658924103,
      "val_max_prob": 0.6633341461420059,
      "val_conf_over_90": 0.0037782349390909076,
      "val_conf_over_95": 0.0,
      "learning_rate": 0.0006112677298030763,
      "epoch_time": 103.19827103614807,
      "val_boundary_f1": 0.34397163120567376,
      "val_boundary_precision": 0.2755681818181818,
      "val_boundary_recall": 0.45754716981132076,
      "val_complete_segments": 0.2342231452782884,
      "val_avg_segment_overlap": 0.598506447657106,
      "val_verse_to_chorus_acc": 0.4247787610619469,
      "val_chorus_to_verse_acc": 0.398989898989899,
      "val_window_diff": 0.43603251283564115,
      "val_pk_metric": 0.3242058730276235
    },
    {
      "epoch": 5,
      "train_loss": 0.44619804471731184,
      "train_chorus_rate": 0.3442686915397644,
      "train_max_prob": 0.6730995565652848,
      "train_conf_over_90": 0.015815450466470794,
      "train_conf_over_95": 0.00025857510627247393,
      "val_loss": 0.46952685713768005,
      "val_macro_f1": 0.7138337716978936,
      "val_verse_f1": 0.8087774294670846,
      "val_chorus_f1": 0.6188901139287026,
      "val_chorus_rate": 0.36985427886247635,
      "val_max_prob": 0.6813366860151291,
      "val_conf_over_90": 0.02623753296211362,
      "val_conf_over_95": 0.0015624707302777097,
      "learning_rate": 0.0005494301774931361,
      "epoch_time": 111.90870499610901,
      "val_boundary_f1": 0.3498694516971279,
      "val_boundary_precision": 0.2772413793103448,
      "val_boundary_recall": 0.4740566037735849,
      "val_complete_segments": 0.2572453873355252,
      "val_avg_segment_overlap": 0.6231041851627039,
      "val_verse_to_chorus_acc": 0.4469026548672566,
      "val_chorus_to_verse_acc": 0.42424242424242425,
      "val_window_diff": 0.4380730096936477,
      "val_pk_metric": 0.3242290364146617
    },
    {
      "epoch": 6,
      "train_loss": 0.4329411149024963,
      "train_chorus_rate": 0.3342094384133816,
      "train_max_prob": 0.6904558688402176,
      "train_conf_over_90": 0.0321829020511359,
      "train_conf_over_95": 0.001306266218307428,
      "val_loss": 0.4637935981154442,
      "val_macro_f1": 0.687153248876175,
      "val_verse_f1": 0.7503064977523499,
      "val_chorus_f1": 0.6240000000000001,
      "val_chorus_rate": 0.49902401864528656,
      "val_max_prob": 0.6773035526275635,
      "val_conf_over_90": 0.0213967920280993,
      "val_conf_over_95": 0.0009446947660762817,
      "learning_rate": 0.0004796029483777227,
      "epoch_time": 121.14005708694458,
      "val_boundary_f1": 0.31715771230502604,
      "val_boundary_precision": 0.25068493150684934,
      "val_boundary_recall": 0.43160377358490565,
      "val_complete_segments": 0.17737450372657157,
      "val_avg_segment_overlap": 0.5844671109266157,
      "val_verse_to_chorus_acc": 0.34513274336283184,
      "val_chorus_to_verse_acc": 0.45454545454545453,