{
  "trial_number": 3,
  "trial_id": "cnn_trial_0003",
  "model_type": "CNN",
  "training_score": 0.4034934497816594,
  "optuna_objective": 0.4034934497816594,
  "validation_metrics": {
    "line_f1": 0.7604665712918303,
    "boundary_f1": 0.4034934497816594,
    "macro_f1": 0.7604665712918303,
    "verse_f1": 0.8215264187866929,
    "chorus_f1": 0.6994067237969677,
    "boundary_precision": 0.32038834951456313,
    "boundary_recall": 0.5448113207547169,
    "window_diff": 0.4266507186882204,
    "pk_metric": 0.3055388014818553,
    "confidence": 0.7395114898681641,
    "val_loss": 0.4622303694486618
  },
  "all_results": {
    "line_f1": 0.7604665712918303,
    "boundary_f1": 0.4034934497816594,
    "macro_f1": 0.7604665712918303,
    "verse_f1": 0.8215264187866929,
    "chorus_f1": 0.6994067237969677,
    "boundary_precision": 0.32038834951456313,
    "boundary_recall": 0.5448113207547169,
    "window_diff": 0.4266507186882204,
    "pk_metric": 0.3055388014818553,
    "confidence": 0.7395114898681641,
    "val_loss": 0.4622303694486618
  },
  "parameters": {
    "hidden_dim": 256,
    "num_layers": 3,
    "dropout": 0.3904232161241172,
    "layer_dropout": 0.20440446950124594,
    "cnn_kernel_sizes": "5,7,9",
    "cnn_dilation_rates": "1,3,9",
    "cnn_use_residual": true,
    "cnn_batch_multiplier": 1.348507870497634,
    "attention_enabled": true,
    "attention_type": "boundary_aware",
    "attention_heads": 8,
    "attention_dropout": 0.20226847977218756,
    "max_epochs": 12,
    "batch_size": 64,
    "learning_rate": 0.0007762566645187931,
    "weight_decay": 0.008614270014008375,
    "scheduler": "cosine",
    "min_delta": 0.0005824973395862122,
    "gradient_clip_norm": 0.32515959165771946,
    "validation_strategy": "boundary_f1",
    "boundary_weight": 2.2954166302845054,
    "label_smoothing": 0.15152501249695247,
    "segment_consistency_lambda": 0.015373481887492144,
    "conf_penalty_lambda": 0.009113002803298291,
    "conf_threshold": 0.9308057192423379,
    "entropy_lambda": 0.022541210253037697,
    "max_confidence_threshold": 0.9104448652010961,
    "min_chorus_rate": 0.06539987106197222,
    "max_chorus_rate": 0.8329492616498105,
    "max_conf_over_95_ratio": 0.06868671427457002,
    "head_ssm_enabled": true,
    "tail_ssm_enabled": false,
    "phonetic_ssm_enabled": false,
    "pos_ssm_enabled": true,
    "string_ssm_enabled": false,
    "syllable_pattern_ssm_enabled": false,
    "line_syllable_ssm_enabled": true,
    "word2vec_enabled": true,
    "contextual_enabled": true,
    "head_tail_words": 4,
    "phonetic_mode": "alliteration",
    "phonetic_similarity": "edit_distance",
    "phonetic_threshold": 0.30543540525114005,
    "pos_tagset": "simplified",
    "pos_similarity": "lcs",
    "pos_threshold": 0.22460026420217527,
    "string_similarity": "jaccard",
    "string_threshold": 0.0544834765817465
  },
  "duration_minutes": 0
}