{
  "metadata": {
    "model_info": {
      "architecture": "CNN",
      "hidden_dim": 256,
      "num_layers": 3,
      "dropout": 0.3904232161241172,
      "layer_dropout": 0.20440446950124594,
      "kernel_sizes": [
        5,
        7,
        9
      ],
      "dilation_rates": [
        1,
        3,
        9
      ],
      "use_residual": true,
      "attention_enabled": true,
      "attention_type": "boundary_aware",
      "attention_heads": 8,
      "total_params": 1876480,
      "cnn_params": 1569789,
      "attention_params": 296705
    },
    "training_info": {
      "batch_size": 64,
      "learning_rate": 0.0007762566645187931,
      "scheduler": "cosine",
      "scheduler_type": "epoch",
      "validation_strategy": "boundary_f1",
      "total_epochs": 12,
      "early_stopping_mode": "cnn_calibration",
      "convergence_window": 5
    },
    "calibration_info": {
      "temperature": {
        "ece_before": 0.03669689513728286,
        "ece_after": 0.01272488758699833,
        "improvement": 0.02397200755028453,
        "params": {
          "temperature": 0.7853171944723474
        }
      },
      "platt": {
        "ece_before": 0.03669689513728286,
        "ece_after": 0.01505837570473346,
        "improvement": 0.0216385194325494,
        "params": {
          "A": 1.2315451503606045,
          "B": 0.0
        }
      }
    }
  },
  "metrics": [
    {
      "epoch": 1,
      "train_loss": 0.6600013375282288,
      "train_chorus_rate": 0.544980087550357,
      "train_max_prob": 0.6437961608171463,
      "train_conf_over_90": 0.07552638649940491,
      "train_conf_over_95": 0.007262793369591236,
      "val_loss": 0.6337765753269196,
      "val_macro_f1": 0.47290876893177447,
      "val_verse_f1": 0.8081657160012008,
      "val_chorus_f1": 0.13765182186234817,
      "val_chorus_rate": 0.06479985639452934,
      "val_max_prob": 0.6247389018535614,
      "val_conf_over_90": 0.0,
      "val_conf_over_95": 0.0,
      "learning_rate": 0.0007630485493901076,
      "epoch_time": 104.52583813667297,
      "val_boundary_f1": 0.025408348457350273,
      "val_boundary_precision": 0.05511811023622047,
      "val_boundary_recall": 0.01650943396226415,
      "val_complete_segments": 0.009966856060606061,
      "val_avg_segment_overlap": 0.2016159663166286,
      "val_verse_to_chorus_acc": 0.022123893805309734,
      "val_chorus_to_verse_acc": 0.0,
      "val_window_diff": 0.33634337806194115,
      "val_pk_metric": 0.348919534412216,
      "cnn_receptive_field_usage": 0.7000000000000001,
      "cnn_gradient_norm": 10.301071997731924,
      "cnn_effective_layers": 3
    },
    {
      "epoch": 2,
      "train_loss": 0.5889268517494202,
      "train_chorus_rate": 0.47743992833420634,
      "train_max_prob": 0.6097973138093948,
      "train_conf_over_90": 0.0002725324302446097,
      "train_conf_over_95": 0.0,
      "val_loss": 0.6543826162815094,
      "val_macro_f1": 0.551840398574067,
      "val_verse_f1": 0.8247863247863249,
      "val_chorus_f1": 0.27889447236180903,
      "val_chorus_rate": 0.09525541961193085,
      "val_max_prob": 0.7367647886276245,
      "val_conf_over_90": 0.006571914767846465,
      "val_conf_over_95": 0.0,
      "learning_rate": 0.0007243243152226291,
      "epoch_time": 100.65293288230896,
      "val_boundary_f1": 0.19364599092284415,
      "val_boundary_precision": 0.270042194092827,
      "val_boundary_recall": 0.1509433962264151,
      "val_complete_segments": 0.08667140151515151,
      "val_avg_segment_overlap": 0.3117892918270544,
      "val_verse_to_chorus_acc": 0.21238938053097345,
      "val_chorus_to_verse_acc": 0.050505050505050504,
      "val_window_diff": 0.3400391075721058,
      "val_pk_metric": 0.3040937644232921,
      "cnn_receptive_field_usage": 0.7000000000000001,
      "cnn_gradient_norm": 1457.3820385858417,
      "cnn_effective_layers": 3
    },
    {
      "epoch": 3,
      "train_loss": 0.5531631782650948,
      "train_chorus_rate": 0.4278361592441797,
      "train_max_prob": 0.649098701775074,
      "train_conf_over_90": 0.003724374655575957,
      "train_conf_over_95": 3.068237492698245e-05,
      "val_loss": 0.5504849255084991,
      "val_macro_f1": 0.7161709318245514,
      "val_verse_f1": 0.8173094332790151,
      "val_chorus_f1": 0.6150324303700877,
      "val_chorus_rate": 0.3484355956315994,
      "val_max_prob": 0.7522691786289215,
      "val_conf_over_90": 0.1620926484465599,
      "val_conf_over_95": 0.04704310558736324,
      "learning_rate": 0.000662722954580048,
      "epoch_time": 92.6644639968872,
      "val_boundary_f1": 0.3198420533070089,
      "val_boundary_precision": 0.27504244482173174,
      "val_boundary_recall": 0.38207547169811323,
      "val_complete_segments": 0.17161458333333335,
      "val_avg_segment_overlap": 0.6143420065349945,
      "val_verse_to_chorus_acc": 0.26548672566371684,
      "val_chorus_to_verse_acc": 0.45454545454545453,
      "val_window_diff": 0.4226264044992205,
      "val_pk_metric": 0.3323363478760133,
      "cnn_receptive_field_usage": 0.7000000000000001,
      "cnn_gradient_norm": 1.9269235730171204,
      "cnn_effective_layers": 3
    },
    {
      "epoch": 4,
      "train_loss": 0.5058689750730991,
      "train_chorus_rate": 0.39705998823046684,
      "train_max_prob": 0.6873691082000732,
      "train_conf_over_90": 0.024194105062633753,
      "train_conf_over_95": 0.0007273800274560926,
      "val_loss": 0.5065262317657471,
      "val_macro_f1": 0.7420489441722449,
      "val_verse_f1": 0.8256676557863503,
      "val_chorus_f1": 0.6584302325581396,
      "val_chorus_rate": 0.37991437315940857,
      "val_max_prob": 0.7444990873336792,
      "val_conf_over_90": 0.1282317154109478,
      "val_conf_over_95": 0.014218180906027555,
      "learning_rate": 0.0005824424983890948,
      "epoch_time": 103.07588315010071,
      "val_boundary_f1": 0.3239171374764595,
      "val_boundary_precision": 0.26959247648902823,
      "val_boundary_recall": 0.4056603773584906,
      "val_complete_segments": 0.21671401515151517,
      "val_avg_segment_overlap": 0.6504951543872097,
      "val_verse_to_chorus_acc": 0.3053097345132743,
      "val_chorus_to_verse_acc": 0.4797979797979798,
      "val_window_diff": 0.43383196488810827,
      "val_pk_metric": 0.3242019427040741,
      "cnn_receptive_field_usage": 0.7000000000000001,
      "cnn_gradient_norm": 8821.89870044589,
      "cnn_effective_layers": 3
    },
    {
      "epoch": 5,
      "train_loss": 0.5063990242779255,
      "train_chorus_rate": 0.46804917603731155,
      "train_max_prob": 0.6888454332947731,
      "train_conf_over_90": 0.018488845438696444,
      "train_conf_over_95": 3.187962283845991e-05,
      "val_loss": 0.4870307594537735,
      "val_macro_f1": 0.7694865569043942,
      "val_verse_f1": 0.8475509080902587,
      "val_chorus_f1": 0.6914222057185296,
      "val_chorus_rate": 0.36207185685634613,
      "val_max_prob": 0.7503631711006165,
      "val_conf_over_90": 0.17733407020568848,
      "val_conf_over_95": 0.025851727463304996,
      "learning_rate": 0.0004889539270694562,
      "epoch_time": 78.56384491920471,
      "val_boundary_f1": 0.38348623853211006,
      "val_boundary_precision": 0.3138138138138138,
      "val_boundary_recall": 0.49292452830188677,
      "val_complete_segments": 0.2479876893939394,
      "val_avg_segment_overlap": 0.6762409538775545,
      "val_verse_to_chorus_acc": 0.39823008849557523,
      "val_chorus_to_verse_acc": 0.5404040404040404,
      "val_window_diff": 0.4133576871822018,
      "val_pk_metric": 0.2836708052600273,
      "cnn_receptive_field_usage": 0.7000000000000001,
      "cnn_gradient_norm": 1.583570584654808,
      "cnn_effective_layers": 3
    },
    {
      "epoch": 6,
      "train_loss": 0.46877459436655045,
      "train_chorus_rate": 0.36856046319007874,
      "train_max_prob": 0.7300814315676689,
      "train_conf_over_90": 0.08230285393074155,
      "train_conf_over_95": 0.002224352676421404,
      "val_loss": 0.4833967089653015,