{
  "trial_number": 37,
  "timestamp": 1756141595.8382878,
  "boundary_f1": 0.39729990356798456,
  "line_f1": 0.7473699035973447,
  "macro_f1": 0.7473699035973447,
  "verse_f1": 0.8430988423864648,
  "chorus_f1": 0.6516409648082246,
  "windowdiff": 0.34768959955819234,
  "pk": 0.2490364498011592,
  "val_loss": 0.5238255113363266,
  "val_accuracy": 0.0,
  "weighted_f1": 0.0,
  "training_time": 55896.03912091255,
  "training_time_minutes": 931.6006520152092,
  "total_params": 0,
  "actual_epochs": 15,
  "config_summary": {
    "attention_enabled": true,
    "hidden_dim": 256,
    "num_layers": 2,
    "max_epochs": 15,
    "batch_size": 32,
    "learning_rate": 0.0009939340466223016,
    "boundary_weight": 2.156231751292633,
    "label_smoothing": 0.20834144495513768
  },
  "validation_strategy": "composite",
  "all_metrics": {
    "loss": 0.5238255113363266,
    "chorus_rate": 0.3215663805603981,
    "max_prob_mean": 0.6779680699110031,
    "confidence_over_90": 0.0,
    "confidence_over_95": 0.0,
    "verse_f1": 0.8430988423864648,
    "chorus_f1": 0.6516409648082246,
    "macro_f1": 0.7473699035973447,
    "boundary_f1": 0.39729990356798456,
    "boundary_precision": 0.3360522022838499,
    "boundary_recall": 0.4858490566037736,
    "complete_segments": 0.25949325518519584,
    "avg_segment_overlap": 0.6509985577019617,
    "verse_to_chorus_acc": 0.3893805309734513,
    "chorus_to_verse_acc": 0.5050505050505051,
    "window_diff": 0.34768959955819234,
    "pk_metric": 0.2490364498011592
  },
  "parameters": {
    "hidden_dim": 256,
    "num_layers": 2,
    "dropout": 0.3437473263092687,
    "layer_dropout": 0.21943386388816866,
    "attention_enabled": true,
    "attention_heads": 4,
    "attention_dropout": 0.1982105741756588,
    "max_epochs": 15,
    "batch_size": 32,
    "learning_rate": 0.0009939340466223016,
    "weight_decay": 0.0074743908728287225,
    "scheduler": "cosine",
    "min_delta": 0.0003130932625400292,
    "gradient_clip_norm": 0.41868489466375153,
    "validation_strategy": "composite",
    "head_tail_words": 4,
    "boundary_weight": 2.156231751292633,
    "label_smoothing": 0.20834144495513768,
    "segment_consistency_lambda": 0.016786314983351695,
    "conf_penalty_lambda": 0.012026002821784804,
    "conf_threshold": 0.9455356079932559,
    "entropy_lambda": 0.02418952559814578,
    "max_confidence_threshold": 0.9339327840312108,
    "min_chorus_rate": 0.11849396728268667,
    "max_chorus_rate": 0.7565646334053832,
    "max_conf_over_95_ratio": 0.1469708651343779,
    "head_ssm_enabled": true,
    "tail_ssm_enabled": false,
    "phonetic_ssm_enabled": false,
    "pos_ssm_enabled": true,
    "string_ssm_enabled": true,
    "syllable_pattern_ssm_enabled": true,
    "line_syllable_ssm_enabled": false,
    "word2vec_enabled": false,
    "contextual_enabled": false,
    "phonetic_mode": "rhyme",
    "phonetic_similarity_method": "edit_distance",
    "phonetic_normalize": false,
    "phonetic_normalize_method": "zscore",
    "phonetic_high_sim_threshold": 0.3261674471243896,
    "pos_tagset": "universal",
    "pos_similarity_method": "lcs",
    "pos_high_sim_threshold": 0.24551601377710466,
    "string_case_sensitive": true,
    "string_remove_punctuation": true,
    "string_similarity_threshold": 0.048840936403023595,
    "string_similarity_method": "levenshtein",
    "syllable_pattern_similarity_method": "combined",
    "syllable_pattern_levenshtein_weight": 0.6374824594252393,
    "syllable_pattern_cosine_weight": 0.22162782353167015,
    "syllable_pattern_normalize": true,
    "syllable_pattern_normalize_method": "minmax",
    "line_syllable_similarity_method": "cosine",
    "line_syllable_ratio_threshold": 0.0855812428014083,
    "line_syllable_normalize": false,
    "line_syllable_normalize_method": "minmax",
    "word2vec_mode": "summary",
    "word2vec_normalize": true,
    "word2vec_similarity_metric": "cosine",
    "word2vec_high_sim_threshold": 0.7734412653824255,
    "contextual_mode": "complete",
    "contextual_normalize": true,
    "contextual_similarity_metric": "dot",
    "contextual_high_sim_threshold": 0.7076215700238979
  },
  "config": {
    "hidden_dim": 256,
    "num_layers": 2,
    "layer_dropout": 0.21943386388816866,
    "num_classes": 2,
    "dropout": 0.3437473263092687,
    "attention_enabled": true,
    "attention_type": "boundary_aware",
    "attention_heads": 4,
    "attention_dropout": 0.1982105741756588,
    "attention_dim": 256,
    "positional_encoding": true,
    "max_seq_length": 1000,
    "window_size": 7,
    "boundary_temperature": 2.0,
    "batch_size": 32,
    "learning_rate": 0.0009939340466223016,
    "weight_decay": 0.0074743908728287225,
    "max_epochs": 15,
    "patience": 4,
    "gradient_clip_norm": 0.41868489466375153,
    "scheduler": "cosine",
    "min_lr": 1e-06,
    "cosine_t_max": 15,
    "warmup_epochs": 5,
    "lr_factor": 0.5,
    "lr_patience": 10,
    "step_size": 30,
    "step_gamma": 0.5,
    "cosine_t0": 10,
    "cosine_t_mult": 2,
    "min_delta": 0.0003130932625400292,
    "train_file": "data/train.jsonl",
    "val_file": "data/val.jsonl",
    "test_file": "data/test.jsonl",
    "weighted_sampling": true,
    "emergency_monitoring_enabled": true,
    "max_confidence_threshold": 0.9339327840312108,
    "min_chorus_rate": 0.11849396728268667,
    "max_chorus_rate": 0.7565646334053832,
    "max_conf_over_95_ratio": 0.1469708651343779,
    "val_overconf_threshold": 0.96,
    "val_f1_collapse_threshold": 0.1,
    "loss": {
      "loss_type": "boundary_aware",
      "boundary_weight": 2.156231751292633,
      "label_smoothing": 0.20834144495513768,
      "segment_consistency_lambda": 0.016786314983351695,
      "conf_penalty_lambda": 0.012026002821784804,
      "conf_threshold": 0.9455356079932559,
      "entropy_lambda": 0.02418952559814578
    },
    "calibration_enabled": true,
    "calibration_methods": [
      "temperature",
      "platt"
    ],
    "validation_strategy": "composite",
    "head_ssm_enabled": true,
    "head_ssm_words": 4,
    "head_ssm_dimension": 12,
    "tail_ssm_enabled": false,
    "tail_ssm_words": 4,
    "tail_ssm_dimension": 12,
    "phonetic_ssm_enabled": false,
    "phonetic_ssm_mode": "rhyme",
    "phonetic_ssm_dimension": 12,
    "phonetic_ssm_similarity_method": "edit_distance",
    "phonetic_ssm_normalize": false,
    "phonetic_ssm_normalize_method": "zscore",
    "phonetic_ssm_high_sim_threshold": 0.3261674471243896,
    "pos_ssm_enabled": true,
    "pos_ssm_tagset": "universal",
    "pos_ssm_similarity_method": "lcs",
    "pos_ssm_high_sim_threshold": 0.24551601377710466,
    "pos_ssm_dimension": 12,
    "string_ssm_enabled": true,
    "string_ssm_case_sensitive": true,
    "string_ssm_remove_punctuation": true,
    "string_ssm_similarity_threshold": 0.048840936403023595,
    "string_ssm_similarity_method": "levenshtein",
    "string_ssm_dimension": 12,
    "syllable_pattern_ssm_enabled": true,
    "syllable_pattern_ssm_similarity_method": "combined",
    "syllable_pattern_ssm_levenshtein_weight": 0.7420263405893998,
    "syllable_pattern_ssm_cosine_weight": 0.25797365941060024,
    "syllable_pattern_ssm_normalize": true,
    "syllable_pattern_ssm_normalize_method": "minmax",
    "syllable_pattern_ssm_dimension": 12,
    "line_syllable_ssm_enabled": false,
    "line_syllable_ssm_similarity_method": "cosine",
    "line_syllable_ssm_ratio_threshold": 0.0855812428014083,
    "line_syllable_ssm_normalize": false,
    "line_syllable_ssm_normalize_method": "minmax",
    "line_syllable_ssm_dimension": 12,
    "word2vec_enabled": false,
    "word2vec_model": "word2vec-google-news-300",
    "word2vec_mode": "summary",
    "word2vec_normalize": true,
    "word2vec_similarity_metric": "cosine",
    "word2vec_high_sim_threshold": 0.7734412653824255,
    "contextual_enabled": false,
    "contextual_model": "all-MiniLM-L6-v2",
    "contextual_mode": "complete",
    "contextual_normalize": true,
    "contextual_similarity_metric": "dot",