{
  "method": "platt",
  "params": {
    "A": 1.6190782321352861,
    "B": 4.258072572893722e-09
  },
  "ece_before": 0.1202233696323481,
  "ece_after": 0.09107481082260957,
  "improvement": 0.02914855880973853,
  "all_results": [
    {
      "method": "temperature",
      "params": {
        "temperature": 0.37165197450607385
      },
      "ece_before": 0.1202233696323481,
      "ece_after": 0.09431743557420369,
      "improvement": 0.02590593405814441
    },
    {
      "method": "platt",
      "params": {
        "A": 1.6190782321352861,
        "B": 4.258072572893722e-09
      },
      "ece_before": 0.1202233696323481,
      "ece_after": 0.09107481082260957,
      "improvement": 0.02914855880973853
    }
  ]
}