{
  "method": "platt",
  "params": {
    "A": 1.1633438469354567,
    "B": 0.0
  },
  "ece_before": 0.011609189841742565,
  "ece_after": 0.029164692390644266,
  "improvement": -0.017555502548901702,
  "all_results": [
    {
      "method": "temperature",
      "params": {
        "temperature": 0.7621033632370781
      },
      "ece_before": 0.011609189841742565,
      "ece_after": 0.04892737630659566,
      "improvement": -0.0373181864648531
    },
    {
      "method": "platt",
      "params": {
        "A": 1.1633438469354567,
        "B": 0.0
      },
      "ece_before": 0.011609189841742565,
      "ece_after": 0.029164692390644266,
      "improvement": -0.017555502548901702
    }
  ]
}