{
  "trial_number": 67,
  "timestamp": 1756188920.98693,
  "boundary_f1": 0.4153686396677051,
  "line_f1": 0.772967445222549,
  "macro_f1": 0.772967445222549,
  "verse_f1": 0.857602862254025,
  "chorus_f1": 0.6883320281910729,
  "windowdiff": 0.316272696832229,
  "pk": 0.23708188422940252,
  "val_loss": 0.43755093216896057,
  "val_accuracy": 0.0,
  "weighted_f1": 0.0,
  "training_time": 1138.9068231582642,
  "training_time_minutes": 18.98178038597107,
  "total_params": 0,
  "actual_epochs": 15,
  "config_summary": {
    "attention_enabled": true,
    "hidden_dim": 256,
    "num_layers": 2,
    "max_epochs": 15,
    "batch_size": 32,
    "learning_rate": 0.0007200252233620828,
    "boundary_weight": 1.7120556793701183,
    "label_smoothing": 0.13388011651032
  },
  "validation_strategy": "boundary_f1",
  "all_metrics": {
    "loss": 0.43755093216896057,
    "chorus_rate": 0.3277740105986595,
    "max_prob_mean": 0.7109448462724686,
    "confidence_over_90": 0.012267345504369587,
    "confidence_over_95": 0.0,
    "verse_f1": 0.857602862254025,
    "chorus_f1": 0.6883320281910729,
    "macro_f1": 0.772967445222549,
    "boundary_f1": 0.4153686396677051,
    "boundary_precision": 0.37105751391465674,
    "boundary_recall": 0.4716981132075472,
    "complete_segments": 0.26883421635542526,
    "avg_segment_overlap": 0.6701316147902249,
    "verse_to_chorus_acc": 0.4336283185840708,
    "chorus_to_verse_acc": 0.4595959595959596,
    "window_diff": 0.316272696832229,
    "pk_metric": 0.23708188422940252
  },
  "parameters": {
    "hidden_dim": 256,
    "num_layers": 2,
    "dropout": 0.21938911000256764,
    "layer_dropout": 0.23354668237128878,
    "attention_enabled": true,
    "attention_heads": 8,
    "attention_dropout": 0.16499488686495412,
    "max_epochs": 15,
    "batch_size": 32,
    "learning_rate": 0.0007200252233620828,
    "weight_decay": 0.017189302404285317,
    "scheduler": "cosine",
    "min_delta": 0.0005728549625894783,
    "gradient_clip_norm": 0.37776077328855645,
    "validation_strategy": "boundary_f1",
    "head_tail_words": 3,
    "boundary_weight": 1.7120556793701183,
    "label_smoothing": 0.13388011651032,
    "segment_consistency_lambda": 0.0233700569986292,
    "conf_penalty_lambda": 0.013553698339565868,
    "conf_threshold": 0.9220649413242541,
    "entropy_lambda": 0.0429915183060786,
    "max_confidence_threshold": 0.9301563840576103,
    "min_chorus_rate": 0.08569973017025023,
    "max_chorus_rate": 0.7693554088135623,
    "max_conf_over_95_ratio": 0.1687822141830313,
    "head_ssm_enabled": true,
    "tail_ssm_enabled": false,
    "phonetic_ssm_enabled": true,
    "pos_ssm_enabled": true,
    "string_ssm_enabled": false,
    "syllable_pattern_ssm_enabled": true,
    "line_syllable_ssm_enabled": false,
    "word2vec_enabled": false,
    "contextual_enabled": false,
    "phonetic_mode": "rhyme",
    "phonetic_similarity_method": "binary",
    "phonetic_normalize": true,
    "phonetic_normalize_method": "minmax",
    "phonetic_high_sim_threshold": 0.3215770626975159,
    "pos_tagset": "universal",
    "pos_similarity_method": "position",
    "pos_high_sim_threshold": 0.271097388358813,
    "string_case_sensitive": true,
    "string_remove_punctuation": true,
    "string_similarity_threshold": 0.04858067573824932,
    "string_similarity_method": "word_overlap",
    "syllable_pattern_similarity_method": "levenshtein",
    "syllable_pattern_levenshtein_weight": 0.6665334666187416,
    "syllable_pattern_cosine_weight": 0.20309531782842608,
    "syllable_pattern_normalize": false,
    "syllable_pattern_normalize_method": "minmax",
    "line_syllable_similarity_method": "cosine",
    "line_syllable_ratio_threshold": 0.10850208147492936,
    "line_syllable_normalize": false,
    "line_syllable_normalize_method": "minmax",
    "word2vec_mode": "summary",
    "word2vec_normalize": true,
    "word2vec_similarity_metric": "cosine",
    "word2vec_high_sim_threshold": 0.7947001693831056,
    "contextual_mode": "complete",
    "contextual_normalize": false,
    "contextual_similarity_metric": "dot",
    "contextual_high_sim_threshold": 0.6796457600193285
  },
  "config": {
    "hidden_dim": 256,
    "num_layers": 2,
    "layer_dropout": 0.23354668237128878,
    "num_classes": 2,
    "dropout": 0.21938911000256764,
    "attention_enabled": true,
    "attention_type": "boundary_aware",
    "attention_heads": 8,
    "attention_dropout": 0.16499488686495412,
    "attention_dim": 256,
    "positional_encoding": true,
    "max_seq_length": 1000,
    "window_size": 7,
    "boundary_temperature": 2.0,
    "batch_size": 32,
    "learning_rate": 0.0007200252233620828,
    "weight_decay": 0.017189302404285317,
    "max_epochs": 15,
    "patience": 4,
    "gradient_clip_norm": 0.37776077328855645,
    "scheduler": "cosine",
    "min_lr": 1e-06,
    "cosine_t_max": 15,
    "warmup_epochs": 5,
    "lr_factor": 0.5,
    "lr_patience": 10,
    "step_size": 30,
    "step_gamma": 0.5,
    "cosine_t0": 10,
    "cosine_t_mult": 2,
    "min_delta": 0.0005728549625894783,
    "train_file": "data/train.jsonl",
    "val_file": "data/val.jsonl",
    "test_file": "data/test.jsonl",
    "weighted_sampling": true,
    "emergency_monitoring_enabled": true,
    "max_confidence_threshold": 0.9301563840576103,
    "min_chorus_rate": 0.08569973017025023,
    "max_chorus_rate": 0.7693554088135623,
    "max_conf_over_95_ratio": 0.1687822141830313,
    "val_overconf_threshold": 0.96,
    "val_f1_collapse_threshold": 0.1,
    "loss": {
      "loss_type": "boundary_aware",
      "boundary_weight": 1.7120556793701183,
      "label_smoothing": 0.13388011651032,
      "segment_consistency_lambda": 0.0233700569986292,
      "conf_penalty_lambda": 0.013553698339565868,
      "conf_threshold": 0.9220649413242541,
      "entropy_lambda": 0.0429915183060786
    },
    "calibration_enabled": true,
    "calibration_methods": [
      "temperature",
      "platt"
    ],
    "validation_strategy": "boundary_f1",
    "head_ssm_enabled": true,
    "head_ssm_words": 3,
    "head_ssm_dimension": 12,
    "tail_ssm_enabled": false,
    "tail_ssm_words": 3,
    "tail_ssm_dimension": 12,
    "phonetic_ssm_enabled": true,
    "phonetic_ssm_mode": "rhyme",
    "phonetic_ssm_dimension": 12,
    "phonetic_ssm_similarity_method": "binary",
    "phonetic_ssm_normalize": true,
    "phonetic_ssm_normalize_method": "minmax",
    "phonetic_ssm_high_sim_threshold": 0.3215770626975159,
    "pos_ssm_enabled": true,
    "pos_ssm_tagset": "universal",
    "pos_ssm_similarity_method": "position",
    "pos_ssm_high_sim_threshold": 0.271097388358813,
    "pos_ssm_dimension": 12,
    "string_ssm_enabled": false,
    "string_ssm_case_sensitive": true,
    "string_ssm_remove_punctuation": true,
    "string_ssm_similarity_threshold": 0.04858067573824932,
    "string_ssm_similarity_method": "word_overlap",
    "string_ssm_dimension": 12,
    "syllable_pattern_ssm_enabled": true,
    "syllable_pattern_ssm_similarity_method": "levenshtein",
    "syllable_pattern_ssm_levenshtein_weight": 0.7664574569509726,
    "syllable_pattern_ssm_cosine_weight": 0.23354254304902747,
    "syllable_pattern_ssm_normalize": false,
    "syllable_pattern_ssm_normalize_method": "minmax",
    "syllable_pattern_ssm_dimension": 12,
    "line_syllable_ssm_enabled": false,
    "line_syllable_ssm_similarity_method": "cosine",
    "line_syllable_ssm_ratio_threshold": 0.10850208147492936,
    "line_syllable_ssm_normalize": false,
    "line_syllable_ssm_normalize_method": "minmax",
    "line_syllable_ssm_dimension": 12,
    "word2vec_enabled": false,
    "word2vec_model": "word2vec-google-news-300",
    "word2vec_mode": "summary",
    "word2vec_normalize": true,
    "word2vec_similarity_metric": "cosine",
    "word2vec_high_sim_threshold": 0.7947001693831056,
    "contextual_enabled": false,
    "contextual_model": "all-MiniLM-L6-v2",
    "contextual_mode": "complete",
    "contextual_normalize": false,
    "contextual_similarity_metric": "dot",