{
  "metadata": {
    "model_info": {
      "hidden_dim": 256,
      "num_layers": 2,
      "dropout": 0.21938911000256764,
      "layer_dropout": 0.23354668237128878,
      "attention_enabled": true,
      "attention_heads": 8,
      "attention_dropout": 0.16499488686495412,
      "attention_dim": 256,
      "positional_encoding": true,
      "max_seq_length": 1000,
      "total_params": 2764291,
      "lstm_params": 2203648,
      "attention_params": 559617,
      "classifier_params": 1026
    },
    "training_info": {
      "batch_size": 32,
      "learning_rate": 0.0007200252233620828,
      "scheduler": "cosine",
      "label_smoothing": 0.0,
      "weighted_sampling": true,
      "total_epochs": 15,
      "validation_strategy": "boundary_f1",
      "weight_decay": 0.017189302404285317,
      "gradient_clip_norm": 0.37776077328855645,
      "max_epochs": 15,
      "patience": 4
    },
    "calibration_info": {
      "temperature": {
        "ece_before": 0.09720400016762187,
        "ece_after": 0.016028442132800864,
        "improvement": 0.08117555803482102,
        "params": {
          "temperature": 0.5630008648365
        }
      },
      "platt": {
        "ece_before": 0.09720400016762187,
        "ece_after": 0.017804204451545985,
        "improvement": 0.07939979571607589,
        "params": {
          "A": 1.7541044264401118,
          "B": -0.016244604067504692
        }
      }
    }
  },
  "metrics": [
    {
      "epoch": 1,
      "train_loss": 0.5589770808815956,
      "train_chorus_rate": 0.4225228526163846,
      "train_max_prob": 0.5904131293296814,
      "train_conf_over_90": 0.0001537515432573855,
      "train_conf_over_95": 0.0,
      "val_loss": 0.5462910681962967,
      "val_macro_f1": 0.4556474459087554,
      "val_verse_f1": 0.41300293098854246,
      "val_chorus_f1": 0.4982919608289683,
      "val_chorus_rate": 0.7785680145025253,
      "val_max_prob": 0.5810485333204269,
      "val_conf_over_90": 0.0,
      "val_conf_over_95": 0.0,
      "learning_rate": 0.0007121690102303964,
      "epoch_time": 77.78982305526733,
      "val_boundary_f1": 0.02197802197802198,
      "val_boundary_precision": 0.04918032786885246,
      "val_boundary_recall": 0.014150943396226415,
      "val_complete_segments": 0.016204820181490383,
      "val_avg_segment_overlap": 0.1963711217079094,
      "val_verse_to_chorus_acc": 0.02654867256637168,
      "val_chorus_to_verse_acc": 0.0,
      "val_window_diff": 0.4350756058991234,
      "val_pk_metric": 0.4421649434593036
    },
    {
      "epoch": 2,
      "train_loss": 0.5212032064795494,
      "train_chorus_rate": 0.4225331765104784,
      "train_max_prob": 0.5872475415468216,
      "train_conf_over_90": 0.0,
      "train_conf_over_95": 0.0,
      "val_loss": 0.5499514937400818,
      "val_macro_f1": 0.5826235924416926,
      "val_verse_f1": 0.7904918032786886,
      "val_chorus_f1": 0.3747553816046966,
      "val_chorus_rate": 0.20195842161774635,
      "val_max_prob": 0.5942803472280502,
      "val_conf_over_90": 0.0,
      "val_conf_over_95": 0.0,
      "learning_rate": 0.000688943725047485,
      "epoch_time": 63.725159883499146,
      "val_boundary_f1": 0.11703958691910499,
      "val_boundary_precision": 0.21656050955414013,
      "val_boundary_recall": 0.08018867924528301,
      "val_complete_segments": 0.060532904514876945,
      "val_avg_segment_overlap": 0.2562351207684624,
      "val_verse_to_chorus_acc": 0.07079646017699115,
      "val_chorus_to_verse_acc": 0.06060606060606061,
      "val_window_diff": 0.3146419353981114,
      "val_pk_metric": 0.3086683160149637
    },
    {
      "epoch": 3,
      "train_loss": 0.5261047095060348,
      "train_chorus_rate": 0.3982913151208777,
      "train_max_prob": 0.6309471696615219,
      "train_conf_over_90": 0.0,
      "train_conf_over_95": 0.0,
      "val_loss": 0.530971109867096,
      "val_macro_f1": 0.40600819003010535,
      "val_verse_f1": 0.3095866314863676,
      "val_chorus_f1": 0.5024297485738431,
      "val_chorus_rate": 0.8628960251808167,
      "val_max_prob": 0.6135990023612976,
      "val_conf_over_90": 0.0,
      "val_conf_over_95": 0.0,
      "learning_rate": 0.0006513644242231251,
      "epoch_time": 45.55902600288391,
      "val_boundary_f1": 0.042933810375670844,
      "val_boundary_precision": 0.08888888888888889,
      "val_boundary_recall": 0.02830188679245283,
      "val_complete_segments": 0.018482150534112358,
      "val_avg_segment_overlap": 0.17996366210283743,
      "val_verse_to_chorus_acc": 0.04424778761061947,
      "val_chorus_to_verse_acc": 0.0,
      "val_window_diff": 0.4228787835325445,
      "val_pk_metric": 0.4130816802553063
    },
    {
      "epoch": 4,
      "train_loss": 0.4944044053554535,
      "train_chorus_rate": 0.40418153181672095,
      "train_max_prob": 0.6431855678558349,
      "train_conf_over_90": 0.0023189390427432953,
      "train_conf_over_95": 0.0,
      "val_loss": 0.4907336086034775,
      "val_macro_f1": 0.727391779080053,
      "val_verse_f1": 0.8371848739495797,
      "val_chorus_f1": 0.6175986842105263,
      "val_chorus_rate": 0.29896675050258636,
      "val_max_prob": 0.6165488809347153,
      "val_conf_over_90": 0.0,
      "val_conf_over_95": 0.0,
      "learning_rate": 0.0006010735035288334,
      "epoch_time": 52.45019221305847,
      "val_boundary_f1": 0.3517110266159695,
      "val_boundary_precision": 0.2945859872611465,
      "val_boundary_recall": 0.4363207547169811,
      "val_complete_segments": 0.19291154698100615,
      "val_avg_segment_overlap": 0.6127071973806666,
      "val_verse_to_chorus_acc": 0.35398230088495575,
      "val_chorus_to_verse_acc": 0.4292929292929293,
      "val_window_diff": 0.38856679431080193,
      "val_pk_metric": 0.3051296039144748
    },
    {
      "epoch": 5,
      "train_loss": 0.45357914417982104,
      "train_chorus_rate": 0.38680603057146073,
      "train_max_prob": 0.6873417049646378,
      "train_conf_over_90": 0.01797107271850109,
      "train_conf_over_95": 8.103727595880628e-05,
      "val_loss": 0.44650688767433167,
      "val_macro_f1": 0.744997539127604,
      "val_verse_f1": 0.8242787560884227,
      "val_chorus_f1": 0.6657163221667854,
      "val_chorus_rate": 0.39004791527986526,
      "val_max_prob": 0.7149339020252228,
      "val_conf_over_90": 0.027348987758159637,
      "val_conf_over_95": 0.0002312673459528014,
      "learning_rate": 0.0005402689175215621,
      "epoch_time": 52.30052089691162,
      "val_boundary_f1": 0.3729781160799239,
      "val_boundary_precision": 0.31259968102073366,
      "val_boundary_recall": 0.46226415094339623,
      "val_complete_segments": 0.23918920624912143,
      "val_avg_segment_overlap": 0.6357645970623671,
      "val_verse_to_chorus_acc": 0.43805309734513276,
      "val_chorus_to_verse_acc": 0.41414141414141414,
      "val_window_diff": 0.4115130195030952,
      "val_pk_metric": 0.3064218676785537
    },
    {
      "epoch": 6,
      "train_loss": 0.44593639820814135,
      "train_chorus_rate": 0.3590386636555195,
      "train_max_prob": 0.7018815845251083,
      "train_conf_over_90": 0.02953562856419012,
      "train_conf_over_95": 0.0027159370190929623,
      "val_loss": 0.4494064673781395,
      "val_macro_f1": 0.757594560118968,
      "val_verse_f1": 0.8536756946887091,
      "val_chorus_f1": 0.661513425549227,
      "val_chorus_rate": 0.3043203130364418,
      "val_max_prob": 0.7174196094274521,
      "val_conf_over_90": 0.016979842737782747,
      "val_conf_over_95": 0.0,
      "learning_rate": 0.00047160811838260443,
      "epoch_time": 46.14863681793213,
      "val_boundary_f1": 0.37878787878787884,
      "val_boundary_precision": 0.31645569620253167,
      "val_boundary_recall": 0.4716981132075472,
      "val_complete_segments": 0.2649923707983093,
      "val_avg_segment_overlap": 0.6568611005761906,
      "val_verse_to_chorus_acc": 0.415929203539823,
      "val_chorus_to_verse_acc": 0.4595959595959596,
      "val_window_diff": 0.3864538095693857,