{
  "method": "platt",
  "params": {
    "A": 1.063906032368212,
    "B": 0.0
  },
  "ece_before": 0.030773269477316827,
  "ece_after": 0.03824643252055163,
  "improvement": -0.007473163043234806,
  "all_results": [
    {
      "method": "temperature",
      "params": {
        "temperature": 0.9031705151612744
      },
      "ece_before": 0.030773269477316827,
      "ece_after": 0.03960214692857738,
      "improvement": -0.008828877451260552
    },
    {
      "method": "platt",
      "params": {
        "A": 1.063906032368212,
        "B": 0.0
      },
      "ece_before": 0.030773269477316827,
      "ece_after": 0.03824643252055163,
      "improvement": -0.007473163043234806
    }
  ]
}