{
  "metadata": {
    "model_info": {
      "architecture": "CNN",
      "hidden_dim": 128,
      "num_layers": 2,
      "dropout": 0.3842810256530799,
      "layer_dropout": 0.17675161631734992,
      "kernel_sizes": [
        3,
        5
      ],
      "dilation_rates": [
        1,
        2,
        4
      ],
      "use_residual": true,
      "attention_enabled": false,
      "attention_type": "self",
      "attention_heads": 4,
      "total_params": 221314,
      "cnn_params": 131840,
      "attention_params": 0
    },
    "training_info": {
      "batch_size": 32,
      "learning_rate": 0.0007771901374109088,
      "scheduler": "onecycle",
      "scheduler_type": "step",
      "validation_strategy": "boundary_f1",
      "total_epochs": 12,
      "early_stopping_mode": "cnn_calibration",
      "convergence_window": 5
    },
    "calibration_info": {
      "temperature": {
        "ece_before": 0.030773269477316827,
        "ece_after": 0.03960214692857738,
        "improvement": -0.008828877451260552,
        "params": {
          "temperature": 0.9031705151612744
        }
      },
      "platt": {
        "ece_before": 0.030773269477316827,
        "ece_after": 0.03824643252055163,
        "improvement": -0.007473163043234806,
        "params": {
          "A": 1.063906032368212,
          "B": 0.0
        }
      }
    }
  },
  "metrics": [
    {
      "epoch": 1,
      "train_loss": 0.5027906215853162,
      "train_chorus_rate": 0.20027756753067175,
      "train_max_prob": 0.5561650296052297,
      "train_conf_over_90": 0.0,
      "train_conf_over_95": 0.0,
      "val_loss": 0.4965052753686905,
      "val_macro_f1": 0.5161117581576504,
      "val_verse_f1": 0.820443238353686,
      "val_chorus_f1": 0.21178027796161483,
      "val_chorus_rate": 0.07330343872308731,
      "val_max_prob": 0.5834184437990189,
      "val_conf_over_90": 0.0,
      "val_conf_over_95": 0.0,
      "learning_rate": 3.570605533590387e-05,
      "epoch_time": 45.26674699783325,
      "val_boundary_f1": 0.1085972850678733,
      "val_boundary_precision": 0.1506276150627615,
      "val_boundary_recall": 0.08490566037735849,
      "val_complete_segments": 0.04677489058074957,
      "val_avg_segment_overlap": 0.2634062828309135,
      "val_verse_to_chorus_acc": 0.061946902654867256,
      "val_chorus_to_verse_acc": 0.06060606060606061,
      "val_window_diff": 0.3785156226147446,
      "val_pk_metric": 0.3218502573261526,
      "cnn_receptive_field_usage": 0.4,
      "cnn_gradient_norm": 3.68208556705051,
      "cnn_effective_layers": 2
    },
    {
      "epoch": 2,
      "train_loss": 0.48252666493256885,
      "train_chorus_rate": 0.2451624899274773,
      "train_max_prob": 0.5771591597133212,
      "train_conf_over_90": 0.0,
      "train_conf_over_95": 0.0,
      "val_loss": 0.47866808623075485,
      "val_macro_f1": 0.6392670269972964,
      "val_verse_f1": 0.7995238904948136,
      "val_chorus_f1": 0.4790101634997791,
      "val_chorus_rate": 0.2569810338318348,
      "val_max_prob": 0.5976522266864777,
      "val_conf_over_90": 0.0,
      "val_conf_over_95": 0.0,
      "learning_rate": 4.9447050175117956e-05,
      "epoch_time": 33.231929063797,
      "val_boundary_f1": 0.24068157614483496,
      "val_boundary_precision": 0.21941747572815534,
      "val_boundary_recall": 0.2665094339622642,
      "val_complete_segments": 0.13900376760822392,
      "val_avg_segment_overlap": 0.4580130036552432,
      "val_verse_to_chorus_acc": 0.22123893805309736,
      "val_chorus_to_verse_acc": 0.25252525252525254,
      "val_window_diff": 0.3882531318475769,
      "val_pk_metric": 0.31372610766673825,
      "cnn_receptive_field_usage": 0.4,
      "cnn_gradient_norm": 1.2466399603419833,
      "cnn_effective_layers": 2
    },
    {
      "epoch": 3,
      "train_loss": 0.46663110786014134,
      "train_chorus_rate": 0.261592539648215,
      "train_max_prob": 0.6253732475969527,
      "train_conf_over_90": 0.0,
      "train_conf_over_95": 0.0,
      "val_loss": 0.4676951915025711,
      "val_macro_f1": 0.6676563263067052,
      "val_verse_f1": 0.7719626168224298,
      "val_chorus_f1": 0.5633500357909808,
      "val_chorus_rate": 0.3875150978565216,
      "val_max_prob": 0.6191727817058563,
      "val_conf_over_90": 0.0,
      "val_conf_over_95": 0.0,
      "learning_rate": 7.197035744445357e-05,
      "epoch_time": 32.25508117675781,
      "val_boundary_f1": 0.21923076923076926,
      "val_boundary_precision": 0.18506493506493507,
      "val_boundary_recall": 0.2688679245283019,
      "val_complete_segments": 0.11995556566994005,
      "val_avg_segment_overlap": 0.5094599340460461,
      "val_verse_to_chorus_acc": 0.2079646017699115,
      "val_chorus_to_verse_acc": 0.2727272727272727,
      "val_window_diff": 0.429142781246452,
      "val_pk_metric": 0.33551685948477106,
      "cnn_receptive_field_usage": 0.4,
      "cnn_gradient_norm": 1.1310088766945734,
      "cnn_effective_layers": 2
    },
    {
      "epoch": 4,
      "train_loss": 0.4520487172736062,
      "train_chorus_rate": 0.3004518821835518,
      "train_max_prob": 0.6538382934199439,
      "train_conf_over_90": 0.0,
      "train_conf_over_95": 0.0,
      "val_loss": 0.46221528947353363,
      "val_macro_f1": 0.6600114535346318,
      "val_verse_f1": 0.734488315874295,
      "val_chorus_f1": 0.5855345911949685,
      "val_chorus_rate": 0.48140180855989456,
      "val_max_prob": 0.6464527994394302,
      "val_conf_over_90": 0.0,
      "val_conf_over_95": 0.0,
      "learning_rate": 0.00010271829097938047,
      "epoch_time": 32.036662101745605,
      "val_boundary_f1": 0.20248328557784145,
      "val_boundary_precision": 0.17014446227929375,
      "val_boundary_recall": 0.25,
      "val_complete_segments": 0.09771144810401265,
      "val_avg_segment_overlap": 0.5110704953961718,
      "val_verse_to_chorus_acc": 0.22123893805309736,
      "val_chorus_to_verse_acc": 0.21212121212121213,
      "val_window_diff": 0.4500041000090702,
      "val_pk_metric": 0.3525468329188096,
      "cnn_receptive_field_usage": 0.4,
      "cnn_gradient_norm": 1.5094063248899248,
      "cnn_effective_layers": 2
    },
    {
      "epoch": 5,
      "train_loss": 0.4372827029890484,
      "train_chorus_rate": 0.33080670568678117,
      "train_max_prob": 0.6750160025225745,
      "train_conf_over_90": 2.5391022467778788e-05,
      "train_conf_over_95": 0.0,
      "val_loss": 0.45281071215867996,
      "val_macro_f1": 0.6746974550759843,
      "val_verse_f1": 0.752428146679881,
      "val_chorus_f1": 0.5969667634720877,
      "val_chorus_rate": 0.46039095520973206,
      "val_max_prob": 0.6784141510725021,
      "val_conf_over_90": 0.0,
      "val_conf_over_95": 0.0,
      "learning_rate": 0.0001409295195546374,
      "epoch_time": 32.52668118476868,
      "val_boundary_f1": 0.2774566473988439,
      "val_boundary_precision": 0.23452768729641693,
      "val_boundary_recall": 0.33962264150943394,
      "val_complete_segments": 0.1768148423994998,
      "val_avg_segment_overlap": 0.5488621308509735,
      "val_verse_to_chorus_acc": 0.34513274336283184,
      "val_chorus_to_verse_acc": 0.2727272727272727,
      "val_window_diff": 0.42842127900943733,
      "val_pk_metric": 0.33540144504916247,
      "cnn_receptive_field_usage": 0.4,
      "cnn_gradient_norm": 1.5253550211588542,
      "cnn_effective_layers": 2
    },
    {
      "epoch": 6,
      "train_loss": 0.42126429577668506,
      "train_chorus_rate": 0.368677341275745,
      "train_max_prob": 0.6905546519491408,
      "train_conf_over_90": 0.00038708464772854414,
      "train_conf_over_95": 0.0,
      "val_loss": 0.44112690538167953,
      "val_macro_f1": 0.7043920145190563,
      "val_verse_f1": 0.7894736842105263,
      "val_chorus_f1": 0.6193103448275862,
      "val_chorus_rate": 0.411808542907238,
      "val_max_prob": 0.7073694318532944,
      "val_conf_over_90": 0.0,
      "val_conf_over_95": 0.0,
      "learning_rate": 0.00018565791775217231,
      "epoch_time": 32.38792395591736,