{
  "trial_number": 105,
  "timestamp": 1756238328.156739,
  "boundary_f1": 0.44511581067472306,
  "line_f1": 0.7778315732685896,
  "macro_f1": 0.7778315732685896,
  "verse_f1": 0.85863497208716,
  "chorus_f1": 0.6970281744500193,
  "windowdiff": 0.34324813610312194,
  "pk": 0.2397239472696989,
  "val_loss": 0.493564248085022,
  "val_accuracy": 0.0,
  "weighted_f1": 0.0,
  "training_time": 1589.3214557170868,
  "training_time_minutes": 26.488690928618112,
  "total_params": 0,
  "actual_epochs": 15,
  "config_summary": {
    "attention_enabled": true,
    "hidden_dim": 256,
    "num_layers": 1,
    "max_epochs": 15,
    "batch_size": 32,
    "learning_rate": 0.0008818287083395568,
    "boundary_weight": 1.9285992875167526,
    "label_smoothing": 0.25052838820251977
  },
  "validation_strategy": "composite",
  "all_metrics": {
    "loss": 0.493564248085022,
    "chorus_rate": 0.33700965344905853,
    "max_prob_mean": 0.6742956042289734,
    "confidence_over_90": 0.000693802023306489,
    "confidence_over_95": 0.0,
    "verse_f1": 0.85863497208716,
    "chorus_f1": 0.6970281744500193,
    "macro_f1": 0.7778315732685896,
    "boundary_f1": 0.44511581067472306,
    "boundary_precision": 0.3884007029876977,
    "boundary_recall": 0.5212264150943396,
    "complete_segments": 0.3448164931330361,
    "avg_segment_overlap": 0.6823453361535613,
    "verse_to_chorus_acc": 0.48672566371681414,
    "chorus_to_verse_acc": 0.494949494949495,
    "window_diff": 0.34324813610312194,
    "pk_metric": 0.2397239472696989
  },
  "parameters": {
    "hidden_dim": 256,
    "num_layers": 1,
    "dropout": 0.1841758864605922,
    "attention_enabled": true,
    "attention_type": "localized",
    "attention_heads": 4,
    "attention_dropout": 0.25571551312161717,
    "max_epochs": 15,
    "batch_size": 32,
    "learning_rate": 0.0008818287083395568,
    "weight_decay": 0.01562673192906014,
    "scheduler": "cosine",
    "min_delta": 0.0006763809354102188,
    "gradient_clip_norm": 0.3714621018652839,
    "validation_strategy": "composite",
    "head_tail_words": 2,
    "boundary_weight": 1.9285992875167526,
    "label_smoothing": 0.25052838820251977,
    "segment_consistency_lambda": 0.02954496020179949,
    "conf_penalty_lambda": 0.00681277732403698,
    "conf_threshold": 0.9162599075515397,
    "entropy_lambda": 0.03693976929331597,
    "max_confidence_threshold": 0.931501030329469,
    "min_chorus_rate": 0.06659717664304379,
    "max_chorus_rate": 0.786228338291983,
    "max_conf_over_95_ratio": 0.1792880951285449,
    "head_ssm_enabled": true,
    "tail_ssm_enabled": true,
    "phonetic_ssm_enabled": true,
    "pos_ssm_enabled": true,
    "string_ssm_enabled": true,
    "syllable_pattern_ssm_enabled": true,
    "line_syllable_ssm_enabled": false,
    "word2vec_enabled": true,
    "contextual_enabled": true,
    "phonetic_mode": "combined",
    "phonetic_similarity_method": "binary",
    "phonetic_normalize": true,
    "phonetic_normalize_method": "minmax",
    "phonetic_high_sim_threshold": 0.28025949915129006,
    "pos_tagset": "universal",
    "pos_similarity_method": "combined",
    "pos_high_sim_threshold": 0.22385655123753084,
    "string_case_sensitive": false,
    "string_remove_punctuation": false,
    "string_similarity_threshold": 0.05563004646930535,
    "string_similarity_method": "jaccard",
    "syllable_pattern_similarity_method": "cosine",
    "syllable_pattern_levenshtein_weight": 0.7262247768080935,
    "syllable_pattern_cosine_weight": 0.22231508219185228,
    "syllable_pattern_normalize": true,
    "syllable_pattern_normalize_method": "zscore",
    "line_syllable_similarity_method": "cosine",
    "line_syllable_ratio_threshold": 0.09809751601641478,
    "line_syllable_normalize": true,
    "line_syllable_normalize_method": "minmax",
    "word2vec_mode": "summary",
    "word2vec_normalize": true,
    "word2vec_similarity_metric": "cosine",
    "word2vec_high_sim_threshold": 0.8414063650176533,
    "contextual_mode": "summary",
    "contextual_normalize": false,
    "contextual_similarity_metric": "dot",
    "contextual_high_sim_threshold": 0.6509984100741437
  },
  "config": {
    "hidden_dim": 256,
    "num_layers": 1,
    "layer_dropout": 0.0,
    "num_classes": 2,
    "dropout": 0.1841758864605922,
    "attention_enabled": true,
    "attention_type": "localized",
    "attention_heads": 4,
    "attention_dropout": 0.25571551312161717,
    "attention_dim": 256,
    "positional_encoding": true,
    "max_seq_length": 1000,
    "window_size": 7,
    "boundary_temperature": 2.0,
    "batch_size": 32,
    "learning_rate": 0.0008818287083395568,
    "weight_decay": 0.01562673192906014,
    "max_epochs": 15,
    "patience": 4,
    "gradient_clip_norm": 0.3714621018652839,
    "scheduler": "cosine",
    "min_lr": 1e-06,
    "cosine_t_max": 15,
    "warmup_epochs": 5,
    "lr_factor": 0.5,
    "lr_patience": 10,
    "step_size": 30,
    "step_gamma": 0.5,
    "cosine_t0": 10,
    "cosine_t_mult": 2,
    "min_delta": 0.0006763809354102188,
    "train_file": "data/train.jsonl",
    "val_file": "data/val.jsonl",
    "test_file": "data/test.jsonl",
    "weighted_sampling": true,
    "emergency_monitoring_enabled": true,
    "max_confidence_threshold": 0.931501030329469,
    "min_chorus_rate": 0.06659717664304379,
    "max_chorus_rate": 0.786228338291983,
    "max_conf_over_95_ratio": 0.1792880951285449,
    "val_overconf_threshold": 0.96,
    "val_f1_collapse_threshold": 0.1,
    "loss": {
      "loss_type": "boundary_aware",
      "boundary_weight": 1.9285992875167526,
      "label_smoothing": 0.25052838820251977,
      "segment_consistency_lambda": 0.02954496020179949,
      "conf_penalty_lambda": 0.00681277732403698,
      "conf_threshold": 0.9162599075515397,
      "entropy_lambda": 0.03693976929331597
    },
    "calibration_enabled": true,
    "calibration_methods": [
      "temperature",
      "platt"
    ],
    "validation_strategy": "composite",
    "head_ssm_enabled": true,
    "head_ssm_words": 2,
    "head_ssm_dimension": 12,
    "tail_ssm_enabled": true,
    "tail_ssm_words": 2,
    "tail_ssm_dimension": 12,
    "phonetic_ssm_enabled": true,
    "phonetic_ssm_mode": "combined",
    "phonetic_ssm_dimension": 12,
    "phonetic_ssm_similarity_method": "binary",
    "phonetic_ssm_normalize": true,
    "phonetic_ssm_normalize_method": "minmax",
    "phonetic_ssm_high_sim_threshold": 0.28025949915129006,
    "pos_ssm_enabled": true,
    "pos_ssm_tagset": "universal",
    "pos_ssm_similarity_method": "combined",
    "pos_ssm_high_sim_threshold": 0.22385655123753084,
    "pos_ssm_dimension": 12,
    "string_ssm_enabled": true,
    "string_ssm_case_sensitive": false,
    "string_ssm_remove_punctuation": false,
    "string_ssm_similarity_threshold": 0.05563004646930535,
    "string_ssm_similarity_method": "jaccard",
    "string_ssm_dimension": 12,
    "syllable_pattern_ssm_enabled": true,
    "syllable_pattern_ssm_similarity_method": "cosine",
    "syllable_pattern_ssm_levenshtein_weight": 0.7656238901481262,
    "syllable_pattern_ssm_cosine_weight": 0.2343761098518739,
    "syllable_pattern_ssm_normalize": true,
    "syllable_pattern_ssm_normalize_method": "zscore",
    "syllable_pattern_ssm_dimension": 12,
    "line_syllable_ssm_enabled": false,
    "line_syllable_ssm_similarity_method": "cosine",
    "line_syllable_ssm_ratio_threshold": 0.09809751601641478,
    "line_syllable_ssm_normalize": true,
    "line_syllable_ssm_normalize_method": "minmax",
    "line_syllable_ssm_dimension": 12,
    "word2vec_enabled": true,
    "word2vec_model": "word2vec-google-news-300",
    "word2vec_mode": "summary",
    "word2vec_normalize": true,
    "word2vec_similarity_metric": "cosine",
    "word2vec_high_sim_threshold": 0.8414063650176533,
    "contextual_enabled": true,
    "contextual_model": "all-MiniLM-L6-v2",
    "contextual_mode": "summary",
    "contextual_normalize": false,
    "contextual_similarity_metric": "dot",