{
  "boundary_metrics": {
    "description": "Boundary-aware evaluation metrics for structural understanding",
    "line_level_metrics": {
      "macro_f1": 0.49156429592217116,
      "verse_f1": 0.5174106099555971,
      "chorus_f1": 0.46571798188874525
    },
    "boundary_detection": {
      "f1": 0.050816696914700546,
      "precision": 0.11023622047244094,
      "recall": 0.0330188679245283
    },
    "segment_quality": {
      "complete_segments_detected": 0.015701951486600963,
      "avg_segment_overlap_iou": 0.21320978065806712
    },
    "transition_accuracy": {
      "verse_to_chorus": 0.03982300884955752,
      "chorus_to_verse": 0.0
    }
  },
  "historical_progression": [
    {
      "epoch": 1,
      "boundary_f1": 0.05444646098003629,
      "complete_segments": 0.016822701701588307,
      "verse_to_chorus_acc": 0.035398230088495575,
      "chorus_to_verse_acc": 0.0
    },
    {
      "epoch": 2,
      "boundary_f1": 0.050816696914700546,
      "complete_segments": 0.015701951486600963,
      "verse_to_chorus_acc": 0.03982300884955752,
      "chorus_to_verse_acc": 0.0
    },
    {
      "epoch": 3,
      "boundary_f1": 0.050816696914700546,
      "complete_segments": 0.031127099347545182,
      "verse_to_chorus_acc": 0.04424778761061947,
      "chorus_to_verse_acc": 0.0
    }
  ],
  "export_timestamp": 1755829625.433035,
  "model_config": {
    "experiment_name": "hyperopt_trial_001",
    "batch_size": 16,
    "learning_rate": 5.244459265920605e-05,
    "scheduler": "cosine_restarts"
  }
}