{
  "method": "platt",
  "params": {
    "A": 0.7551998784340359,
    "B": -0.068044134743015
  },
  "ece_before": 0.05350925283019809,
  "ece_after": 0.03870404198443727,
  "improvement": 0.014805210845760822,
  "all_results": [
    {
      "method": "temperature",
      "params": {
        "temperature": 1.2080171396087656
      },
      "ece_before": 0.05350925283019809,
      "ece_after": 0.05399334137940919,
      "improvement": -0.0004840885492111008
    },
    {
      "method": "platt",
      "params": {
        "A": 0.7551998784340359,
        "B": -0.068044134743015
      },
      "ece_before": 0.05350925283019809,
      "ece_after": 0.03870404198443727,
      "improvement": 0.014805210845760822
    }
  ]
}