{
  "trial_number": 1,
  "boundary_f1": 0.050816696914700546,
  "validation_strategy": "line_f1",
  "all_metrics": {
    "loss": 0.6348668411374092,
    "chorus_rate": 0.6508891731500626,
    "max_prob_mean": 0.5375527068972588,
    "confidence_over_90": 0.0,
    "confidence_over_95": 0.0,
    "verse_f1": 0.5174106099555971,
    "chorus_f1": 0.46571798188874525,
    "macro_f1": 0.49156429592217116,
    "boundary_f1": 0.050816696914700546,
    "boundary_precision": 0.11023622047244094,
    "boundary_recall": 0.0330188679245283,
    "complete_segments": 0.015701951486600963,
    "avg_segment_overlap": 0.21320978065806712,
    "verse_to_chorus_acc": 0.03982300884955752,
    "chorus_to_verse_acc": 0.0,
    "window_diff": 0.4576849545048418,
    "pk_metric": 0.4692215349310441
  },
  "parameters": {
    "hidden_dim": 256,
    "num_layers": 1,
    "dropout": 0.17889199846258244,
    "attention_heads": 8,
    "attention_dropout": 0.19365751570238524,
    "max_epochs": 30,
    "batch_size": 16,
    "learning_rate": 5.244459265920605e-05,
    "weight_decay": 0.00030571821256850687,
    "scheduler": "cosine_restarts",
    "patience": 8,
    "min_delta": 0.0005684236635332449,
    "gradient_clip_norm": 1.1054059322694745,
    "validation_strategy": "line_f1",
    "head_tail_words": 3,
    "boundary_weight": 2.967754202119739,
    "label_smoothing": 0.15597930206445326,
    "segment_consistency_lambda": 0.026899647514249805,
    "conf_penalty_lambda": 0.009509014210656004,
    "conf_threshold": 0.9078532246191977,
    "entropy_lambda": 0.06420795462162443,
    "max_confidence_threshold": 0.9745194900234796,
    "min_chorus_rate": 0.1233045907040287,
    "max_chorus_rate": 0.7162256540409809,
    "max_conf_over_95_ratio": 0.19915924576988894,
    "head_ssm_enabled": false,
    "tail_ssm_enabled": false,
    "phonetic_ssm_enabled": false,
    "pos_ssm_enabled": true,
    "string_ssm_enabled": false,
    "syllable_pattern_ssm_enabled": false,
    "line_syllable_ssm_enabled": true,
    "word2vec_enabled": false,
    "contextual_enabled": true,
    "phonetic_mode": "combined",
    "phonetic_similarity_method": "binary",
    "phonetic_normalize": true,
    "phonetic_normalize_method": "minmax",
    "phonetic_high_sim_threshold": 0.2858146306935992,
    "pos_tagset": "penn",
    "pos_similarity_method": "lcs",
    "pos_high_sim_threshold": 0.3011019969666243,
    "string_case_sensitive": false,
    "string_remove_punctuation": false,
    "string_similarity_threshold": 0.04933328332394627,
    "string_similarity_method": "jaccard",
    "syllable_pattern_similarity_method": "combined",
    "syllable_pattern_levenshtein_weight": 0.6278040903106709,
    "syllable_pattern_cosine_weight": 0.2915072464794474,
    "syllable_pattern_normalize": true,
    "syllable_pattern_normalize_method": "zscore",
    "line_syllable_similarity_method": "cosine",
    "line_syllable_ratio_threshold": 0.09397381225041214,
    "line_syllable_normalize": false,
    "line_syllable_normalize_method": "minmax",
    "word2vec_mode": "complete",
    "word2vec_normalize": false,
    "word2vec_similarity_metric": "dot",
    "word2vec_high_sim_threshold": 0.8168166058305287,
    "contextual_mode": "summary",
    "contextual_normalize": false,
    "contextual_similarity_metric": "cosine",
    "contextual_high_sim_threshold": 0.6822474977511327
  },
  "config": {
    "hidden_dim": 256,
    "num_layers": 1,
    "layer_dropout": 0.0,
    "num_classes": 2,
    "dropout": 0.17889199846258244,
    "attention_enabled": true,
    "attention_type": "boundary_aware",
    "attention_heads": 8,
    "attention_dropout": 0.19365751570238524,
    "attention_dim": 256,
    "positional_encoding": true,
    "max_seq_length": 1000,
    "window_size": 7,
    "boundary_temperature": 2.0,
    "batch_size": 16,
    "learning_rate": 5.244459265920605e-05,
    "weight_decay": 0.00030571821256850687,
    "max_epochs": 30,
    "patience": 8,
    "gradient_clip_norm": 1.1054059322694745,
    "scheduler": "cosine_restarts",
    "min_lr": 1e-06,
    "cosine_t_max": 30,
    "warmup_epochs": 5,
    "lr_factor": 0.5,
    "lr_patience": 10,
    "step_size": 30,
    "step_gamma": 0.5,
    "cosine_t0": 10,
    "cosine_t_mult": 2,
    "min_delta": 0.0005684236635332449,
    "train_file": "data/train.jsonl",
    "val_file": "data/val.jsonl",
    "test_file": "data/test.jsonl",
    "weighted_sampling": true,
    "emergency_monitoring_enabled": true,
    "max_confidence_threshold": 0.9745194900234796,
    "min_chorus_rate": 0.1233045907040287,
    "max_chorus_rate": 0.7162256540409809,
    "max_conf_over_95_ratio": 0.19915924576988894,
    "val_overconf_threshold": 0.96,
    "val_f1_collapse_threshold": 0.1,
    "loss": {
      "loss_type": "boundary_aware",
      "boundary_weight": 2.967754202119739,
      "label_smoothing": 0.15597930206445326,
      "segment_consistency_lambda": 0.026899647514249805,
      "conf_penalty_lambda": 0.009509014210656004,
      "conf_threshold": 0.9078532246191977,
      "entropy_lambda": 0.06420795462162443
    },
    "calibration_enabled": true,
    "calibration_methods": [
      "temperature",
      "platt"
    ],
    "validation_strategy": "line_f1",
    "head_ssm_enabled": false,
    "head_ssm_words": 3,
    "head_ssm_dimension": 12,
    "tail_ssm_enabled": false,
    "tail_ssm_words": 3,
    "tail_ssm_dimension": 12,
    "phonetic_ssm_enabled": false,
    "phonetic_ssm_mode": "combined",
    "phonetic_ssm_dimension": 12,
    "phonetic_ssm_similarity_method": "binary",
    "phonetic_ssm_normalize": true,
    "phonetic_ssm_normalize_method": "minmax",
    "phonetic_ssm_high_sim_threshold": 0.2858146306935992,
    "pos_ssm_enabled": true,
    "pos_ssm_tagset": "penn",
    "pos_ssm_similarity_method": "lcs",
    "pos_ssm_high_sim_threshold": 0.3011019969666243,
    "pos_ssm_dimension": 12,
    "string_ssm_enabled": false,
    "string_ssm_case_sensitive": false,
    "string_ssm_remove_punctuation": false,
    "string_ssm_similarity_threshold": 0.04933328332394627,
    "string_ssm_similarity_method": "jaccard",
    "string_ssm_dimension": 12,
    "syllable_pattern_ssm_enabled": false,
    "syllable_pattern_ssm_similarity_method": "combined",
    "syllable_pattern_ssm_levenshtein_weight": 0.6829069382552394,
    "syllable_pattern_ssm_cosine_weight": 0.31709306174476065,
    "syllable_pattern_ssm_normalize": true,
    "syllable_pattern_ssm_normalize_method": "zscore",
    "syllable_pattern_ssm_dimension": 12,
    "line_syllable_ssm_enabled": true,
    "line_syllable_ssm_similarity_method": "cosine",
    "line_syllable_ssm_ratio_threshold": 0.09397381225041214,
    "line_syllable_ssm_normalize": false,
    "line_syllable_ssm_normalize_method": "minmax",
    "line_syllable_ssm_dimension": 12,
    "word2vec_enabled": false,
    "word2vec_model": "word2vec-google-news-300",
    "word2vec_mode": "complete",
    "word2vec_normalize": false,
    "word2vec_similarity_metric": "dot",
    "word2vec_high_sim_threshold": 0.8168166058305287,
    "contextual_enabled": true,
    "contextual_model": "all-MiniLM-L6-v2",
    "contextual_mode": "summary",
    "contextual_normalize": false,
    "contextual_similarity_metric": "cosine",
    "contextual_high_sim_threshold": 0.6822474977511327
  }
}