{
  "method": "temperature",
  "params": {
    "temperature": 0.7568275872598862
  },
  "ece_before": 0.05132377295515159,
  "ece_after": 0.024084780109069184,
  "improvement": 0.02723899284608241,
  "all_results": [
    {
      "method": "temperature",
      "params": {
        "temperature": 0.7568275872598862
      },
      "ece_before": 0.05132377295515159,
      "ece_after": 0.024084780109069184,
      "improvement": 0.02723899284608241
    },
    {
      "method": "platt",
      "params": {
        "A": 1.1079397824909343,
        "B": 0.0
      },
      "ece_before": 0.05132377295515159,
      "ece_after": 0.04319718027805769,
      "improvement": 0.008126592677093904
    }
  ]
}