{
  "metadata": {
    "model_info": {
      "architecture": "CNN",
      "hidden_dim": 128,
      "num_layers": 1,
      "dropout": 0.25953375254290356,
      "layer_dropout": 0.0,
      "kernel_sizes": [
        3,
        5,
        7
      ],
      "dilation_rates": [
        1,
        2
      ],
      "use_residual": true,
      "attention_enabled": true,
      "attention_type": "localized",
      "attention_heads": 4,
      "total_params": 165504,
      "cnn_params": 97278,
      "attention_params": 66304
    },
    "training_info": {
      "batch_size": 64,
      "learning_rate": 0.00017753837036522268,
      "scheduler": "cosine",
      "scheduler_type": "epoch",
      "validation_strategy": "boundary_f1",
      "total_epochs": 12,
      "early_stopping_mode": "cnn_calibration",
      "convergence_window": 5
    },
    "calibration_info": {
      "temperature": {
        "ece_before": 0.05132377295515159,
        "ece_after": 0.024084780109069184,
        "improvement": 0.02723899284608241,
        "params": {
          "temperature": 0.7568275872598862
        }
      },
      "platt": {
        "ece_before": 0.05132377295515159,
        "ece_after": 0.04319718027805769,
        "improvement": 0.008126592677093904,
        "params": {
          "A": 1.1079397824909343,
          "B": 0.0
        }
      }
    }
  },
  "metrics": [
    {
      "epoch": 1,
      "train_loss": 0.5952406355312893,
      "train_chorus_rate": 0.24008329111217921,
      "train_max_prob": 0.6087289708001273,
      "train_conf_over_90": 0.0,
      "train_conf_over_95": 0.0,
      "val_loss": 0.6140421032905579,
      "val_macro_f1": 0.46669227847603917,
      "val_verse_f1": 0.8006644518272426,
      "val_chorus_f1": 0.13272010512483576,
      "val_chorus_rate": 0.07665786147117615,
      "val_max_prob": 0.5404388606548309,
      "val_conf_over_90": 0.0,
      "val_conf_over_95": 0.0,
      "learning_rate": 0.000174530670815988,
      "epoch_time": 76.00176787376404,
      "val_boundary_f1": 0.10218978102189781,
      "val_boundary_precision": 0.13409961685823754,
      "val_boundary_recall": 0.08254716981132075,
      "val_complete_segments": 0.015613696648179406,
      "val_avg_segment_overlap": 0.2269232437759317,
      "val_verse_to_chorus_acc": 0.07964601769911504,
      "val_chorus_to_verse_acc": 0.030303030303030304,
      "val_window_diff": 0.4011254424496594,
      "val_pk_metric": 0.36994280331376206,
      "cnn_receptive_field_usage": 0.5,
      "cnn_gradient_norm": 1147.289446932929,
      "cnn_effective_layers": 1
    },
    {
      "epoch": 2,
      "train_loss": 0.5749816298484802,
      "train_chorus_rate": 0.5953572818211147,
      "train_max_prob": 0.5530079262597221,
      "train_conf_over_90": 0.0,
      "train_conf_over_95": 0.0,
      "val_loss": 0.6105087399482727,
      "val_macro_f1": 0.5555089286510672,
      "val_verse_f1": 0.7948922585794094,
      "val_chorus_f1": 0.3161255987227249,
      "val_chorus_rate": 0.1611892133951187,
      "val_max_prob": 0.5706821382045746,
      "val_conf_over_90": 0.0,
      "val_conf_over_95": 0.0,
      "learning_rate": 0.00016571254192210576,
      "epoch_time": 67.2024290561676,
      "val_boundary_f1": 0.17714285714285713,
      "val_boundary_precision": 0.2246376811594203,
      "val_boundary_recall": 0.14622641509433962,
      "val_complete_segments": 0.043740742016604085,
      "val_avg_segment_overlap": 0.28771067389139193,
      "val_verse_to_chorus_acc": 0.16371681415929204,
      "val_chorus_to_verse_acc": 0.08080808080808081,
      "val_window_diff": 0.39313481956133034,
      "val_pk_metric": 0.37098274128003744,
      "cnn_receptive_field_usage": 0.5,
      "cnn_gradient_norm": 10.223249222551074,
      "cnn_effective_layers": 1
    },
    {
      "epoch": 3,
      "train_loss": 0.5745300395148141,
      "train_chorus_rate": 0.5121218476976667,
      "train_max_prob": 0.5761842727661133,
      "train_conf_over_90": 0.0,
      "train_conf_over_95": 0.0,
      "val_loss": 0.5844972431659698,
      "val_macro_f1": 0.5511485238608445,
      "val_verse_f1": 0.5600770527329642,
      "val_chorus_f1": 0.5422199949887246,
      "val_chorus_rate": 0.6737373471260071,
      "val_max_prob": 0.5822782516479492,
      "val_conf_over_90": 0.0,
      "val_conf_over_95": 0.0,
      "learning_rate": 0.00015168492459504695,
      "epoch_time": 61.333240270614624,
      "val_boundary_f1": 0.1702127659574468,
      "val_boundary_precision": 0.17061611374407584,
      "val_boundary_recall": 0.16981132075471697,
      "val_complete_segments": 0.06614936787350581,
      "val_avg_segment_overlap": 0.35368589846505805,
      "val_verse_to_chorus_acc": 0.16371681415929204,
      "val_chorus_to_verse_acc": 0.16666666666666666,
      "val_window_diff": 0.4277433770736748,
      "val_pk_metric": 0.3802823443373159,
      "cnn_receptive_field_usage": 0.5,
      "cnn_gradient_norm": 1.502795317343303,
      "cnn_effective_layers": 1
    },
    {
      "epoch": 4,
      "train_loss": 0.5651448369026184,
      "train_chorus_rate": 0.29315643864018576,
      "train_max_prob": 0.6352641497339521,
      "train_conf_over_90": 0.0,
      "train_conf_over_95": 0.0,
      "val_loss": 0.6170943975448608,
      "val_macro_f1": 0.5882495418638206,
      "val_verse_f1": 0.806865575874238,
      "val_chorus_f1": 0.36963350785340315,
      "val_chorus_rate": 0.17110932618379593,
      "val_max_prob": 0.6470008790493011,
      "val_conf_over_90": 0.0,
      "val_conf_over_95": 0.0,
      "learning_rate": 0.00013340377777391703,
      "epoch_time": 68.11671590805054,
      "val_boundary_f1": 0.2802690582959641,
      "val_boundary_precision": 0.2670940170940171,
      "val_boundary_recall": 0.294811320754717,
      "val_complete_segments": 0.12717454958834268,
      "val_avg_segment_overlap": 0.39556092706266466,
      "val_verse_to_chorus_acc": 0.2743362831858407,
      "val_chorus_to_verse_acc": 0.2474747474747475,
      "val_window_diff": 0.38206143555198796,
      "val_pk_metric": 0.30486109885853196,
      "cnn_receptive_field_usage": 0.5,
      "cnn_gradient_norm": 35.43815748180662,
      "cnn_effective_layers": 1
    },
    {
      "epoch": 5,
      "train_loss": 0.5609158532960075,
      "train_chorus_rate": 0.5004034340381622,
      "train_max_prob": 0.6069181220872062,
      "train_conf_over_90": 0.0,
      "train_conf_over_95": 0.0,
      "val_loss": 0.5737050473690033,
      "val_macro_f1": 0.5789175773936517,
      "val_verse_f1": 0.6008403361344538,
      "val_chorus_f1": 0.5569948186528497,
      "val_chorus_rate": 0.6414811909198761,
      "val_max_prob": 0.6056838631629944,
      "val_conf_over_90": 0.0,
      "val_conf_over_95": 0.0,
      "learning_rate": 0.0001121149314035524,
      "epoch_time": 60.32726287841797,
      "val_boundary_f1": 0.19267822736030826,
      "val_boundary_precision": 0.16286644951140064,
      "val_boundary_recall": 0.2358490566037736,
      "val_complete_segments": 0.0669847393985325,
      "val_avg_segment_overlap": 0.41772174431338993,
      "val_verse_to_chorus_acc": 0.14601769911504425,
      "val_chorus_to_verse_acc": 0.30808080808080807,
      "val_window_diff": 0.4390327992289821,
      "val_pk_metric": 0.3560386226382249,
      "cnn_receptive_field_usage": 0.5,
      "cnn_gradient_norm": 2.4772581117493764,
      "cnn_effective_layers": 1
    },
    {
      "epoch": 6,
      "train_loss": 0.5451569557189941,
      "train_chorus_rate": 0.4855209972177233,
      "train_max_prob": 0.6237352575574603,
      "train_conf_over_90": 0.0,
      "train_conf_over_95": 0.0,
      "val_loss": 0.5654889047145844,
      "val_macro_f1": 0.6598002731976649,
      "val_verse_f1": 0.7385842472582252,
      "val_chorus_f1": 0.5810162991371045,
      "val_chorus_rate": 0.4695785343647003,
      "val_max_prob": 0.6316740214824677,
      "val_conf_over_90": 0.0,
      "val_conf_over_95": 0.0,
      "learning_rate": 8.926918518261135e-05,
      "epoch_time": 65.05951499938965,