{
  "trial_number": 1,
  "trial_id": "cnn_trial_0001",
  "model_type": "CNN",
  "training_score": 0.29597197898423816,
  "optuna_objective": 0.29597197898423816,
  "validation_metrics": {
    "line_f1": 0.6942160088501009,
    "boundary_f1": 0.29597197898423816,
    "macro_f1": 0.6942160088501009,
    "verse_f1": 0.7614254076907591,
    "chorus_f1": 0.6270066100094428,
    "boundary_precision": 0.23537604456824512,
    "boundary_recall": 0.39858490566037735,
    "window_diff": 0.41947012920542337,
    "pk_metric": 0.3194943589256699,
    "confidence": 0.6636338531970978,
    "val_loss": 0.5389254093170166
  },
  "all_results": {
    "line_f1": 0.6942160088501009,
    "boundary_f1": 0.29597197898423816,
    "macro_f1": 0.6942160088501009,
    "verse_f1": 0.7614254076907591,
    "chorus_f1": 0.6270066100094428,
    "boundary_precision": 0.23537604456824512,
    "boundary_recall": 0.39858490566037735,
    "window_diff": 0.41947012920542337,
    "pk_metric": 0.3194943589256699,
    "confidence": 0.6636338531970978,
    "val_loss": 0.5389254093170166
  },
  "parameters": {
    "hidden_dim": 128,
    "num_layers": 1,
    "dropout": 0.25953375254290356,
    "cnn_kernel_sizes": "3,5,7",
    "cnn_dilation_rates": "1,2",
    "cnn_use_residual": true,
    "cnn_batch_multiplier": 1.4436063712881633,
    "attention_enabled": true,
    "attention_type": "localized",
    "attention_heads": 4,
    "attention_dropout": 0.2045465658763988,
    "window_size": 5,
    "max_epochs": 12,
    "batch_size": 64,
    "learning_rate": 0.00017753837036522268,
    "weight_decay": 0.009678662762570943,
    "scheduler": "cosine",
    "min_delta": 8.621011073050506e-05,
    "gradient_clip_norm": 0.5028260170396376,
    "validation_strategy": "boundary_f1",
    "boundary_weight": 2.316701878255212,
    "label_smoothing": 0.1935730295093859,
    "segment_consistency_lambda": 0.023036720768991145,
    "conf_penalty_lambda": 0.005932850294430179,
    "conf_threshold": 0.9467767699546993,
    "entropy_lambda": 0.030786844838313013,
    "max_confidence_threshold": 0.9161488031032813,
    "min_chorus_rate": 0.06792182599846987,
    "max_chorus_rate": 0.8390802084983118,
    "max_conf_over_95_ratio": 0.053301557735830306,
    "head_ssm_enabled": false,
    "tail_ssm_enabled": false,
    "phonetic_ssm_enabled": false,
    "pos_ssm_enabled": true,
    "string_ssm_enabled": false,
    "syllable_pattern_ssm_enabled": true,
    "line_syllable_ssm_enabled": false,
    "word2vec_enabled": false,
    "contextual_enabled": true,
    "head_tail_words": 2,
    "phonetic_mode": "alliteration",
    "phonetic_similarity": "sequence_match",
    "phonetic_threshold": 0.2739561890666972,
    "pos_tagset": "penn",
    "pos_similarity": "position",
    "pos_threshold": 0.29282163486118595,
    "string_similarity": "levenshtein",
    "string_threshold": 0.05571549368149517
  },
  "duration_minutes": 0
}