{
  "trial_number": 6,
  "trial_id": "cnn_trial_0006",
  "model_type": "CNN",
  "training_score": 0.40816326530612246,
  "optuna_objective": 0.40816326530612246,
  "validation_metrics": {
    "line_f1": 0.760741643454039,
    "boundary_f1": 0.40816326530612246,
    "macro_f1": 0.760741643454039,
    "verse_f1": 0.858983286908078,
    "chorus_f1": 0.6625,
    "boundary_precision": 0.3597122302158273,
    "boundary_recall": 0.4716981132075472,
    "window_diff": 0.3623129810905037,
    "pk_metric": 0.25078803546595485,
    "confidence": 0.7932196855545044,
    "val_loss": 0.5830385684967041
  },
  "all_results": {
    "line_f1": 0.760741643454039,
    "boundary_f1": 0.40816326530612246,
    "macro_f1": 0.760741643454039,
    "verse_f1": 0.858983286908078,
    "chorus_f1": 0.6625,
    "boundary_precision": 0.3597122302158273,
    "boundary_recall": 0.4716981132075472,
    "window_diff": 0.3623129810905037,
    "pk_metric": 0.25078803546595485,
    "confidence": 0.7932196855545044,
    "val_loss": 0.5830385684967041
  },
  "parameters": {
    "hidden_dim": 256,
    "num_layers": 3,
    "dropout": 0.3733805864384754,
    "layer_dropout": 0.2424699869937886,
    "cnn_kernel_sizes": "5,7,9",
    "cnn_dilation_rates": "1,2,4",
    "cnn_use_residual": true,
    "cnn_batch_multiplier": 1.4052766653909163,
    "attention_enabled": true,
    "attention_type": "boundary_aware",
    "attention_heads": 4,
    "attention_dropout": 0.19373863195899405,
    "max_epochs": 8,
    "batch_size": 32,
    "learning_rate": 0.000999350129974347,
    "weight_decay": 0.02486504552244976,
    "scheduler": "onecycle",
    "min_delta": 0.0009453180725836037,
    "gradient_clip_norm": 0.8947531734741879,
    "validation_strategy": "boundary_f1",
    "boundary_weight": 2.477025513629361,
    "label_smoothing": 0.180308731722544,
    "segment_consistency_lambda": 0.017286428055034626,
    "conf_penalty_lambda": 0.008358503422029285,
    "conf_threshold": 0.9385438472137368,
    "entropy_lambda": 0.02716325436065681,
    "max_confidence_threshold": 0.9022711518439926,
    "min_chorus_rate": 0.063431463911856,
    "max_chorus_rate": 0.8512184620542276,
    "max_conf_over_95_ratio": 0.07316955175206918,
    "head_ssm_enabled": false,
    "tail_ssm_enabled": false,
    "phonetic_ssm_enabled": true,
    "pos_ssm_enabled": true,
    "string_ssm_enabled": true,
    "syllable_pattern_ssm_enabled": true,
    "line_syllable_ssm_enabled": true,
    "word2vec_enabled": false,
    "contextual_enabled": false,
    "head_tail_words": 2,
    "phonetic_mode": "rhyme",
    "phonetic_similarity": "edit_distance",
    "phonetic_threshold": 0.3426587625161494,
    "pos_tagset": "simplified",
    "pos_similarity": "combined",
    "pos_threshold": 0.2440145618778193,
    "string_similarity": "jaccard",
    "string_threshold": 0.048038053870245886
  },
  "duration_minutes": 0
}