{
  "metadata": {
    "model_info": {
      "hidden_dim": 256,
      "num_layers": 2,
      "dropout": 0.19921850423381712,
      "layer_dropout": 0.34417116641293005,
      "attention_enabled": true,
      "attention_heads": 8,
      "attention_dropout": 0.2734445231961012,
      "attention_dim": 256,
      "positional_encoding": true,
      "max_seq_length": 1000,
      "total_params": 2739715,
      "lstm_params": 2179072,
      "attention_params": 559617,
      "classifier_params": 1026
    },
    "training_info": {
      "batch_size": 32,
      "learning_rate": 0.0002755817776624396,
      "scheduler": "cosine",
      "label_smoothing": 0.0,
      "weighted_sampling": true,
      "total_epochs": 15,
      "validation_strategy": "line_f1",
      "weight_decay": 0.016885424264571337,
      "gradient_clip_norm": 0.8007934032532431,
      "max_epochs": 15,
      "patience": 4
    },
    "calibration_info": {
      "temperature": {
        "ece_before": 0.05789199213850474,
        "ece_after": 0.026708228268417258,
        "improvement": 0.03118376387008748,
        "params": {
          "temperature": 0.62478559886334
        }
      },
      "platt": {
        "ece_before": 0.05789199213850474,
        "ece_after": 0.032257801115747047,
        "improvement": 0.025634191022757692,
        "params": {
          "A": 1.3018597994526444,
          "B": 0.0
        }
      }
    }
  },
  "metrics": [
    {
      "epoch": 1,
      "train_loss": 0.5715511679649353,
      "train_chorus_rate": 0.6029585018171929,
      "train_max_prob": 0.5672007322311401,
      "train_conf_over_90": 0.0,
      "train_conf_over_95": 0.0,
      "val_loss": 0.5879309177398682,
      "val_macro_f1": 0.43129868916739034,
      "val_verse_f1": 0.38590872698158524,
      "val_chorus_f1": 0.47668865135319544,
      "val_chorus_rate": 0.7808253765106201,
      "val_max_prob": 0.5654540508985519,
      "val_conf_over_90": 0.0,
      "val_conf_over_95": 0.0,
      "learning_rate": 0.0002725816423440891,
      "epoch_time": 161.95078921318054,
      "val_boundary_f1": 0.05828779599271403,
      "val_boundary_precision": 0.128,
      "val_boundary_recall": 0.03773584905660377,
      "val_complete_segments": 0.021787887721079664,
      "val_avg_segment_overlap": 0.18969768518317148,
      "val_verse_to_chorus_acc": 0.048672566371681415,
      "val_chorus_to_verse_acc": 0.0,
      "val_window_diff": 0.4229224555304431,
      "val_pk_metric": 0.420207397607969
    },
    {
      "epoch": 2,
      "train_loss": 0.568365353345871,
      "train_chorus_rate": 0.6231817483901978,
      "train_max_prob": 0.55532166659832,
      "train_conf_over_90": 0.0,
      "train_conf_over_95": 0.0,
      "val_loss": 0.5912903696298599,
      "val_macro_f1": 0.4998127755013348,
      "val_verse_f1": 0.5361721611721612,
      "val_chorus_f1": 0.46345338983050843,
      "val_chorus_rate": 0.6280511766672134,
      "val_max_prob": 0.5540067553520203,
      "val_conf_over_90": 0.0,
      "val_conf_over_95": 0.0,
      "learning_rate": 0.0002637123566986959,
      "epoch_time": 134.89657187461853,
      "val_boundary_f1": 0.05524861878453039,
      "val_boundary_precision": 0.12605042016806722,
      "val_boundary_recall": 0.03537735849056604,
      "val_complete_segments": 0.022300385145029897,
      "val_avg_segment_overlap": 0.19866496192286062,
      "val_verse_to_chorus_acc": 0.05752212389380531,
      "val_chorus_to_verse_acc": 0.0,
      "val_window_diff": 0.4465754507107663,
      "val_pk_metric": 0.45454965708356687
    },
    {
      "epoch": 3,
      "train_loss": 0.5497118532657623,
      "train_chorus_rate": 0.5909243896603584,
      "train_max_prob": 0.5714729487895965,
      "train_conf_over_90": 0.0,
      "train_conf_over_95": 0.0,
      "val_loss": 0.6093901544809341,
      "val_macro_f1": 0.48083618087865276,
      "val_verse_f1": 0.809265944645006,
      "val_chorus_f1": 0.15240641711229946,
      "val_chorus_rate": 0.06712019350379705,
      "val_max_prob": 0.5794476121664047,
      "val_conf_over_90": 0.0,
      "val_conf_over_95": 0.0,
      "learning_rate": 0.00024936155106851826,
      "epoch_time": 146.7867739200592,
      "val_boundary_f1": 0.03375527426160337,
      "val_boundary_precision": 0.16,
      "val_boundary_recall": 0.018867924528301886,
      "val_complete_segments": 0.06068118944577057,
      "val_avg_segment_overlap": 0.1945791153701504,
      "val_verse_to_chorus_acc": 0.01327433628318584,
      "val_chorus_to_verse_acc": 0.020202020202020204,
      "val_window_diff": 0.2696513191871265,
      "val_pk_metric": 0.2770244467184917
    },
    {
      "epoch": 4,
      "train_loss": 0.5641937851905823,
      "train_chorus_rate": 0.5645244944840669,
      "train_max_prob": 0.579628375172615,
      "train_conf_over_90": 0.0,
      "train_conf_over_95": 0.0,
      "val_loss": 0.6048297733068466,
      "val_macro_f1": 0.46159164867951175,
      "val_verse_f1": 0.808542413381123,
      "val_chorus_f1": 0.11464088397790054,
      "val_chorus_rate": 0.0556868351995945,
      "val_max_prob": 0.5739386975765228,
      "val_conf_over_90": 0.0,
      "val_conf_over_95": 0.0,
      "learning_rate": 0.00023015642452240047,
      "epoch_time": 132.4263150691986,
      "val_boundary_f1": 0.03404255319148936,
      "val_boundary_precision": 0.17391304347826086,
      "val_boundary_recall": 0.018867924528301886,
      "val_complete_segments": 0.05889547516005629,
      "val_avg_segment_overlap": 0.1895851473997787,
      "val_verse_to_chorus_acc": 0.017699115044247787,
      "val_chorus_to_verse_acc": 0.010101010101010102,
      "val_window_diff": 0.2719843086675699,
      "val_pk_metric": 0.27829673999673943
    },
    {
      "epoch": 5,
      "train_loss": 0.5582396879792213,
      "train_chorus_rate": 0.491821426153183,
      "train_max_prob": 0.5764055490493775,
      "train_conf_over_90": 0.0,
      "train_conf_over_95": 0.0,
      "val_loss": 0.5850405246019363,
      "val_macro_f1": 0.507071170072932,
      "val_verse_f1": 0.5234133586879011,
      "val_chorus_f1": 0.49072898145796295,
      "val_chorus_rate": 0.6677186042070389,
      "val_max_prob": 0.5471698939800262,
      "val_conf_over_90": 0.0,
      "val_conf_over_95": 0.0,
      "learning_rate": 0.00020693633324682967,
      "epoch_time": 234.24932098388672,
      "val_boundary_f1": 0.07380073800738009,
      "val_boundary_precision": 0.1694915254237288,
      "val_boundary_recall": 0.04716981132075472,
      "val_complete_segments": 0.045285845988391055,
      "val_avg_segment_overlap": 0.22229391477962865,
      "val_verse_to_chorus_acc": 0.05752212389380531,
      "val_chorus_to_verse_acc": 0.005050505050505051,
      "val_window_diff": 0.35062301596316603,
      "val_pk_metric": 0.353289197455282
    },
    {
      "epoch": 6,
      "train_loss": 0.5599853843450546,
      "train_chorus_rate": 0.6202828910201788,
      "train_max_prob": 0.5724188715219498,
      "train_conf_over_90": 0.0,
      "train_conf_over_95": 0.0,
      "val_loss": 0.5831947773694992,
      "val_macro_f1": 0.4290027597523681,
      "val_verse_f1": 0.3733333333333333,
      "val_chorus_f1": 0.484672186171403,
      "val_chorus_rate": 0.7977662235498428,
      "val_max_prob": 0.5797672867774963,
      "val_conf_over_90": 0.0,
      "val_conf_over_95": 0.0,
      "learning_rate": 0.00018071610665290836,
      "epoch_time": 135.96065425872803,
      "val_boundary_f1": 0.04379562043795621,
      "val_boundary_precision": 0.0967741935483871,
      "val_boundary_recall": 0.02830188679245283,
      "val_complete_segments": 0.016351109100313767,
      "val_avg_segment_overlap": 0.19029429995602262,
      "val_verse_to_chorus_acc": 0.03982300884955752,
      "val_chorus_to_verse_acc": 0.0,
      "val_window_diff": 0.4460828777445779,
      "val_pk_metric": 0.45324477418851444
    },
    {
      "epoch": 7,
      "train_loss": 0.5591372102499008,
      "train_chorus_rate": 0.6391406200826169,
      "train_max_prob": 0.571320578455925,