{
  "trial_number": 57,
  "timestamp": 1756171578.064049,
  "boundary_f1": 0.37126865671641796,
  "line_f1": 0.7443006709896108,
  "macro_f1": 0.7443006709896108,
  "verse_f1": 0.8354155350353071,
  "chorus_f1": 0.6531858069439146,
  "windowdiff": 0.38390831372129464,
  "pk": 0.2700364799539799,
  "val_loss": 0.5120991319417953,
  "val_accuracy": 0.0,
  "weighted_f1": 0.0,
  "training_time": 800.8328969478607,
  "training_time_minutes": 13.347214949131011,
  "total_params": 0,
  "actual_epochs": 12,
  "config_summary": {
    "attention_enabled": true,
    "hidden_dim": 256,
    "num_layers": 2,
    "max_epochs": 12,
    "batch_size": 32,
    "learning_rate": 0.000886480483007609,
    "boundary_weight": 2.111674851636885,
    "label_smoothing": 0.19278472440183703
  },
  "validation_strategy": "boundary_f1",
  "all_metrics": {
    "loss": 0.5120991319417953,
    "chorus_rate": 0.3447161465883255,
    "max_prob_mean": 0.6907545179128647,
    "confidence_over_90": 0.015201875241473317,
    "confidence_over_95": 0.0,
    "verse_f1": 0.8354155350353071,
    "chorus_f1": 0.6531858069439146,
    "macro_f1": 0.7443006709896108,
    "boundary_f1": 0.37126865671641796,
    "boundary_precision": 0.30709876543209874,
    "boundary_recall": 0.4693396226415094,
    "complete_segments": 0.23144063621264044,
    "avg_segment_overlap": 0.6493056679098572,
    "verse_to_chorus_acc": 0.38495575221238937,
    "chorus_to_verse_acc": 0.48484848484848486,
    "window_diff": 0.38390831372129464,
    "pk_metric": 0.2700364799539799
  },
  "parameters": {
    "hidden_dim": 256,
    "num_layers": 2,
    "dropout": 0.3129465578104105,
    "layer_dropout": 0.21336102249718256,
    "attention_enabled": true,
    "attention_heads": 8,
    "attention_dropout": 0.14155536274878533,
    "max_epochs": 12,
    "batch_size": 32,
    "learning_rate": 0.000886480483007609,
    "weight_decay": 0.02107966612919643,
    "scheduler": "cosine",
    "min_delta": 0.0003668434610080238,
    "gradient_clip_norm": 0.4964484997410078,
    "validation_strategy": "boundary_f1",
    "head_tail_words": 4,
    "boundary_weight": 2.111674851636885,
    "label_smoothing": 0.19278472440183703,
    "segment_consistency_lambda": 0.01889165267343759,
    "conf_penalty_lambda": 0.011964780859183255,
    "conf_threshold": 0.9153352314571077,
    "entropy_lambda": 0.021844622963017903,
    "max_confidence_threshold": 0.9557428857155928,
    "min_chorus_rate": 0.0838065883366649,
    "max_chorus_rate": 0.8109453173275056,
    "max_conf_over_95_ratio": 0.18884745990268728,
    "head_ssm_enabled": true,
    "tail_ssm_enabled": false,
    "phonetic_ssm_enabled": true,
    "pos_ssm_enabled": false,
    "string_ssm_enabled": false,
    "syllable_pattern_ssm_enabled": true,
    "line_syllable_ssm_enabled": true,
    "word2vec_enabled": false,
    "contextual_enabled": false,
    "phonetic_mode": "rhyme",
    "phonetic_similarity_method": "binary",
    "phonetic_normalize": false,
    "phonetic_normalize_method": "zscore",
    "phonetic_high_sim_threshold": 0.33782501240586393,
    "pos_tagset": "universal",
    "pos_similarity_method": "position",
    "pos_high_sim_threshold": 0.30713313219732796,
    "string_case_sensitive": false,
    "string_remove_punctuation": true,
    "string_similarity_threshold": 0.058591069445617046,
    "string_similarity_method": "word_overlap",
    "syllable_pattern_similarity_method": "levenshtein",
    "syllable_pattern_levenshtein_weight": 0.6700061764807982,
    "syllable_pattern_cosine_weight": 0.2630828788654051,
    "syllable_pattern_normalize": false,
    "syllable_pattern_normalize_method": "minmax",
    "line_syllable_similarity_method": "cosine",
    "line_syllable_ratio_threshold": 0.1050509557302331,
    "line_syllable_normalize": false,
    "line_syllable_normalize_method": "minmax",
    "word2vec_mode": "complete",
    "word2vec_normalize": true,
    "word2vec_similarity_metric": "dot",
    "word2vec_high_sim_threshold": 0.7614573831725815,
    "contextual_mode": "complete",
    "contextual_normalize": false,
    "contextual_similarity_metric": "dot",
    "contextual_high_sim_threshold": 0.6573846201777519
  },
  "config": {
    "hidden_dim": 256,
    "num_layers": 2,
    "layer_dropout": 0.21336102249718256,
    "num_classes": 2,
    "dropout": 0.3129465578104105,
    "attention_enabled": true,
    "attention_type": "boundary_aware",
    "attention_heads": 8,
    "attention_dropout": 0.14155536274878533,
    "attention_dim": 256,
    "positional_encoding": true,
    "max_seq_length": 1000,
    "window_size": 7,
    "boundary_temperature": 2.0,
    "batch_size": 32,
    "learning_rate": 0.000886480483007609,
    "weight_decay": 0.02107966612919643,
    "max_epochs": 12,
    "patience": 4,
    "gradient_clip_norm": 0.4964484997410078,
    "scheduler": "cosine",
    "min_lr": 1e-06,
    "cosine_t_max": 12,
    "warmup_epochs": 5,
    "lr_factor": 0.5,
    "lr_patience": 10,
    "step_size": 30,
    "step_gamma": 0.5,
    "cosine_t0": 10,
    "cosine_t_mult": 2,
    "min_delta": 0.0003668434610080238,
    "train_file": "data/train.jsonl",
    "val_file": "data/val.jsonl",
    "test_file": "data/test.jsonl",
    "weighted_sampling": true,
    "emergency_monitoring_enabled": true,
    "max_confidence_threshold": 0.9557428857155928,
    "min_chorus_rate": 0.0838065883366649,
    "max_chorus_rate": 0.8109453173275056,
    "max_conf_over_95_ratio": 0.18884745990268728,
    "val_overconf_threshold": 0.96,
    "val_f1_collapse_threshold": 0.1,
    "loss": {
      "loss_type": "boundary_aware",
      "boundary_weight": 2.111674851636885,
      "label_smoothing": 0.19278472440183703,
      "segment_consistency_lambda": 0.01889165267343759,
      "conf_penalty_lambda": 0.011964780859183255,
      "conf_threshold": 0.9153352314571077,
      "entropy_lambda": 0.021844622963017903
    },
    "calibration_enabled": true,
    "calibration_methods": [
      "temperature",
      "platt"
    ],
    "validation_strategy": "boundary_f1",
    "head_ssm_enabled": true,
    "head_ssm_words": 4,
    "head_ssm_dimension": 12,
    "tail_ssm_enabled": false,
    "tail_ssm_words": 4,
    "tail_ssm_dimension": 12,
    "phonetic_ssm_enabled": true,
    "phonetic_ssm_mode": "rhyme",
    "phonetic_ssm_dimension": 12,
    "phonetic_ssm_similarity_method": "binary",
    "phonetic_ssm_normalize": false,
    "phonetic_ssm_normalize_method": "zscore",
    "phonetic_ssm_high_sim_threshold": 0.33782501240586393,
    "pos_ssm_enabled": false,
    "pos_ssm_tagset": "universal",
    "pos_ssm_similarity_method": "position",
    "pos_ssm_high_sim_threshold": 0.30713313219732796,
    "pos_ssm_dimension": 12,
    "string_ssm_enabled": false,
    "string_ssm_case_sensitive": false,
    "string_ssm_remove_punctuation": true,
    "string_ssm_similarity_threshold": 0.058591069445617046,
    "string_ssm_similarity_method": "word_overlap",
    "string_ssm_dimension": 12,
    "syllable_pattern_ssm_enabled": true,
    "syllable_pattern_ssm_similarity_method": "levenshtein",
    "syllable_pattern_ssm_levenshtein_weight": 0.7180516936105379,
    "syllable_pattern_ssm_cosine_weight": 0.2819483063894621,
    "syllable_pattern_ssm_normalize": false,
    "syllable_pattern_ssm_normalize_method": "minmax",
    "syllable_pattern_ssm_dimension": 12,
    "line_syllable_ssm_enabled": true,
    "line_syllable_ssm_similarity_method": "cosine",
    "line_syllable_ssm_ratio_threshold": 0.1050509557302331,
    "line_syllable_ssm_normalize": false,
    "line_syllable_ssm_normalize_method": "minmax",
    "line_syllable_ssm_dimension": 12,
    "word2vec_enabled": false,
    "word2vec_model": "word2vec-google-news-300",
    "word2vec_mode": "complete",
    "word2vec_normalize": true,
    "word2vec_similarity_metric": "dot",
    "word2vec_high_sim_threshold": 0.7614573831725815,
    "contextual_enabled": false,
    "contextual_model": "all-MiniLM-L6-v2",
    "contextual_mode": "complete",
    "contextual_normalize": false,