{
  "method": "temperature",
  "params": {
    "temperature": 0.5486526307590051
  },
  "ece_before": 0.10883231591323504,
  "ece_after": 0.02180734901800606,
  "improvement": 0.08702496689522898,
  "all_results": [
    {
      "method": "temperature",
      "params": {
        "temperature": 0.5486526307590051
      },
      "ece_before": 0.10883231591323504,
      "ece_after": 0.02180734901800606,
      "improvement": 0.08702496689522898
    },
    {
      "method": "platt",
      "params": {
        "A": 1.7828480898213,
        "B": 0.0
      },
      "ece_before": 0.10883231591323504,
      "ece_after": 0.02274560647301215,
      "improvement": 0.0860867094402229
    }
  ]
}