{
  "trial_number": 65,
  "timestamp": 1756185669.51882,
  "boundary_f1": 0.4249726177437021,
  "line_f1": 0.769753017949531,
  "macro_f1": 0.769753017949531,
  "verse_f1": 0.8707970643454516,
  "chorus_f1": 0.6687089715536104,
  "windowdiff": 0.28543518985088234,
  "pk": 0.2190472067854653,
  "val_loss": 0.4601353630423546,
  "val_accuracy": 0.0,
  "weighted_f1": 0.0,
  "training_time": 1133.1346259117126,
  "training_time_minutes": 18.885577098528543,
  "total_params": 0,
  "actual_epochs": 15,
  "config_summary": {
    "attention_enabled": true,
    "hidden_dim": 256,
    "num_layers": 2,
    "max_epochs": 15,
    "batch_size": 32,
    "learning_rate": 0.0009093152440432785,
    "boundary_weight": 1.6501675969599365,
    "label_smoothing": 0.12123804167999033
  },
  "validation_strategy": "boundary_f1",
  "all_metrics": {
    "loss": 0.4601353630423546,
    "chorus_rate": 0.2615763433277607,
    "max_prob_mean": 0.7052335292100906,
    "confidence_over_90": 0.013759268214926124,
    "confidence_over_95": 0.0,
    "verse_f1": 0.8707970643454516,
    "chorus_f1": 0.6687089715536104,
    "macro_f1": 0.769753017949531,
    "boundary_f1": 0.4249726177437021,
    "boundary_precision": 0.3967280163599182,
    "boundary_recall": 0.45754716981132076,
    "complete_segments": 0.2745247955878921,
    "avg_segment_overlap": 0.6398830543454075,
    "verse_to_chorus_acc": 0.3805309734513274,
    "chorus_to_verse_acc": 0.4696969696969697,
    "window_diff": 0.28543518985088234,
    "pk_metric": 0.2190472067854653
  },
  "parameters": {
    "hidden_dim": 256,
    "num_layers": 2,
    "dropout": 0.1681565302793211,
    "layer_dropout": 0.20973657635259219,
    "attention_enabled": true,
    "attention_heads": 8,
    "attention_dropout": 0.21052500671727642,
    "max_epochs": 15,
    "batch_size": 32,
    "learning_rate": 0.0009093152440432785,
    "weight_decay": 0.014399440917590656,
    "scheduler": "cosine",
    "min_delta": 0.0005206806971697739,
    "gradient_clip_norm": 0.6714878890701641,
    "validation_strategy": "boundary_f1",
    "head_tail_words": 4,
    "boundary_weight": 1.6501675969599365,
    "label_smoothing": 0.12123804167999033,
    "segment_consistency_lambda": 0.023805660867473256,
    "conf_penalty_lambda": 0.013130298093976955,
    "conf_threshold": 0.9410529434181546,
    "entropy_lambda": 0.03538787090821601,
    "max_confidence_threshold": 0.9250852360068227,
    "min_chorus_rate": 0.08399232247934266,
    "max_chorus_rate": 0.7407221187558366,
    "max_conf_over_95_ratio": 0.1991374499564891,
    "head_ssm_enabled": true,
    "tail_ssm_enabled": false,
    "phonetic_ssm_enabled": true,
    "pos_ssm_enabled": true,
    "string_ssm_enabled": false,
    "syllable_pattern_ssm_enabled": true,
    "line_syllable_ssm_enabled": false,
    "word2vec_enabled": false,
    "contextual_enabled": false,
    "phonetic_mode": "rhyme",
    "phonetic_similarity_method": "binary",
    "phonetic_normalize": false,
    "phonetic_normalize_method": "zscore",
    "phonetic_high_sim_threshold": 0.3274615913992974,
    "pos_tagset": "universal",
    "pos_similarity_method": "position",
    "pos_high_sim_threshold": 0.26149285825369883,
    "string_case_sensitive": true,
    "string_remove_punctuation": true,
    "string_similarity_threshold": 0.04974861772291265,
    "string_similarity_method": "word_overlap",
    "syllable_pattern_similarity_method": "levenshtein",
    "syllable_pattern_levenshtein_weight": 0.6494146047380625,
    "syllable_pattern_cosine_weight": 0.20871852360790746,
    "syllable_pattern_normalize": false,
    "syllable_pattern_normalize_method": "minmax",
    "line_syllable_similarity_method": "cosine",
    "line_syllable_ratio_threshold": 0.10836917346292038,
    "line_syllable_normalize": false,
    "line_syllable_normalize_method": "minmax",
    "word2vec_mode": "summary",
    "word2vec_normalize": true,
    "word2vec_similarity_metric": "cosine",
    "word2vec_high_sim_threshold": 0.7972627561781275,
    "contextual_mode": "complete",
    "contextual_normalize": false,
    "contextual_similarity_metric": "dot",
    "contextual_high_sim_threshold": 0.6719071933353222
  },
  "config": {
    "hidden_dim": 256,
    "num_layers": 2,
    "layer_dropout": 0.20973657635259219,
    "num_classes": 2,
    "dropout": 0.1681565302793211,
    "attention_enabled": true,
    "attention_type": "boundary_aware",
    "attention_heads": 8,
    "attention_dropout": 0.21052500671727642,
    "attention_dim": 256,
    "positional_encoding": true,
    "max_seq_length": 1000,
    "window_size": 7,
    "boundary_temperature": 2.0,
    "batch_size": 32,
    "learning_rate": 0.0009093152440432785,
    "weight_decay": 0.014399440917590656,
    "max_epochs": 15,
    "patience": 4,
    "gradient_clip_norm": 0.6714878890701641,
    "scheduler": "cosine",
    "min_lr": 1e-06,
    "cosine_t_max": 15,
    "warmup_epochs": 5,
    "lr_factor": 0.5,
    "lr_patience": 10,
    "step_size": 30,
    "step_gamma": 0.5,
    "cosine_t0": 10,
    "cosine_t_mult": 2,
    "min_delta": 0.0005206806971697739,
    "train_file": "data/train.jsonl",
    "val_file": "data/val.jsonl",
    "test_file": "data/test.jsonl",
    "weighted_sampling": true,
    "emergency_monitoring_enabled": true,
    "max_confidence_threshold": 0.9250852360068227,
    "min_chorus_rate": 0.08399232247934266,
    "max_chorus_rate": 0.7407221187558366,
    "max_conf_over_95_ratio": 0.1991374499564891,
    "val_overconf_threshold": 0.96,
    "val_f1_collapse_threshold": 0.1,
    "loss": {
      "loss_type": "boundary_aware",
      "boundary_weight": 1.6501675969599365,
      "label_smoothing": 0.12123804167999033,
      "segment_consistency_lambda": 0.023805660867473256,
      "conf_penalty_lambda": 0.013130298093976955,
      "conf_threshold": 0.9410529434181546,
      "entropy_lambda": 0.03538787090821601
    },
    "calibration_enabled": true,
    "calibration_methods": [
      "temperature",
      "platt"
    ],
    "validation_strategy": "boundary_f1",
    "head_ssm_enabled": true,
    "head_ssm_words": 4,
    "head_ssm_dimension": 12,
    "tail_ssm_enabled": false,
    "tail_ssm_words": 4,
    "tail_ssm_dimension": 12,
    "phonetic_ssm_enabled": true,
    "phonetic_ssm_mode": "rhyme",
    "phonetic_ssm_dimension": 12,
    "phonetic_ssm_similarity_method": "binary",
    "phonetic_ssm_normalize": false,
    "phonetic_ssm_normalize_method": "zscore",
    "phonetic_ssm_high_sim_threshold": 0.3274615913992974,
    "pos_ssm_enabled": true,
    "pos_ssm_tagset": "universal",
    "pos_ssm_similarity_method": "position",
    "pos_ssm_high_sim_threshold": 0.26149285825369883,
    "pos_ssm_dimension": 12,
    "string_ssm_enabled": false,
    "string_ssm_case_sensitive": true,
    "string_ssm_remove_punctuation": true,
    "string_ssm_similarity_threshold": 0.04974861772291265,
    "string_ssm_similarity_method": "word_overlap",
    "string_ssm_dimension": 12,
    "syllable_pattern_ssm_enabled": true,
    "syllable_pattern_ssm_similarity_method": "levenshtein",
    "syllable_pattern_ssm_levenshtein_weight": 0.7567760564025687,
    "syllable_pattern_ssm_cosine_weight": 0.2432239435974313,
    "syllable_pattern_ssm_normalize": false,
    "syllable_pattern_ssm_normalize_method": "minmax",
    "syllable_pattern_ssm_dimension": 12,
    "line_syllable_ssm_enabled": false,
    "line_syllable_ssm_similarity_method": "cosine",
    "line_syllable_ssm_ratio_threshold": 0.10836917346292038,
    "line_syllable_ssm_normalize": false,
    "line_syllable_ssm_normalize_method": "minmax",
    "line_syllable_ssm_dimension": 12,
    "word2vec_enabled": false,
    "word2vec_model": "word2vec-google-news-300",
    "word2vec_mode": "summary",
    "word2vec_normalize": true,
    "word2vec_similarity_metric": "cosine",
    "word2vec_high_sim_threshold": 0.7972627561781275,
    "contextual_enabled": false,
    "contextual_model": "all-MiniLM-L6-v2",
    "contextual_mode": "complete",
    "contextual_normalize": false,