{
  "metadata": {
    "model_info": {
      "hidden_dim": 256,
      "num_layers": 2,
      "dropout": 0.1681565302793211,
      "layer_dropout": 0.20973657635259219,
      "attention_enabled": true,
      "attention_heads": 8,
      "attention_dropout": 0.21052500671727642,
      "attention_dim": 256,
      "positional_encoding": true,
      "max_seq_length": 1000,
      "total_params": 2764291,
      "lstm_params": 2203648,
      "attention_params": 559617,
      "classifier_params": 1026
    },
    "training_info": {
      "batch_size": 32,
      "learning_rate": 0.0009093152440432785,
      "scheduler": "cosine",
      "label_smoothing": 0.0,
      "weighted_sampling": true,
      "total_epochs": 15,
      "validation_strategy": "boundary_f1",
      "weight_decay": 0.014399440917590656,
      "gradient_clip_norm": 0.6714878890701641,
      "max_epochs": 15,
      "patience": 4
    },
    "calibration_info": {
      "temperature": {
        "ece_before": 0.10883231591323504,
        "ece_after": 0.02180734901800606,
        "improvement": 0.08702496689522898,
        "params": {
          "temperature": 0.5486526307590051
        }
      },
      "platt": {
        "ece_before": 0.10883231591323504,
        "ece_after": 0.02274560647301215,
        "improvement": 0.0860867094402229,
        "params": {
          "A": 1.7828480898213,
          "B": 0.0
        }
      }
    }
  },
  "metrics": [
    {
      "epoch": 1,
      "train_loss": 0.56610709130764,
      "train_chorus_rate": 0.3741226568177808,
      "train_max_prob": 0.6037621170282363,
      "train_conf_over_90": 0.017558425664901733,
      "train_conf_over_95": 0.0,
      "val_loss": 0.5816883742809296,
      "val_macro_f1": 0.3180357852694694,
      "val_verse_f1": 0.1564209848728677,
      "val_chorus_f1": 0.4796505856660711,
      "val_chorus_rate": 0.9371864497661591,
      "val_max_prob": 0.64801986515522,
      "val_conf_over_90": 0.0,
      "val_conf_over_95": 0.0,
      "learning_rate": 0.0008993908103570763,
      "epoch_time": 76.4986879825592,
      "val_boundary_f1": 0.003642987249544627,
      "val_boundary_precision": 0.008,
      "val_boundary_recall": 0.0023584905660377358,
      "val_complete_segments": 0.0017857142857142857,
      "val_avg_segment_overlap": 0.1197883378523616,
      "val_verse_to_chorus_acc": 0.004424778761061947,
      "val_chorus_to_verse_acc": 0.0,
      "val_window_diff": 0.4029852638865382,
      "val_pk_metric": 0.3830188465432452
    },
    {
      "epoch": 2,
      "train_loss": 0.5350282177329063,
      "train_chorus_rate": 0.4382208691909909,
      "train_max_prob": 0.5796150624752044,
      "train_conf_over_90": 0.0,
      "train_conf_over_95": 0.0,
      "val_loss": 0.5483101457357407,
      "val_macro_f1": 0.5205580793901962,
      "val_verse_f1": 0.5967365967365967,
      "val_chorus_f1": 0.44437956204379564,
      "val_chorus_rate": 0.5417259186506271,
      "val_max_prob": 0.5617599040269852,
      "val_conf_over_90": 0.0,
      "val_conf_over_95": 0.0,
      "learning_rate": 0.000870051254673273,
      "epoch_time": 62.539592027664185,
      "val_boundary_f1": 0.04718693284936479,
      "val_boundary_precision": 0.10236220472440945,
      "val_boundary_recall": 0.030660377358490566,
      "val_complete_segments": 0.01439122996652159,
      "val_avg_segment_overlap": 0.2130674998750494,
      "val_verse_to_chorus_acc": 0.030973451327433628,
      "val_chorus_to_verse_acc": 0.0,
      "val_window_diff": 0.4358090451750466,
      "val_pk_metric": 0.44548341507494105
    },
    {
      "epoch": 3,
      "train_loss": 0.536169071495533,
      "train_chorus_rate": 0.45735839661210775,
      "train_max_prob": 0.5885338604450225,
      "train_conf_over_90": 0.0,
      "train_conf_over_95": 0.0,
      "val_loss": 0.5481768846511841,
      "val_macro_f1": 0.45692695492893054,
      "val_verse_f1": 0.823287872122012,
      "val_chorus_f1": 0.09056603773584905,
      "val_chorus_rate": 0.02570747071877122,
      "val_max_prob": 0.5523530840873718,
      "val_conf_over_90": 0.0,
      "val_conf_over_95": 0.0,
      "learning_rate": 0.0008225788563620593,
      "epoch_time": 45.31574583053589,
      "val_boundary_f1": 0.04979253112033195,
      "val_boundary_precision": 0.20689655172413793,
      "val_boundary_recall": 0.02830188679245283,
      "val_complete_segments": 0.0625186635658534,
      "val_avg_segment_overlap": 0.18723162833827442,
      "val_verse_to_chorus_acc": 0.035398230088495575,
      "val_chorus_to_verse_acc": 0.015151515151515152,
      "val_window_diff": 0.2807398078455158,
      "val_pk_metric": 0.2769912886968918
    },
    {
      "epoch": 4,
      "train_loss": 0.5179407998919487,
      "train_chorus_rate": 0.4406692856922746,
      "train_max_prob": 0.5651505798101425,
      "train_conf_over_90": 0.0,
      "train_conf_over_95": 0.0,
      "val_loss": 0.5374247133731842,
      "val_macro_f1": 0.5484675518628919,
      "val_verse_f1": 0.5939312806782687,
      "val_chorus_f1": 0.503003823047515,
      "val_chorus_rate": 0.6023943573236465,
      "val_max_prob": 0.5862858593463898,
      "val_conf_over_90": 0.0,
      "val_conf_over_95": 0.0,
      "learning_rate": 0.0007590483870274758,
      "epoch_time": 52.0471727848053,
      "val_boundary_f1": 0.09491525423728814,
      "val_boundary_precision": 0.1686746987951807,
      "val_boundary_recall": 0.0660377358490566,
      "val_complete_segments": 0.04195922744438121,
      "val_avg_segment_overlap": 0.24331603359723852,
      "val_verse_to_chorus_acc": 0.06637168141592921,
      "val_chorus_to_verse_acc": 0.045454545454545456,
      "val_window_diff": 0.3917854151227669,
      "val_pk_metric": 0.3900051042310396
    },
    {
      "epoch": 5,
      "train_loss": 0.5063224375247956,
      "train_chorus_rate": 0.4204678650945425,
      "train_max_prob": 0.6112618535757065,
      "train_conf_over_90": 2.750275016296655e-05,
      "train_conf_over_95": 0.0,
      "val_loss": 0.5073676258325577,
      "val_macro_f1": 0.647656167946125,
      "val_verse_f1": 0.7347903130537508,
      "val_chorus_f1": 0.5605220228384992,
      "val_chorus_rate": 0.4549790620803833,
      "val_max_prob": 0.6189931333065033,
      "val_conf_over_90": 0.0,
      "val_conf_over_95": 0.0,
      "learning_rate": 0.0006822364330324589,
      "epoch_time": 52.063159704208374,
      "val_boundary_f1": 0.19811320754716982,
      "val_boundary_precision": 0.19811320754716982,
      "val_boundary_recall": 0.19811320754716982,
      "val_complete_segments": 0.071942843085473,
      "val_avg_segment_overlap": 0.447724479753576,
      "val_verse_to_chorus_acc": 0.19469026548672566,
      "val_chorus_to_verse_acc": 0.16666666666666666,
      "val_window_diff": 0.4344417951316013,
      "val_pk_metric": 0.383279789080796
    },
    {
      "epoch": 6,
      "train_loss": 0.4713496699929237,
      "train_chorus_rate": 0.39143764451146124,
      "train_max_prob": 0.6642117321491241,
      "train_conf_over_90": 0.018174992079730147,
      "train_conf_over_95": 0.0003334191715111956,
      "val_loss": 0.49011872708797455,
      "val_macro_f1": 0.5900227250286094,
      "val_verse_f1": 0.620831429876656,
      "val_chorus_f1": 0.559214020180563,
      "val_chorus_rate": 0.6266067177057266,
      "val_max_prob": 0.6630435138940811,
      "val_conf_over_90": 0.013247013499494642,
      "val_conf_over_95": 0.0,
      "learning_rate": 0.0005955000453512397,
      "epoch_time": 45.33286786079407,
      "val_boundary_f1": 0.12660944206008584,
      "val_boundary_precision": 0.11614173228346457,
      "val_boundary_recall": 0.1391509433962264,
      "val_complete_segments": 0.038037473164726616,
      "val_avg_segment_overlap": 0.4055022001339109,
      "val_verse_to_chorus_acc": 0.11061946902654868,
      "val_chorus_to_verse_acc": 0.13636363636363635,
      "val_window_diff": 0.5220324326042513,
      "val_pk_metric": 0.41750157300740753
    },
    {
      "epoch": 7,
      "train_loss": 0.45715408623218534,