{
  "trial_number": 21,
  "trial_id": "cnn_trial_0021",
  "model_type": "CNN",
  "training_score": 0.440251572327044,
  "optuna_objective": 0.440251572327044,
  "validation_metrics": {
    "line_f1": 0.7650649558348479,
    "boundary_f1": 0.440251572327044,
    "macro_f1": 0.7650649558348479,
    "verse_f1": 0.8328568705927195,
    "chorus_f1": 0.6972730410769762,
    "boundary_precision": 0.3555878084179971,
    "boundary_recall": 0.5778301886792453,
    "window_diff": 0.4343318774293491,
    "pk_metric": 0.2948454453450652,
    "confidence": 0.7060292661190033,
    "val_loss": 0.48768067359924316
  },
  "all_results": {
    "line_f1": 0.7650649558348479,
    "boundary_f1": 0.440251572327044,
    "macro_f1": 0.7650649558348479,
    "verse_f1": 0.8328568705927195,
    "chorus_f1": 0.6972730410769762,
    "boundary_precision": 0.3555878084179971,
    "boundary_recall": 0.5778301886792453,
    "window_diff": 0.4343318774293491,
    "pk_metric": 0.2948454453450652,
    "confidence": 0.7060292661190033,
    "val_loss": 0.48768067359924316
  },
  "parameters": {
    "hidden_dim": 128,
    "num_layers": 1,
    "dropout": 0.28098494851746336,
    "cnn_kernel_sizes": "5,7,9",
    "cnn_dilation_rates": "1,2,4,8",
    "cnn_use_residual": true,
    "cnn_batch_multiplier": 1.285221300157942,
    "attention_enabled": false,
    "max_epochs": 15,
    "batch_size": 64,
    "learning_rate": 0.00025003308878196587,
    "weight_decay": 0.016194692405111077,
    "scheduler": "cosine",
    "min_delta": 0.000279133722314374,
    "gradient_clip_norm": 0.6505550113515695,
    "validation_strategy": "boundary_f1",
    "boundary_weight": 2.4049382349969917,
    "label_smoothing": 0.17069539231446393,
    "segment_consistency_lambda": 0.01779557626070636,
    "conf_penalty_lambda": 0.006468491700683438,
    "conf_threshold": 0.9271599916381283,
    "entropy_lambda": 0.0362486225164217,
    "max_confidence_threshold": 0.9077413548283023,
    "min_chorus_rate": 0.054437918499780906,
    "max_chorus_rate": 0.8469504893956652,
    "max_conf_over_95_ratio": 0.06486108094623642,
    "head_ssm_enabled": false,
    "tail_ssm_enabled": true,
    "phonetic_ssm_enabled": true,
    "pos_ssm_enabled": true,
    "string_ssm_enabled": true,
    "syllable_pattern_ssm_enabled": false,
    "line_syllable_ssm_enabled": true,
    "word2vec_enabled": true,
    "contextual_enabled": false,
    "head_tail_words": 4,
    "phonetic_mode": "combined",
    "phonetic_similarity": "binary",
    "phonetic_threshold": 0.2860967126198152,
    "pos_tagset": "universal",
    "pos_similarity": "combined",
    "pos_threshold": 0.31697600549670335,
    "string_similarity": "word_overlap",
    "string_threshold": 0.05462669594380264
  },
  "duration_minutes": 0
}