{
  "metadata": {
    "model_info": {
      "architecture": "CNN",
      "hidden_dim": 128,
      "num_layers": 1,
      "dropout": 0.28098494851746336,
      "layer_dropout": 0.0,
      "kernel_sizes": [
        5,
        7,
        9
      ],
      "dilation_rates": [
        1,
        2,
        4,
        8
      ],
      "use_residual": true,
      "attention_enabled": false,
      "attention_type": "self",
      "attention_heads": 4,
      "total_params": 134528,
      "cnn_params": 129534,
      "attention_params": 0
    },
    "training_info": {
      "batch_size": 64,
      "learning_rate": 0.00025003308878196587,
      "scheduler": "cosine",
      "scheduler_type": "epoch",
      "validation_strategy": "boundary_f1",
      "total_epochs": 13,
      "early_stopping_mode": "cnn_calibration",
      "convergence_window": 5
    },
    "calibration_info": {
      "temperature": {
        "ece_before": 0.09285643320596522,
        "ece_after": 0.013061014748743835,
        "improvement": 0.07979541845722138,
        "params": {
          "temperature": 0.610731278151665
        }
      },
      "platt": {
        "ece_before": 0.09285643320596522,
        "ece_after": 0.01834264817722653,
        "improvement": 0.07451378502873869,
        "params": {
          "A": 1.4999985137679142,
          "B": 0.0
        }
      }
    }
  },
  "metrics": [
    {
      "epoch": 1,
      "train_loss": 0.5536548048257828,
      "train_chorus_rate": 0.49362286273390055,
      "train_max_prob": 0.5866539776325226,
      "train_conf_over_90": 0.0,
      "train_conf_over_95": 0.0,
      "val_loss": 0.5411926805973053,
      "val_macro_f1": 0.7194494557197865,
      "val_verse_f1": 0.801368561110055,
      "val_chorus_f1": 0.6375303503295179,
      "val_chorus_rate": 0.40613970160484314,
      "val_max_prob": 0.6495831608772278,
      "val_conf_over_90": 0.0,
      "val_conf_over_95": 0.0,
      "learning_rate": 0.0002473121035386873,
      "epoch_time": 30.315627098083496,
      "val_boundary_f1": 0.3551251008878128,
      "val_boundary_precision": 0.26993865030674846,
      "val_boundary_recall": 0.5188679245283019,
      "val_complete_segments": 0.2833610146459309,
      "val_avg_segment_overlap": 0.6379620729399718,
      "val_verse_to_chorus_acc": 0.5176991150442478,
      "val_chorus_to_verse_acc": 0.41919191919191917,
      "val_window_diff": 0.4738057139825986,
      "val_pk_metric": 0.3299306828734969,
      "cnn_receptive_field_usage": 0.7000000000000001,
      "cnn_gradient_norm": 11.110305048525333,
      "cnn_effective_layers": 1
    },
    {
      "epoch": 2,
      "train_loss": 0.5247164517641068,
      "train_chorus_rate": 0.46753718703985214,
      "train_max_prob": 0.6562714651226997,
      "train_conf_over_90": 0.0,
      "train_conf_over_95": 0.0,
      "val_loss": 0.5105344653129578,
      "val_macro_f1": 0.7502033588454335,
      "val_verse_f1": 0.8262097533421201,
      "val_chorus_f1": 0.6741969643487469,
      "val_chorus_rate": 0.3960479646921158,
      "val_max_prob": 0.6761064231395721,
      "val_conf_over_90": 0.0,
      "val_conf_over_95": 0.0,
      "learning_rate": 0.00023926806792071864,
      "epoch_time": 20.12932777404785,
      "val_boundary_f1": 0.39144736842105265,
      "val_boundary_precision": 0.3005050505050505,
      "val_boundary_recall": 0.5613207547169812,
      "val_complete_segments": 0.35093613166238863,
      "val_avg_segment_overlap": 0.680100816913493,
      "val_verse_to_chorus_acc": 0.5265486725663717,
      "val_chorus_to_verse_acc": 0.5353535353535354,
      "val_window_diff": 0.46061818017458234,
      "val_pk_metric": 0.31626878701779987,
      "cnn_receptive_field_usage": 0.7000000000000001,
      "cnn_gradient_norm": 0.8459605723619461,
      "cnn_effective_layers": 1
    },
    {
      "epoch": 3,
      "train_loss": 0.5039439685642719,
      "train_chorus_rate": 0.3835669457912445,
      "train_max_prob": 0.672310397028923,
      "train_conf_over_90": 0.0,
      "train_conf_over_95": 0.0,
      "val_loss": 0.5046641230583191,
      "val_macro_f1": 0.7336825810726013,
      "val_verse_f1": 0.8084372003835091,
      "val_chorus_f1": 0.6589279617616934,
      "val_chorus_rate": 0.416846364736557,
      "val_max_prob": 0.6899770796298981,
      "val_conf_over_90": 0.0,
      "val_conf_over_95": 0.0,
      "learning_rate": 0.00022625254488413066,
      "epoch_time": 21.80028796195984,
      "val_boundary_f1": 0.38023450586264657,
      "val_boundary_precision": 0.2948051948051948,
      "val_boundary_recall": 0.535377358490566,
      "val_complete_segments": 0.30516382304091805,
      "val_avg_segment_overlap": 0.6727975023648003,
      "val_verse_to_chorus_acc": 0.48672566371681414,
      "val_chorus_to_verse_acc": 0.5555555555555556,
      "val_window_diff": 0.4695426712609355,
      "val_pk_metric": 0.3274931362588731,
      "cnn_receptive_field_usage": 0.7000000000000001,
      "cnn_gradient_norm": 3.0825468003749847,
      "cnn_effective_layers": 1
    },
    {
      "epoch": 4,
      "train_loss": 0.4922550767660141,
      "train_chorus_rate": 0.38314832746982574,
      "train_max_prob": 0.6990083828568459,
      "train_conf_over_90": 0.0,
      "train_conf_over_95": 0.0,
      "val_loss": 0.5110054612159729,
      "val_macro_f1": 0.787975002348765,
      "val_verse_f1": 0.8694109297374024,
      "val_chorus_f1": 0.7065390749601276,
      "val_chorus_rate": 0.31747831404209137,
      "val_max_prob": 0.7249782979488373,
      "val_conf_over_90": 0.0,
      "val_conf_over_95": 0.0,
      "learning_rate": 0.000208834375241031,
      "epoch_time": 22.61277198791504,
      "val_boundary_f1": 0.44656488549618323,
      "val_boundary_precision": 0.375,
      "val_boundary_recall": 0.5518867924528302,
      "val_complete_segments": 0.3615657556998339,
      "val_avg_segment_overlap": 0.703918130029556,
      "val_verse_to_chorus_acc": 0.5973451327433629,
      "val_chorus_to_verse_acc": 0.4393939393939394,
      "val_window_diff": 0.3999620266289916,
      "val_pk_metric": 0.2524156690395001,
      "cnn_receptive_field_usage": 0.7000000000000001,
      "cnn_gradient_norm": 4.699826814234257,
      "cnn_effective_layers": 1
    },
    {
      "epoch": 5,
      "train_loss": 0.5138042159378529,
      "train_chorus_rate": 0.33416852727532387,
      "train_max_prob": 0.7147872224450111,
      "train_conf_over_90": 0.0,
      "train_conf_over_95": 0.0,
      "val_loss": 0.5024417042732239,
      "val_macro_f1": 0.7191872296166775,
      "val_verse_f1": 0.7751842751842752,
      "val_chorus_f1": 0.6631901840490798,
      "val_chorus_rate": 0.5045839846134186,
      "val_max_prob": 0.7021160125732422,
      "val_conf_over_90": 0.0,
      "val_conf_over_95": 0.0,
      "learning_rate": 0.0001877748165864744,
      "epoch_time": 22.13522505760193,
      "val_boundary_f1": 0.33577981651376143,
      "val_boundary_precision": 0.2747747747747748,
      "val_boundary_recall": 0.43160377358490565,
      "val_complete_segments": 0.21038049222406763,
      "val_avg_segment_overlap": 0.6287598698427439,
      "val_verse_to_chorus_acc": 0.33185840707964603,
      "val_chorus_to_verse_acc": 0.5202020202020202,
      "val_window_diff": 0.46517858875585594,
      "val_pk_metric": 0.34555954374877984,
      "cnn_receptive_field_usage": 0.7000000000000001,
      "cnn_gradient_norm": 8.34879207611084,
      "cnn_effective_layers": 1
    },
    {
      "epoch": 6,
      "train_loss": 0.4856080003082752,
      "train_chorus_rate": 0.4427138566970825,
      "train_max_prob": 0.6725102812051773,
      "train_conf_over_90": 0.0,
      "train_conf_over_95": 0.0,
      "val_loss": 0.4998568296432495,
      "val_macro_f1": 0.7696202952915475,
      "val_verse_f1": 0.8467341306347747,
      "val_chorus_f1": 0.6925064599483204,
      "val_chorus_rate": 0.3668689727783203,
      "val_max_prob": 0.6803567409515381,
      "val_conf_over_90": 0.0,
      "val_conf_over_95": 0.0,
      "learning_rate": 0.0001639942726886392,