{
  "method": "temperature",
  "params": {
    "temperature": 0.7351976398146759
  },
  "ece_before": 0.04893281764564907,
  "ece_after": 0.014914366667303475,
  "improvement": 0.0340184509783456,
  "all_results": [
    {
      "method": "temperature",
      "params": {
        "temperature": 0.7351976398146759
      },
      "ece_before": 0.04893281764564907,
      "ece_after": 0.014914366667303475,
      "improvement": 0.0340184509783456
    },
    {
      "method": "platt",
      "params": {
        "A": 1.2931650377892576,
        "B": 0.0
      },
      "ece_before": 0.04893281764564907,
      "ece_after": 0.01993900521389395,
      "improvement": 0.028993812431755122
    }
  ]
}