{
  "metadata": {
    "model_info": {
      "hidden_dim": 256,
      "num_layers": 1,
      "dropout": 0.2693664447156089,
      "layer_dropout": 0.3,
      "attention_enabled": true,
      "attention_heads": 4,
      "attention_dropout": 0.264388399111532,
      "attention_dim": 256,
      "positional_encoding": true,
      "max_seq_length": 1000,
      "total_params": 1252610,
      "lstm_params": 724992,
      "attention_params": 526592,
      "classifier_params": 1026
    },
    "training_info": {
      "batch_size": 32,
      "learning_rate": 0.0009433388164864008,
      "scheduler": "cosine",
      "label_smoothing": 0.0,
      "weighted_sampling": true,
      "total_epochs": 15,
      "validation_strategy": "composite",
      "weight_decay": 0.018209751373407586,
      "gradient_clip_norm": 0.36561638664216023,
      "max_epochs": 15,
      "patience": 8
    },
    "calibration_info": {
      "temperature": {
        "ece_before": 0.04796730402000758,
        "ece_after": 0.02751916838711041,
        "improvement": 0.02044813563289717,
        "params": {
          "temperature": 0.7653771036277025
        }
      },
      "platt": {
        "ece_before": 0.04796730402000758,
        "ece_after": 0.03223272080739964,
        "improvement": 0.01573458321260794,
        "params": {
          "A": 1.1157174723446335,
          "B": 0.0
        }
      }
    }
  },
  "metrics": [
    {
      "epoch": 1,
      "train_loss": 0.5160534620285034,
      "train_chorus_rate": 0.2680384825216606,
      "train_max_prob": 0.623162916302681,
      "train_conf_over_90": 0.00044715446420013906,
      "train_conf_over_95": 0.0,
      "val_loss": 0.5040415078401566,
      "val_macro_f1": 0.5236447360170792,
      "val_verse_f1": 0.5555811277330265,
      "val_chorus_f1": 0.4917083443011318,
      "val_chorus_rate": 0.6332966536283493,
      "val_max_prob": 0.5335017591714859,
      "val_conf_over_90": 0.0,
      "val_conf_over_95": 0.0,
      "learning_rate": 0.0009421910714888119,
      "epoch_time": 98.6981348991394,
      "val_boundary_f1": 0.11011904761904763,
      "val_boundary_precision": 0.14919354838709678,
      "val_boundary_recall": 0.08726415094339622,
      "val_complete_segments": 0.029207422844750523,
      "val_avg_segment_overlap": 0.26501310239680975,
      "val_verse_to_chorus_acc": 0.07964601769911504,
      "val_chorus_to_verse_acc": 0.04040404040404041,
      "val_window_diff": 0.4432837175023948,
      "val_pk_metric": 0.44615642675696204
    },
    {
      "epoch": 2,
      "train_loss": 0.4876860216259956,
      "train_chorus_rate": 0.2261321332771331,
      "train_max_prob": 0.6168310910463333,
      "train_conf_over_90": 0.0,
      "train_conf_over_95": 0.0,
      "val_loss": 0.49413592368364334,
      "val_macro_f1": 0.5575528196410712,
      "val_verse_f1": 0.5915621436716076,
      "val_chorus_f1": 0.5235434956105347,
      "val_chorus_rate": 0.6240147948265076,
      "val_max_prob": 0.6133017539978027,
      "val_conf_over_90": 0.0,
      "val_conf_over_95": 0.0,
      "learning_rate": 0.0009387534281943029,
      "epoch_time": 105.0034110546112,
      "val_boundary_f1": 0.12610340479192936,
      "val_boundary_precision": 0.13550135501355012,
      "val_boundary_recall": 0.1179245283018868,
      "val_complete_segments": 0.03701606090259325,
      "val_avg_segment_overlap": 0.32371095025949576,
      "val_verse_to_chorus_acc": 0.10619469026548672,
      "val_chorus_to_verse_acc": 0.09090909090909091,
      "val_window_diff": 0.46035824201337217,
      "val_pk_metric": 0.43496396425590056
    },
    {
      "epoch": 3,
      "train_loss": 0.4529530882835388,
      "train_chorus_rate": 0.2562911616172642,
      "train_max_prob": 0.659155136346817,
      "train_conf_over_90": 0.018024844815954566,
      "train_conf_over_95": 0.0008955263998359442,
      "val_loss": 0.45738304406404495,
      "val_macro_f1": 0.7095716660359452,
      "val_verse_f1": 0.8172697957721247,
      "val_chorus_f1": 0.6018735362997657,
      "val_chorus_rate": 0.33067529648542404,
      "val_max_prob": 0.6557592749595642,
      "val_conf_over_90": 0.016385227907449007,
      "val_conf_over_95": 0.0,
      "learning_rate": 0.0009330426344554538,
      "epoch_time": 117.46307396888733,
      "val_boundary_f1": 0.3688212927756654,
      "val_boundary_precision": 0.3089171974522293,
      "val_boundary_recall": 0.45754716981132076,
      "val_complete_segments": 0.23888231512833846,
      "val_avg_segment_overlap": 0.5937585573951806,
      "val_verse_to_chorus_acc": 0.4336283185840708,
      "val_chorus_to_verse_acc": 0.37373737373737376,
      "val_window_diff": 0.38739719400772854,
      "val_pk_metric": 0.28757886694056367
    },
    {
      "epoch": 4,
      "train_loss": 0.4399927005171776,
      "train_chorus_rate": 0.28793021515011785,
      "train_max_prob": 0.690499547123909,
      "train_conf_over_90": 0.016137603227980434,
      "train_conf_over_95": 0.0,
      "val_loss": 0.4406385272741318,
      "val_macro_f1": 0.7407088341722963,
      "val_verse_f1": 0.846220980973992,
      "val_chorus_f1": 0.6351966873706005,
      "val_chorus_rate": 0.2946334034204483,
      "val_max_prob": 0.7070497572422028,
      "val_conf_over_90": 0.0,
      "val_conf_over_95": 0.0,
      "learning_rate": 0.0009250865126853132,
      "epoch_time": 90.61113405227661,
      "val_boundary_f1": 0.40634291377601583,
      "val_boundary_precision": 0.3504273504273504,
      "val_boundary_recall": 0.4834905660377358,
      "val_complete_segments": 0.28911450080591117,
      "val_avg_segment_overlap": 0.6256776535634628,
      "val_verse_to_chorus_acc": 0.41150442477876104,
      "val_chorus_to_verse_acc": 0.4494949494949495,
      "val_window_diff": 0.37072759814219924,
      "val_pk_metric": 0.26466416683090205
    },
    {
      "epoch": 5,
      "train_loss": 0.4253570392727852,
      "train_chorus_rate": 0.3116044484078884,
      "train_max_prob": 0.6904655426740647,
      "train_conf_over_90": 0.003861021070042625,
      "train_conf_over_95": 0.0,
      "val_loss": 0.4741407632827759,
      "val_macro_f1": 0.6890320990715573,
      "val_verse_f1": 0.8555893171277785,
      "val_chorus_f1": 0.5224748810153359,
      "val_chorus_rate": 0.16553329303860664,
      "val_max_prob": 0.7517630755901337,
      "val_conf_over_90": 0.0024074708635453135,
      "val_conf_over_95": 0.0,
      "learning_rate": 0.000914923824309399,
      "epoch_time": 94.7296371459961,
      "val_boundary_f1": 0.3279445727482679,
      "val_boundary_precision": 0.3212669683257919,
      "val_boundary_recall": 0.33490566037735847,
      "val_complete_segments": 0.18763721303488007,
      "val_avg_segment_overlap": 0.5088038834261397,
      "val_verse_to_chorus_acc": 0.26548672566371684,
      "val_chorus_to_verse_acc": 0.35353535353535354,
      "val_window_diff": 0.3221579319456661,
      "val_pk_metric": 0.26205342392940434
    },
    {
      "epoch": 6,
      "train_loss": 0.4352568581700325,
      "train_chorus_rate": 0.29415836166590453,
      "train_max_prob": 0.7110220849514007,
      "train_conf_over_90": 0.00840783016756177,
      "train_conf_over_95": 0.0,
      "val_loss": 0.42656370997428894,
      "val_macro_f1": 0.7500514606988831,
      "val_verse_f1": 0.8310146540530513,
      "val_chorus_f1": 0.6690882673447149,
      "val_chorus_rate": 0.37731461971998215,
      "val_max_prob": 0.6818983554840088,
      "val_conf_over_90": 0.0,
      "val_conf_over_95": 0.0,
      "learning_rate": 0.0009026040809239283,
      "epoch_time": 85.5361578464508,
      "val_boundary_f1": 0.3897131552917903,
      "val_boundary_precision": 0.33560477001703576,
      "val_boundary_recall": 0.46462264150943394,
      "val_complete_segments": 0.2444518200218094,
      "val_avg_segment_overlap": 0.6376393715589376,
      "val_verse_to_chorus_acc": 0.5176991150442478,
      "val_chorus_to_verse_acc": 0.32323232323232326,
      "val_window_diff": 0.3700163705709951,