{
  "trial_number": 8,
  "timestamp": 1755978339.3181078,
  "boundary_f1": 0.3679694947569113,
  "line_f1": 0.0,
  "windowdiff": 1.0,
  "pk": 1.0,
  "val_loss": Infinity,
  "val_accuracy": 0.0,
  "weighted_f1": 0.0,
  "training_time": 2754.6317949295044,
  "training_time_minutes": 45.91052991549174,
  "total_params": 0,
  "actual_epochs": 15,
  "config_summary": {
    "attention_enabled": false,
    "hidden_dim": 128,
    "num_layers": 1,
    "max_epochs": 15,
    "batch_size": 32,
    "learning_rate": 0.00048664473839295176,
    "boundary_weight": 1.6418139905608564,
    "label_smoothing": 0.13353474422694905
  },
  "validation_strategy": "composite",
  "all_metrics": {
    "loss": 0.5074909552931786,
    "chorus_rate": 0.34364282339811325,
    "max_prob_mean": 0.642615556716919,
    "confidence_over_90": 0.0,
    "confidence_over_95": 0.0,
    "verse_f1": 0.8060781476121562,
    "chorus_f1": 0.5902140672782874,
    "macro_f1": 0.6981461074452218,
    "boundary_f1": 0.3679694947569113,
    "boundary_precision": 0.3088,
    "boundary_recall": 0.455188679245283,
    "complete_segments": 0.22246330749777196,
    "avg_segment_overlap": 0.5915870101674408,
    "verse_to_chorus_acc": 0.37610619469026546,
    "chorus_to_verse_acc": 0.45454545454545453,
    "window_diff": 0.39738983367702463,
    "pk_metric": 0.3220770372801208
  },
  "parameters": {
    "hidden_dim": 128,
    "num_layers": 1,
    "dropout": 0.2775658491581152,
    "attention_enabled": false,
    "max_epochs": 15,
    "batch_size": 32,
    "learning_rate": 0.00048664473839295176,
    "weight_decay": 0.01237361891315188,
    "scheduler": "cosine",
    "min_delta": 0.0009209831861706365,
    "gradient_clip_norm": 0.7565424108567761,
    "validation_strategy": "composite",
    "head_tail_words": 2,
    "boundary_weight": 1.6418139905608564,
    "label_smoothing": 0.13353474422694905,
    "segment_consistency_lambda": 0.02664262975732272,
    "conf_penalty_lambda": 0.009522491466863185,
    "conf_threshold": 0.9118091429267334,
    "entropy_lambda": 0.02479847288384367,
    "max_confidence_threshold": 0.9067827910850913,
    "min_chorus_rate": 0.09642153127203892,
    "max_chorus_rate": 0.7612207299543723,
    "max_conf_over_95_ratio": 0.09681928812289431,
    "head_ssm_enabled": true,
    "tail_ssm_enabled": true,
    "phonetic_ssm_enabled": false,
    "pos_ssm_enabled": false,
    "string_ssm_enabled": true,
    "syllable_pattern_ssm_enabled": true,
    "line_syllable_ssm_enabled": true,
    "word2vec_enabled": true,
    "contextual_enabled": true,
    "phonetic_mode": "combined",
    "phonetic_similarity_method": "binary",
    "phonetic_normalize": true,
    "phonetic_normalize_method": "minmax",
    "phonetic_high_sim_threshold": 0.33970247890383265,
    "pos_tagset": "universal",
    "pos_similarity_method": "position",
    "pos_high_sim_threshold": 0.2691755069941578,
    "string_case_sensitive": true,
    "string_remove_punctuation": false,
    "string_similarity_threshold": 0.05773110190988384,
    "string_similarity_method": "word_overlap",
    "syllable_pattern_similarity_method": "cosine",
    "syllable_pattern_levenshtein_weight": 0.7534382804457792,
    "syllable_pattern_cosine_weight": 0.2793596806551727,
    "syllable_pattern_normalize": false,
    "syllable_pattern_normalize_method": "zscore",
    "line_syllable_similarity_method": "cosine",
    "line_syllable_ratio_threshold": 0.10381824778972469,
    "line_syllable_normalize": true,
    "line_syllable_normalize_method": "minmax",
    "word2vec_mode": "complete",
    "word2vec_normalize": false,
    "word2vec_similarity_metric": "dot",
    "word2vec_high_sim_threshold": 0.8498443386194384,
    "contextual_mode": "summary",
    "contextual_normalize": false,
    "contextual_similarity_metric": "cosine",
    "contextual_high_sim_threshold": 0.7371283831617192
  },
  "config": {
    "hidden_dim": 128,
    "num_layers": 1,
    "layer_dropout": 0.0,
    "num_classes": 2,
    "dropout": 0.2775658491581152,
    "attention_enabled": false,
    "attention_type": null,
    "attention_heads": 1,
    "attention_dropout": 0.0,
    "attention_dim": 128,
    "positional_encoding": false,
    "max_seq_length": 1000,
    "window_size": 7,
    "boundary_temperature": 2.0,
    "batch_size": 32,
    "learning_rate": 0.00048664473839295176,
    "weight_decay": 0.01237361891315188,
    "max_epochs": 15,
    "patience": 4,
    "gradient_clip_norm": 0.7565424108567761,
    "scheduler": "cosine",
    "min_lr": 1e-06,
    "cosine_t_max": 15,
    "warmup_epochs": 5,
    "lr_factor": 0.5,
    "lr_patience": 10,
    "step_size": 30,
    "step_gamma": 0.5,
    "cosine_t0": 10,
    "cosine_t_mult": 2,
    "min_delta": 0.0009209831861706365,
    "train_file": "data/train.jsonl",
    "val_file": "data/val.jsonl",
    "test_file": "data/test.jsonl",
    "weighted_sampling": true,
    "emergency_monitoring_enabled": true,
    "max_confidence_threshold": 0.9067827910850913,
    "min_chorus_rate": 0.09642153127203892,
    "max_chorus_rate": 0.7612207299543723,
    "max_conf_over_95_ratio": 0.09681928812289431,
    "val_overconf_threshold": 0.96,
    "val_f1_collapse_threshold": 0.1,
    "loss": {
      "loss_type": "boundary_aware",
      "boundary_weight": 1.6418139905608564,
      "label_smoothing": 0.13353474422694905,
      "segment_consistency_lambda": 0.02664262975732272,
      "conf_penalty_lambda": 0.009522491466863185,
      "conf_threshold": 0.9118091429267334,
      "entropy_lambda": 0.02479847288384367
    },
    "calibration_enabled": true,
    "calibration_methods": [
      "temperature",
      "platt"
    ],
    "validation_strategy": "composite",
    "head_ssm_enabled": true,
    "head_ssm_words": 2,
    "head_ssm_dimension": 12,
    "tail_ssm_enabled": true,
    "tail_ssm_words": 2,
    "tail_ssm_dimension": 12,
    "phonetic_ssm_enabled": false,
    "phonetic_ssm_mode": "combined",
    "phonetic_ssm_dimension": 12,
    "phonetic_ssm_similarity_method": "binary",
    "phonetic_ssm_normalize": true,
    "phonetic_ssm_normalize_method": "minmax",
    "phonetic_ssm_high_sim_threshold": 0.33970247890383265,
    "pos_ssm_enabled": false,
    "pos_ssm_tagset": "universal",
    "pos_ssm_similarity_method": "position",
    "pos_ssm_high_sim_threshold": 0.2691755069941578,
    "pos_ssm_dimension": 12,
    "string_ssm_enabled": true,
    "string_ssm_case_sensitive": true,
    "string_ssm_remove_punctuation": false,
    "string_ssm_similarity_threshold": 0.05773110190988384,
    "string_ssm_similarity_method": "word_overlap",
    "string_ssm_dimension": 12,
    "syllable_pattern_ssm_enabled": true,
    "syllable_pattern_ssm_similarity_method": "cosine",
    "syllable_pattern_ssm_levenshtein_weight": 0.7295117814162044,
    "syllable_pattern_ssm_cosine_weight": 0.27048821858379557,
    "syllable_pattern_ssm_normalize": false,
    "syllable_pattern_ssm_normalize_method": "zscore",
    "syllable_pattern_ssm_dimension": 12,
    "line_syllable_ssm_enabled": true,
    "line_syllable_ssm_similarity_method": "cosine",
    "line_syllable_ssm_ratio_threshold": 0.10381824778972469,
    "line_syllable_ssm_normalize": true,
    "line_syllable_ssm_normalize_method": "minmax",
    "line_syllable_ssm_dimension": 12,
    "word2vec_enabled": true,
    "word2vec_model": "word2vec-google-news-300",
    "word2vec_mode": "complete",
    "word2vec_normalize": false,
    "word2vec_similarity_metric": "dot",
    "word2vec_high_sim_threshold": 0.8498443386194384,
    "contextual_enabled": true,
    "contextual_model": "all-MiniLM-L6-v2",
    "contextual_mode": "summary",
    "contextual_normalize": false,
    "contextual_similarity_metric": "cosine",
    "contextual_high_sim_threshold": 0.7371283831617192
  }
}