{
  "metadata": {
    "model_info": {
      "hidden_dim": 128,
      "num_layers": 1,
      "dropout": 0.2775658491581152,
      "layer_dropout": 0.0,
      "attention_enabled": false,
      "attention_heads": 1,
      "attention_dropout": 0.0,
      "attention_dim": 128,
      "positional_encoding": false,
      "max_seq_length": 1000,
      "total_params": 514562,
      "lstm_params": 514048,
      "attention_params": 0,
      "classifier_params": 514
    },
    "training_info": {
      "batch_size": 32,
      "learning_rate": 0.00048664473839295176,
      "scheduler": "cosine",
      "label_smoothing": 0.0,
      "weighted_sampling": true,
      "total_epochs": 15,
      "validation_strategy": "composite",
      "weight_decay": 0.01237361891315188,
      "gradient_clip_norm": 0.7565424108567761,
      "max_epochs": 15,
      "patience": 4
    },
    "calibration_info": {
      "temperature": {
        "ece_before": 0.09447701639826968,
        "ece_after": 0.041164087288974534,
        "improvement": 0.053312929109295144,
        "params": {
          "temperature": 0.6018249869995683
        }
      },
      "platt": {
        "ece_before": 0.09447701639826968,
        "ece_after": 0.04549543372188898,
        "improvement": 0.0489815826763807,
        "params": {
          "A": 1.4999999413409135,
          "B": 0.0
        }
      }
    }
  },
  "metrics": [
    {
      "epoch": 1,
      "train_loss": 0.5355882674455643,
      "train_chorus_rate": 0.23253123280592264,
      "train_max_prob": 0.5423814594745636,
      "train_conf_over_90": 0.0,
      "train_conf_over_95": 0.0,
      "val_loss": 0.5572348535060883,
      "val_macro_f1": 0.538647938143844,
      "val_verse_f1": 0.6312129269789324,
      "val_chorus_f1": 0.44608294930875575,
      "val_chorus_rate": 0.5001051723957062,
      "val_max_prob": 0.5332990884780884,
      "val_conf_over_90": 0.0,
      "val_conf_over_95": 0.0,
      "learning_rate": 0.0004813384870305071,
      "epoch_time": 220.25289702415466,
      "val_boundary_f1": 0.10455311973018548,
      "val_boundary_precision": 0.1834319526627219,
      "val_boundary_recall": 0.07311320754716981,
      "val_complete_segments": 0.020216104985458113,
      "val_avg_segment_overlap": 0.22693604099229986,
      "val_verse_to_chorus_acc": 0.084070796460177,
      "val_chorus_to_verse_acc": 0.030303030303030304,
      "val_window_diff": 0.4427050638706738,
      "val_pk_metric": 0.45915914512742195
    },
    {
      "epoch": 2,
      "train_loss": 0.5299237370491028,
      "train_chorus_rate": 0.29769753813743594,
      "train_max_prob": 0.5465595990419387,
      "train_conf_over_90": 0.0,
      "train_conf_over_95": 0.0,
      "val_loss": 0.557570293545723,
      "val_macro_f1": 0.5711164333621443,
      "val_verse_f1": 0.7632293080054274,
      "val_chorus_f1": 0.37900355871886127,
      "val_chorus_rate": 0.25253524258732796,
      "val_max_prob": 0.5559831857681274,
      "val_conf_over_90": 0.0,
      "val_conf_over_95": 0.0,
      "learning_rate": 0.000465651641589931,
      "epoch_time": 149.64271593093872,
      "val_boundary_f1": 0.17991004497751126,
      "val_boundary_precision": 0.24691358024691357,
      "val_boundary_recall": 0.14150943396226415,
      "val_complete_segments": 0.04741489141011941,
      "val_avg_segment_overlap": 0.29149316823976223,
      "val_verse_to_chorus_acc": 0.12831858407079647,
      "val_chorus_to_verse_acc": 0.12626262626262627,
      "val_window_diff": 0.383833287697453,
      "val_pk_metric": 0.37664596132326705
    },
    {
      "epoch": 3,
      "train_loss": 0.5091874659061432,
      "train_chorus_rate": 0.3326459489762783,
      "train_max_prob": 0.5784652203321456,
      "train_conf_over_90": 0.0,
      "train_conf_over_95": 0.0,
      "val_loss": 0.5471000373363495,
      "val_macro_f1": 0.5526118203694381,
      "val_verse_f1": 0.6287513116474291,
      "val_chorus_f1": 0.4764723290914471,
      "val_chorus_rate": 0.5308083742856979,
      "val_max_prob": 0.5654493272304535,
      "val_conf_over_90": 0.0,
      "val_conf_over_95": 0.0,
      "learning_rate": 0.00044026979249081263,
      "epoch_time": 145.12312602996826,
      "val_boundary_f1": 0.17974322396576317,
      "val_boundary_precision": 0.22743682310469315,
      "val_boundary_recall": 0.14858490566037735,
      "val_complete_segments": 0.05718898719959165,
      "val_avg_segment_overlap": 0.28287521419835,
      "val_verse_to_chorus_acc": 0.15486725663716813,
      "val_chorus_to_verse_acc": 0.10606060606060606,
      "val_window_diff": 0.41462833488285433,
      "val_pk_metric": 0.41661885637835283
    },
    {
      "epoch": 4,
      "train_loss": 0.5148436248302459,
      "train_chorus_rate": 0.4031775176525116,
      "train_max_prob": 0.5894118428230286,
      "train_conf_over_90": 0.0,
      "train_conf_over_95": 0.0,
      "val_loss": 0.5355340093374252,
      "val_macro_f1": 0.5159045017796386,
      "val_verse_f1": 0.5037783375314862,
      "val_chorus_f1": 0.5280306660277911,
      "val_chorus_rate": 0.7261317372322083,
      "val_max_prob": 0.5784047991037369,
      "val_conf_over_90": 0.0,
      "val_conf_over_95": 0.0,
      "learning_rate": 0.0004063022483344083,
      "epoch_time": 142.97167420387268,
      "val_boundary_f1": 0.11830985915492957,
      "val_boundary_precision": 0.14685314685314685,
      "val_boundary_recall": 0.09905660377358491,
      "val_complete_segments": 0.04100146578937671,
      "val_avg_segment_overlap": 0.26660941125414483,
      "val_verse_to_chorus_acc": 0.09292035398230089,
      "val_chorus_to_verse_acc": 0.09090909090909091,
      "val_window_diff": 0.45303218229062725,
      "val_pk_metric": 0.42423028634903254
    },
    {
      "epoch": 5,
      "train_loss": 0.49223091155290605,
      "train_chorus_rate": 0.3968499042093754,
      "train_max_prob": 0.6060777008533478,
      "train_conf_over_90": 0.0,
      "train_conf_over_95": 0.0,
      "val_loss": 0.5236276090145111,
      "val_macro_f1": 0.6756330148106511,
      "val_verse_f1": 0.7852422907488987,
      "val_chorus_f1": 0.5660237388724035,
      "val_chorus_rate": 0.3638342544436455,
      "val_max_prob": 0.5960057526826859,
      "val_conf_over_90": 0.0,
      "val_conf_over_95": 0.0,
      "learning_rate": 0.0003652335537947138,
      "epoch_time": 151.35842299461365,
      "val_boundary_f1": 0.37590861889927313,
      "val_boundary_precision": 0.3358070500927644,
      "val_boundary_recall": 0.4268867924528302,
      "val_complete_segments": 0.185946437271994,
      "val_avg_segment_overlap": 0.5354261826371979,
      "val_verse_to_chorus_acc": 0.3584070796460177,
      "val_chorus_to_verse_acc": 0.41414141414141414,
      "val_window_diff": 0.3886363284150287,
      "val_pk_metric": 0.33342874116119753
    },
    {
      "epoch": 6,
      "train_loss": 0.4793636992573738,
      "train_chorus_rate": 0.34004578813910485,
      "train_max_prob": 0.6262775987386704,
      "train_conf_over_90": 0.00078396811732091,
      "train_conf_over_95": 0.0,
      "val_loss": 0.5153647810220718,
      "val_macro_f1": 0.7043461377008473,
      "val_verse_f1": 0.8058500914076783,
      "val_chorus_f1": 0.6028421839940165,
      "val_chorus_rate": 0.3584103137254715,
      "val_max_prob": 0.6003572940826416,
      "val_conf_over_90": 0.0,
      "val_conf_over_95": 0.0,
      "learning_rate": 0.0003188586078925747,
      "epoch_time": 143.60804390907288,
      "val_boundary_f1": 0.35624394966118106,
      "val_boundary_precision": 0.3021346469622332,
      "val_boundary_recall": 0.4339622641509434,
      "val_complete_segments": 0.22364057930070652,
      "val_avg_segment_overlap": 0.5713434371173964,
      "val_verse_to_chorus_acc": 0.38495575221238937,
      "val_chorus_to_verse_acc": 0.43434343434343436,
      "val_window_diff": 0.40972126858562175,
      "val_pk_metric": 0.31709625965924637
    },
    {
      "epoch": 7,
      "train_loss": 0.4750216960906982,
      "train_chorus_rate": 0.34416008591651914,