{
  "trial_number": 106,
  "timestamp": 1756239910.627445,
  "boundary_f1": 0.43398157625383826,
  "line_f1": 0.7778985461168787,
  "macro_f1": 0.7778985461168787,
  "verse_f1": 0.8628774422735347,
  "chorus_f1": 0.6929196499602227,
  "windowdiff": 0.3367335247083724,
  "pk": 0.23268870077434747,
  "val_loss": 0.49329882115125656,
  "val_accuracy": 0.0,
  "weighted_f1": 0.0,
  "training_time": 1582.4127399921417,
  "training_time_minutes": 26.373545666535694,
  "total_params": 0,
  "actual_epochs": 15,
  "config_summary": {
    "attention_enabled": true,
    "hidden_dim": 256,
    "num_layers": 1,
    "max_epochs": 15,
    "batch_size": 32,
    "learning_rate": 0.0008638573760190358,
    "boundary_weight": 1.853579994229514,
    "label_smoothing": 0.2536362217349962
  },
  "validation_strategy": "composite",
  "all_metrics": {
    "loss": 0.49329882115125656,
    "chorus_rate": 0.3181166723370552,
    "max_prob_mean": 0.6734368950128555,
    "confidence_over_90": 0.0016286840836983174,
    "confidence_over_95": 0.0,
    "verse_f1": 0.8628774422735347,
    "chorus_f1": 0.6929196499602227,
    "macro_f1": 0.7778985461168787,
    "boundary_f1": 0.43398157625383826,
    "boundary_precision": 0.3833634719710669,
    "boundary_recall": 0.5,
    "complete_segments": 0.3248605009342019,
    "avg_segment_overlap": 0.6740979870208649,
    "verse_to_chorus_acc": 0.4557522123893805,
    "chorus_to_verse_acc": 0.47474747474747475,
    "window_diff": 0.3367335247083724,
    "pk_metric": 0.23268870077434747
  },
  "parameters": {
    "hidden_dim": 256,
    "num_layers": 1,
    "dropout": 0.24800971615160625,
    "attention_enabled": true,
    "attention_type": "localized",
    "attention_heads": 4,
    "attention_dropout": 0.2707176711612295,
    "max_epochs": 15,
    "batch_size": 32,
    "learning_rate": 0.0008638573760190358,
    "weight_decay": 0.01929517963767494,
    "scheduler": "cosine",
    "min_delta": 0.0007832967321301624,
    "gradient_clip_norm": 0.3951631833385986,
    "validation_strategy": "composite",
    "head_tail_words": 2,
    "boundary_weight": 1.853579994229514,
    "label_smoothing": 0.2536362217349962,
    "segment_consistency_lambda": 0.029388858895471603,
    "conf_penalty_lambda": 0.006023587242339679,
    "conf_threshold": 0.9167895082265497,
    "entropy_lambda": 0.03693505335738125,
    "max_confidence_threshold": 0.9396712847535286,
    "min_chorus_rate": 0.08479311486345548,
    "max_chorus_rate": 0.7853189624262347,
    "max_conf_over_95_ratio": 0.169994574995311,
    "head_ssm_enabled": true,
    "tail_ssm_enabled": true,
    "phonetic_ssm_enabled": true,
    "pos_ssm_enabled": true,
    "string_ssm_enabled": true,
    "syllable_pattern_ssm_enabled": true,
    "line_syllable_ssm_enabled": false,
    "word2vec_enabled": true,
    "contextual_enabled": true,
    "phonetic_mode": "combined",
    "phonetic_similarity_method": "binary",
    "phonetic_normalize": true,
    "phonetic_normalize_method": "minmax",
    "phonetic_high_sim_threshold": 0.28025201038186154,
    "pos_tagset": "universal",
    "pos_similarity_method": "combined",
    "pos_high_sim_threshold": 0.22987239011288482,
    "string_case_sensitive": false,
    "string_remove_punctuation": false,
    "string_similarity_threshold": 0.05737079343040868,
    "string_similarity_method": "jaccard",
    "syllable_pattern_similarity_method": "cosine",
    "syllable_pattern_levenshtein_weight": 0.7293610540324427,
    "syllable_pattern_cosine_weight": 0.2001270442122957,
    "syllable_pattern_normalize": true,
    "syllable_pattern_normalize_method": "zscore",
    "line_syllable_similarity_method": "cosine",
    "line_syllable_ratio_threshold": 0.09857645126940699,
    "line_syllable_normalize": true,
    "line_syllable_normalize_method": "minmax",
    "word2vec_mode": "summary",
    "word2vec_normalize": true,
    "word2vec_similarity_metric": "cosine",
    "word2vec_high_sim_threshold": 0.8396976655897308,
    "contextual_mode": "summary",
    "contextual_normalize": false,
    "contextual_similarity_metric": "dot",
    "contextual_high_sim_threshold": 0.6500480199409201
  },
  "config": {
    "hidden_dim": 256,
    "num_layers": 1,
    "layer_dropout": 0.0,
    "num_classes": 2,
    "dropout": 0.24800971615160625,
    "attention_enabled": true,
    "attention_type": "localized",
    "attention_heads": 4,
    "attention_dropout": 0.2707176711612295,
    "attention_dim": 256,
    "positional_encoding": true,
    "max_seq_length": 1000,
    "window_size": 7,
    "boundary_temperature": 2.0,
    "batch_size": 32,
    "learning_rate": 0.0008638573760190358,
    "weight_decay": 0.01929517963767494,
    "max_epochs": 15,
    "patience": 4,
    "gradient_clip_norm": 0.3951631833385986,
    "scheduler": "cosine",
    "min_lr": 1e-06,
    "cosine_t_max": 15,
    "warmup_epochs": 5,
    "lr_factor": 0.5,
    "lr_patience": 10,
    "step_size": 30,
    "step_gamma": 0.5,
    "cosine_t0": 10,
    "cosine_t_mult": 2,
    "min_delta": 0.0007832967321301624,
    "train_file": "data/train.jsonl",
    "val_file": "data/val.jsonl",
    "test_file": "data/test.jsonl",
    "weighted_sampling": true,
    "emergency_monitoring_enabled": true,
    "max_confidence_threshold": 0.9396712847535286,
    "min_chorus_rate": 0.08479311486345548,
    "max_chorus_rate": 0.7853189624262347,
    "max_conf_over_95_ratio": 0.169994574995311,
    "val_overconf_threshold": 0.96,
    "val_f1_collapse_threshold": 0.1,
    "loss": {
      "loss_type": "boundary_aware",
      "boundary_weight": 1.853579994229514,
      "label_smoothing": 0.2536362217349962,
      "segment_consistency_lambda": 0.029388858895471603,
      "conf_penalty_lambda": 0.006023587242339679,
      "conf_threshold": 0.9167895082265497,
      "entropy_lambda": 0.03693505335738125
    },
    "calibration_enabled": true,
    "calibration_methods": [
      "temperature",
      "platt"
    ],
    "validation_strategy": "composite",
    "head_ssm_enabled": true,
    "head_ssm_words": 2,
    "head_ssm_dimension": 12,
    "tail_ssm_enabled": true,
    "tail_ssm_words": 2,
    "tail_ssm_dimension": 12,
    "phonetic_ssm_enabled": true,
    "phonetic_ssm_mode": "combined",
    "phonetic_ssm_dimension": 12,
    "phonetic_ssm_similarity_method": "binary",
    "phonetic_ssm_normalize": true,
    "phonetic_ssm_normalize_method": "minmax",
    "phonetic_ssm_high_sim_threshold": 0.28025201038186154,
    "pos_ssm_enabled": true,
    "pos_ssm_tagset": "universal",
    "pos_ssm_similarity_method": "combined",
    "pos_ssm_high_sim_threshold": 0.22987239011288482,
    "pos_ssm_dimension": 12,
    "string_ssm_enabled": true,
    "string_ssm_case_sensitive": false,
    "string_ssm_remove_punctuation": false,
    "string_ssm_similarity_threshold": 0.05737079343040868,
    "string_ssm_similarity_method": "jaccard",
    "string_ssm_dimension": 12,
    "syllable_pattern_ssm_enabled": true,
    "syllable_pattern_ssm_similarity_method": "cosine",
    "syllable_pattern_ssm_levenshtein_weight": 0.7846911169812512,
    "syllable_pattern_ssm_cosine_weight": 0.21530888301874884,
    "syllable_pattern_ssm_normalize": true,
    "syllable_pattern_ssm_normalize_method": "zscore",
    "syllable_pattern_ssm_dimension": 12,
    "line_syllable_ssm_enabled": false,
    "line_syllable_ssm_similarity_method": "cosine",
    "line_syllable_ssm_ratio_threshold": 0.09857645126940699,
    "line_syllable_ssm_normalize": true,
    "line_syllable_ssm_normalize_method": "minmax",
    "line_syllable_ssm_dimension": 12,
    "word2vec_enabled": true,
    "word2vec_model": "word2vec-google-news-300",
    "word2vec_mode": "summary",
    "word2vec_normalize": true,
    "word2vec_similarity_metric": "cosine",
    "word2vec_high_sim_threshold": 0.8396976655897308,
    "contextual_enabled": true,
    "contextual_model": "all-MiniLM-L6-v2",
    "contextual_mode": "summary",
    "contextual_normalize": false,
    "contextual_similarity_metric": "dot",