{
  "metadata": {
    "model_info": {
      "hidden_dim": 256,
      "num_layers": 1,
      "dropout": 0.24800971615160625,
      "layer_dropout": 0.0,
      "attention_enabled": true,
      "attention_heads": 4,
      "attention_dropout": 0.2707176711612295,
      "attention_dim": 256,
      "positional_encoding": true,
      "max_seq_length": 1000,
      "total_params": 1252610,
      "lstm_params": 724992,
      "attention_params": 526592,
      "classifier_params": 1026
    },
    "training_info": {
      "batch_size": 32,
      "learning_rate": 0.0008638573760190358,
      "scheduler": "cosine",
      "label_smoothing": 0.0,
      "weighted_sampling": true,
      "total_epochs": 15,
      "validation_strategy": "composite",
      "weight_decay": 0.01929517963767494,
      "gradient_clip_norm": 0.3951631833385986,
      "max_epochs": 15,
      "patience": 4
    },
    "calibration_info": {
      "temperature": {
        "ece_before": 0.14271795931171574,
        "ece_after": 0.030325043836721976,
        "improvement": 0.11239291547499376,
        "params": {
          "temperature": 0.44438457404246196
        }
      },
      "platt": {
        "ece_before": 0.14271795931171574,
        "ece_after": 0.03223627414883706,
        "improvement": 0.11048168516287868,
        "params": {
          "A": 2.1423777368039563,
          "B": 0.0
        }
      }
    }
  },
  "metrics": [
    {
      "epoch": 1,
      "train_loss": 0.5687736719846725,
      "train_chorus_rate": 0.5336976963211782,
      "train_max_prob": 0.5852231413125992,
      "train_conf_over_90": 4.0650405571796e-05,
      "train_conf_over_95": 0.0,
      "val_loss": 0.5629554092884064,
      "val_macro_f1": 0.4848027622341742,
      "val_verse_f1": 0.46936708860759496,
      "val_chorus_f1": 0.5002384358607534,
      "val_chorus_rate": 0.7304617315530777,
      "val_max_prob": 0.5745847523212433,
      "val_conf_over_90": 0.0,
      "val_conf_over_95": 0.0,
      "learning_rate": 0.0008544296240737614,
      "epoch_time": 110.49580407142639,
      "val_boundary_f1": 0.07570977917981073,
      "val_boundary_precision": 0.11428571428571428,
      "val_boundary_recall": 0.05660377358490566,
      "val_complete_segments": 0.025359316292508233,
      "val_avg_segment_overlap": 0.2430690562701142,
      "val_verse_to_chorus_acc": 0.061946902654867256,
      "val_chorus_to_verse_acc": 0.03535353535353535,
      "val_window_diff": 0.4448573735339366,
      "val_pk_metric": 0.44915909889921424
    },
    {
      "epoch": 2,
      "train_loss": 0.5356202945113182,
      "train_chorus_rate": 0.46826315559446813,
      "train_max_prob": 0.6021195918321609,
      "train_conf_over_90": 0.0,
      "train_conf_over_95": 0.0,
      "val_loss": 0.5438346266746521,
      "val_macro_f1": 0.6955584933370806,
      "val_verse_f1": 0.7913319633850178,
      "val_chorus_f1": 0.5997850232891436,
      "val_chorus_rate": 0.38703545928001404,
      "val_max_prob": 0.605959489941597,
      "val_conf_over_90": 0.0,
      "val_conf_over_95": 0.0,
      "learning_rate": 0.0008265584062373197,
      "epoch_time": 107.520840883255,
      "val_boundary_f1": 0.3155856727976767,
      "val_boundary_precision": 0.2676518883415435,
      "val_boundary_recall": 0.38443396226415094,
      "val_complete_segments": 0.1825730403938251,
      "val_avg_segment_overlap": 0.5538411161876212,
      "val_verse_to_chorus_acc": 0.336283185840708,
      "val_chorus_to_verse_acc": 0.35858585858585856,
      "val_window_diff": 0.3900908055190537,
      "val_pk_metric": 0.30403440551704447
    },
    {
      "epoch": 3,
      "train_loss": 0.5127248972654342,
      "train_chorus_rate": 0.41420322097837925,
      "train_max_prob": 0.6316263496875762,
      "train_conf_over_90": 0.0002613642485812306,
      "train_conf_over_95": 0.0,
      "val_loss": 0.5284350216388702,
      "val_macro_f1": 0.6166506875186697,
      "val_verse_f1": 0.6502596522917137,
      "val_chorus_f1": 0.5830417227456258,
      "val_chorus_rate": 0.6129201501607895,
      "val_max_prob": 0.6365996301174164,
      "val_conf_over_90": 0.0002312673459528014,
      "val_conf_over_95": 0.0,
      "learning_rate": 0.000781461828470105,
      "epoch_time": 124.8141279220581,
      "val_boundary_f1": 0.17984189723320157,
      "val_boundary_precision": 0.15476190476190477,
      "val_boundary_recall": 0.21462264150943397,
      "val_complete_segments": 0.06618661723380706,
      "val_avg_segment_overlap": 0.47495426227868465,
      "val_verse_to_chorus_acc": 0.18141592920353983,
      "val_chorus_to_verse_acc": 0.22727272727272727,
      "val_window_diff": 0.5053101905962919,
      "val_pk_metric": 0.4034253984497132
    },
    {
      "epoch": 4,
      "train_loss": 0.5037036016583443,
      "train_chorus_rate": 0.41749436110258104,
      "train_max_prob": 0.6610753923654556,
      "train_conf_over_90": 0.002518982384935953,
      "train_conf_over_95": 0.0,
      "val_loss": 0.5120320841670036,
      "val_macro_f1": 0.7271320454540275,
      "val_verse_f1": 0.8013129947866384,
      "val_chorus_f1": 0.6529510961214166,
      "val_chorus_rate": 0.4289815351366997,
      "val_max_prob": 0.6462381929159164,
      "val_conf_over_90": 0.0037432616227306426,
      "val_conf_over_95": 0.0,
      "learning_rate": 0.0007211108276179333,
      "epoch_time": 97.46686100959778,
      "val_boundary_f1": 0.34212920837124655,
      "val_boundary_precision": 0.2785185185185185,
      "val_boundary_recall": 0.44339622641509435,
      "val_complete_segments": 0.22990172796641514,
      "val_avg_segment_overlap": 0.6256347659992023,
      "val_verse_to_chorus_acc": 0.39823008849557523,
      "val_chorus_to_verse_acc": 0.4444444444444444,
      "val_window_diff": 0.4502583864882936,
      "val_pk_metric": 0.3346763034221337
    },
    {
      "epoch": 5,
      "train_loss": 0.4892299696803093,
      "train_chorus_rate": 0.3914567120373249,
      "train_max_prob": 0.660316190123558,
      "train_conf_over_90": 0.010672267852351069,
      "train_conf_over_95": 0.00015103444166015835,
      "val_loss": 0.5352986305952072,
      "val_macro_f1": 0.7501227295041728,
      "val_verse_f1": 0.8573883161512028,
      "val_chorus_f1": 0.6428571428571428,
      "val_chorus_rate": 0.272210281342268,
      "val_max_prob": 0.6990900635719299,
      "val_conf_over_90": 0.0038944597472436726,
      "val_conf_over_95": 0.0,
      "learning_rate": 0.000648143032014277,
      "epoch_time": 102.00528216362,
      "val_boundary_f1": 0.4057084607543323,
      "val_boundary_precision": 0.35727109515260325,
      "val_boundary_recall": 0.4693396226415094,
      "val_complete_segments": 0.26643574342407855,
      "val_avg_segment_overlap": 0.6201749453446861,
      "val_verse_to_chorus_acc": 0.4424778761061947,
      "val_chorus_to_verse_acc": 0.3939393939393939,
      "val_window_diff": 0.3280704500601914,
      "val_pk_metric": 0.24318252313036176
    },
    {
      "epoch": 6,
      "train_loss": 0.4933130815625191,
      "train_chorus_rate": 0.37682232856750486,
      "train_max_prob": 0.6645071148872376,
      "train_conf_over_90": 0.003995090903481468,
      "train_conf_over_95": 0.0,
      "val_loss": 0.5015508010983467,
      "val_macro_f1": 0.7090508326836196,
      "val_verse_f1": 0.7698557789965468,
      "val_chorus_f1": 0.6482458863706924,
      "val_chorus_rate": 0.49116309732198715,
      "val_max_prob": 0.6407343447208405,
      "val_conf_over_90": 0.0014323900977615267,
      "val_conf_over_95": 0.0,
      "learning_rate": 0.0005657474844653462,
      "epoch_time": 94.4852180480957,
      "val_boundary_f1": 0.3360287511230907,
      "val_boundary_precision": 0.2714078374455733,
      "val_boundary_recall": 0.4410377358490566,
      "val_complete_segments": 0.21763355538541115,
      "val_avg_segment_overlap": 0.6245503412404116,
      "val_verse_to_chorus_acc": 0.4026548672566372,
      "val_chorus_to_verse_acc": 0.4292929292929293,
      "val_window_diff": 0.46610594444683023,