{
  "trial_number": 51,
  "timestamp": 1756165540.5723069,
  "boundary_f1": 0.27635619242579323,
  "line_f1": 0.6866860650985365,
  "macro_f1": 0.6866860650985365,
  "verse_f1": 0.7904059040590405,
  "chorus_f1": 0.5829662261380323,
  "windowdiff": 0.3910409704931407,
  "pk": 0.3236240368532941,
  "val_loss": 0.516802042722702,
  "val_accuracy": 0.0,
  "weighted_f1": 0.0,
  "training_time": 961.2958762645721,
  "training_time_minutes": 16.021597937742868,
  "total_params": 0,
  "actual_epochs": 15,
  "config_summary": {
    "attention_enabled": true,
    "hidden_dim": 256,
    "num_layers": 2,
    "max_epochs": 15,
    "batch_size": 32,
    "learning_rate": 0.0005780752753894838,
    "boundary_weight": 1.793924331109756,
    "label_smoothing": 0.2565850761516321
  },
  "validation_strategy": "boundary_f1",
  "all_metrics": {
    "loss": 0.516802042722702,
    "chorus_rate": 0.3703429102897644,
    "max_prob_mean": 0.637502908706665,
    "confidence_over_90": 0.0002312673459528014,
    "confidence_over_95": 0.0,
    "verse_f1": 0.7904059040590405,
    "chorus_f1": 0.5829662261380323,
    "macro_f1": 0.6866860650985365,
    "boundary_f1": 0.27635619242579323,
    "boundary_precision": 0.244122965641953,
    "boundary_recall": 0.31839622641509435,
    "complete_segments": 0.13685307031012228,
    "avg_segment_overlap": 0.5596804492058676,
    "verse_to_chorus_acc": 0.2610619469026549,
    "chorus_to_verse_acc": 0.3282828282828283,
    "window_diff": 0.3910409704931407,
    "pk_metric": 0.3236240368532941
  },
  "parameters": {
    "hidden_dim": 256,
    "num_layers": 2,
    "dropout": 0.1733674839522236,
    "layer_dropout": 0.25325969396709924,
    "attention_enabled": true,
    "attention_heads": 8,
    "attention_dropout": 0.12326010403501936,
    "max_epochs": 15,
    "batch_size": 32,
    "learning_rate": 0.0005780752753894838,
    "weight_decay": 0.017035157061812592,
    "scheduler": "cosine",
    "min_delta": 0.0003567070819373024,
    "gradient_clip_norm": 0.574268977307728,
    "validation_strategy": "boundary_f1",
    "head_tail_words": 4,
    "boundary_weight": 1.793924331109756,
    "label_smoothing": 0.2565850761516321,
    "segment_consistency_lambda": 0.02068355240251833,
    "conf_penalty_lambda": 0.010413988422411919,
    "conf_threshold": 0.9440041655617185,
    "entropy_lambda": 0.055345078602383524,
    "max_confidence_threshold": 0.9216132611217547,
    "min_chorus_rate": 0.07723688483913269,
    "max_chorus_rate": 0.8318366500581248,
    "max_conf_over_95_ratio": 0.1927988156789951,
    "head_ssm_enabled": false,
    "tail_ssm_enabled": false,
    "phonetic_ssm_enabled": true,
    "pos_ssm_enabled": false,
    "string_ssm_enabled": false,
    "syllable_pattern_ssm_enabled": false,
    "line_syllable_ssm_enabled": true,
    "word2vec_enabled": false,
    "contextual_enabled": false,
    "phonetic_mode": "rhyme",
    "phonetic_similarity_method": "binary",
    "phonetic_normalize": false,
    "phonetic_normalize_method": "zscore",
    "phonetic_high_sim_threshold": 0.3495273451178716,
    "pos_tagset": "universal",
    "pos_similarity_method": "position",
    "pos_high_sim_threshold": 0.3034560467965842,
    "string_case_sensitive": true,
    "string_remove_punctuation": true,
    "string_similarity_threshold": 0.05255748256249785,
    "string_similarity_method": "jaccard",
    "syllable_pattern_similarity_method": "levenshtein",
    "syllable_pattern_levenshtein_weight": 0.6577554810077068,
    "syllable_pattern_cosine_weight": 0.2316359186613154,
    "syllable_pattern_normalize": false,
    "syllable_pattern_normalize_method": "minmax",
    "line_syllable_similarity_method": "cosine",
    "line_syllable_ratio_threshold": 0.10096680677501996,
    "line_syllable_normalize": false,
    "line_syllable_normalize_method": "zscore",
    "word2vec_mode": "complete",
    "word2vec_normalize": false,
    "word2vec_similarity_metric": "dot",
    "word2vec_high_sim_threshold": 0.7651144072889552,
    "contextual_mode": "complete",
    "contextual_normalize": false,
    "contextual_similarity_metric": "cosine",
    "contextual_high_sim_threshold": 0.673868081695862
  },
  "config": {
    "hidden_dim": 256,
    "num_layers": 2,
    "layer_dropout": 0.25325969396709924,
    "num_classes": 2,
    "dropout": 0.1733674839522236,
    "attention_enabled": true,
    "attention_type": "boundary_aware",
    "attention_heads": 8,
    "attention_dropout": 0.12326010403501936,
    "attention_dim": 256,
    "positional_encoding": true,
    "max_seq_length": 1000,
    "window_size": 7,
    "boundary_temperature": 2.0,
    "batch_size": 32,
    "learning_rate": 0.0005780752753894838,
    "weight_decay": 0.017035157061812592,
    "max_epochs": 15,
    "patience": 4,
    "gradient_clip_norm": 0.574268977307728,
    "scheduler": "cosine",
    "min_lr": 1e-06,
    "cosine_t_max": 15,
    "warmup_epochs": 5,
    "lr_factor": 0.5,
    "lr_patience": 10,
    "step_size": 30,
    "step_gamma": 0.5,
    "cosine_t0": 10,
    "cosine_t_mult": 2,
    "min_delta": 0.0003567070819373024,
    "train_file": "data/train.jsonl",
    "val_file": "data/val.jsonl",
    "test_file": "data/test.jsonl",
    "weighted_sampling": true,
    "emergency_monitoring_enabled": true,
    "max_confidence_threshold": 0.9216132611217547,
    "min_chorus_rate": 0.07723688483913269,
    "max_chorus_rate": 0.8318366500581248,
    "max_conf_over_95_ratio": 0.1927988156789951,
    "val_overconf_threshold": 0.96,
    "val_f1_collapse_threshold": 0.1,
    "loss": {
      "loss_type": "boundary_aware",
      "boundary_weight": 1.793924331109756,
      "label_smoothing": 0.2565850761516321,
      "segment_consistency_lambda": 0.02068355240251833,
      "conf_penalty_lambda": 0.010413988422411919,
      "conf_threshold": 0.9440041655617185,
      "entropy_lambda": 0.055345078602383524
    },
    "calibration_enabled": true,
    "calibration_methods": [
      "temperature",
      "platt"
    ],
    "validation_strategy": "boundary_f1",
    "head_ssm_enabled": false,
    "head_ssm_words": 4,
    "head_ssm_dimension": 12,
    "tail_ssm_enabled": false,
    "tail_ssm_words": 4,
    "tail_ssm_dimension": 12,
    "phonetic_ssm_enabled": true,
    "phonetic_ssm_mode": "rhyme",
    "phonetic_ssm_dimension": 12,
    "phonetic_ssm_similarity_method": "binary",
    "phonetic_ssm_normalize": false,
    "phonetic_ssm_normalize_method": "zscore",
    "phonetic_ssm_high_sim_threshold": 0.3495273451178716,
    "pos_ssm_enabled": false,
    "pos_ssm_tagset": "universal",
    "pos_ssm_similarity_method": "position",
    "pos_ssm_high_sim_threshold": 0.3034560467965842,
    "pos_ssm_dimension": 12,
    "string_ssm_enabled": false,
    "string_ssm_case_sensitive": true,
    "string_ssm_remove_punctuation": true,
    "string_ssm_similarity_threshold": 0.05255748256249785,
    "string_ssm_similarity_method": "jaccard",
    "string_ssm_dimension": 12,
    "syllable_pattern_ssm_enabled": false,
    "syllable_pattern_ssm_similarity_method": "levenshtein",
    "syllable_pattern_ssm_levenshtein_weight": 0.7395568264461335,
    "syllable_pattern_ssm_cosine_weight": 0.26044317355386654,
    "syllable_pattern_ssm_normalize": false,
    "syllable_pattern_ssm_normalize_method": "minmax",
    "syllable_pattern_ssm_dimension": 12,
    "line_syllable_ssm_enabled": true,
    "line_syllable_ssm_similarity_method": "cosine",
    "line_syllable_ssm_ratio_threshold": 0.10096680677501996,
    "line_syllable_ssm_normalize": false,
    "line_syllable_ssm_normalize_method": "zscore",
    "line_syllable_ssm_dimension": 12,
    "word2vec_enabled": false,
    "word2vec_model": "word2vec-google-news-300",
    "word2vec_mode": "complete",
    "word2vec_normalize": false,
    "word2vec_similarity_metric": "dot",
    "word2vec_high_sim_threshold": 0.7651144072889552,
    "contextual_enabled": false,
    "contextual_model": "all-MiniLM-L6-v2",
    "contextual_mode": "complete",
    "contextual_normalize": false,