{
  "metadata": {
    "model_info": {
      "hidden_dim": 256,
      "num_layers": 2,
      "dropout": 0.1733674839522236,
      "layer_dropout": 0.25325969396709924,
      "attention_enabled": true,
      "attention_heads": 8,
      "attention_dropout": 0.12326010403501936,
      "attention_dim": 256,
      "positional_encoding": true,
      "max_seq_length": 1000,
      "total_params": 2715139,
      "lstm_params": 2154496,
      "attention_params": 559617,
      "classifier_params": 1026
    },
    "training_info": {
      "batch_size": 32,
      "learning_rate": 0.0005780752753894838,
      "scheduler": "cosine",
      "label_smoothing": 0.0,
      "weighted_sampling": true,
      "total_epochs": 15,
      "validation_strategy": "boundary_f1",
      "weight_decay": 0.017035157061812592,
      "gradient_clip_norm": 0.574268977307728,
      "max_epochs": 15,
      "patience": 4
    },
    "calibration_info": {
      "temperature": {
        "ece_before": 0.08367490843084802,
        "ece_after": 0.016323834672306768,
        "improvement": 0.06735107375854124,
        "params": {
          "temperature": 0.5688150780176413
        }
      },
      "platt": {
        "ece_before": 0.08367490843084802,
        "ece_after": 0.032778242262618225,
        "improvement": 0.05089666616822979,
        "params": {
          "A": 1.4999967322195504,
          "B": 0.0
        }
      }
    }
  },
  "metrics": [
    {
      "epoch": 1,
      "train_loss": 0.5659768730401993,
      "train_chorus_rate": 0.6673727525863796,
      "train_max_prob": 0.5762675344944,
      "train_conf_over_90": 0.0,
      "train_conf_over_95": 0.0,
      "val_loss": 0.5784638524055481,
      "val_macro_f1": 0.43813265834696197,
      "val_verse_f1": 0.8220017508024511,
      "val_chorus_f1": 0.054263565891472874,
      "val_chorus_rate": 0.01696888473816216,
      "val_max_prob": 0.5703570544719696,
      "val_conf_over_90": 0.0,
      "val_conf_over_95": 0.0,
      "learning_rate": 0.0005717700357272538,
      "epoch_time": 37.13970398902893,
      "val_boundary_f1": 0.013636363636363637,
      "val_boundary_precision": 0.1875,
      "val_boundary_recall": 0.007075471698113208,
      "val_complete_segments": 0.05708388095715773,
      "val_avg_segment_overlap": 0.1730233973537641,
      "val_verse_to_chorus_acc": 0.01327433628318584,
      "val_chorus_to_verse_acc": 0.0,
      "val_window_diff": 0.2768556373740388,
      "val_pk_metric": 0.28337160755859336
    },
    {
      "epoch": 2,
      "train_loss": 0.5451717332005501,
      "train_chorus_rate": 0.4731231858721003,
      "train_max_prob": 0.5705320417881012,
      "train_conf_over_90": 0.0,
      "train_conf_over_95": 0.0,
      "val_loss": 0.5629318207502365,
      "val_macro_f1": 0.5179855119609472,
      "val_verse_f1": 0.615761535320539,
      "val_chorus_f1": 0.42020948860135543,
      "val_chorus_rate": 0.4974401742219925,
      "val_max_prob": 0.5424706935882568,
      "val_conf_over_90": 0.0,
      "val_conf_over_95": 0.0,
      "learning_rate": 0.0005531298859696998,
      "epoch_time": 33.63793325424194,
      "val_boundary_f1": 0.03683241252302026,
      "val_boundary_precision": 0.08403361344537816,
      "val_boundary_recall": 0.02358490566037736,
      "val_complete_segments": 0.012974726734005633,
      "val_avg_segment_overlap": 0.21402611422158513,
      "val_verse_to_chorus_acc": 0.017699115044247787,
      "val_chorus_to_verse_acc": 0.0,
      "val_window_diff": 0.4357094147268636,
      "val_pk_metric": 0.4539844454446826
    },
    {
      "epoch": 3,
      "train_loss": 0.5323687314987182,
      "train_chorus_rate": 0.5249720759689808,
      "train_max_prob": 0.5622574597597122,
      "train_conf_over_90": 0.0,
      "train_conf_over_95": 0.0,
      "val_loss": 0.5612889230251312,
      "val_macro_f1": 0.505446228181222,
      "val_verse_f1": 0.5545129579982128,
      "val_chorus_f1": 0.4563794983642312,
      "val_chorus_rate": 0.6013377904891968,
      "val_max_prob": 0.5606452524662018,
      "val_conf_over_90": 0.0,
      "val_conf_over_95": 0.0,
      "learning_rate": 0.0005229694901065895,
      "epoch_time": 41.423877000808716,
      "val_boundary_f1": 0.04744525547445255,
      "val_boundary_precision": 0.10483870967741936,
      "val_boundary_recall": 0.030660377358490566,
      "val_complete_segments": 0.01263139559799157,
      "val_avg_segment_overlap": 0.21440195932280653,
      "val_verse_to_chorus_acc": 0.03982300884955752,
      "val_chorus_to_verse_acc": 0.0,
      "val_window_diff": 0.44022214649462205,
      "val_pk_metric": 0.46005161179312604
    },
    {
      "epoch": 4,
      "train_loss": 0.5235655769705773,
      "train_chorus_rate": 0.6011699795722961,
      "train_max_prob": 0.5744967460632324,
      "train_conf_over_90": 0.0,
      "train_conf_over_95": 0.0,
      "val_loss": 0.5689675956964493,
      "val_macro_f1": 0.5449308742086445,
      "val_verse_f1": 0.6295299233795817,
      "val_chorus_f1": 0.4603318250377074,
      "val_chorus_rate": 0.5151912271976471,
      "val_max_prob": 0.5695290118455887,
      "val_conf_over_90": 0.0,
      "val_conf_over_95": 0.0,
      "learning_rate": 0.0004826070021627771,
      "epoch_time": 47.792739152908325,
      "val_boundary_f1": 0.07299270072992702,
      "val_boundary_precision": 0.16129032258064516,
      "val_boundary_recall": 0.04716981132075472,
      "val_complete_segments": 0.032238478062974356,
      "val_avg_segment_overlap": 0.2231297971211786,
      "val_verse_to_chorus_acc": 0.048672566371681415,
      "val_chorus_to_verse_acc": 0.015151515151515152,
      "val_window_diff": 0.38953793146665133,
      "val_pk_metric": 0.39560473153828635
    },
    {
      "epoch": 5,
      "train_loss": 0.534247724711895,
      "train_chorus_rate": 0.5819620430469513,
      "train_max_prob": 0.5707825571298599,
      "train_conf_over_90": 0.0,
      "train_conf_over_95": 0.0,
      "val_loss": 0.5629552900791168,
      "val_macro_f1": 0.42325762762927677,
      "val_verse_f1": 0.3707106187516887,
      "val_chorus_f1": 0.4758046365068648,
      "val_chorus_rate": 0.7928346395492554,
      "val_max_prob": 0.6027241051197052,
      "val_conf_over_90": 0.0,
      "val_conf_over_95": 0.0,
      "learning_rate": 0.00043380645654211283,
      "epoch_time": 33.66292977333069,
      "val_boundary_f1": 0.03992740471869328,
      "val_boundary_precision": 0.08661417322834646,
      "val_boundary_recall": 0.025943396226415096,
      "val_complete_segments": 0.017136292480937232,
      "val_avg_segment_overlap": 0.18096360359969568,
      "val_verse_to_chorus_acc": 0.03982300884955752,
      "val_chorus_to_verse_acc": 0.0,
      "val_window_diff": 0.4380735899713346,
      "val_pk_metric": 0.43948980118094627
    },
    {
      "epoch": 6,
      "train_loss": 0.5386922806501389,
      "train_chorus_rate": 0.5882214305922389,
      "train_max_prob": 0.5688579320907593,
      "train_conf_over_90": 0.0,
      "train_conf_over_95": 0.0,
      "val_loss": 0.5653006881475449,
      "val_macro_f1": 0.5684907487787701,
      "val_verse_f1": 0.6958665149791431,
      "val_chorus_f1": 0.44111498257839726,
      "val_chorus_rate": 0.406044602394104,
      "val_max_prob": 0.5674729198217392,
      "val_conf_over_90": 0.0,
      "val_conf_over_95": 0.0,
      "learning_rate": 0.0003787006712592186,
      "epoch_time": 35.52569389343262,
      "val_boundary_f1": 0.1094017094017094,
      "val_boundary_precision": 0.19875776397515527,
      "val_boundary_recall": 0.07547169811320754,
      "val_complete_segments": 0.0651154411493754,
      "val_avg_segment_overlap": 0.27063546218438295,
      "val_verse_to_chorus_acc": 0.09734513274336283,
      "val_chorus_to_verse_acc": 0.04040404040404041,
      "val_window_diff": 0.3137547499340967,
      "val_pk_metric": 0.29776650764230983
    },
    {
      "epoch": 7,
      "train_loss": 0.5211115807294846,
      "train_chorus_rate": 0.5604909300804138,
      "train_max_prob": 0.5720723479986191,