{
  "trial_number": 111,
  "timestamp": 1756248159.156918,
  "boundary_f1": 0.33156028368794327,
  "line_f1": 0.7412679239398882,
  "macro_f1": 0.7412679239398882,
  "verse_f1": 0.8235513322153903,
  "chorus_f1": 0.658984515664386,
  "windowdiff": 0.40516492516112684,
  "pk": 0.2907718381938496,
  "val_loss": 0.51497832685709,
  "val_accuracy": 0.0,
  "weighted_f1": 0.0,
  "training_time": 1864.1927328109741,
  "training_time_minutes": 31.069878880182902,
  "total_params": 0,
  "actual_epochs": 15,
  "config_summary": {
    "attention_enabled": true,
    "hidden_dim": 256,
    "num_layers": 1,
    "max_epochs": 15,
    "batch_size": 32,
    "learning_rate": 0.0001682981587433007,
    "boundary_weight": 1.9490562816489843,
    "label_smoothing": 0.23806747458093003
  },
  "validation_strategy": "composite",
  "all_metrics": {
    "loss": 0.51497832685709,
    "chorus_rate": 0.3827179968357086,
    "max_prob_mean": 0.6574590504169464,
    "confidence_over_90": 0.0031561815121676773,
    "confidence_over_95": 0.0,
    "verse_f1": 0.8235513322153903,
    "chorus_f1": 0.658984515664386,
    "macro_f1": 0.7412679239398882,
    "boundary_f1": 0.33156028368794327,
    "boundary_precision": 0.265625,
    "boundary_recall": 0.4410377358490566,
    "complete_segments": 0.20868309606379598,
    "avg_segment_overlap": 0.617634274584635,
    "verse_to_chorus_acc": 0.3805309734513274,
    "chorus_to_verse_acc": 0.45454545454545453,
    "window_diff": 0.40516492516112684,
    "pk_metric": 0.2907718381938496
  },
  "parameters": {
    "hidden_dim": 256,
    "num_layers": 1,
    "dropout": 0.2528656981701908,
    "attention_enabled": true,
    "attention_type": "localized",
    "attention_heads": 4,
    "attention_dropout": 0.26073877068936874,
    "max_epochs": 15,
    "batch_size": 32,
    "learning_rate": 0.0001682981587433007,
    "weight_decay": 0.02208695025602982,
    "scheduler": "cosine",
    "min_delta": 0.0006705616415594608,
    "gradient_clip_norm": 0.36820269600009364,
    "validation_strategy": "composite",
    "head_tail_words": 2,
    "boundary_weight": 1.9490562816489843,
    "label_smoothing": 0.23806747458093003,
    "segment_consistency_lambda": 0.028901912359704154,
    "conf_penalty_lambda": 0.0058744605612949825,
    "conf_threshold": 0.9145155089202502,
    "entropy_lambda": 0.03814116087972909,
    "max_confidence_threshold": 0.9308828689491202,
    "min_chorus_rate": 0.06477747462032314,
    "max_chorus_rate": 0.7972767949924189,
    "max_conf_over_95_ratio": 0.18626227412524543,
    "head_ssm_enabled": false,
    "tail_ssm_enabled": true,
    "phonetic_ssm_enabled": true,
    "pos_ssm_enabled": false,
    "string_ssm_enabled": true,
    "syllable_pattern_ssm_enabled": true,
    "line_syllable_ssm_enabled": false,
    "word2vec_enabled": true,
    "contextual_enabled": true,
    "phonetic_mode": "combined",
    "phonetic_similarity_method": "binary",
    "phonetic_normalize": true,
    "phonetic_normalize_method": "minmax",
    "phonetic_high_sim_threshold": 0.28326452731512447,
    "pos_tagset": "universal",
    "pos_similarity_method": "combined",
    "pos_high_sim_threshold": 0.2233865279326557,
    "string_case_sensitive": false,
    "string_remove_punctuation": false,
    "string_similarity_threshold": 0.05639553315878854,
    "string_similarity_method": "jaccard",
    "syllable_pattern_similarity_method": "cosine",
    "syllable_pattern_levenshtein_weight": 0.7112405805052541,
    "syllable_pattern_cosine_weight": 0.2103111662360743,
    "syllable_pattern_normalize": true,
    "syllable_pattern_normalize_method": "zscore",
    "line_syllable_similarity_method": "cosine",
    "line_syllable_ratio_threshold": 0.09404494002395684,
    "line_syllable_normalize": true,
    "line_syllable_normalize_method": "zscore",
    "word2vec_mode": "summary",
    "word2vec_normalize": true,
    "word2vec_similarity_metric": "dot",
    "word2vec_high_sim_threshold": 0.8416360980406046,
    "contextual_mode": "summary",
    "contextual_normalize": false,
    "contextual_similarity_metric": "dot",
    "contextual_high_sim_threshold": 0.6544372891444732
  },
  "config": {
    "hidden_dim": 256,
    "num_layers": 1,
    "layer_dropout": 0.0,
    "num_classes": 2,
    "dropout": 0.2528656981701908,
    "attention_enabled": true,
    "attention_type": "localized",
    "attention_heads": 4,
    "attention_dropout": 0.26073877068936874,
    "attention_dim": 256,
    "positional_encoding": true,
    "max_seq_length": 1000,
    "window_size": 7,
    "boundary_temperature": 2.0,
    "batch_size": 32,
    "learning_rate": 0.0001682981587433007,
    "weight_decay": 0.02208695025602982,
    "max_epochs": 15,
    "patience": 4,
    "gradient_clip_norm": 0.36820269600009364,
    "scheduler": "cosine",
    "min_lr": 1e-06,
    "cosine_t_max": 15,
    "warmup_epochs": 5,
    "lr_factor": 0.5,
    "lr_patience": 10,
    "step_size": 30,
    "step_gamma": 0.5,
    "cosine_t0": 10,
    "cosine_t_mult": 2,
    "min_delta": 0.0006705616415594608,
    "train_file": "data/train.jsonl",
    "val_file": "data/val.jsonl",
    "test_file": "data/test.jsonl",
    "weighted_sampling": true,
    "emergency_monitoring_enabled": true,
    "max_confidence_threshold": 0.9308828689491202,
    "min_chorus_rate": 0.06477747462032314,
    "max_chorus_rate": 0.7972767949924189,
    "max_conf_over_95_ratio": 0.18626227412524543,
    "val_overconf_threshold": 0.96,
    "val_f1_collapse_threshold": 0.1,
    "loss": {
      "loss_type": "boundary_aware",
      "boundary_weight": 1.9490562816489843,
      "label_smoothing": 0.23806747458093003,
      "segment_consistency_lambda": 0.028901912359704154,
      "conf_penalty_lambda": 0.0058744605612949825,
      "conf_threshold": 0.9145155089202502,
      "entropy_lambda": 0.03814116087972909
    },
    "calibration_enabled": true,
    "calibration_methods": [
      "temperature",
      "platt"
    ],
    "validation_strategy": "composite",
    "head_ssm_enabled": false,
    "head_ssm_words": 2,
    "head_ssm_dimension": 12,
    "tail_ssm_enabled": true,
    "tail_ssm_words": 2,
    "tail_ssm_dimension": 12,
    "phonetic_ssm_enabled": true,
    "phonetic_ssm_mode": "combined",
    "phonetic_ssm_dimension": 12,
    "phonetic_ssm_similarity_method": "binary",
    "phonetic_ssm_normalize": true,
    "phonetic_ssm_normalize_method": "minmax",
    "phonetic_ssm_high_sim_threshold": 0.28326452731512447,
    "pos_ssm_enabled": false,
    "pos_ssm_tagset": "universal",
    "pos_ssm_similarity_method": "combined",
    "pos_ssm_high_sim_threshold": 0.2233865279326557,
    "pos_ssm_dimension": 12,
    "string_ssm_enabled": true,
    "string_ssm_case_sensitive": false,
    "string_ssm_remove_punctuation": false,
    "string_ssm_similarity_threshold": 0.05639553315878854,
    "string_ssm_similarity_method": "jaccard",
    "string_ssm_dimension": 12,
    "syllable_pattern_ssm_enabled": true,
    "syllable_pattern_ssm_similarity_method": "cosine",
    "syllable_pattern_ssm_levenshtein_weight": 0.7717858308231206,
    "syllable_pattern_ssm_cosine_weight": 0.22821416917687948,
    "syllable_pattern_ssm_normalize": true,
    "syllable_pattern_ssm_normalize_method": "zscore",
    "syllable_pattern_ssm_dimension": 12,
    "line_syllable_ssm_enabled": false,
    "line_syllable_ssm_similarity_method": "cosine",
    "line_syllable_ssm_ratio_threshold": 0.09404494002395684,
    "line_syllable_ssm_normalize": true,
    "line_syllable_ssm_normalize_method": "zscore",
    "line_syllable_ssm_dimension": 12,
    "word2vec_enabled": true,
    "word2vec_model": "word2vec-google-news-300",
    "word2vec_mode": "summary",
    "word2vec_normalize": true,
    "word2vec_similarity_metric": "dot",
    "word2vec_high_sim_threshold": 0.8416360980406046,
    "contextual_enabled": true,
    "contextual_model": "all-MiniLM-L6-v2",
    "contextual_mode": "summary",
    "contextual_normalize": false,
    "contextual_similarity_metric": "dot",