{
  "metadata": {
    "model_info": {
      "hidden_dim": 256,
      "num_layers": 1,
      "dropout": 0.2528656981701908,
      "layer_dropout": 0.0,
      "attention_enabled": true,
      "attention_heads": 4,
      "attention_dropout": 0.26073877068936874,
      "attention_dim": 256,
      "positional_encoding": true,
      "max_seq_length": 1000,
      "total_params": 1203458,
      "lstm_params": 675840,
      "attention_params": 526592,
      "classifier_params": 1026
    },
    "training_info": {
      "batch_size": 32,
      "learning_rate": 0.0001682981587433007,
      "scheduler": "cosine",
      "label_smoothing": 0.0,
      "weighted_sampling": true,
      "total_epochs": 14,
      "validation_strategy": "composite",
      "weight_decay": 0.02208695025602982,
      "gradient_clip_norm": 0.36820269600009364,
      "max_epochs": 15,
      "patience": 4
    },
    "calibration_info": {
      "temperature": {
        "ece_before": 0.11010101346815031,
        "ece_after": 0.014812371248931899,
        "improvement": 0.09528864221921841,
        "params": {
          "temperature": 0.5063609201288034
        }
      },
      "platt": {
        "ece_before": 0.11010101346815031,
        "ece_after": 0.018515865759437374,
        "improvement": 0.09158514770871293,
        "params": {
          "A": 1.911413015618258,
          "B": -0.026508815260255916
        }
      }
    }
  },
  "metrics": [
    {
      "epoch": 1,
      "train_loss": 0.5578392773866654,
      "train_chorus_rate": 0.5645439803600312,
      "train_max_prob": 0.5550880819559098,
      "train_conf_over_90": 0.0,
      "train_conf_over_95": 0.0,
      "val_loss": 0.5709465891122818,
      "val_macro_f1": 0.45022203018031226,
      "val_verse_f1": 0.3948661933369743,
      "val_chorus_f1": 0.5055778670236502,
      "val_chorus_rate": 0.8013085573911667,
      "val_max_prob": 0.5733153373003006,
      "val_conf_over_90": 0.0,
      "val_conf_over_95": 0.0,
      "learning_rate": 0.0001664702256626218,
      "epoch_time": 144.60477900505066,
      "val_boundary_f1": 0.06620209059233449,
      "val_boundary_precision": 0.12666666666666668,
      "val_boundary_recall": 0.04481132075471698,
      "val_complete_segments": 0.025385196209692498,
      "val_avg_segment_overlap": 0.20708480971653223,
      "val_verse_to_chorus_acc": 0.061946902654867256,
      "val_chorus_to_verse_acc": 0.005050505050505051,
      "val_window_diff": 0.44217039516043155,
      "val_pk_metric": 0.43824122644896146
    },
    {
      "epoch": 2,
      "train_loss": 0.551467715203762,
      "train_chorus_rate": 0.5795400023460389,
      "train_max_prob": 0.5792148053646088,
      "train_conf_over_90": 0.0,
      "train_conf_over_95": 0.0,
      "val_loss": 0.5611140877008438,
      "val_macro_f1": 0.48483523813148294,
      "val_verse_f1": 0.45561051809424635,
      "val_chorus_f1": 0.5140599581687195,
      "val_chorus_rate": 0.7577785551548004,
      "val_max_prob": 0.5839253664016724,
      "val_conf_over_90": 0.0,
      "val_conf_over_95": 0.0,
      "learning_rate": 0.00016106631586760688,
      "epoch_time": 124.16691994667053,
      "val_boundary_f1": 0.0864381520119225,
      "val_boundary_precision": 0.11740890688259109,
      "val_boundary_recall": 0.06839622641509434,
      "val_complete_segments": 0.034640209441375934,
      "val_avg_segment_overlap": 0.2540290121909247,
      "val_verse_to_chorus_acc": 0.08849557522123894,
      "val_chorus_to_verse_acc": 0.015151515151515152,
      "val_window_diff": 0.4811656689077971,
      "val_pk_metric": 0.4448445490766457
    },
    {
      "epoch": 3,
      "train_loss": 0.5356869950890542,
      "train_chorus_rate": 0.5006964519619942,
      "train_max_prob": 0.5955642879009246,
      "train_conf_over_90": 0.0,
      "train_conf_over_95": 0.0,
      "val_loss": 0.5577189922332764,
      "val_macro_f1": 0.5482885399095518,
      "val_verse_f1": 0.5726933830382106,
      "val_chorus_f1": 0.523883696780893,
      "val_chorus_rate": 0.6475290358066559,
      "val_max_prob": 0.6077748090028763,
      "val_conf_over_90": 0.0,
      "val_conf_over_95": 0.0,
      "learning_rate": 0.0001523226061471343,
      "epoch_time": 124.95160794258118,
      "val_boundary_f1": 0.1516709511568123,
      "val_boundary_precision": 0.16666666666666666,
      "val_boundary_recall": 0.1391509433962264,
      "val_complete_segments": 0.04950116758176143,
      "val_avg_segment_overlap": 0.31789492120696283,
      "val_verse_to_chorus_acc": 0.11946902654867257,
      "val_chorus_to_verse_acc": 0.12626262626262627,
      "val_window_diff": 0.4584903888089519,
      "val_pk_metric": 0.41675295047872124
    },
    {
      "epoch": 4,
      "train_loss": 0.5178950890898705,
      "train_chorus_rate": 0.44902078807353973,
      "train_max_prob": 0.6227807253599167,
      "train_conf_over_90": 0.0005840446858201176,
      "train_conf_over_95": 0.0,
      "val_loss": 0.5471164286136627,
      "val_macro_f1": 0.7031325348312849,
      "val_verse_f1": 0.8022827687776142,
      "val_chorus_f1": 0.6039823008849557,
      "val_chorus_rate": 0.36727532744407654,
      "val_max_prob": 0.6243355721235275,
      "val_conf_over_90": 0.0,
      "val_conf_over_95": 0.0,
      "learning_rate": 0.000140621238572963,
      "epoch_time": 126.38983201980591,
      "val_boundary_f1": 0.31927710843373497,
      "val_boundary_precision": 0.27797202797202797,
      "val_boundary_recall": 0.375,
      "val_complete_segments": 0.18724212206449747,
      "val_avg_segment_overlap": 0.5452670819833969,
      "val_verse_to_chorus_acc": 0.336283185840708,
      "val_chorus_to_verse_acc": 0.3434343434343434,
      "val_window_diff": 0.36848080531454647,
      "val_pk_metric": 0.3050792282657886
    },
    {
      "epoch": 5,
      "train_loss": 0.5063758537173271,
      "train_chorus_rate": 0.4342328518629074,
      "train_max_prob": 0.642167329788208,
      "train_conf_over_90": 0.0012873316678451373,
      "train_conf_over_95": 0.0,
      "val_loss": 0.5275798141956329,
      "val_macro_f1": 0.6804947880083637,
      "val_verse_f1": 0.7467968273337401,
      "val_chorus_f1": 0.6141927486829873,
      "val_chorus_rate": 0.49328920990228653,
      "val_max_prob": 0.64151731133461,
      "val_conf_over_90": 0.0009250693838112056,
      "val_conf_over_95": 0.0,
      "learning_rate": 0.00012647361905747552,
      "epoch_time": 119.07882189750671,
      "val_boundary_f1": 0.2785065590312815,
      "val_boundary_precision": 0.24338624338624337,
      "val_boundary_recall": 0.32547169811320753,
      "val_complete_segments": 0.16304892037924912,
      "val_avg_segment_overlap": 0.5355784626768069,
      "val_verse_to_chorus_acc": 0.2743362831858407,
      "val_chorus_to_verse_acc": 0.3333333333333333,
      "val_window_diff": 0.39001477252643457,
      "val_pk_metric": 0.3239292367280664
    },
    {
      "epoch": 6,
      "train_loss": 0.5081066772341728,
      "train_chorus_rate": 0.42712353020906446,
      "train_max_prob": 0.6489320516586303,
      "train_conf_over_90": 0.0026885694911470636,
      "train_conf_over_95": 0.0,
      "val_loss": 0.5308674722909927,
      "val_macro_f1": 0.7331982046409622,
      "val_verse_f1": 0.8234862385321101,
      "val_chorus_f1": 0.6429101707498143,
      "val_chorus_rate": 0.3624962493777275,
      "val_max_prob": 0.6384095549583435,
      "val_conf_over_90": 0.001422577421180904,
      "val_conf_over_95": 0.0,
      "learning_rate": 0.00011049806646130916,
      "epoch_time": 131.25536108016968,
      "val_boundary_f1": 0.32087511394712853,
      "val_boundary_precision": 0.26151560178306094,
      "val_boundary_recall": 0.41509433962264153,
      "val_complete_segments": 0.19838836526270248,
      "val_avg_segment_overlap": 0.5906683253094239,
      "val_verse_to_chorus_acc": 0.37610619469026546,
      "val_chorus_to_verse_acc": 0.3939393939393939,
      "val_window_diff": 0.4140012122078402,
      "val_pk_metric": 0.3047828466618972
    },
    {
      "epoch": 7,