{
  "trial_number": 63,
  "timestamp": 1756183399.1708102,
  "boundary_f1": 0.4412733260153677,
  "line_f1": 0.7762144171270149,
  "macro_f1": 0.7762144171270149,
  "verse_f1": 0.8771157752200407,
  "chorus_f1": 0.6753130590339892,
  "windowdiff": 0.26854110513150165,
  "pk": 0.21037484995389244,
  "val_loss": 0.50290197879076,
  "val_accuracy": 0.0,
  "weighted_f1": 0.0,
  "training_time": 1146.09028506279,
  "training_time_minutes": 19.101504751046498,
  "total_params": 0,
  "actual_epochs": 15,
  "config_summary": {
    "attention_enabled": true,
    "hidden_dim": 256,
    "num_layers": 2,
    "max_epochs": 15,
    "batch_size": 32,
    "learning_rate": 0.0009074320731580239,
    "boundary_weight": 2.169455199885195,
    "label_smoothing": 0.1540207909015987
  },
  "validation_strategy": "boundary_f1",
  "all_metrics": {
    "loss": 0.50290197879076,
    "chorus_rate": 0.24977324530482292,
    "max_prob_mean": 0.7012041509151459,
    "confidence_over_90": 0.0009348820603918284,
    "confidence_over_95": 0.0,
    "verse_f1": 0.8771157752200407,
    "chorus_f1": 0.6753130590339892,
    "macro_f1": 0.7762144171270149,
    "boundary_f1": 0.4412733260153677,
    "boundary_precision": 0.4127310061601643,
    "boundary_recall": 0.4740566037735849,
    "complete_segments": 0.2931522285048266,
    "avg_segment_overlap": 0.6504972323237496,
    "verse_to_chorus_acc": 0.38495575221238937,
    "chorus_to_verse_acc": 0.5050505050505051,
    "window_diff": 0.26854110513150165,
    "pk_metric": 0.21037484995389244
  },
  "parameters": {
    "hidden_dim": 256,
    "num_layers": 2,
    "dropout": 0.181284264780202,
    "layer_dropout": 0.2104329902087273,
    "attention_enabled": true,
    "attention_heads": 8,
    "attention_dropout": 0.12164971075373235,
    "max_epochs": 15,
    "batch_size": 32,
    "learning_rate": 0.0009074320731580239,
    "weight_decay": 0.016277446533670036,
    "scheduler": "cosine",
    "min_delta": 0.0005201675723578142,
    "gradient_clip_norm": 0.33379973425786996,
    "validation_strategy": "boundary_f1",
    "head_tail_words": 4,
    "boundary_weight": 2.169455199885195,
    "label_smoothing": 0.1540207909015987,
    "segment_consistency_lambda": 0.024163746332319082,
    "conf_penalty_lambda": 0.012430445620904944,
    "conf_threshold": 0.9472163577347074,
    "entropy_lambda": 0.03557028406095395,
    "max_confidence_threshold": 0.9249603949407831,
    "min_chorus_rate": 0.08449084057849131,
    "max_chorus_rate": 0.7743198898648883,
    "max_conf_over_95_ratio": 0.19813535752752406,
    "head_ssm_enabled": true,
    "tail_ssm_enabled": false,
    "phonetic_ssm_enabled": true,
    "pos_ssm_enabled": true,
    "string_ssm_enabled": false,
    "syllable_pattern_ssm_enabled": true,
    "line_syllable_ssm_enabled": false,
    "word2vec_enabled": false,
    "contextual_enabled": false,
    "phonetic_mode": "rhyme",
    "phonetic_similarity_method": "binary",
    "phonetic_normalize": false,
    "phonetic_normalize_method": "zscore",
    "phonetic_high_sim_threshold": 0.326878841810112,
    "pos_tagset": "universal",
    "pos_similarity_method": "position",
    "pos_high_sim_threshold": 0.2688140271996044,
    "string_case_sensitive": true,
    "string_remove_punctuation": true,
    "string_similarity_threshold": 0.048448178111347134,
    "string_similarity_method": "word_overlap",
    "syllable_pattern_similarity_method": "levenshtein",
    "syllable_pattern_levenshtein_weight": 0.6544360324383416,
    "syllable_pattern_cosine_weight": 0.2161159549959437,
    "syllable_pattern_normalize": false,
    "syllable_pattern_normalize_method": "minmax",
    "line_syllable_similarity_method": "cosine",
    "line_syllable_ratio_threshold": 0.10585467437815978,
    "line_syllable_normalize": false,
    "line_syllable_normalize_method": "minmax",
    "word2vec_mode": "summary",
    "word2vec_normalize": true,
    "word2vec_similarity_metric": "cosine",
    "word2vec_high_sim_threshold": 0.7872170374291345,
    "contextual_mode": "complete",
    "contextual_normalize": false,
    "contextual_similarity_metric": "dot",
    "contextual_high_sim_threshold": 0.6760126313219976
  },
  "config": {
    "hidden_dim": 256,
    "num_layers": 2,
    "layer_dropout": 0.2104329902087273,
    "num_classes": 2,
    "dropout": 0.181284264780202,
    "attention_enabled": true,
    "attention_type": "boundary_aware",
    "attention_heads": 8,
    "attention_dropout": 0.12164971075373235,
    "attention_dim": 256,
    "positional_encoding": true,
    "max_seq_length": 1000,
    "window_size": 7,
    "boundary_temperature": 2.0,
    "batch_size": 32,
    "learning_rate": 0.0009074320731580239,
    "weight_decay": 0.016277446533670036,
    "max_epochs": 15,
    "patience": 4,
    "gradient_clip_norm": 0.33379973425786996,
    "scheduler": "cosine",
    "min_lr": 1e-06,
    "cosine_t_max": 15,
    "warmup_epochs": 5,
    "lr_factor": 0.5,
    "lr_patience": 10,
    "step_size": 30,
    "step_gamma": 0.5,
    "cosine_t0": 10,
    "cosine_t_mult": 2,
    "min_delta": 0.0005201675723578142,
    "train_file": "data/train.jsonl",
    "val_file": "data/val.jsonl",
    "test_file": "data/test.jsonl",
    "weighted_sampling": true,
    "emergency_monitoring_enabled": true,
    "max_confidence_threshold": 0.9249603949407831,
    "min_chorus_rate": 0.08449084057849131,
    "max_chorus_rate": 0.7743198898648883,
    "max_conf_over_95_ratio": 0.19813535752752406,
    "val_overconf_threshold": 0.96,
    "val_f1_collapse_threshold": 0.1,
    "loss": {
      "loss_type": "boundary_aware",
      "boundary_weight": 2.169455199885195,
      "label_smoothing": 0.1540207909015987,
      "segment_consistency_lambda": 0.024163746332319082,
      "conf_penalty_lambda": 0.012430445620904944,
      "conf_threshold": 0.9472163577347074,
      "entropy_lambda": 0.03557028406095395
    },
    "calibration_enabled": true,
    "calibration_methods": [
      "temperature",
      "platt"
    ],
    "validation_strategy": "boundary_f1",
    "head_ssm_enabled": true,
    "head_ssm_words": 4,
    "head_ssm_dimension": 12,
    "tail_ssm_enabled": false,
    "tail_ssm_words": 4,
    "tail_ssm_dimension": 12,
    "phonetic_ssm_enabled": true,
    "phonetic_ssm_mode": "rhyme",
    "phonetic_ssm_dimension": 12,
    "phonetic_ssm_similarity_method": "binary",
    "phonetic_ssm_normalize": false,
    "phonetic_ssm_normalize_method": "zscore",
    "phonetic_ssm_high_sim_threshold": 0.326878841810112,
    "pos_ssm_enabled": true,
    "pos_ssm_tagset": "universal",
    "pos_ssm_similarity_method": "position",
    "pos_ssm_high_sim_threshold": 0.2688140271996044,
    "pos_ssm_dimension": 12,
    "string_ssm_enabled": false,
    "string_ssm_case_sensitive": true,
    "string_ssm_remove_punctuation": true,
    "string_ssm_similarity_threshold": 0.048448178111347134,
    "string_ssm_similarity_method": "word_overlap",
    "string_ssm_dimension": 12,
    "syllable_pattern_ssm_enabled": true,
    "syllable_pattern_ssm_similarity_method": "levenshtein",
    "syllable_pattern_ssm_levenshtein_weight": 0.7517483641236791,
    "syllable_pattern_ssm_cosine_weight": 0.2482516358763209,
    "syllable_pattern_ssm_normalize": false,
    "syllable_pattern_ssm_normalize_method": "minmax",
    "syllable_pattern_ssm_dimension": 12,
    "line_syllable_ssm_enabled": false,
    "line_syllable_ssm_similarity_method": "cosine",
    "line_syllable_ssm_ratio_threshold": 0.10585467437815978,
    "line_syllable_ssm_normalize": false,
    "line_syllable_ssm_normalize_method": "minmax",
    "line_syllable_ssm_dimension": 12,
    "word2vec_enabled": false,
    "word2vec_model": "word2vec-google-news-300",
    "word2vec_mode": "summary",
    "word2vec_normalize": true,
    "word2vec_similarity_metric": "cosine",
    "word2vec_high_sim_threshold": 0.7872170374291345,
    "contextual_enabled": false,
    "contextual_model": "all-MiniLM-L6-v2",
    "contextual_mode": "complete",
    "contextual_normalize": false,