{
  "metadata": {
    "model_info": {
      "hidden_dim": 256,
      "num_layers": 2,
      "dropout": 0.181284264780202,
      "layer_dropout": 0.2104329902087273,
      "attention_enabled": true,
      "attention_heads": 8,
      "attention_dropout": 0.12164971075373235,
      "attention_dim": 256,
      "positional_encoding": true,
      "max_seq_length": 1000,
      "total_params": 2764291,
      "lstm_params": 2203648,
      "attention_params": 559617,
      "classifier_params": 1026
    },
    "training_info": {
      "batch_size": 32,
      "learning_rate": 0.0009074320731580239,
      "scheduler": "cosine",
      "label_smoothing": 0.0,
      "weighted_sampling": true,
      "total_epochs": 15,
      "validation_strategy": "boundary_f1",
      "weight_decay": 0.016277446533670036,
      "gradient_clip_norm": 0.33379973425786996,
      "max_epochs": 15,
      "patience": 4
    },
    "calibration_info": {
      "temperature": {
        "ece_before": 0.1203955725157425,
        "ece_after": 0.024509496269619534,
        "improvement": 0.09588607624612297,
        "params": {
          "temperature": 0.5204161803771532
        }
      },
      "platt": {
        "ece_before": 0.1203955725157425,
        "ece_after": 0.050942743559366156,
        "improvement": 0.06945282895637633,
        "params": {
          "A": 1.499999495408395,
          "B": 0.0
        }
      }
    }
  },
  "metrics": [
    {
      "epoch": 1,
      "train_loss": 0.606060266494751,
      "train_chorus_rate": 0.48531860345683525,
      "train_max_prob": 0.5898011237382889,
      "train_conf_over_90": 0.014114391803741456,
      "train_conf_over_95": 0.0,
      "val_loss": 0.5876675546169281,
      "val_macro_f1": 0.41362770479154726,
      "val_verse_f1": 0.32650706662820883,
      "val_chorus_f1": 0.5007483429548857,
      "val_chorus_rate": 0.8487966954708099,
      "val_max_prob": 0.5659308433532715,
      "val_conf_over_90": 0.0,
      "val_conf_over_95": 0.0,
      "learning_rate": 0.0008975282153728572,
      "epoch_time": 79.96511721611023,
      "val_boundary_f1": 0.061930783242258654,
      "val_boundary_precision": 0.136,
      "val_boundary_recall": 0.04009433962264151,
      "val_complete_segments": 0.021886408829675005,
      "val_avg_segment_overlap": 0.1856000467254612,
      "val_verse_to_chorus_acc": 0.05309734513274336,
      "val_chorus_to_verse_acc": 0.0,
      "val_window_diff": 0.42535731364161705,
      "val_pk_metric": 0.4287543979510682
    },
    {
      "epoch": 2,
      "train_loss": 0.5619971960783005,
      "train_chorus_rate": 0.4866661915555596,
      "train_max_prob": 0.5653713256120682,
      "train_conf_over_90": 0.0,
      "train_conf_over_95": 0.0,
      "val_loss": 0.6021283715963364,
      "val_macro_f1": 0.5329214134704703,
      "val_verse_f1": 0.8038545228473732,
      "val_chorus_f1": 0.26198830409356727,
      "val_chorus_rate": 0.11964971572160721,
      "val_max_prob": 0.5908887088298798,
      "val_conf_over_90": 0.0,
      "val_conf_over_95": 0.0,
      "learning_rate": 0.0008682494881265511,
      "epoch_time": 63.33272194862366,
      "val_boundary_f1": 0.09836065573770492,
      "val_boundary_precision": 0.216,
      "val_boundary_recall": 0.06367924528301887,
      "val_complete_segments": 0.05323976642905594,
      "val_avg_segment_overlap": 0.2238858781622939,
      "val_verse_to_chorus_acc": 0.05309734513274336,
      "val_chorus_to_verse_acc": 0.06565656565656566,
      "val_window_diff": 0.32961197685808663,
      "val_pk_metric": 0.3062252948364168
    },
    {
      "epoch": 3,
      "train_loss": 0.5579523742198944,
      "train_chorus_rate": 0.5532293990254402,
      "train_max_prob": 0.5956201165914535,
      "train_conf_over_90": 0.0,
      "train_conf_over_95": 0.0,
      "val_loss": 0.6203816533088684,
      "val_macro_f1": 0.5257973289951574,
      "val_verse_f1": 0.8211259079903148,
      "val_chorus_f1": 0.23046874999999997,
      "val_chorus_rate": 0.0776332514360547,
      "val_max_prob": 0.6435340791940689,
      "val_conf_over_90": 0.0,
      "val_conf_over_95": 0.0,
      "learning_rate": 0.0008208755122946904,
      "epoch_time": 46.06756615638733,
      "val_boundary_f1": 0.1702838063439065,
      "val_boundary_precision": 0.2914285714285714,
      "val_boundary_recall": 0.12028301886792453,
      "val_complete_segments": 0.08562253739878342,
      "val_avg_segment_overlap": 0.2778947214200486,
      "val_verse_to_chorus_acc": 0.13274336283185842,
      "val_chorus_to_verse_acc": 0.08080808080808081,
      "val_window_diff": 0.3310790407427226,
      "val_pk_metric": 0.29897044948068957
    },
    {
      "epoch": 4,
      "train_loss": 0.5376025274395942,
      "train_chorus_rate": 0.39252324420958756,
      "train_max_prob": 0.6346353441476822,
      "train_conf_over_90": 0.012583124957745894,
      "train_conf_over_95": 0.0009121587732806802,
      "val_loss": 0.5501249730587006,
      "val_macro_f1": 0.6604688214882926,
      "val_verse_f1": 0.7338449111470112,
      "val_chorus_f1": 0.5870927318295739,
      "val_chorus_rate": 0.4858861714601517,
      "val_max_prob": 0.5674699693918228,
      "val_conf_over_90": 0.0,
      "val_conf_over_95": 0.0,
      "learning_rate": 0.0007574767579466847,
      "epoch_time": 53.430476903915405,
      "val_boundary_f1": 0.20419847328244276,
      "val_boundary_precision": 0.17147435897435898,
      "val_boundary_recall": 0.25235849056603776,
      "val_complete_segments": 0.08239143741529743,
      "val_avg_segment_overlap": 0.5194944300971271,
      "val_verse_to_chorus_acc": 0.1902654867256637,
      "val_chorus_to_verse_acc": 0.2878787878787879,
      "val_window_diff": 0.49191852699792726,
      "val_pk_metric": 0.3964378594864933
    },
    {
      "epoch": 5,
      "train_loss": 0.5074899986386299,
      "train_chorus_rate": 0.4049143560230732,
      "train_max_prob": 0.6633389264345169,
      "train_conf_over_90": 0.013648054029908962,
      "train_conf_over_95": 7.032752910163254e-05,
      "val_loss": 0.504444882273674,
      "val_macro_f1": 0.7100572171905807,
      "val_verse_f1": 0.7925826801758747,
      "val_chorus_f1": 0.6275317542052866,
      "val_chorus_rate": 0.4168637618422508,
      "val_max_prob": 0.6811297237873077,
      "val_conf_over_90": 0.0070748538710176945,
      "val_conf_over_95": 0.0,
      "learning_rate": 0.0006808240548685179,
      "epoch_time": 53.661412954330444,
      "val_boundary_f1": 0.33528265107212474,
      "val_boundary_precision": 0.2857142857142857,
      "val_boundary_recall": 0.4056603773584906,
      "val_complete_segments": 0.19345033376051404,
      "val_avg_segment_overlap": 0.600732421329168,
      "val_verse_to_chorus_acc": 0.3141592920353982,
      "val_chorus_to_verse_acc": 0.45454545454545453,
      "val_window_diff": 0.4267248339200362,
      "val_pk_metric": 0.32468503094127843
    },
    {
      "epoch": 6,
      "train_loss": 0.4956438556313515,
      "train_chorus_rate": 0.39955953806638717,
      "train_max_prob": 0.6786712318658829,
      "train_conf_over_90": 0.01454820268554613,
      "train_conf_over_95": 0.00047761166642885656,
      "val_loss": 0.4920601397752762,
      "val_macro_f1": 0.7318883809497233,
      "val_verse_f1": 0.8133358447918628,
      "val_chorus_f1": 0.6504409171075838,
      "val_chorus_rate": 0.3967596963047981,
      "val_max_prob": 0.691778153181076,
      "val_conf_over_90": 0.019859041669405997,
      "val_conf_over_95": 0.0002312673459528014,
      "learning_rate": 0.0005942674940051845,
      "epoch_time": 46.181161880493164,
      "val_boundary_f1": 0.3355576739752145,
      "val_boundary_precision": 0.2816,
      "val_boundary_recall": 0.41509433962264153,
      "val_complete_segments": 0.19467537337367663,
      "val_avg_segment_overlap": 0.6268208700443854,
      "val_verse_to_chorus_acc": 0.3185840707964602,
      "val_chorus_to_verse_acc": 0.4444444444444444,
      "val_window_diff": 0.4168802871519874,