{
  "method": "temperature",
  "params": {
    "temperature": 0.8615338886795156
  },
  "ece_before": 0.03872473079762433,
  "ece_after": 0.021835311295826876,
  "improvement": 0.01688941950179745,
  "all_results": [
    {
      "method": "temperature",
      "params": {
        "temperature": 0.8615338886795156
      },
      "ece_before": 0.03872473079762433,
      "ece_after": 0.021835311295826876,
      "improvement": 0.01688941950179745
    },
    {
      "method": "platt",
      "params": {
        "A": 0.9913479389071269,
        "B": 0.0
      },
      "ece_before": 0.03872473079762433,
      "ece_after": 0.03670229566647636,
      "improvement": 0.0020224351311479635
    },
    {
      "method": "isotonic",
      "params": {
        "knots": 38
      },
      "ece_before": 0.03872473079762433,
      "ece_after": 3.6389279708473824e-08,
      "improvement": 0.03872469440834462
    }
  ]
}