{
  "method": "platt",
  "params": {
    "A": 1.4999991068883265,
    "B": 0.0
  },
  "ece_before": 0.081595967218192,
  "ece_after": 0.020011810867631846,
  "improvement": 0.06158415635056015,
  "all_results": [
    {
      "method": "temperature",
      "params": {
        "temperature": 0.5688628269639165
      },
      "ece_before": 0.081595967218192,
      "ece_after": 0.020948043243121554,
      "improvement": 0.06064792397507045
    },
    {
      "method": "platt",
      "params": {
        "A": 1.4999991068883265,
        "B": 0.0
      },
      "ece_before": 0.081595967218192,
      "ece_after": 0.020011810867631846,
      "improvement": 0.06158415635056015
    }
  ]
}