{
  "method": "platt",
  "params": {
    "A": 1.1243732822466952,
    "B": 0.0
  },
  "ece_before": 0.03781896153344153,
  "ece_after": 0.021561749645441136,
  "improvement": 0.016257211888000396,
  "all_results": [
    {
      "method": "temperature",
      "params": {
        "temperature": 0.7942793715751919
      },
      "ece_before": 0.03781896153344153,
      "ece_after": 0.02221974273795932,
      "improvement": 0.015599218795482213
    },
    {
      "method": "platt",
      "params": {
        "A": 1.1243732822466952,
        "B": 0.0
      },
      "ece_before": 0.03781896153344153,
      "ece_after": 0.021561749645441136,
      "improvement": 0.016257211888000396
    }
  ]
}