{
  "metadata": {
    "model_info": {
      "architecture": "CNN",
      "hidden_dim": 128,
      "num_layers": 2,
      "dropout": 0.2983530767462085,
      "layer_dropout": 0.22148116687819522,
      "kernel_sizes": [
        3,
        5,
        7
      ],
      "dilation_rates": [
        1,
        2
      ],
      "use_residual": true,
      "attention_enabled": true,
      "attention_type": "boundary_aware",
      "attention_heads": 8,
      "total_params": 275711,
      "cnn_params": 194556,
      "attention_params": 74625
    },
    "training_info": {
      "batch_size": 64,
      "learning_rate": 0.00013796609641485185,
      "scheduler": "cosine",
      "scheduler_type": "epoch",
      "validation_strategy": "cnn_composite",
      "total_epochs": 15,
      "early_stopping_mode": "cnn_calibration",
      "convergence_window": 5
    },
    "calibration_info": {
      "temperature": {
        "ece_before": 0.03781896153344153,
        "ece_after": 0.02221974273795932,
        "improvement": 0.015599218795482213,
        "params": {
          "temperature": 0.7942793715751919
        }
      },
      "platt": {
        "ece_before": 0.03781896153344153,
        "ece_after": 0.021561749645441136,
        "improvement": 0.016257211888000396,
        "params": {
          "A": 1.1243732822466952,
          "B": 0.0
        }
      }
    }
  },
  "metrics": [
    {
      "epoch": 1,
      "train_loss": 0.5689402893185616,
      "train_chorus_rate": 0.5033074794337153,
      "train_max_prob": 0.5928510203957558,
      "train_conf_over_90": 0.0,
      "train_conf_over_95": 0.0,
      "val_loss": 0.5807331800460815,
      "val_macro_f1": 0.6494482909469002,
      "val_verse_f1": 0.7376888365705316,
      "val_chorus_f1": 0.5612077453232688,
      "val_chorus_rate": 0.4496592879295349,
      "val_max_prob": 0.6314174234867096,
      "val_conf_over_90": 0.0,
      "val_conf_over_95": 0.0,
      "learning_rate": 0.00013646957750245713,
      "epoch_time": 159.74599289894104,
      "val_boundary_f1": 0.2780082987551867,
      "val_boundary_precision": 0.19667318982387474,
      "val_boundary_recall": 0.4740566037735849,
      "val_complete_segments": 0.19441526610644255,
      "val_avg_segment_overlap": 0.5367907243745467,
      "val_verse_to_chorus_acc": 0.42920353982300885,
      "val_chorus_to_verse_acc": 0.3484848484848485,
      "val_window_diff": 0.5145381012669744,
      "val_pk_metric": 0.37444058076090714,
      "cnn_receptive_field_usage": 0.5,
      "cnn_gradient_norm": 2683.715069591999,
      "cnn_effective_layers": 2
    },
    {
      "epoch": 2,
      "train_loss": 0.5619655698537827,
      "train_chorus_rate": 0.39192936569452286,
      "train_max_prob": 0.6224223598837852,
      "train_conf_over_90": 0.0,
      "train_conf_over_95": 0.0,
      "val_loss": 0.5671302676200867,
      "val_macro_f1": 0.6027554748090409,
      "val_verse_f1": 0.6464601769911504,
      "val_chorus_f1": 0.5590507726269315,
      "val_chorus_rate": 0.5919469892978668,
      "val_max_prob": 0.6324232816696167,
      "val_conf_over_90": 0.0,
      "val_conf_over_95": 0.0,
      "learning_rate": 0.0001320454258228391,
      "epoch_time": 122.25625109672546,
      "val_boundary_f1": 0.2197802197802198,
      "val_boundary_precision": 0.1712779973649539,
      "val_boundary_recall": 0.30660377358490565,
      "val_complete_segments": 0.09289653361344538,
      "val_avg_segment_overlap": 0.4883652523932862,
      "val_verse_to_chorus_acc": 0.22566371681415928,
      "val_chorus_to_verse_acc": 0.31313131313131315,
      "val_window_diff": 0.5110035452602821,
      "val_pk_metric": 0.4011564071658411,
      "cnn_receptive_field_usage": 0.5,
      "cnn_gradient_norm": 3478.4712528437376,
      "cnn_effective_layers": 2
    },
    {
      "epoch": 3,
      "train_loss": 0.5376526191830635,
      "train_chorus_rate": 0.5468772538006306,
      "train_max_prob": 0.6245015636086464,
      "train_conf_over_90": 0.0,
      "train_conf_over_95": 0.0,
      "val_loss": 0.5631891191005707,
      "val_macro_f1": 0.6780914288845143,
      "val_verse_f1": 0.7664739884393064,
      "val_chorus_f1": 0.5897088693297224,
      "val_chorus_rate": 0.42563100159168243,
      "val_max_prob": 0.661956250667572,
      "val_conf_over_90": 0.0,
      "val_conf_over_95": 0.0,
      "learning_rate": 0.00012488699803383225,
      "epoch_time": 134.94234490394592,
      "val_boundary_f1": 0.2508532423208191,
      "val_boundary_precision": 0.196524064171123,
      "val_boundary_recall": 0.3466981132075472,
      "val_complete_segments": 0.13913690476190477,
      "val_avg_segment_overlap": 0.5747887157517343,
      "val_verse_to_chorus_acc": 0.2743362831858407,
      "val_chorus_to_verse_acc": 0.3484848484848485,
      "val_window_diff": 0.4923584553314615,
      "val_pk_metric": 0.3568907307367337,
      "cnn_receptive_field_usage": 0.5,
      "cnn_gradient_norm": 4805.313105553389,
      "cnn_effective_layers": 2
    },
    {
      "epoch": 4,
      "train_loss": 0.5482857450842857,
      "train_chorus_rate": 0.4872303865849972,
      "train_max_prob": 0.6471069008111954,
      "train_conf_over_90": 0.0,
      "train_conf_over_95": 0.0,
      "val_loss": 0.5531857013702393,
      "val_macro_f1": 0.6405637292276778,
      "val_verse_f1": 0.6997047659215521,
      "val_chorus_f1": 0.5814226925338035,
      "val_chorus_rate": 0.5377266705036163,
      "val_max_prob": 0.6797172129154205,
      "val_conf_over_90": 0.0,
      "val_conf_over_95": 0.0,
      "learning_rate": 0.00011530715177976372,
      "epoch_time": 109.8711531162262,
      "val_boundary_f1": 0.253781512605042,
      "val_boundary_precision": 0.19712793733681463,
      "val_boundary_recall": 0.3561320754716981,
      "val_complete_segments": 0.12412464985994398,
      "val_avg_segment_overlap": 0.535723838448824,
      "val_verse_to_chorus_acc": 0.252212389380531,
      "val_chorus_to_verse_acc": 0.3787878787878788,
      "val_window_diff": 0.4980299285492056,
      "val_pk_metric": 0.37449700464488883,
      "cnn_receptive_field_usage": 0.5,
      "cnn_gradient_norm": 1.1793326362967491,
      "cnn_effective_layers": 2
    },
    {
      "epoch": 5,
      "train_loss": 0.5296552702784538,
      "train_chorus_rate": 0.41067617386579514,
      "train_max_prob": 0.6528567299246788,
      "train_conf_over_90": 6.506199497380294e-05,
      "train_conf_over_95": 0.0,
      "val_loss": 0.5464956760406494,
      "val_macro_f1": 0.7146458821871116,
      "val_verse_f1": 0.803223388305847,
      "val_chorus_f1": 0.6260683760683761,
      "val_chorus_rate": 0.38755418360233307,
      "val_max_prob": 0.6776877343654633,
      "val_conf_over_90": 0.0,
      "val_conf_over_95": 0.0,
      "learning_rate": 0.00010372457231113887,
      "epoch_time": 123.11830401420593,
      "val_boundary_f1": 0.3005008347245409,
      "val_boundary_precision": 0.23255813953488372,
      "val_boundary_recall": 0.42452830188679247,
      "val_complete_segments": 0.20903361344537816,
      "val_avg_segment_overlap": 0.6148005393904626,
      "val_verse_to_chorus_acc": 0.34513274336283184,
      "val_chorus_to_verse_acc": 0.4444444444444444,
      "val_window_diff": 0.49391992763332115,
      "val_pk_metric": 0.33422558454488216,
      "cnn_receptive_field_usage": 0.5,
      "cnn_gradient_norm": 1.0716517716646194,
      "cnn_effective_layers": 2
    },
    {
      "epoch": 6,
      "train_loss": 0.530182309448719,
      "train_chorus_rate": 0.4539559595286846,
      "train_max_prob": 0.6481795236468315,
      "train_conf_over_90": 0.0004048095906910021,
      "train_conf_over_95": 0.0,
      "val_loss": 0.5382998883724213,
      "val_macro_f1": 0.6768116514410881,
      "val_verse_f1": 0.7469733656174334,
      "val_chorus_f1": 0.6066499372647428,
      "val_chorus_rate": 0.4835698902606964,
      "val_max_prob": 0.6975490152835846,
      "val_conf_over_90": 0.0018068498466163874,
      "val_conf_over_95": 0.0,
      "learning_rate": 9.064547393011931e-05,