{
  "trial_number": 9,
  "trial_id": "cnn_trial_0009",
  "model_type": "CNN",
  "training_score": 0.5616954111155842,
  "optuna_objective": 0.32635253054101226,
  "validation_metrics": {
    "line_f1": 0.7191665584045858,
    "boundary_f1": 0.32635253054101226,
    "macro_f1": 0.7191665584045858,
    "verse_f1": 0.7879266127441309,
    "chorus_f1": 0.6504065040650406,
    "boundary_precision": 0.2590027700831025,
    "boundary_recall": 0.4410377358490566,
    "window_diff": 0.46254217950939824,
    "pk_metric": 0.32285366902255747,
    "confidence": 0.7122558355331421,
    "val_loss": 0.5150306969881058
  },
  "all_results": {
    "line_f1": 0.7191665584045858,
    "boundary_f1": 0.32635253054101226,
    "macro_f1": 0.7191665584045858,
    "verse_f1": 0.7879266127441309,
    "chorus_f1": 0.6504065040650406,
    "boundary_precision": 0.2590027700831025,
    "boundary_recall": 0.4410377358490566,
    "window_diff": 0.46254217950939824,
    "pk_metric": 0.32285366902255747,
    "confidence": 0.7122558355331421,
    "val_loss": 0.5150306969881058
  },
  "parameters": {
    "hidden_dim": 128,
    "num_layers": 2,
    "dropout": 0.2983530767462085,
    "layer_dropout": 0.22148116687819522,
    "cnn_kernel_sizes": "3,5,7",
    "cnn_dilation_rates": "1,2",
    "cnn_use_residual": true,
    "cnn_batch_multiplier": 1.2357880942750792,
    "attention_enabled": true,
    "attention_type": "boundary_aware",
    "attention_heads": 8,
    "attention_dropout": 0.28766809136420757,
    "max_epochs": 15,
    "batch_size": 64,
    "learning_rate": 0.00013796609641485185,
    "weight_decay": 0.01798200030746306,
    "scheduler": "cosine",
    "min_delta": 0.000172623139951683,
    "gradient_clip_norm": 0.8702023041619674,
    "validation_strategy": "cnn_composite",
    "boundary_weight": 2.438600270406554,
    "label_smoothing": 0.16962225537113176,
    "segment_consistency_lambda": 0.023165994394715773,
    "conf_penalty_lambda": 0.007195674542851092,
    "conf_threshold": 0.9313083328827473,
    "entropy_lambda": 0.02925359571339213,
    "max_confidence_threshold": 0.9060275574832829,
    "min_chorus_rate": 0.06495218760352503,
    "max_chorus_rate": 0.8501632234055487,
    "max_conf_over_95_ratio": 0.05696638085440452,
    "head_ssm_enabled": true,
    "tail_ssm_enabled": false,
    "phonetic_ssm_enabled": true,
    "pos_ssm_enabled": true,
    "string_ssm_enabled": true,
    "syllable_pattern_ssm_enabled": true,
    "line_syllable_ssm_enabled": false,
    "word2vec_enabled": true,
    "contextual_enabled": true,
    "head_tail_words": 2,
    "phonetic_mode": "alliteration",
    "phonetic_similarity": "sequence_match",
    "phonetic_threshold": 0.26274886623319826,
    "pos_tagset": "universal",
    "pos_similarity": "lcs",
    "pos_threshold": 0.28939484444671,
    "string_similarity": "word_overlap",
    "string_threshold": 0.048631954336028516
  },
  "duration_minutes": 0
}