{
  "trial_number": 11,
  "timestamp": 1756005557.7559302,
  "boundary_f1": 0.3702359346642468,
  "line_f1": 0.0,
  "windowdiff": 1.0,
  "pk": 1.0,
  "val_loss": Infinity,
  "val_accuracy": 0.0,
  "weighted_f1": 0.0,
  "training_time": 2672.1432070732117,
  "training_time_minutes": 44.53572011788686,
  "total_params": 0,
  "actual_epochs": 15,
  "config_summary": {
    "attention_enabled": false,
    "hidden_dim": 128,
    "num_layers": 1,
    "max_epochs": 15,
    "batch_size": 32,
    "learning_rate": 0.0005228401343287477,
    "boundary_weight": 1.8430409946754986,
    "label_smoothing": 0.1025748077871195
  },
  "validation_strategy": "composite",
  "all_metrics": {
    "loss": 0.4703676253557205,
    "chorus_rate": 0.33151979744434357,
    "max_prob_mean": 0.6928766816854477,
    "confidence_over_90": 0.028448399621993303,
    "confidence_over_95": 0.0,
    "verse_f1": 0.8341996773615343,
    "chorus_f1": 0.6393762183235868,
    "macro_f1": 0.7367879478425605,
    "boundary_f1": 0.3702359346642468,
    "boundary_precision": 0.3008849557522124,
    "boundary_recall": 0.4811320754716981,
    "complete_segments": 0.26636310223266746,
    "avg_segment_overlap": 0.6292947504068789,
    "verse_to_chorus_acc": 0.4247787610619469,
    "chorus_to_verse_acc": 0.45454545454545453,
    "window_diff": 0.41409431357181076,
    "pk_metric": 0.3003493130919183
  },
  "parameters": {
    "hidden_dim": 128,
    "num_layers": 1,
    "dropout": 0.20285287194395651,
    "attention_enabled": false,
    "max_epochs": 15,
    "batch_size": 32,
    "learning_rate": 0.0005228401343287477,
    "weight_decay": 0.02442124006959069,
    "scheduler": "cosine",
    "min_delta": 0.0009625853472379519,
    "gradient_clip_norm": 0.7264917736138693,
    "validation_strategy": "composite",
    "head_tail_words": 3,
    "boundary_weight": 1.8430409946754986,
    "label_smoothing": 0.1025748077871195,
    "segment_consistency_lambda": 0.022555296464029706,
    "conf_penalty_lambda": 0.014251308465671866,
    "conf_threshold": 0.9269853198093896,
    "entropy_lambda": 0.04530590730557721,
    "max_confidence_threshold": 0.9021239440121263,
    "min_chorus_rate": 0.05326244068482973,
    "max_chorus_rate": 0.7014514205323009,
    "max_conf_over_95_ratio": 0.05370330649864525,
    "head_ssm_enabled": true,
    "tail_ssm_enabled": true,
    "phonetic_ssm_enabled": true,
    "pos_ssm_enabled": true,
    "string_ssm_enabled": false,
    "syllable_pattern_ssm_enabled": true,
    "line_syllable_ssm_enabled": false,
    "word2vec_enabled": true,
    "contextual_enabled": true,
    "phonetic_mode": "combined",
    "phonetic_similarity_method": "sequence_match",
    "phonetic_normalize": true,
    "phonetic_normalize_method": "minmax",
    "phonetic_high_sim_threshold": 0.25518399522348895,
    "pos_tagset": "universal",
    "pos_similarity_method": "combined",
    "pos_high_sim_threshold": 0.22298304208360742,
    "string_case_sensitive": true,
    "string_remove_punctuation": false,
    "string_similarity_threshold": 0.059347860971222056,
    "string_similarity_method": "word_overlap",
    "syllable_pattern_similarity_method": "cosine",
    "syllable_pattern_levenshtein_weight": 0.7939744867077956,
    "syllable_pattern_cosine_weight": 0.2135666956834496,
    "syllable_pattern_normalize": true,
    "syllable_pattern_normalize_method": "zscore",
    "line_syllable_similarity_method": "cosine",
    "line_syllable_ratio_threshold": 0.10534962753498514,
    "line_syllable_normalize": true,
    "line_syllable_normalize_method": "minmax",
    "word2vec_mode": "summary",
    "word2vec_normalize": true,
    "word2vec_similarity_metric": "cosine",
    "word2vec_high_sim_threshold": 0.8482695225935433,
    "contextual_mode": "summary",
    "contextual_normalize": false,
    "contextual_similarity_metric": "dot",
    "contextual_high_sim_threshold": 0.7492511357642024
  },
  "config": {
    "hidden_dim": 128,
    "num_layers": 1,
    "layer_dropout": 0.0,
    "num_classes": 2,
    "dropout": 0.20285287194395651,
    "attention_enabled": false,
    "attention_type": null,
    "attention_heads": 1,
    "attention_dropout": 0.0,
    "attention_dim": 128,
    "positional_encoding": false,
    "max_seq_length": 1000,
    "window_size": 7,
    "boundary_temperature": 2.0,
    "batch_size": 32,
    "learning_rate": 0.0005228401343287477,
    "weight_decay": 0.02442124006959069,
    "max_epochs": 15,
    "patience": 4,
    "gradient_clip_norm": 0.7264917736138693,
    "scheduler": "cosine",
    "min_lr": 1e-06,
    "cosine_t_max": 15,
    "warmup_epochs": 5,
    "lr_factor": 0.5,
    "lr_patience": 10,
    "step_size": 30,
    "step_gamma": 0.5,
    "cosine_t0": 10,
    "cosine_t_mult": 2,
    "min_delta": 0.0009625853472379519,
    "train_file": "data/train.jsonl",
    "val_file": "data/val.jsonl",
    "test_file": "data/test.jsonl",
    "weighted_sampling": true,
    "emergency_monitoring_enabled": true,
    "max_confidence_threshold": 0.9021239440121263,
    "min_chorus_rate": 0.05326244068482973,
    "max_chorus_rate": 0.7014514205323009,
    "max_conf_over_95_ratio": 0.05370330649864525,
    "val_overconf_threshold": 0.96,
    "val_f1_collapse_threshold": 0.1,
    "loss": {
      "loss_type": "boundary_aware",
      "boundary_weight": 1.8430409946754986,
      "label_smoothing": 0.1025748077871195,
      "segment_consistency_lambda": 0.022555296464029706,
      "conf_penalty_lambda": 0.014251308465671866,
      "conf_threshold": 0.9269853198093896,
      "entropy_lambda": 0.04530590730557721
    },
    "calibration_enabled": true,
    "calibration_methods": [
      "temperature",
      "platt"
    ],
    "validation_strategy": "composite",
    "head_ssm_enabled": true,
    "head_ssm_words": 3,
    "head_ssm_dimension": 12,
    "tail_ssm_enabled": true,
    "tail_ssm_words": 3,
    "tail_ssm_dimension": 12,
    "phonetic_ssm_enabled": true,
    "phonetic_ssm_mode": "combined",
    "phonetic_ssm_dimension": 12,
    "phonetic_ssm_similarity_method": "sequence_match",
    "phonetic_ssm_normalize": true,
    "phonetic_ssm_normalize_method": "minmax",
    "phonetic_ssm_high_sim_threshold": 0.25518399522348895,
    "pos_ssm_enabled": true,
    "pos_ssm_tagset": "universal",
    "pos_ssm_similarity_method": "combined",
    "pos_ssm_high_sim_threshold": 0.22298304208360742,
    "pos_ssm_dimension": 12,
    "string_ssm_enabled": false,
    "string_ssm_case_sensitive": true,
    "string_ssm_remove_punctuation": false,
    "string_ssm_similarity_threshold": 0.059347860971222056,
    "string_ssm_similarity_method": "word_overlap",
    "string_ssm_dimension": 12,
    "syllable_pattern_ssm_enabled": true,
    "syllable_pattern_ssm_similarity_method": "cosine",
    "syllable_pattern_ssm_levenshtein_weight": 0.7880317952100164,
    "syllable_pattern_ssm_cosine_weight": 0.21196820478998352,
    "syllable_pattern_ssm_normalize": true,
    "syllable_pattern_ssm_normalize_method": "zscore",
    "syllable_pattern_ssm_dimension": 12,
    "line_syllable_ssm_enabled": false,
    "line_syllable_ssm_similarity_method": "cosine",
    "line_syllable_ssm_ratio_threshold": 0.10534962753498514,
    "line_syllable_ssm_normalize": true,
    "line_syllable_ssm_normalize_method": "minmax",
    "line_syllable_ssm_dimension": 12,
    "word2vec_enabled": true,
    "word2vec_model": "word2vec-google-news-300",
    "word2vec_mode": "summary",
    "word2vec_normalize": true,
    "word2vec_similarity_metric": "cosine",
    "word2vec_high_sim_threshold": 0.8482695225935433,
    "contextual_enabled": true,
    "contextual_model": "all-MiniLM-L6-v2",
    "contextual_mode": "summary",
    "contextual_normalize": false,
    "contextual_similarity_metric": "dot",
    "contextual_high_sim_threshold": 0.7492511357642024
  }
}