{
  "metadata": {
    "model_info": {
      "hidden_dim": 128,
      "num_layers": 1,
      "dropout": 0.20285287194395651,
      "layer_dropout": 0.0,
      "attention_enabled": false,
      "attention_heads": 1,
      "attention_dropout": 0.0,
      "attention_dim": 128,
      "positional_encoding": false,
      "max_seq_length": 1000,
      "total_params": 219650,
      "lstm_params": 219136,
      "attention_params": 0,
      "classifier_params": 514
    },
    "training_info": {
      "batch_size": 32,
      "learning_rate": 0.0005228401343287477,
      "scheduler": "cosine",
      "label_smoothing": 0.0,
      "weighted_sampling": true,
      "total_epochs": 14,
      "validation_strategy": "composite",
      "weight_decay": 0.02442124006959069,
      "gradient_clip_norm": 0.7264917736138693,
      "max_epochs": 15,
      "patience": 4
    },
    "calibration_info": {
      "temperature": {
        "ece_before": 0.0801020195535686,
        "ece_after": 0.015366241482245649,
        "improvement": 0.06473577807132296,
        "params": {
          "temperature": 0.6300772897672536
        }
      },
      "platt": {
        "ece_before": 0.0801020195535686,
        "ece_after": 0.01703687262499964,
        "improvement": 0.06306514692856896,
        "params": {
          "A": 1.4999992253763916,
          "B": 0.0
        }
      }
    }
  },
  "metrics": [
    {
      "epoch": 1,
      "train_loss": 0.5267628446221352,
      "train_chorus_rate": 0.3201343617402017,
      "train_max_prob": 0.5421375811100007,
      "train_conf_over_90": 0.0,
      "train_conf_over_95": 0.0,
      "val_loss": 0.5553673803806305,
      "val_macro_f1": 0.5843307549983293,
      "val_verse_f1": 0.7819573901464714,
      "val_chorus_f1": 0.38670411985018727,
      "val_chorus_rate": 0.2251596711575985,
      "val_max_prob": 0.5653301328420639,
      "val_conf_over_90": 0.0,
      "val_conf_over_95": 0.0,
      "learning_rate": 0.0005171384048445096,
      "epoch_time": 127.04922699928284,
      "val_boundary_f1": 0.14492753623188406,
      "val_boundary_precision": 0.18796992481203006,
      "val_boundary_recall": 0.1179245283018868,
      "val_complete_segments": 0.025582238426883182,
      "val_avg_segment_overlap": 0.2763737100601747,
      "val_verse_to_chorus_acc": 0.10176991150442478,
      "val_chorus_to_verse_acc": 0.08080808080808081,
      "val_window_diff": 0.4078900722198655,
      "val_pk_metric": 0.4015263271014083
    },
    {
      "epoch": 2,
      "train_loss": 0.5265337213873863,
      "train_chorus_rate": 0.3569109573960304,
      "train_max_prob": 0.5630062967538834,
      "train_conf_over_90": 0.0,
      "train_conf_over_95": 0.0,
      "val_loss": 0.5396759212017059,
      "val_macro_f1": 0.6206301749325991,
      "val_verse_f1": 0.7924273157538877,
      "val_chorus_f1": 0.4488330341113106,
      "val_chorus_rate": 0.2484622821211815,
      "val_max_prob": 0.5684113204479218,
      "val_conf_over_90": 0.0,
      "val_conf_over_95": 0.0,
      "learning_rate": 0.0005002824093301899,
      "epoch_time": 98.95996522903442,
      "val_boundary_f1": 0.2675438596491228,
      "val_boundary_precision": 0.25,
      "val_boundary_recall": 0.28773584905660377,
      "val_complete_segments": 0.10354841472285799,
      "val_avg_segment_overlap": 0.39252095289893185,
      "val_verse_to_chorus_acc": 0.26548672566371684,
      "val_chorus_to_verse_acc": 0.20707070707070707,
      "val_window_diff": 0.41259718438663595,
      "val_pk_metric": 0.35536439074044657
    },
    {
      "epoch": 3,
      "train_loss": 0.4992411345243454,
      "train_chorus_rate": 0.3833143536001444,
      "train_max_prob": 0.58417888879776,
      "train_conf_over_90": 0.0,
      "train_conf_over_95": 0.0,
      "val_loss": 0.513012021780014,
      "val_macro_f1": 0.6009535830847753,
      "val_verse_f1": 0.6462284958094398,
      "val_chorus_f1": 0.5556786703601109,
      "val_chorus_rate": 0.5874601006507874,
      "val_max_prob": 0.5992765724658966,
      "val_conf_over_90": 0.0,
      "val_conf_over_95": 0.0,
      "learning_rate": 0.00047300883567380497,
      "epoch_time": 118.47684502601624,
      "val_boundary_f1": 0.20702402957486138,
      "val_boundary_precision": 0.1702127659574468,
      "val_boundary_recall": 0.2641509433962264,
      "val_complete_segments": 0.08435331256115985,
      "val_avg_segment_overlap": 0.432995983185369,
      "val_verse_to_chorus_acc": 0.17699115044247787,
      "val_chorus_to_verse_acc": 0.2828282828282828,
      "val_window_diff": 0.4874313441945428,
      "val_pk_metric": 0.40728309777886307
    },
    {
      "epoch": 4,
      "train_loss": 0.48096767365932463,
      "train_chorus_rate": 0.3618914470076561,
      "train_max_prob": 0.6235506772994995,
      "train_conf_over_90": 0.0004657776356907561,
      "train_conf_over_95": 0.0,
      "val_loss": 0.5125265866518021,
      "val_macro_f1": 0.683561251880147,
      "val_verse_f1": 0.8205655526992288,
      "val_chorus_f1": 0.5465569510610654,
      "val_chorus_rate": 0.26857903599739075,
      "val_max_prob": 0.6343913674354553,
      "val_conf_over_90": 0.00026624067686498165,
      "val_conf_over_95": 0.0,
      "learning_rate": 0.0004365096699172653,
      "epoch_time": 99.0551187992096,
      "val_boundary_f1": 0.33994334277620397,
      "val_boundary_precision": 0.28346456692913385,
      "val_boundary_recall": 0.42452830188679247,
      "val_complete_segments": 0.19895002941132314,
      "val_avg_segment_overlap": 0.5480646647335705,
      "val_verse_to_chorus_acc": 0.38495575221238937,
      "val_chorus_to_verse_acc": 0.36363636363636365,
      "val_window_diff": 0.40836891269911896,
      "val_pk_metric": 0.3186697038861284
    },
    {
      "epoch": 5,
      "train_loss": 0.45811422616243364,
      "train_chorus_rate": 0.32434007376432417,
      "train_max_prob": 0.6445171445608139,
      "train_conf_over_90": 0.002234726710594259,
      "train_conf_over_95": 0.0,
      "val_loss": 0.4846794605255127,
      "val_macro_f1": 0.6981665652031389,
      "val_verse_f1": 0.7928971962616822,
      "val_chorus_f1": 0.6034359341445956,
      "val_chorus_rate": 0.3873412683606148,
      "val_max_prob": 0.6508860290050507,
      "val_conf_over_90": 0.0030448722245637327,
      "val_conf_over_95": 0.0,
      "learning_rate": 0.00039238010074656073,
      "epoch_time": 107.48702692985535,
      "val_boundary_f1": 0.3339285714285714,
      "val_boundary_precision": 0.2686781609195402,
      "val_boundary_recall": 0.4410377358490566,
      "val_complete_segments": 0.20401160894268,
      "val_avg_segment_overlap": 0.5912730074169575,
      "val_verse_to_chorus_acc": 0.37168141592920356,
      "val_chorus_to_verse_acc": 0.42424242424242425,
      "val_window_diff": 0.4275545979825942,
      "val_pk_metric": 0.3290041507840903
    },
    {
      "epoch": 6,
      "train_loss": 0.4443073034286499,
      "train_chorus_rate": 0.3489152044057846,
      "train_max_prob": 0.6682271897792816,
      "train_conf_over_90": 0.01056732515571639,
      "train_conf_over_95": 0.00013237866514828056,
      "val_loss": 0.4762292876839638,
      "val_macro_f1": 0.6654686070913114,
      "val_verse_f1": 0.721497686159024,
      "val_chorus_f1": 0.6094395280235988,
      "val_chorus_rate": 0.5335347801446915,
      "val_max_prob": 0.652192160487175,
      "val_conf_over_90": 0.006592384015675634,
      "val_conf_over_95": 0.0,
      "learning_rate": 0.00034254880209161803,
      "epoch_time": 116.53475594520569,
      "val_boundary_f1": 0.24040920716112532,
      "val_boundary_precision": 0.1882510013351135,
      "val_boundary_recall": 0.33254716981132076,
      "val_complete_segments": 0.10319568356418833,
      "val_avg_segment_overlap": 0.5384903604557194,
      "val_verse_to_chorus_acc": 0.25663716814159293,
      "val_chorus_to_verse_acc": 0.37373737373737376,
      "val_window_diff": 0.4922448434767255,
      "val_pk_metric": 0.37592369961646704
    },
    {
      "epoch": 7,