{
  "method": "temperature",
  "params": {
    "temperature": 0.7001100917067893
  },
  "ece_before": 0.06424940471155004,
  "ece_after": 0.013710721639261268,
  "improvement": 0.05053868307228877,
  "all_results": [
    {
      "method": "temperature",
      "params": {
        "temperature": 0.7001100917067893
      },
      "ece_before": 0.06424940471155004,
      "ece_after": 0.013710721639261268,
      "improvement": 0.05053868307228877
    },
    {
      "method": "platt",
      "params": {
        "A": 1.32788521476828,
        "B": 0.0
      },
      "ece_before": 0.06424940471155004,
      "ece_after": 0.02015171977297967,
      "improvement": 0.04409768493857037
    }
  ]
}