{
  "metadata": {
    "model_info": {
      "hidden_dim": 128,
      "num_layers": 1,
      "dropout": 0.15453567876713586,
      "layer_dropout": 0.0,
      "attention_enabled": false,
      "attention_heads": 1,
      "attention_dropout": 0.0,
      "attention_dim": 128,
      "positional_encoding": false,
      "max_seq_length": 1000,
      "total_params": 219650,
      "lstm_params": 219136,
      "attention_params": 0,
      "classifier_params": 514
    },
    "training_info": {
      "batch_size": 32,
      "learning_rate": 0.0007034038160416916,
      "scheduler": "cosine",
      "label_smoothing": 0.0,
      "weighted_sampling": true,
      "total_epochs": 14,
      "validation_strategy": "composite",
      "weight_decay": 0.020467112307467186,
      "gradient_clip_norm": 0.6120884727849795,
      "max_epochs": 15,
      "patience": 4
    },
    "calibration_info": {
      "temperature": {
        "ece_before": 0.06424940471155004,
        "ece_after": 0.013710721639261268,
        "improvement": 0.05053868307228877,
        "params": {
          "temperature": 0.7001100917067893
        }
      },
      "platt": {
        "ece_before": 0.06424940471155004,
        "ece_after": 0.02015171977297967,
        "improvement": 0.04409768493857037,
        "params": {
          "A": 1.32788521476828,
          "B": 0.0
        }
      }
    }
  },
  "metrics": [
    {
      "epoch": 1,
      "train_loss": 0.5482936933636665,
      "train_chorus_rate": 0.35419911553617567,
      "train_max_prob": 0.5488788157701492,
      "train_conf_over_90": 0.0,
      "train_conf_over_95": 0.0,
      "val_loss": 0.5816898196935654,
      "val_macro_f1": 0.5795127015649977,
      "val_verse_f1": 0.7958488730338901,
      "val_chorus_f1": 0.3631765300961052,
      "val_chorus_rate": 0.18628015741705894,
      "val_max_prob": 0.5822985172271729,
      "val_conf_over_90": 0.0,
      "val_conf_over_95": 0.0,
      "learning_rate": 0.0006957292117245708,
      "epoch_time": 162.34654903411865,
      "val_boundary_f1": 0.15827338129496404,
      "val_boundary_precision": 0.2029520295202952,
      "val_boundary_recall": 0.12971698113207547,
      "val_complete_segments": 0.042954759789330305,
      "val_avg_segment_overlap": 0.2773724128182486,
      "val_verse_to_chorus_acc": 0.11504424778761062,
      "val_chorus_to_verse_acc": 0.1111111111111111,
      "val_window_diff": 0.39616646893469176,
      "val_pk_metric": 0.37126052148871935
    },
    {
      "epoch": 2,
      "train_loss": 0.5425904989242554,
      "train_chorus_rate": 0.3583688370883465,
      "train_max_prob": 0.5757335543632507,
      "train_conf_over_90": 0.0,
      "train_conf_over_95": 0.0,
      "val_loss": 0.547140896320343,
      "val_macro_f1": 0.6626396343579365,
      "val_verse_f1": 0.7609811751283514,
      "val_chorus_f1": 0.5642980935875216,
      "val_chorus_rate": 0.40893378108739853,
      "val_max_prob": 0.5781671851873398,
      "val_conf_over_90": 0.0,
      "val_conf_over_95": 0.0,
      "learning_rate": 0.0006730408158087039,
      "epoch_time": 99.853022813797,
      "val_boundary_f1": 0.292910447761194,
      "val_boundary_precision": 0.24228395061728394,
      "val_boundary_recall": 0.37028301886792453,
      "val_complete_segments": 0.12894876015236567,
      "val_avg_segment_overlap": 0.5137232233360013,
      "val_verse_to_chorus_acc": 0.2920353982300885,
      "val_chorus_to_verse_acc": 0.35858585858585856,
      "val_window_diff": 0.4457704036075229,
      "val_pk_metric": 0.3718004962176099
    },
    {
      "epoch": 3,
      "train_loss": 0.5039338529109955,
      "train_chorus_rate": 0.41049126610159875,
      "train_max_prob": 0.6110464870929718,
      "train_conf_over_90": 0.00023096705263014883,
      "train_conf_over_95": 0.0,
      "val_loss": 0.5178699716925621,
      "val_macro_f1": 0.685673757745122,
      "val_verse_f1": 0.7765288626405029,
      "val_chorus_f1": 0.594818652849741,
      "val_chorus_rate": 0.41164160519838333,
      "val_max_prob": 0.6421681642532349,
      "val_conf_over_90": 0.002833230304531753,
      "val_conf_over_95": 0.0,
      "learning_rate": 0.0006363302200666171,
      "epoch_time": 122.1227650642395,
      "val_boundary_f1": 0.29385574354407834,
      "val_boundary_precision": 0.23605150214592274,
      "val_boundary_recall": 0.3891509433962264,
      "val_complete_segments": 0.15601415496696514,
      "val_avg_segment_overlap": 0.556519331626738,
      "val_verse_to_chorus_acc": 0.3053097345132743,
      "val_chorus_to_verse_acc": 0.41919191919191917,
      "val_window_diff": 0.44479904625842986,
      "val_pk_metric": 0.34797042941204853
    },
    {
      "epoch": 4,
      "train_loss": 0.47838337272405623,
      "train_chorus_rate": 0.34217130988836286,
      "train_max_prob": 0.6635141879320144,
      "train_conf_over_90": 0.010825132322497665,
      "train_conf_over_95": 0.0001717444189125672,
      "val_loss": 0.4985494911670685,
      "val_macro_f1": 0.6958876417445286,
      "val_verse_f1": 0.7698992692079794,
      "val_chorus_f1": 0.6218760142810776,
      "val_chorus_rate": 0.4580320715904236,
      "val_max_prob": 0.6494349092245102,
      "val_conf_over_90": 0.004588261770550162,
      "val_conf_over_95": 0.0,
      "learning_rate": 0.0005872018536892222,
      "epoch_time": 103.45812487602234,
      "val_boundary_f1": 0.29974597798475866,
      "val_boundary_precision": 0.23381770145310435,
      "val_boundary_recall": 0.41745283018867924,
      "val_complete_segments": 0.16246077921581634,
      "val_avg_segment_overlap": 0.5826860730960954,
      "val_verse_to_chorus_acc": 0.3185840707964602,
      "val_chorus_to_verse_acc": 0.4393939393939394,
      "val_window_diff": 0.45387276548475763,
      "val_pk_metric": 0.3418720076789331
    },
    {
      "epoch": 5,
      "train_loss": 0.46823218613862994,
      "train_chorus_rate": 0.3532092571258545,
      "train_max_prob": 0.6745342463254929,
      "train_conf_over_90": 0.019616757717449217,
      "train_conf_over_95": 0.0005664428230375051,
      "val_loss": 0.49349140375852585,
      "val_macro_f1": 0.7240584482175391,
      "val_verse_f1": 0.8237416561428827,
      "val_chorus_f1": 0.6243752402921954,
      "val_chorus_rate": 0.34023385494947433,
      "val_max_prob": 0.6882613301277161,
      "val_conf_over_90": 0.029156929813325405,
      "val_conf_over_95": 0.0007385880599031225,
      "learning_rate": 0.0005278028620312686,
      "epoch_time": 112.81688284873962,
      "val_boundary_f1": 0.35614035087719303,
      "val_boundary_precision": 0.2835195530726257,
      "val_boundary_recall": 0.47877358490566035,
      "val_complete_segments": 0.2600203217912656,
      "val_avg_segment_overlap": 0.6239904046832556,
      "val_verse_to_chorus_acc": 0.43805309734513276,
      "val_chorus_to_verse_acc": 0.4444444444444444,
      "val_window_diff": 0.437334574835304,
      "val_pk_metric": 0.31283766269944113
    },
    {
      "epoch": 6,
      "train_loss": 0.45097993314266205,
      "train_chorus_rate": 0.34554163441061975,
      "train_max_prob": 0.6923159092664719,
      "train_conf_over_90": 0.03927385788410902,
      "train_conf_over_95": 0.002636214008089155,
      "val_loss": 0.4838741421699524,
      "val_macro_f1": 0.693867027261581,
      "val_verse_f1": 0.7579203899268888,
      "val_chorus_f1": 0.6298136645962732,
      "val_chorus_rate": 0.491902194917202,
      "val_max_prob": 0.6768466234207153,
      "val_conf_over_90": 0.023090197704732418,
      "val_conf_over_95": 0.0007036147289909422,
      "learning_rate": 0.0004607292660561942,
      "epoch_time": 122.59574294090271,
      "val_boundary_f1": 0.29830508474576267,
      "val_boundary_precision": 0.2328042328042328,
      "val_boundary_recall": 0.41509433962264153,
      "val_complete_segments": 0.18287493295446638,
      "val_avg_segment_overlap": 0.5897106977282923,
      "val_verse_to_chorus_acc": 0.33185840707964603,
      "val_chorus_to_verse_acc": 0.4494949494949495,