{
  "trial_number": 113,
  "timestamp": 1756251884.9496489,
  "boundary_f1": 0.4444444444444444,
  "line_f1": 0.7602444219121347,
  "macro_f1": 0.7602444219121347,
  "verse_f1": 0.8363161819537659,
  "chorus_f1": 0.6841726618705035,
  "windowdiff": 0.3532566305219423,
  "pk": 0.26217092276755943,
  "val_loss": 0.48828601837158203,
  "val_accuracy": 0.0,
  "weighted_f1": 0.0,
  "training_time": 1490.8251729011536,
  "training_time_minutes": 24.847086215019225,
  "total_params": 0,
  "actual_epochs": 15,
  "config_summary": {
    "attention_enabled": true,
    "hidden_dim": 256,
    "num_layers": 1,
    "max_epochs": 15,
    "batch_size": 32,
    "learning_rate": 0.0007433074959927462,
    "boundary_weight": 1.8522503792415204,
    "label_smoothing": 0.24874094816771689
  },
  "validation_strategy": "composite",
  "all_metrics": {
    "loss": 0.48828601837158203,
    "chorus_rate": 0.38367925584316254,
    "max_prob_mean": 0.6941169053316116,
    "confidence_over_90": 0.009914181777276099,
    "confidence_over_95": 0.0,
    "verse_f1": 0.8363161819537659,
    "chorus_f1": 0.6841726618705035,
    "macro_f1": 0.7602444219121347,
    "boundary_f1": 0.4444444444444444,
    "boundary_precision": 0.3787375415282392,
    "boundary_recall": 0.5377358490566038,
    "complete_segments": 0.3284229389213483,
    "avg_segment_overlap": 0.6864576586888854,
    "verse_to_chorus_acc": 0.49557522123893805,
    "chorus_to_verse_acc": 0.5,
    "window_diff": 0.3532566305219423,
    "pk_metric": 0.26217092276755943
  },
  "parameters": {
    "hidden_dim": 256,
    "num_layers": 1,
    "dropout": 0.28297084757601043,
    "attention_enabled": true,
    "attention_type": "localized",
    "attention_heads": 4,
    "attention_dropout": 0.29013848358410826,
    "max_epochs": 15,
    "batch_size": 32,
    "learning_rate": 0.0007433074959927462,
    "weight_decay": 0.02349317753976897,
    "scheduler": "cosine",
    "min_delta": 0.0007783172852133849,
    "gradient_clip_norm": 0.3482676883047676,
    "validation_strategy": "composite",
    "head_tail_words": 2,
    "boundary_weight": 1.8522503792415204,
    "label_smoothing": 0.24874094816771689,
    "segment_consistency_lambda": 0.02962776050357929,
    "conf_penalty_lambda": 0.006756475453148849,
    "conf_threshold": 0.9180604681034187,
    "entropy_lambda": 0.042132156148873355,
    "max_confidence_threshold": 0.92975576432394,
    "min_chorus_rate": 0.0587815038219064,
    "max_chorus_rate": 0.7718170980023119,
    "max_conf_over_95_ratio": 0.1735405256769921,
    "head_ssm_enabled": true,
    "tail_ssm_enabled": true,
    "phonetic_ssm_enabled": true,
    "pos_ssm_enabled": true,
    "string_ssm_enabled": true,
    "syllable_pattern_ssm_enabled": true,
    "line_syllable_ssm_enabled": true,
    "word2vec_enabled": true,
    "contextual_enabled": true,
    "phonetic_mode": "combined",
    "phonetic_similarity_method": "binary",
    "phonetic_normalize": true,
    "phonetic_normalize_method": "minmax",
    "phonetic_high_sim_threshold": 0.2658775164214038,
    "pos_tagset": "universal",
    "pos_similarity_method": "combined",
    "pos_high_sim_threshold": 0.22753088277174394,
    "string_case_sensitive": false,
    "string_remove_punctuation": false,
    "string_similarity_threshold": 0.06104943297873516,
    "string_similarity_method": "jaccard",
    "syllable_pattern_similarity_method": "cosine",
    "syllable_pattern_levenshtein_weight": 0.7329922587197236,
    "syllable_pattern_cosine_weight": 0.20387928647686163,
    "syllable_pattern_normalize": true,
    "syllable_pattern_normalize_method": "zscore",
    "line_syllable_similarity_method": "cosine",
    "line_syllable_ratio_threshold": 0.09960686635777563,
    "line_syllable_normalize": true,
    "line_syllable_normalize_method": "minmax",
    "word2vec_mode": "complete",
    "word2vec_normalize": true,
    "word2vec_similarity_metric": "cosine",
    "word2vec_high_sim_threshold": 0.8351683138128054,
    "contextual_mode": "summary",
    "contextual_normalize": false,
    "contextual_similarity_metric": "dot",
    "contextual_high_sim_threshold": 0.6584665256403247
  },
  "config": {
    "hidden_dim": 256,
    "num_layers": 1,
    "layer_dropout": 0.0,
    "num_classes": 2,
    "dropout": 0.28297084757601043,
    "attention_enabled": true,
    "attention_type": "localized",
    "attention_heads": 4,
    "attention_dropout": 0.29013848358410826,
    "attention_dim": 256,
    "positional_encoding": true,
    "max_seq_length": 1000,
    "window_size": 7,
    "boundary_temperature": 2.0,
    "batch_size": 32,
    "learning_rate": 0.0007433074959927462,
    "weight_decay": 0.02349317753976897,
    "max_epochs": 15,
    "patience": 4,
    "gradient_clip_norm": 0.3482676883047676,
    "scheduler": "cosine",
    "min_lr": 1e-06,
    "cosine_t_max": 15,
    "warmup_epochs": 5,
    "lr_factor": 0.5,
    "lr_patience": 10,
    "step_size": 30,
    "step_gamma": 0.5,
    "cosine_t0": 10,
    "cosine_t_mult": 2,
    "min_delta": 0.0007783172852133849,
    "train_file": "data/train.jsonl",
    "val_file": "data/val.jsonl",
    "test_file": "data/test.jsonl",
    "weighted_sampling": true,
    "emergency_monitoring_enabled": true,
    "max_confidence_threshold": 0.92975576432394,
    "min_chorus_rate": 0.0587815038219064,
    "max_chorus_rate": 0.7718170980023119,
    "max_conf_over_95_ratio": 0.1735405256769921,
    "val_overconf_threshold": 0.96,
    "val_f1_collapse_threshold": 0.1,
    "loss": {
      "loss_type": "boundary_aware",
      "boundary_weight": 1.8522503792415204,
      "label_smoothing": 0.24874094816771689,
      "segment_consistency_lambda": 0.02962776050357929,
      "conf_penalty_lambda": 0.006756475453148849,
      "conf_threshold": 0.9180604681034187,
      "entropy_lambda": 0.042132156148873355
    },
    "calibration_enabled": true,
    "calibration_methods": [
      "temperature",
      "platt"
    ],
    "validation_strategy": "composite",
    "head_ssm_enabled": true,
    "head_ssm_words": 2,
    "head_ssm_dimension": 12,
    "tail_ssm_enabled": true,
    "tail_ssm_words": 2,
    "tail_ssm_dimension": 12,
    "phonetic_ssm_enabled": true,
    "phonetic_ssm_mode": "combined",
    "phonetic_ssm_dimension": 12,
    "phonetic_ssm_similarity_method": "binary",
    "phonetic_ssm_normalize": true,
    "phonetic_ssm_normalize_method": "minmax",
    "phonetic_ssm_high_sim_threshold": 0.2658775164214038,
    "pos_ssm_enabled": true,
    "pos_ssm_tagset": "universal",
    "pos_ssm_similarity_method": "combined",
    "pos_ssm_high_sim_threshold": 0.22753088277174394,
    "pos_ssm_dimension": 12,
    "string_ssm_enabled": true,
    "string_ssm_case_sensitive": false,
    "string_ssm_remove_punctuation": false,
    "string_ssm_similarity_threshold": 0.06104943297873516,
    "string_ssm_similarity_method": "jaccard",
    "string_ssm_dimension": 12,
    "syllable_pattern_ssm_enabled": true,
    "syllable_pattern_ssm_similarity_method": "cosine",
    "syllable_pattern_ssm_levenshtein_weight": 0.7823828810660683,
    "syllable_pattern_ssm_cosine_weight": 0.21761711893393168,
    "syllable_pattern_ssm_normalize": true,
    "syllable_pattern_ssm_normalize_method": "zscore",
    "syllable_pattern_ssm_dimension": 12,
    "line_syllable_ssm_enabled": true,
    "line_syllable_ssm_similarity_method": "cosine",
    "line_syllable_ssm_ratio_threshold": 0.09960686635777563,
    "line_syllable_ssm_normalize": true,
    "line_syllable_ssm_normalize_method": "minmax",
    "line_syllable_ssm_dimension": 12,
    "word2vec_enabled": true,
    "word2vec_model": "word2vec-google-news-300",
    "word2vec_mode": "complete",
    "word2vec_normalize": true,
    "word2vec_similarity_metric": "cosine",
    "word2vec_high_sim_threshold": 0.8351683138128054,
    "contextual_enabled": true,
    "contextual_model": "all-MiniLM-L6-v2",
    "contextual_mode": "summary",
    "contextual_normalize": false,
    "contextual_similarity_metric": "dot",