{
  "metadata": {
    "model_info": {
      "hidden_dim": 256,
      "num_layers": 1,
      "dropout": 0.28297084757601043,
      "layer_dropout": 0.0,
      "attention_enabled": true,
      "attention_heads": 4,
      "attention_dropout": 0.29013848358410826,
      "attention_dim": 256,
      "positional_encoding": true,
      "max_seq_length": 1000,
      "total_params": 1867010,
      "lstm_params": 1339392,
      "attention_params": 526592,
      "classifier_params": 1026
    },
    "training_info": {
      "batch_size": 32,
      "learning_rate": 0.0007433074959927462,
      "scheduler": "cosine",
      "label_smoothing": 0.0,
      "weighted_sampling": true,
      "total_epochs": 15,
      "validation_strategy": "composite",
      "weight_decay": 0.02349317753976897,
      "gradient_clip_norm": 0.3482676883047676,
      "max_epochs": 15,
      "patience": 4
    },
    "calibration_info": {
      "temperature": {
        "ece_before": 0.09048762938011372,
        "ece_after": 0.025724005151708387,
        "improvement": 0.06476362422840533,
        "params": {
          "temperature": 0.623136692262713
        }
      },
      "platt": {
        "ece_before": 0.09048762938011372,
        "ece_after": 0.03530770060121428,
        "improvement": 0.05517992877889944,
        "params": {
          "A": 1.4999997228714654,
          "B": 0.0
        }
      }
    }
  },
  "metrics": [
    {
      "epoch": 1,
      "train_loss": 0.5815771579742431,
      "train_chorus_rate": 0.49911175258457663,
      "train_max_prob": 0.6041104316711425,
      "train_conf_over_90": 3.320053219795227e-05,
      "train_conf_over_95": 0.0,
      "val_loss": 0.562115952372551,
      "val_macro_f1": 0.5553516359023739,
      "val_verse_f1": 0.5822139879573877,
      "val_chorus_f1": 0.5284892838473602,
      "val_chorus_rate": 0.6405355483293533,
      "val_max_prob": 0.5445312857627869,
      "val_conf_over_90": 0.0,
      "val_conf_over_95": 0.0,
      "learning_rate": 0.000735196896102385,
      "epoch_time": 105.80585217475891,
      "val_boundary_f1": 0.1331747919143876,
      "val_boundary_precision": 0.1342925659472422,
      "val_boundary_recall": 0.1320754716981132,
      "val_complete_segments": 0.037649376766555984,
      "val_avg_segment_overlap": 0.3473435472572369,
      "val_verse_to_chorus_acc": 0.10176991150442478,
      "val_chorus_to_verse_acc": 0.11616161616161616,
      "val_window_diff": 0.4801662238008845,
      "val_pk_metric": 0.4509617574123144
    },
    {
      "epoch": 2,
      "train_loss": 0.534101416170597,
      "train_chorus_rate": 0.4229637835174799,
      "train_max_prob": 0.5851600199937821,
      "train_conf_over_90": 0.0,
      "train_conf_over_95": 0.0,
      "val_loss": 0.5495623797178268,
      "val_macro_f1": 0.6922650032992876,
      "val_verse_f1": 0.8092526690391459,
      "val_chorus_f1": 0.5752773375594294,
      "val_chorus_rate": 0.3212546333670616,
      "val_max_prob": 0.5851878821849823,
      "val_conf_over_90": 0.0,
      "val_conf_over_95": 0.0,
      "learning_rate": 0.0007112195685654863,
      "epoch_time": 102.46884512901306,
      "val_boundary_f1": 0.3297769156159069,
      "val_boundary_precision": 0.2800658978583196,
      "val_boundary_recall": 0.4009433962264151,
      "val_complete_segments": 0.21253178265373388,
      "val_avg_segment_overlap": 0.5443987484013814,
      "val_verse_to_chorus_acc": 0.37610619469026546,
      "val_chorus_to_verse_acc": 0.35858585858585856,
      "val_window_diff": 0.4083291911473085,
      "val_pk_metric": 0.3120683674324014
    },
    {
      "epoch": 3,
      "train_loss": 0.5193271785974503,
      "train_chorus_rate": 0.44562768526375296,
      "train_max_prob": 0.6444276809692383,
      "train_conf_over_90": 0.0033595616376260297,
      "train_conf_over_95": 0.0,
      "val_loss": 0.5181543827056885,
      "val_macro_f1": 0.6551686826442802,
      "val_verse_f1": 0.7013212042451809,
      "val_chorus_f1": 0.6090161610433796,
      "val_chorus_rate": 0.5669017732143402,
      "val_max_prob": 0.6491328775882721,
      "val_conf_over_90": 0.0021108441869728267,
      "val_conf_over_95": 0.0,
      "learning_rate": 0.0006724234376513955,
      "epoch_time": 104.67100524902344,
      "val_boundary_f1": 0.21518987341772153,
      "val_boundary_precision": 0.1744868035190616,
      "val_boundary_recall": 0.2806603773584906,
      "val_complete_segments": 0.10858570091072742,
      "val_avg_segment_overlap": 0.527396592352338,
      "val_verse_to_chorus_acc": 0.2345132743362832,
      "val_chorus_to_verse_acc": 0.29797979797979796,
      "val_window_diff": 0.5010053285641016,
      "val_pk_metric": 0.38525340311839396
    },
    {
      "epoch": 4,
      "train_loss": 0.49513874799013136,
      "train_chorus_rate": 0.4165597654879093,
      "train_max_prob": 0.6622652024030685,
      "train_conf_over_90": 0.002657694258959964,
      "train_conf_over_95": 0.0,
      "val_loss": 0.53013014793396,
      "val_macro_f1": 0.6044277801706224,
      "val_verse_f1": 0.6235652377605997,
      "val_chorus_f1": 0.5852903225806452,
      "val_chorus_rate": 0.6524518132209778,
      "val_max_prob": 0.6824468076229095,
      "val_conf_over_90": 0.01956742419861257,
      "val_conf_over_95": 0.0,
      "learning_rate": 0.000620504080445549,
      "epoch_time": 101.14282298088074,
      "val_boundary_f1": 0.1851063829787234,
      "val_boundary_precision": 0.1686046511627907,
      "val_boundary_recall": 0.20518867924528303,
      "val_complete_segments": 0.06489093244130359,
      "val_avg_segment_overlap": 0.4628778949235913,
      "val_verse_to_chorus_acc": 0.19469026548672566,
      "val_chorus_to_verse_acc": 0.1919191919191919,
      "val_window_diff": 0.4778323917940224,
      "val_pk_metric": 0.3817226068963209
    },
    {
      "epoch": 5,
      "train_loss": 0.49442402422428133,
      "train_chorus_rate": 0.43942693173885344,
      "train_max_prob": 0.6626576572656632,
      "train_conf_over_90": 0.007554453355260194,
      "train_conf_over_95": 3.154574078507721e-05,
      "val_loss": 0.5046019330620766,
      "val_macro_f1": 0.7189633512725467,
      "val_verse_f1": 0.7915690866510537,
      "val_chorus_f1": 0.6463576158940397,
      "val_chorus_rate": 0.4432680606842041,
      "val_max_prob": 0.6903010457754135,
      "val_conf_over_90": 0.007884026621468365,
      "val_conf_over_95": 0.0,
      "learning_rate": 0.0005577306219945596,
      "epoch_time": 89.14318799972534,
      "val_boundary_f1": 0.3432835820895522,
      "val_boundary_precision": 0.2839506172839506,
      "val_boundary_recall": 0.4339622641509434,
      "val_complete_segments": 0.20768097858500825,
      "val_avg_segment_overlap": 0.6182017032479007,
      "val_verse_to_chorus_acc": 0.3805309734513274,
      "val_chorus_to_verse_acc": 0.4494949494949495,
      "val_window_diff": 0.41567006923328553,
      "val_pk_metric": 0.3076166956258281
    },
    {
      "epoch": 6,
      "train_loss": 0.4825917690992355,
      "train_chorus_rate": 0.3510113552212715,
      "train_max_prob": 0.66487637758255,
      "train_conf_over_90": 0.0034742523333989085,
      "train_conf_over_95": 0.0,
      "val_loss": 0.4939747378230095,
      "val_macro_f1": 0.7362698225216546,
      "val_verse_f1": 0.8049873368400545,
      "val_chorus_f1": 0.6675523082032547,
      "val_chorus_rate": 0.440282940864563,
      "val_max_prob": 0.6695072501897812,
      "val_conf_over_90": 0.003879111784044653,
      "val_conf_over_95": 0.0,
      "learning_rate": 0.00048684656365320894,
      "epoch_time": 96.07387113571167,
      "val_boundary_f1": 0.38939670932358317,
      "val_boundary_precision": 0.31791044776119404,
      "val_boundary_recall": 0.5023584905660378,
      "val_complete_segments": 0.2912552834610099,
      "val_avg_segment_overlap": 0.6404420373633788,
      "val_verse_to_chorus_acc": 0.4778761061946903,
      "val_chorus_to_verse_acc": 0.4696969696969697,
      "val_window_diff": 0.4175603567421209,