{
  "metadata": {
    "model_info": {
      "hidden_dim": 256,
      "num_layers": 1,
      "dropout": 0.23153357221996998,
      "layer_dropout": 0.0,
      "attention_enabled": true,
      "attention_heads": 8,
      "attention_dropout": 0.21944134950692712,
      "attention_dim": 256,
      "positional_encoding": true,
      "max_seq_length": 1000,
      "total_params": 1252610,
      "lstm_params": 724992,
      "attention_params": 526592,
      "classifier_params": 1026
    },
    "training_info": {
      "batch_size": 32,
      "learning_rate": 0.0007954854400134199,
      "scheduler": "cosine",
      "label_smoothing": 0.0,
      "weighted_sampling": true,
      "total_epochs": 15,
      "validation_strategy": "composite",
      "weight_decay": 0.017373287404568418,
      "gradient_clip_norm": 0.304493877160622,
      "max_epochs": 15,
      "patience": 4
    },
    "calibration_info": {
      "temperature": {
        "ece_before": 0.11110057807683008,
        "ece_after": 0.01673155225271793,
        "improvement": 0.09436902582411215,
        "params": {
          "temperature": 0.5121512390689039
        }
      },
      "platt": {
        "ece_before": 0.11110057807683008,
        "ece_after": 0.023051309327948074,
        "improvement": 0.088049268748882,
        "params": {
          "A": 1.7626027476788968,
          "B": 0.0
        }
      }
    }
  },
  "metrics": [
    {
      "epoch": 1,
      "train_loss": 0.5823985874652863,
      "train_chorus_rate": 0.5391735807410442,
      "train_max_prob": 0.6137559592723847,
      "train_conf_over_90": 0.0,
      "train_conf_over_95": 0.0,
      "val_loss": 0.5778045654296875,
      "val_macro_f1": 0.4253003568352406,
      "val_verse_f1": 0.3445714285714286,
      "val_chorus_f1": 0.5060292850990525,
      "val_chorus_rate": 0.8407783955335617,
      "val_max_prob": 0.5620261281728745,
      "val_conf_over_90": 0.0,
      "val_conf_over_95": 0.0,
      "learning_rate": 0.0007868047334902442,
      "epoch_time": 144.1068058013916,
      "val_boundary_f1": 0.06701940035273368,
      "val_boundary_precision": 0.13286713286713286,
      "val_boundary_recall": 0.04481132075471698,
      "val_complete_segments": 0.02920542683268028,
      "val_avg_segment_overlap": 0.19636947990543688,
      "val_verse_to_chorus_acc": 0.07079646017699115,
      "val_chorus_to_verse_acc": 0.010101010101010102,
      "val_window_diff": 0.41586242348240277,
      "val_pk_metric": 0.4123462597892559
    },
    {
      "epoch": 2,
      "train_loss": 0.5491037502884865,
      "train_chorus_rate": 0.449490564968437,
      "train_max_prob": 0.6049998283386231,
      "train_conf_over_90": 0.0,
      "train_conf_over_95": 0.0,
      "val_loss": 0.5573550462722778,
      "val_macro_f1": 0.5103777947399816,
      "val_verse_f1": 0.4922213720989544,
      "val_chorus_f1": 0.5285342173810088,
      "val_chorus_rate": 0.7378562539815903,
      "val_max_prob": 0.5933063477277756,
      "val_conf_over_90": 0.0,
      "val_conf_over_95": 0.0,
      "learning_rate": 0.0007611420024504313,
      "epoch_time": 148.15542912483215,
      "val_boundary_f1": 0.12269938650306748,
      "val_boundary_precision": 0.1278772378516624,
      "val_boundary_recall": 0.1179245283018868,
      "val_complete_segments": 0.034859139551610394,
      "val_avg_segment_overlap": 0.29554960039239764,
      "val_verse_to_chorus_acc": 0.084070796460177,
      "val_chorus_to_verse_acc": 0.10101010101010101,
      "val_window_diff": 0.47077947074748644,
      "val_pk_metric": 0.41990174150994003
    },
    {
      "epoch": 3,
      "train_loss": 0.508508087694645,
      "train_chorus_rate": 0.40360661298036576,
      "train_max_prob": 0.6377275258302688,
      "train_conf_over_90": 0.008160745716304518,
      "train_conf_over_95": 3.728560695890337e-05,
      "val_loss": 0.5283185914158821,
      "val_macro_f1": 0.7268706177811387,
      "val_verse_f1": 0.8192328867682144,
      "val_chorus_f1": 0.634508348794063,
      "val_chorus_rate": 0.36309488117694855,
      "val_max_prob": 0.664556473493576,
      "val_conf_over_90": 0.0,
      "val_conf_over_95": 0.0,
      "learning_rate": 0.0007196188313838672,
      "epoch_time": 156.12320613861084,
      "val_boundary_f1": 0.37642919964819704,
      "val_boundary_precision": 0.30014025245441794,
      "val_boundary_recall": 0.5047169811320755,
      "val_complete_segments": 0.2853989328671195,
      "val_avg_segment_overlap": 0.6196602598484923,
      "val_verse_to_chorus_acc": 0.4690265486725664,
      "val_chorus_to_verse_acc": 0.45454545454545453,
      "val_window_diff": 0.42720778628164996,
      "val_pk_metric": 0.30101418883624464
    },
    {
      "epoch": 4,
      "train_loss": 0.4962890163064003,
      "train_chorus_rate": 0.4221062481403351,
      "train_max_prob": 0.6775875240564346,
      "train_conf_over_90": 0.011419510046835057,
      "train_conf_over_95": 0.0003944865224184468,
      "val_loss": 0.5082897171378136,
      "val_macro_f1": 0.7331582147326507,
      "val_verse_f1": 0.8114676286310993,
      "val_chorus_f1": 0.6548488008342023,
      "val_chorus_rate": 0.40764694660902023,
      "val_max_prob": 0.6604771465063095,
      "val_conf_over_90": 0.007824530941434205,
      "val_conf_over_95": 0.0,
      "learning_rate": 0.0006640499821164419,
      "epoch_time": 124.99370074272156,
      "val_boundary_f1": 0.348607367475292,
      "val_boundary_precision": 0.28156748911465895,
      "val_boundary_recall": 0.45754716981132076,
      "val_complete_segments": 0.2459578537786385,
      "val_avg_segment_overlap": 0.6332892731335241,
      "val_verse_to_chorus_acc": 0.40707964601769914,
      "val_chorus_to_verse_acc": 0.4595959595959596,
      "val_window_diff": 0.43794574957288573,
      "val_pk_metric": 0.3171333869491235
    },
    {
      "epoch": 5,
      "train_loss": 0.48812186866998675,
      "train_chorus_rate": 0.37767872884869574,
      "train_max_prob": 0.6786117374897003,
      "train_conf_over_90": 0.014601197669981048,
      "train_conf_over_95": 0.00015776116051711143,
      "val_loss": 0.5156851783394814,
      "val_macro_f1": 0.7420802504511586,
      "val_verse_f1": 0.832909553214675,
      "val_chorus_f1": 0.6512509476876421,
      "val_chorus_rate": 0.34931476414203644,
      "val_max_prob": 0.7199023514986038,
      "val_conf_over_90": 0.01917549269273877,
      "val_conf_over_95": 0.0,
      "learning_rate": 0.0005968640800100649,
      "epoch_time": 130.09125685691833,
      "val_boundary_f1": 0.39203980099502483,
      "val_boundary_precision": 0.33907056798623064,
      "val_boundary_recall": 0.46462264150943394,
      "val_complete_segments": 0.2869016569970971,
      "val_avg_segment_overlap": 0.6219524186873681,
      "val_verse_to_chorus_acc": 0.4778761061946903,
      "val_chorus_to_verse_acc": 0.3888888888888889,
      "val_window_diff": 0.3716110552895788,
      "val_pk_metric": 0.2704856862196316
    },
    {
      "epoch": 6,
      "train_loss": 0.488880655169487,
      "train_chorus_rate": 0.3748911641538143,
      "train_max_prob": 0.6915122181177139,
      "train_conf_over_90": 0.012940148418419995,
      "train_conf_over_95": 3.6179448943585155e-05,
      "val_loss": 0.4949125498533249,
      "val_macro_f1": 0.7112645993508345,
      "val_verse_f1": 0.7700469291981229,
      "val_chorus_f1": 0.6524822695035462,
      "val_chorus_rate": 0.4970180615782738,
      "val_max_prob": 0.6862316131591797,
      "val_conf_over_90": 0.014310830971226096,
      "val_conf_over_95": 0.0,
      "learning_rate": 0.0005209974713805122,
      "epoch_time": 137.62965297698975,
      "val_boundary_f1": 0.30492424242424243,
      "val_boundary_precision": 0.254746835443038,
      "val_boundary_recall": 0.37971698113207547,
      "val_complete_segments": 0.18709126108383795,
      "val_avg_segment_overlap": 0.6034938269178481,
      "val_verse_to_chorus_acc": 0.3584070796460177,
      "val_chorus_to_verse_acc": 0.37373737373737376,