{
  "metadata": {
    "model_info": {
      "hidden_dim": 256,
      "num_layers": 2,
      "dropout": 0.17264711947623362,
      "layer_dropout": 0.20451588988997663,
      "attention_enabled": true,
      "attention_heads": 4,
      "attention_dropout": 0.17051797015152606,
      "attention_dim": 256,
      "positional_encoding": true,
      "max_seq_length": 1000,
      "total_params": 2739715,
      "lstm_params": 2179072,
      "attention_params": 559617,
      "classifier_params": 1026
    },
    "training_info": {
      "batch_size": 32,
      "learning_rate": 0.0008544897098265953,
      "scheduler": "cosine",
      "label_smoothing": 0.0,
      "weighted_sampling": true,
      "total_epochs": 15,
      "validation_strategy": "composite",
      "weight_decay": 0.01694382941042033,
      "gradient_clip_norm": 0.3643606928138598,
      "max_epochs": 15,
      "patience": 4
    },
    "calibration_info": {
      "temperature": {
        "ece_before": 0.07451536998240559,
        "ece_after": 0.024679098505168157,
        "improvement": 0.04983627147723743,
        "params": {
          "temperature": 0.6939506381198431
        }
      },
      "platt": {
        "ece_before": 0.07451536998240559,
        "ece_after": 0.02744345630433093,
        "improvement": 0.04707191367807466,
        "params": {
          "A": 1.3629999883851494,
          "B": 0.0
        }
      }
    }
  },
  "metrics": [
    {
      "epoch": 1,
      "train_loss": 0.5895529180765152,
      "train_chorus_rate": 0.40188012532889844,
      "train_max_prob": 0.5934558302164078,
      "train_conf_over_90": 0.0,
      "train_conf_over_95": 0.0,
      "val_loss": 0.5971092730760574,
      "val_macro_f1": 0.47961768147999106,
      "val_verse_f1": 0.49559208958780077,
      "val_chorus_f1": 0.4636432733721813,
      "val_chorus_rate": 0.6695172935724258,
      "val_max_prob": 0.5425222814083099,
      "val_conf_over_90": 0.0,
      "val_conf_over_95": 0.0,
      "learning_rate": 0.0008451643108722358,
      "epoch_time": 46.448307037353516,
      "val_boundary_f1": 0.06115107913669065,
      "val_boundary_precision": 0.12878787878787878,
      "val_boundary_recall": 0.04009433962264151,
      "val_complete_segments": 0.018949882695906025,
      "val_avg_segment_overlap": 0.20968672373024258,
      "val_verse_to_chorus_acc": 0.048672566371681415,
      "val_chorus_to_verse_acc": 0.0,
      "val_window_diff": 0.43754922990216333,
      "val_pk_metric": 0.4433633249160236
    },
    {
      "epoch": 2,
      "train_loss": 0.5744565576314926,
      "train_chorus_rate": 0.4977277402067557,
      "train_max_prob": 0.5725991129875183,
      "train_conf_over_90": 0.0,
      "train_conf_over_95": 0.0,
      "val_loss": 0.6146448850631714,
      "val_macro_f1": 0.34366719985521904,
      "val_verse_f1": 0.2119815668202765,
      "val_chorus_f1": 0.47535283289016156,
      "val_chorus_rate": 0.9008836299180984,
      "val_max_prob": 0.6244946718215942,
      "val_conf_over_90": 0.0,
      "val_conf_over_95": 0.0,
      "learning_rate": 0.0008175956786916915,
      "epoch_time": 40.10901403427124,
      "val_boundary_f1": 0.029357798165137616,
      "val_boundary_precision": 0.06611570247933884,
      "val_boundary_recall": 0.018867924528301886,
      "val_complete_segments": 0.011163132531107081,
      "val_avg_segment_overlap": 0.13273628121580533,
      "val_verse_to_chorus_acc": 0.02654867256637168,
      "val_chorus_to_verse_acc": 0.0,
      "val_window_diff": 0.37909888701032474,
      "val_pk_metric": 0.36157208853631895
    },
    {
      "epoch": 3,
      "train_loss": 0.559722238779068,
      "train_chorus_rate": 0.524871958210133,
      "train_max_prob": 0.5856126636266709,
      "train_conf_over_90": 0.0,
      "train_conf_over_95": 0.0,
      "val_loss": 0.6314832717180252,
      "val_macro_f1": 0.41181568684096487,
      "val_verse_f1": 0.8236313736819297,
      "val_chorus_f1": 0.0,
      "val_chorus_rate": 0.0,
      "val_max_prob": 0.6079498380422592,
      "val_conf_over_90": 0.0,
      "val_conf_over_95": 0.0,
      "learning_rate": 0.0007729886948002267,
      "epoch_time": 51.14607286453247,
      "val_boundary_f1": 0.0,
      "val_boundary_precision": 0.0,
      "val_boundary_recall": 0.0,
      "val_complete_segments": 0.05911640128236099,
      "val_avg_segment_overlap": 0.16672167678962696,
      "val_verse_to_chorus_acc": 0.0,
      "val_chorus_to_verse_acc": 0.0,
      "val_window_diff": 0.26458863159601387,
      "val_pk_metric": 0.271007419880346
    },
    {
      "epoch": 4,
      "train_loss": 0.5644015043973922,
      "train_chorus_rate": 0.4826692094298778,
      "train_max_prob": 0.5850254893302917,
      "train_conf_over_90": 3.415300452616066e-05,
      "train_conf_over_95": 0.0,
      "val_loss": 0.6050344705581665,
      "val_macro_f1": 0.5042103829264488,
      "val_verse_f1": 0.8143224051971598,
      "val_chorus_f1": 0.19409836065573774,
      "val_chorus_rate": 0.07458549831062555,
      "val_max_prob": 0.5609459578990936,
      "val_conf_over_90": 0.0,
      "val_conf_over_95": 0.0,
      "learning_rate": 0.0007132928984419555,
      "epoch_time": 43.857394218444824,
      "val_boundary_f1": 0.08921933085501858,
      "val_boundary_precision": 0.21052631578947367,
      "val_boundary_recall": 0.05660377358490566,
      "val_complete_segments": 0.06293463589327852,
      "val_avg_segment_overlap": 0.24705395150947304,
      "val_verse_to_chorus_acc": 0.04424778761061947,
      "val_chorus_to_verse_acc": 0.050505050505050504,
      "val_window_diff": 0.3143207862654189,
      "val_pk_metric": 0.29339960215866845
    },
    {
      "epoch": 5,
      "train_loss": 0.5525888502597809,
      "train_chorus_rate": 0.5584247829392552,
      "train_max_prob": 0.5967891871929168,
      "train_conf_over_90": 0.00045931428903713825,
      "train_conf_over_95": 0.0,
      "val_loss": 0.5913731008768082,
      "val_macro_f1": 0.6052511497724458,
      "val_verse_f1": 0.7272045028142589,
      "val_chorus_f1": 0.4832977967306326,
      "val_chorus_rate": 0.39204323291778564,
      "val_max_prob": 0.5592368096113205,
      "val_conf_over_90": 0.0,
      "val_conf_over_95": 0.0,
      "learning_rate": 0.0006411172823699465,
      "epoch_time": 48.38915395736694,
      "val_boundary_f1": 0.1987261146496815,
      "val_boundary_precision": 0.21606648199445982,
      "val_boundary_recall": 0.18396226415094338,
      "val_complete_segments": 0.03742503865780643,
      "val_avg_segment_overlap": 0.35619343919000257,
      "val_verse_to_chorus_acc": 0.1415929203539823,
      "val_chorus_to_verse_acc": 0.1414141414141414,
      "val_window_diff": 0.4476057209875956,
      "val_pk_metric": 0.4284097456437479
    },
    {
      "epoch": 6,
      "train_loss": 0.5453739032149315,
      "train_chorus_rate": 0.4639245834201574,
      "train_max_prob": 0.6024894267320633,
      "train_conf_over_90": 0.0,
      "train_conf_over_95": 0.0,
      "val_loss": 0.598008319735527,
      "val_macro_f1": 0.6183398966194996,
      "val_verse_f1": 0.8309148264984227,
      "val_chorus_f1": 0.40576496674057644,
      "val_chorus_rate": 0.1433656383305788,
      "val_max_prob": 0.6632274687290192,
      "val_conf_over_90": 0.0,
      "val_conf_over_95": 0.0,
      "learning_rate": 0.000559616267343578,
      "epoch_time": 46.226415157318115,
      "val_boundary_f1": 0.25207756232686984,
      "val_boundary_precision": 0.3053691275167785,
      "val_boundary_recall": 0.21462264150943397,
      "val_complete_segments": 0.14951892697120694,
      "val_avg_segment_overlap": 0.382604299713577,
      "val_verse_to_chorus_acc": 0.22123893805309736,
      "val_chorus_to_verse_acc": 0.15151515151515152,
      "val_window_diff": 0.3401097237876207,
      "val_pk_metric": 0.3069579226637208
    },
    {
      "epoch": 7,
      "train_loss": 0.5191940605640412,
      "train_chorus_rate": 0.3855838295072317,
      "train_max_prob": 0.649967610836029,
      "train_conf_over_90": 0.005980994377750903,