{
  "trial_number": 91,
  "timestamp": 1756222658.3399959,
  "boundary_f1": 0.3574620196604111,
  "line_f1": 0.715273746969344,
  "macro_f1": 0.715273746969344,
  "verse_f1": 0.8164522558434498,
  "chorus_f1": 0.614095238095238,
  "windowdiff": 0.4318132146710997,
  "pk": 0.3298608376083231,
  "val_loss": 0.5316961482167244,
  "val_accuracy": 0.0,
  "weighted_f1": 0.0,
  "training_time": 2093.6443939208984,
  "training_time_minutes": 34.894073232014975,
  "total_params": 0,
  "actual_epochs": 15,
  "config_summary": {
    "attention_enabled": false,
    "hidden_dim": 256,
    "num_layers": 2,
    "max_epochs": 15,
    "batch_size": 32,
    "learning_rate": 0.0008918353165536,
    "boundary_weight": 2.1514743292361005,
    "label_smoothing": 0.1763052249647838
  },
  "validation_strategy": "boundary_f1",
  "all_metrics": {
    "loss": 0.5316961482167244,
    "chorus_rate": 0.3460084870457649,
    "max_prob_mean": 0.6570128798484802,
    "confidence_over_90": 0.000693802023306489,
    "confidence_over_95": 0.0,
    "verse_f1": 0.8164522558434498,
    "chorus_f1": 0.614095238095238,
    "macro_f1": 0.715273746969344,
    "boundary_f1": 0.3574620196604111,
    "boundary_precision": 0.28776978417266186,
    "boundary_recall": 0.4716981132075472,
    "complete_segments": 0.20595391634628116,
    "avg_segment_overlap": 0.6318563723797851,
    "verse_to_chorus_acc": 0.37168141592920356,
    "chorus_to_verse_acc": 0.4797979797979798,
    "window_diff": 0.4318132146710997,
    "pk_metric": 0.3298608376083231
  },
  "parameters": {
    "hidden_dim": 256,
    "num_layers": 2,
    "dropout": 0.19224039293560227,
    "layer_dropout": 0.21478134945376753,
    "attention_enabled": false,
    "max_epochs": 15,
    "batch_size": 32,
    "learning_rate": 0.0008918353165536,
    "weight_decay": 0.016016073524643366,
    "scheduler": "cosine",
    "min_delta": 0.00042917546867155573,
    "gradient_clip_norm": 0.3976727508029743,
    "validation_strategy": "boundary_f1",
    "head_tail_words": 4,
    "boundary_weight": 2.1514743292361005,
    "label_smoothing": 0.1763052249647838,
    "segment_consistency_lambda": 0.0229368413290639,
    "conf_penalty_lambda": 0.012688767597357287,
    "conf_threshold": 0.9431671080060119,
    "entropy_lambda": 0.026667900525836598,
    "max_confidence_threshold": 0.9350757635700391,
    "min_chorus_rate": 0.08185057311723744,
    "max_chorus_rate": 0.7384883169471868,
    "max_conf_over_95_ratio": 0.1592404126072543,
    "head_ssm_enabled": false,
    "tail_ssm_enabled": false,
    "phonetic_ssm_enabled": true,
    "pos_ssm_enabled": true,
    "string_ssm_enabled": false,
    "syllable_pattern_ssm_enabled": true,
    "line_syllable_ssm_enabled": false,
    "word2vec_enabled": false,
    "contextual_enabled": false,
    "phonetic_mode": "rhyme",
    "phonetic_similarity_method": "binary",
    "phonetic_normalize": false,
    "phonetic_normalize_method": "zscore",
    "phonetic_high_sim_threshold": 0.3116511137260898,
    "pos_tagset": "universal",
    "pos_similarity_method": "lcs",
    "pos_high_sim_threshold": 0.2573271961832258,
    "string_case_sensitive": true,
    "string_remove_punctuation": true,
    "string_similarity_threshold": 0.04899994724347124,
    "string_similarity_method": "levenshtein",
    "syllable_pattern_similarity_method": "levenshtein",
    "syllable_pattern_levenshtein_weight": 0.6659291631939966,
    "syllable_pattern_cosine_weight": 0.230249073471737,
    "syllable_pattern_normalize": true,
    "syllable_pattern_normalize_method": "minmax",
    "line_syllable_similarity_method": "cosine",
    "line_syllable_ratio_threshold": 0.07362353166373849,
    "line_syllable_normalize": false,
    "line_syllable_normalize_method": "zscore",
    "word2vec_mode": "summary",
    "word2vec_normalize": true,
    "word2vec_similarity_metric": "cosine",
    "word2vec_high_sim_threshold": 0.7908339524650047,
    "contextual_mode": "complete",
    "contextual_normalize": false,
    "contextual_similarity_metric": "dot",
    "contextual_high_sim_threshold": 0.6664521293561321
  },
  "config": {
    "hidden_dim": 256,
    "num_layers": 2,
    "layer_dropout": 0.21478134945376753,
    "num_classes": 2,
    "dropout": 0.19224039293560227,
    "attention_enabled": false,
    "attention_type": null,
    "attention_heads": 1,
    "attention_dropout": 0.0,
    "attention_dim": 256,
    "positional_encoding": false,
    "max_seq_length": 1000,
    "window_size": 7,
    "boundary_temperature": 2.0,
    "batch_size": 32,
    "learning_rate": 0.0008918353165536,
    "weight_decay": 0.016016073524643366,
    "max_epochs": 15,
    "patience": 4,
    "gradient_clip_norm": 0.3976727508029743,
    "scheduler": "cosine",
    "min_lr": 1e-06,
    "cosine_t_max": 15,
    "warmup_epochs": 5,
    "lr_factor": 0.5,
    "lr_patience": 10,
    "step_size": 30,
    "step_gamma": 0.5,
    "cosine_t0": 10,
    "cosine_t_mult": 2,
    "min_delta": 0.00042917546867155573,
    "train_file": "data/train.jsonl",
    "val_file": "data/val.jsonl",
    "test_file": "data/test.jsonl",
    "weighted_sampling": true,
    "emergency_monitoring_enabled": true,
    "max_confidence_threshold": 0.9350757635700391,
    "min_chorus_rate": 0.08185057311723744,
    "max_chorus_rate": 0.7384883169471868,
    "max_conf_over_95_ratio": 0.1592404126072543,
    "val_overconf_threshold": 0.96,
    "val_f1_collapse_threshold": 0.1,
    "loss": {
      "loss_type": "boundary_aware",
      "boundary_weight": 2.1514743292361005,
      "label_smoothing": 0.1763052249647838,
      "segment_consistency_lambda": 0.0229368413290639,
      "conf_penalty_lambda": 0.012688767597357287,
      "conf_threshold": 0.9431671080060119,
      "entropy_lambda": 0.026667900525836598
    },
    "calibration_enabled": true,
    "calibration_methods": [
      "temperature",
      "platt"
    ],
    "validation_strategy": "boundary_f1",
    "head_ssm_enabled": false,
    "head_ssm_words": 4,
    "head_ssm_dimension": 12,
    "tail_ssm_enabled": false,
    "tail_ssm_words": 4,
    "tail_ssm_dimension": 12,
    "phonetic_ssm_enabled": true,
    "phonetic_ssm_mode": "rhyme",
    "phonetic_ssm_dimension": 12,
    "phonetic_ssm_similarity_method": "binary",
    "phonetic_ssm_normalize": false,
    "phonetic_ssm_normalize_method": "zscore",
    "phonetic_ssm_high_sim_threshold": 0.3116511137260898,
    "pos_ssm_enabled": true,
    "pos_ssm_tagset": "universal",
    "pos_ssm_similarity_method": "lcs",
    "pos_ssm_high_sim_threshold": 0.2573271961832258,
    "pos_ssm_dimension": 12,
    "string_ssm_enabled": false,
    "string_ssm_case_sensitive": true,
    "string_ssm_remove_punctuation": true,
    "string_ssm_similarity_threshold": 0.04899994724347124,
    "string_ssm_similarity_method": "levenshtein",
    "string_ssm_dimension": 12,
    "syllable_pattern_ssm_enabled": true,
    "syllable_pattern_ssm_similarity_method": "levenshtein",
    "syllable_pattern_ssm_levenshtein_weight": 0.7430766960728843,
    "syllable_pattern_ssm_cosine_weight": 0.2569233039271158,
    "syllable_pattern_ssm_normalize": true,
    "syllable_pattern_ssm_normalize_method": "minmax",
    "syllable_pattern_ssm_dimension": 12,
    "line_syllable_ssm_enabled": false,
    "line_syllable_ssm_similarity_method": "cosine",
    "line_syllable_ssm_ratio_threshold": 0.07362353166373849,
    "line_syllable_ssm_normalize": false,
    "line_syllable_ssm_normalize_method": "zscore",
    "line_syllable_ssm_dimension": 12,
    "word2vec_enabled": false,
    "word2vec_model": "word2vec-google-news-300",
    "word2vec_mode": "summary",
    "word2vec_normalize": true,
    "word2vec_similarity_metric": "cosine",
    "word2vec_high_sim_threshold": 0.7908339524650047,
    "contextual_enabled": false,
    "contextual_model": "all-MiniLM-L6-v2",
    "contextual_mode": "complete",
    "contextual_normalize": false,
    "contextual_similarity_metric": "dot",
    "contextual_high_sim_threshold": 0.6664521293561321
  }
}