{
  "metadata": {
    "model_info": {
      "hidden_dim": 256,
      "num_layers": 2,
      "dropout": 0.19224039293560227,
      "layer_dropout": 0.21478134945376753,
      "attention_enabled": false,
      "attention_heads": 1,
      "attention_dropout": 0.0,
      "attention_dim": 256,
      "positional_encoding": false,
      "max_seq_length": 1000,
      "total_params": 2180098,
      "lstm_params": 2179072,
      "attention_params": 0,
      "classifier_params": 1026
    },
    "training_info": {
      "batch_size": 32,
      "learning_rate": 0.0008918353165536,
      "scheduler": "cosine",
      "label_smoothing": 0.0,
      "weighted_sampling": true,
      "total_epochs": 14,
      "validation_strategy": "boundary_f1",
      "weight_decay": 0.016016073524643366,
      "gradient_clip_norm": 0.3976727508029743,
      "max_epochs": 15,
      "patience": 4
    },
    "calibration_info": {
      "temperature": {
        "ece_before": 0.10516167843388669,
        "ece_after": 0.014981159087716965,
        "improvement": 0.09018051934616972,
        "params": {
          "temperature": 0.4992970020581613
        }
      },
      "platt": {
        "ece_before": 0.10516167843388669,
        "ece_after": 0.018821637601772787,
        "improvement": 0.0863400408321139,
        "params": {
          "A": 1.8285086767178413,
          "B": 0.0
        }
      }
    }
  },
  "metrics": [
    {
      "epoch": 1,
      "train_loss": 0.5784509420394898,
      "train_chorus_rate": 0.5156258219620213,
      "train_max_prob": 0.553845363855362,
      "train_conf_over_90": 0.0,
      "train_conf_over_95": 0.0,
      "val_loss": 0.5986628979444504,
      "val_macro_f1": 0.5029382521725351,
      "val_verse_f1": 0.5412676698586412,
      "val_chorus_f1": 0.464608834486429,
      "val_chorus_rate": 0.6232174783945084,
      "val_max_prob": 0.5407721698284149,
      "val_conf_over_90": 0.0,
      "val_conf_over_95": 0.0,
      "learning_rate": 0.0008821018720447221,
      "epoch_time": 104.20631814002991,
      "val_boundary_f1": 0.07285974499089254,
      "val_boundary_precision": 0.16,
      "val_boundary_recall": 0.04716981132075472,
      "val_complete_segments": 0.021929178079761327,
      "val_avg_segment_overlap": 0.20947970325435142,
      "val_verse_to_chorus_acc": 0.061946902654867256,
      "val_chorus_to_verse_acc": 0.0,
      "val_window_diff": 0.4415918894829369,
      "val_pk_metric": 0.44150412978223574
    },
    {
      "epoch": 2,
      "train_loss": 0.5607561111450196,
      "train_chorus_rate": 0.444631570763886,
      "train_max_prob": 0.5569390773773193,
      "train_conf_over_90": 0.0,
      "train_conf_over_95": 0.0,
      "val_loss": 0.5922797173261642,
      "val_macro_f1": 0.5176358528790318,
      "val_verse_f1": 0.539906103286385,
      "val_chorus_f1": 0.4953656024716786,
      "val_chorus_rate": 0.6555977910757065,
      "val_max_prob": 0.5444948077201843,
      "val_conf_over_90": 0.0,
      "val_conf_over_95": 0.0,
      "learning_rate": 0.0008533269367493749,
      "epoch_time": 163.11054587364197,
      "val_boundary_f1": 0.0547008547008547,
      "val_boundary_precision": 0.09937888198757763,
      "val_boundary_recall": 0.03773584905660377,
      "val_complete_segments": 0.010793921477908752,
      "val_avg_segment_overlap": 0.2302019149726337,
      "val_verse_to_chorus_acc": 0.030973451327433628,
      "val_chorus_to_verse_acc": 0.020202020202020204,
      "val_window_diff": 0.4498628203336715,
      "val_pk_metric": 0.4678846832249485
    },
    {
      "epoch": 3,
      "train_loss": 0.5696224391460418,
      "train_chorus_rate": 0.46803535968065263,
      "train_max_prob": 0.5658918231725693,
      "train_conf_over_90": 0.0,
      "train_conf_over_95": 0.0,
      "val_loss": 0.5904529243707657,
      "val_macro_f1": 0.47404749390820533,
      "val_verse_f1": 0.459322890348661,
      "val_chorus_f1": 0.48877209746774963,
      "val_chorus_rate": 0.7298041731119156,
      "val_max_prob": 0.5628949254751205,
      "val_conf_over_90": 0.0,
      "val_conf_over_95": 0.0,
      "learning_rate": 0.0008067681134174242,
      "epoch_time": 96.28197574615479,
      "val_boundary_f1": 0.0677361853832442,
      "val_boundary_precision": 0.1386861313868613,
      "val_boundary_recall": 0.04481132075471698,
      "val_complete_segments": 0.02014545980611728,
      "val_avg_segment_overlap": 0.2030043358647139,
      "val_verse_to_chorus_acc": 0.05309734513274336,
      "val_chorus_to_verse_acc": 0.005050505050505051,
      "val_window_diff": 0.43307852244532274,
      "val_pk_metric": 0.43416976914296257
    },
    {
      "epoch": 4,
      "train_loss": 0.553710974752903,
      "train_chorus_rate": 0.5008575761690736,
      "train_max_prob": 0.5734474062919617,
      "train_conf_over_90": 0.0,
      "train_conf_over_95": 0.0,
      "val_loss": 0.5845556706190109,
      "val_macro_f1": 0.47305886192466995,
      "val_verse_f1": 0.441483803552769,
      "val_chorus_f1": 0.504633920296571,
      "val_chorus_rate": 0.7609622627496719,
      "val_max_prob": 0.5665864795446396,
      "val_conf_over_90": 0.0,
      "val_conf_over_95": 0.0,
      "learning_rate": 0.000744460246042498,
      "epoch_time": 179.10184001922607,
      "val_boundary_f1": 0.055267702936096716,
      "val_boundary_precision": 0.1032258064516129,
      "val_boundary_recall": 0.03773584905660377,
      "val_complete_segments": 0.02161372287300177,
      "val_avg_segment_overlap": 0.22171549769521576,
      "val_verse_to_chorus_acc": 0.061946902654867256,
      "val_chorus_to_verse_acc": 0.0,
      "val_window_diff": 0.4475207899472942,
      "val_pk_metric": 0.45035056131815626
    },
    {
      "epoch": 5,
      "train_loss": 0.566725555062294,
      "train_chorus_rate": 0.49655063524842263,
      "train_max_prob": 0.5776849508285522,
      "train_conf_over_90": 0.0,
      "train_conf_over_95": 0.0,
      "val_loss": 0.5804717391729355,
      "val_macro_f1": 0.5672895688975077,
      "val_verse_f1": 0.6029945553539019,
      "val_chorus_f1": 0.5315845824411135,
      "val_chorus_rate": 0.6195031106472015,
      "val_max_prob": 0.5543497055768967,
      "val_conf_over_90": 0.0,
      "val_conf_over_95": 0.0,
      "learning_rate": 0.0006691264874152001,
      "epoch_time": 116.63348603248596,
      "val_boundary_f1": 0.11156462585034013,
      "val_boundary_precision": 0.13183279742765272,
      "val_boundary_recall": 0.09669811320754718,
      "val_complete_segments": 0.03314806246937742,
      "val_avg_segment_overlap": 0.30476587972604063,
      "val_verse_to_chorus_acc": 0.09292035398230089,
      "val_chorus_to_verse_acc": 0.08585858585858586,
      "val_window_diff": 0.45005436328096243,
      "val_pk_metric": 0.42646659736917825
    },
    {
      "epoch": 6,
      "train_loss": 0.5404589146375656,
      "train_chorus_rate": 0.4544498026371002,
      "train_max_prob": 0.583491662144661,
      "train_conf_over_90": 4.985044943168759e-05,
      "train_conf_over_95": 0.0,
      "val_loss": 0.5676657408475876,
      "val_macro_f1": 0.548710111681632,
      "val_verse_f1": 0.5758628677322214,
      "val_chorus_f1": 0.5215573556310426,
      "val_chorus_rate": 0.6420983225107193,
      "val_max_prob": 0.610235795378685,
      "val_conf_over_90": 0.0,
      "val_conf_over_95": 0.0,
      "learning_rate": 0.0005840592842790243,
      "epoch_time": 161.02011704444885,
      "val_boundary_f1": 0.0947075208913649,
      "val_boundary_precision": 0.11564625850340136,
      "val_boundary_recall": 0.08018867924528301,
      "val_complete_segments": 0.025606122331997196,
      "val_avg_segment_overlap": 0.29751798987067296,
      "val_verse_to_chorus_acc": 0.06637168141592921,
      "val_chorus_to_verse_acc": 0.0707070707070707,
      "val_window_diff": 0.4430877736724396,
      "val_pk_metric": 0.4098849410516724
    },
    {
      "epoch": 7,
      "train_loss": 0.5419920027256012,
      "train_chorus_rate": 0.4212330535054207,
      "train_max_prob": 0.6337327301502228,