{
  "trial_number": 33,
  "timestamp": 1756076984.170348,
  "boundary_f1": 0.4365162644281217,
  "line_f1": 0.7716985569997495,
  "macro_f1": 0.7716985569997495,
  "verse_f1": 0.8712160082093381,
  "chorus_f1": 0.672181105790161,
  "windowdiff": 0.3047404152153571,
  "pk": 0.2209793709431497,
  "val_loss": 0.5145978331565857,
  "val_accuracy": 0.0,
  "weighted_f1": 0.0,
  "training_time": 2722.8047749996185,
  "training_time_minutes": 45.380079583326975,
  "total_params": 0,
  "actual_epochs": 15,
  "config_summary": {
    "attention_enabled": true,
    "hidden_dim": 256,
    "num_layers": 2,
    "max_epochs": 15,
    "batch_size": 32,
    "learning_rate": 0.0009924565544545238,
    "boundary_weight": 2.1947426173977975,
    "label_smoothing": 0.16560203694421735
  },
  "validation_strategy": "composite",
  "all_metrics": {
    "loss": 0.5145978331565857,
    "chorus_rate": 0.26514362171292305,
    "max_prob_mean": 0.688666820526123,
    "confidence_over_90": 0.0002312673459528014,
    "confidence_over_95": 0.0,
    "verse_f1": 0.8712160082093381,
    "chorus_f1": 0.672181105790161,
    "macro_f1": 0.7716985569997495,
    "boundary_f1": 0.4365162644281217,
    "boundary_precision": 0.3931947069943289,
    "boundary_recall": 0.49056603773584906,
    "complete_segments": 0.30250975486924586,
    "avg_segment_overlap": 0.6610560727602588,
    "verse_to_chorus_acc": 0.4424778761061947,
    "chorus_to_verse_acc": 0.4696969696969697,
    "window_diff": 0.3047404152153571,
    "pk_metric": 0.2209793709431497
  },
  "parameters": {
    "hidden_dim": 256,
    "num_layers": 2,
    "dropout": 0.21365726713726824,
    "layer_dropout": 0.20015127026398186,
    "attention_enabled": true,
    "attention_heads": 4,
    "attention_dropout": 0.18909211112016205,
    "max_epochs": 15,
    "batch_size": 32,
    "learning_rate": 0.0009924565544545238,
    "weight_decay": 0.015511649391369892,
    "scheduler": "cosine",
    "min_delta": 0.00019286940828551548,
    "gradient_clip_norm": 0.3915938794205116,
    "validation_strategy": "composite",
    "head_tail_words": 4,
    "boundary_weight": 2.1947426173977975,
    "label_smoothing": 0.16560203694421735,
    "segment_consistency_lambda": 0.015158921245026043,
    "conf_penalty_lambda": 0.012878847028328423,
    "conf_threshold": 0.9494426176146515,
    "entropy_lambda": 0.02826972191294156,
    "max_confidence_threshold": 0.9498204070787131,
    "min_chorus_rate": 0.11811830254561974,
    "max_chorus_rate": 0.7547326952926866,
    "max_conf_over_95_ratio": 0.1326741336537951,
    "head_ssm_enabled": true,
    "tail_ssm_enabled": false,
    "phonetic_ssm_enabled": true,
    "pos_ssm_enabled": true,
    "string_ssm_enabled": false,
    "syllable_pattern_ssm_enabled": true,
    "line_syllable_ssm_enabled": false,
    "word2vec_enabled": false,
    "contextual_enabled": false,
    "phonetic_mode": "rhyme",
    "phonetic_similarity_method": "edit_distance",
    "phonetic_normalize": false,
    "phonetic_normalize_method": "zscore",
    "phonetic_high_sim_threshold": 0.3249887651972456,
    "pos_tagset": "universal",
    "pos_similarity_method": "lcs",
    "pos_high_sim_threshold": 0.25366782074903954,
    "string_case_sensitive": true,
    "string_remove_punctuation": true,
    "string_similarity_threshold": 0.04982639580344527,
    "string_similarity_method": "word_overlap",
    "syllable_pattern_similarity_method": "cosine",
    "syllable_pattern_levenshtein_weight": 0.6532759723723914,
    "syllable_pattern_cosine_weight": 0.20019246024751286,
    "syllable_pattern_normalize": true,
    "syllable_pattern_normalize_method": "minmax",
    "line_syllable_similarity_method": "cosine",
    "line_syllable_ratio_threshold": 0.10818029303245763,
    "line_syllable_normalize": false,
    "line_syllable_normalize_method": "minmax",
    "word2vec_mode": "summary",
    "word2vec_normalize": true,
    "word2vec_similarity_metric": "cosine",
    "word2vec_high_sim_threshold": 0.7851428626181628,
    "contextual_mode": "complete",
    "contextual_normalize": false,
    "contextual_similarity_metric": "dot",
    "contextual_high_sim_threshold": 0.6973645620478548
  },
  "config": {
    "hidden_dim": 256,
    "num_layers": 2,
    "layer_dropout": 0.20015127026398186,
    "num_classes": 2,
    "dropout": 0.21365726713726824,
    "attention_enabled": true,
    "attention_type": "boundary_aware",
    "attention_heads": 4,
    "attention_dropout": 0.18909211112016205,
    "attention_dim": 256,
    "positional_encoding": true,
    "max_seq_length": 1000,
    "window_size": 7,
    "boundary_temperature": 2.0,
    "batch_size": 32,
    "learning_rate": 0.0009924565544545238,
    "weight_decay": 0.015511649391369892,
    "max_epochs": 15,
    "patience": 4,
    "gradient_clip_norm": 0.3915938794205116,
    "scheduler": "cosine",
    "min_lr": 1e-06,
    "cosine_t_max": 15,
    "warmup_epochs": 5,
    "lr_factor": 0.5,
    "lr_patience": 10,
    "step_size": 30,
    "step_gamma": 0.5,
    "cosine_t0": 10,
    "cosine_t_mult": 2,
    "min_delta": 0.00019286940828551548,
    "train_file": "data/train.jsonl",
    "val_file": "data/val.jsonl",
    "test_file": "data/test.jsonl",
    "weighted_sampling": true,
    "emergency_monitoring_enabled": true,
    "max_confidence_threshold": 0.9498204070787131,
    "min_chorus_rate": 0.11811830254561974,
    "max_chorus_rate": 0.7547326952926866,
    "max_conf_over_95_ratio": 0.1326741336537951,
    "val_overconf_threshold": 0.96,
    "val_f1_collapse_threshold": 0.1,
    "loss": {
      "loss_type": "boundary_aware",
      "boundary_weight": 2.1947426173977975,
      "label_smoothing": 0.16560203694421735,
      "segment_consistency_lambda": 0.015158921245026043,
      "conf_penalty_lambda": 0.012878847028328423,
      "conf_threshold": 0.9494426176146515,
      "entropy_lambda": 0.02826972191294156
    },
    "calibration_enabled": true,
    "calibration_methods": [
      "temperature",
      "platt"
    ],
    "validation_strategy": "composite",
    "head_ssm_enabled": true,
    "head_ssm_words": 4,
    "head_ssm_dimension": 12,
    "tail_ssm_enabled": false,
    "tail_ssm_words": 4,
    "tail_ssm_dimension": 12,
    "phonetic_ssm_enabled": true,
    "phonetic_ssm_mode": "rhyme",
    "phonetic_ssm_dimension": 12,
    "phonetic_ssm_similarity_method": "edit_distance",
    "phonetic_ssm_normalize": false,
    "phonetic_ssm_normalize_method": "zscore",
    "phonetic_ssm_high_sim_threshold": 0.3249887651972456,
    "pos_ssm_enabled": true,
    "pos_ssm_tagset": "universal",
    "pos_ssm_similarity_method": "lcs",
    "pos_ssm_high_sim_threshold": 0.25366782074903954,
    "pos_ssm_dimension": 12,
    "string_ssm_enabled": false,
    "string_ssm_case_sensitive": true,
    "string_ssm_remove_punctuation": true,
    "string_ssm_similarity_threshold": 0.04982639580344527,
    "string_ssm_similarity_method": "word_overlap",
    "string_ssm_dimension": 12,
    "syllable_pattern_ssm_enabled": true,
    "syllable_pattern_ssm_similarity_method": "cosine",
    "syllable_pattern_ssm_levenshtein_weight": 0.7654365966026662,
    "syllable_pattern_ssm_cosine_weight": 0.23456340339733386,
    "syllable_pattern_ssm_normalize": true,
    "syllable_pattern_ssm_normalize_method": "minmax",
    "syllable_pattern_ssm_dimension": 12,
    "line_syllable_ssm_enabled": false,
    "line_syllable_ssm_similarity_method": "cosine",
    "line_syllable_ssm_ratio_threshold": 0.10818029303245763,
    "line_syllable_ssm_normalize": false,
    "line_syllable_ssm_normalize_method": "minmax",
    "line_syllable_ssm_dimension": 12,
    "word2vec_enabled": false,
    "word2vec_model": "word2vec-google-news-300",
    "word2vec_mode": "summary",
    "word2vec_normalize": true,
    "word2vec_similarity_metric": "cosine",
    "word2vec_high_sim_threshold": 0.7851428626181628,
    "contextual_enabled": false,
    "contextual_model": "all-MiniLM-L6-v2",
    "contextual_mode": "complete",
    "contextual_normalize": false,