{
  "method": "temperature",
  "params": {
    "temperature": 1.0535894704586781
  },
  "ece_before": 0.018331873305654223,
  "ece_after": 0.015353645463355175,
  "improvement": 0.002978227842299048,
  "all_results": [
    {
      "method": "temperature",
      "params": {
        "temperature": 1.0535894704586781
      },
      "ece_before": 0.018331873305654223,
      "ece_after": 0.015353645463355175,
      "improvement": 0.002978227842299048
    },
    {
      "method": "platt",
      "params": {
        "A": 0.9999977053212667,
        "B": -0.17512757761080192
      },
      "ece_before": 0.018331873305654223,
      "ece_after": 0.01969292493489496,
      "improvement": -0.001361051629240738
    },
    {
      "method": "isotonic",
      "params": {
        "knots": 47
      },
      "ece_before": 0.018331873305654223,
      "ece_after": 0.0017681855027708517,
      "improvement": 0.01656368780288337
    }
  ]
}