{
  "trial_number": 17,
  "trial_id": "cnn_trial_0017",
  "model_type": "CNN",
  "training_score": 0.6362565094421632,
  "optuna_objective": 0.4376163873370577,
  "validation_metrics": {
    "line_f1": 0.7717923958864883,
    "boundary_f1": 0.4376163873370577,
    "macro_f1": 0.7717923958864883,
    "verse_f1": 0.8440880268556509,
    "chorus_f1": 0.6994967649173257,
    "boundary_precision": 0.36153846153846153,
    "boundary_recall": 0.5542452830188679,
    "window_diff": 0.3804368129889325,
    "pk_metric": 0.2699992071095818,
    "confidence": 0.7344827353954315,
    "val_loss": 0.48093241453170776
  },
  "all_results": {
    "line_f1": 0.7717923958864883,
    "boundary_f1": 0.4376163873370577,
    "macro_f1": 0.7717923958864883,
    "verse_f1": 0.8440880268556509,
    "chorus_f1": 0.6994967649173257,
    "boundary_precision": 0.36153846153846153,
    "boundary_recall": 0.5542452830188679,
    "window_diff": 0.3804368129889325,
    "pk_metric": 0.2699992071095818,
    "confidence": 0.7344827353954315,
    "val_loss": 0.48093241453170776
  },
  "parameters": {
    "hidden_dim": 128,
    "num_layers": 2,
    "dropout": 0.29432574839839803,
    "layer_dropout": 0.1402754913432947,
    "cnn_kernel_sizes": "3,7,11",
    "cnn_dilation_rates": "1,2,4,8",
    "cnn_use_residual": true,
    "cnn_batch_multiplier": 1.147036699185606,
    "attention_enabled": false,
    "max_epochs": 15,
    "batch_size": 64,
    "learning_rate": 0.0005957386072095597,
    "weight_decay": 0.01312433116591139,
    "scheduler": "cosine",
    "min_delta": 0.0001062117386563743,
    "gradient_clip_norm": 0.4012623303599298,
    "validation_strategy": "cnn_composite",
    "boundary_weight": 2.3241523777558726,
    "label_smoothing": 0.1741392864730578,
    "segment_consistency_lambda": 0.019800188786674888,
    "conf_penalty_lambda": 0.00619920249425061,
    "conf_threshold": 0.9398225156504355,
    "entropy_lambda": 0.035842965962389034,
    "max_confidence_threshold": 0.9061187159557701,
    "min_chorus_rate": 0.05621463467970383,
    "max_chorus_rate": 0.841139867747072,
    "max_conf_over_95_ratio": 0.05016984264139429,
    "head_ssm_enabled": false,
    "tail_ssm_enabled": true,
    "phonetic_ssm_enabled": true,
    "pos_ssm_enabled": true,
    "string_ssm_enabled": true,
    "syllable_pattern_ssm_enabled": false,
    "line_syllable_ssm_enabled": true,
    "word2vec_enabled": true,
    "contextual_enabled": false,
    "head_tail_words": 2,
    "phonetic_mode": "combined",
    "phonetic_similarity": "binary",
    "phonetic_threshold": 0.2897681603413564,
    "pos_tagset": "universal",
    "pos_similarity": "position",
    "pos_threshold": 0.2743662331213587,
    "string_similarity": "word_overlap",
    "string_threshold": 0.059209855696571036
  },
  "duration_minutes": 0
}