{
  "method": "platt",
  "params": {
    "A": 1.4832343530489533,
    "B": 0.0
  },
  "ece_before": 0.07363901255114373,
  "ece_after": 0.015141125585452034,
  "improvement": 0.0584978869656917,
  "all_results": [
    {
      "method": "temperature",
      "params": {
        "temperature": 0.6431628339036397
      },
      "ece_before": 0.07363901255114373,
      "ece_after": 0.015552106739729952,
      "improvement": 0.05808690581141378
    },
    {
      "method": "platt",
      "params": {
        "A": 1.4832343530489533,
        "B": 0.0
      },
      "ece_before": 0.07363901255114373,
      "ece_after": 0.015141125585452034,
      "improvement": 0.0584978869656917
    }
  ]
}