{
  "trial_number": 82,
  "timestamp": 1756211871.809313,
  "boundary_f1": 0.4066543438077634,
  "line_f1": 0.7737176841476694,
  "macro_f1": 0.7737176841476694,
  "verse_f1": 0.8524052478134111,
  "chorus_f1": 0.6950301204819278,
  "windowdiff": 0.3913608553809027,
  "pk": 0.2574791129247141,
  "val_loss": 0.4834509491920471,
  "val_accuracy": 0.0,
  "weighted_f1": 0.0,
  "training_time": 1244.0646080970764,
  "training_time_minutes": 20.734410134951272,
  "total_params": 0,
  "actual_epochs": 15,
  "config_summary": {
    "attention_enabled": true,
    "hidden_dim": 256,
    "num_layers": 2,
    "max_epochs": 15,
    "batch_size": 32,
    "learning_rate": 0.0009551483932481113,
    "boundary_weight": 2.0793814319754422,
    "label_smoothing": 0.16404965863855134
  },
  "validation_strategy": "composite",
  "all_metrics": {
    "loss": 0.4834509491920471,
    "chorus_rate": 0.35275017470121384,
    "max_prob_mean": 0.7272306829690933,
    "confidence_over_90": 0.012679343344643712,
    "confidence_over_95": 0.0,
    "verse_f1": 0.8524052478134111,
    "chorus_f1": 0.6950301204819278,
    "macro_f1": 0.7737176841476694,
    "boundary_f1": 0.4066543438077634,
    "boundary_precision": 0.3343465045592705,
    "boundary_recall": 0.5188679245283019,
    "complete_segments": 0.28092092243735933,
    "avg_segment_overlap": 0.658182989909874,
    "verse_to_chorus_acc": 0.48672566371681414,
    "chorus_to_verse_acc": 0.5,
    "window_diff": 0.3913608553809027,
    "pk_metric": 0.2574791129247141
  },
  "parameters": {
    "hidden_dim": 256,
    "num_layers": 2,
    "dropout": 0.20941270550660063,
    "layer_dropout": 0.22122468266942763,
    "attention_enabled": true,
    "attention_heads": 4,
    "attention_dropout": 0.20527784393561632,
    "max_epochs": 15,
    "batch_size": 32,
    "learning_rate": 0.0009551483932481113,
    "weight_decay": 0.005385251446989685,
    "scheduler": "cosine",
    "min_delta": 0.00020359094010211152,
    "gradient_clip_norm": 0.3549775814534464,
    "validation_strategy": "composite",
    "head_tail_words": 4,
    "boundary_weight": 2.0793814319754422,
    "label_smoothing": 0.16404965863855134,
    "segment_consistency_lambda": 0.022298801433132672,
    "conf_penalty_lambda": 0.011991017846215644,
    "conf_threshold": 0.9461712535124113,
    "entropy_lambda": 0.0315422004742033,
    "max_confidence_threshold": 0.9487838670023538,
    "min_chorus_rate": 0.08233585571218224,
    "max_chorus_rate": 0.7323654595344136,
    "max_conf_over_95_ratio": 0.11214079812758773,
    "head_ssm_enabled": false,
    "tail_ssm_enabled": false,
    "phonetic_ssm_enabled": true,
    "pos_ssm_enabled": true,
    "string_ssm_enabled": false,
    "syllable_pattern_ssm_enabled": true,
    "line_syllable_ssm_enabled": false,
    "word2vec_enabled": false,
    "contextual_enabled": true,
    "phonetic_mode": "rhyme",
    "phonetic_similarity_method": "binary",
    "phonetic_normalize": true,
    "phonetic_normalize_method": "zscore",
    "phonetic_high_sim_threshold": 0.3287288329998771,
    "pos_tagset": "universal",
    "pos_similarity_method": "lcs",
    "pos_high_sim_threshold": 0.24618121933338344,
    "string_case_sensitive": false,
    "string_remove_punctuation": true,
    "string_similarity_threshold": 0.04985245058990436,
    "string_similarity_method": "jaccard",
    "syllable_pattern_similarity_method": "cosine",
    "syllable_pattern_levenshtein_weight": 0.6384833411206751,
    "syllable_pattern_cosine_weight": 0.21627745574378288,
    "syllable_pattern_normalize": false,
    "syllable_pattern_normalize_method": "minmax",
    "line_syllable_similarity_method": "cosine",
    "line_syllable_ratio_threshold": 0.10885628451628657,
    "line_syllable_normalize": true,
    "line_syllable_normalize_method": "zscore",
    "word2vec_mode": "summary",
    "word2vec_normalize": true,
    "word2vec_similarity_metric": "cosine",
    "word2vec_high_sim_threshold": 0.7920492571105965,
    "contextual_mode": "complete",
    "contextual_normalize": false,
    "contextual_similarity_metric": "dot",
    "contextual_high_sim_threshold": 0.681099762002521
  },
  "config": {
    "hidden_dim": 256,
    "num_layers": 2,
    "layer_dropout": 0.22122468266942763,
    "num_classes": 2,
    "dropout": 0.20941270550660063,
    "attention_enabled": true,
    "attention_type": "boundary_aware",
    "attention_heads": 4,
    "attention_dropout": 0.20527784393561632,
    "attention_dim": 256,
    "positional_encoding": true,
    "max_seq_length": 1000,
    "window_size": 7,
    "boundary_temperature": 2.0,
    "batch_size": 32,
    "learning_rate": 0.0009551483932481113,
    "weight_decay": 0.005385251446989685,
    "max_epochs": 15,
    "patience": 4,
    "gradient_clip_norm": 0.3549775814534464,
    "scheduler": "cosine",
    "min_lr": 1e-06,
    "cosine_t_max": 15,
    "warmup_epochs": 5,
    "lr_factor": 0.5,
    "lr_patience": 10,
    "step_size": 30,
    "step_gamma": 0.5,
    "cosine_t0": 10,
    "cosine_t_mult": 2,
    "min_delta": 0.00020359094010211152,
    "train_file": "data/train.jsonl",
    "val_file": "data/val.jsonl",
    "test_file": "data/test.jsonl",
    "weighted_sampling": true,
    "emergency_monitoring_enabled": true,
    "max_confidence_threshold": 0.9487838670023538,
    "min_chorus_rate": 0.08233585571218224,
    "max_chorus_rate": 0.7323654595344136,
    "max_conf_over_95_ratio": 0.11214079812758773,
    "val_overconf_threshold": 0.96,
    "val_f1_collapse_threshold": 0.1,
    "loss": {
      "loss_type": "boundary_aware",
      "boundary_weight": 2.0793814319754422,
      "label_smoothing": 0.16404965863855134,
      "segment_consistency_lambda": 0.022298801433132672,
      "conf_penalty_lambda": 0.011991017846215644,
      "conf_threshold": 0.9461712535124113,
      "entropy_lambda": 0.0315422004742033
    },
    "calibration_enabled": true,
    "calibration_methods": [
      "temperature",
      "platt"
    ],
    "validation_strategy": "composite",
    "head_ssm_enabled": false,
    "head_ssm_words": 4,
    "head_ssm_dimension": 12,
    "tail_ssm_enabled": false,
    "tail_ssm_words": 4,
    "tail_ssm_dimension": 12,
    "phonetic_ssm_enabled": true,
    "phonetic_ssm_mode": "rhyme",
    "phonetic_ssm_dimension": 12,
    "phonetic_ssm_similarity_method": "binary",
    "phonetic_ssm_normalize": true,
    "phonetic_ssm_normalize_method": "zscore",
    "phonetic_ssm_high_sim_threshold": 0.3287288329998771,
    "pos_ssm_enabled": true,
    "pos_ssm_tagset": "universal",
    "pos_ssm_similarity_method": "lcs",
    "pos_ssm_high_sim_threshold": 0.24618121933338344,
    "pos_ssm_dimension": 12,
    "string_ssm_enabled": false,
    "string_ssm_case_sensitive": false,
    "string_ssm_remove_punctuation": true,
    "string_ssm_similarity_threshold": 0.04985245058990436,
    "string_ssm_similarity_method": "jaccard",
    "string_ssm_dimension": 12,
    "syllable_pattern_ssm_enabled": true,
    "syllable_pattern_ssm_similarity_method": "cosine",
    "syllable_pattern_ssm_levenshtein_weight": 0.7469731221446289,
    "syllable_pattern_ssm_cosine_weight": 0.2530268778553711,
    "syllable_pattern_ssm_normalize": false,
    "syllable_pattern_ssm_normalize_method": "minmax",
    "syllable_pattern_ssm_dimension": 12,
    "line_syllable_ssm_enabled": false,
    "line_syllable_ssm_similarity_method": "cosine",
    "line_syllable_ssm_ratio_threshold": 0.10885628451628657,
    "line_syllable_ssm_normalize": true,
    "line_syllable_ssm_normalize_method": "zscore",
    "line_syllable_ssm_dimension": 12,
    "word2vec_enabled": false,
    "word2vec_model": "word2vec-google-news-300",
    "word2vec_mode": "summary",
    "word2vec_normalize": true,
    "word2vec_similarity_metric": "cosine",
    "word2vec_high_sim_threshold": 0.7920492571105965,
    "contextual_enabled": true,
    "contextual_model": "all-MiniLM-L6-v2",
    "contextual_mode": "complete",
    "contextual_normalize": false,
    "contextual_similarity_metric": "dot",