{
  "metadata": {
    "model_info": {
      "hidden_dim": 256,
      "num_layers": 2,
      "dropout": 0.20941270550660063,
      "layer_dropout": 0.22122468266942763,
      "attention_enabled": true,
      "attention_heads": 4,
      "attention_dropout": 0.20527784393561632,
      "attention_dim": 256,
      "positional_encoding": true,
      "max_seq_length": 1000,
      "total_params": 3526147,
      "lstm_params": 2965504,
      "attention_params": 559617,
      "classifier_params": 1026
    },
    "training_info": {
      "batch_size": 32,
      "learning_rate": 0.0009551483932481113,
      "scheduler": "cosine",
      "label_smoothing": 0.0,
      "weighted_sampling": true,
      "total_epochs": 11,
      "validation_strategy": "composite",
      "weight_decay": 0.005385251446989685,
      "gradient_clip_norm": 0.3549775814534464,
      "max_epochs": 15,
      "patience": 4
    },
    "calibration_info": {
      "temperature": {
        "ece_before": 0.07363901255114373,
        "ece_after": 0.015552106739729952,
        "improvement": 0.05808690581141378,
        "params": {
          "temperature": 0.6431628339036397
        }
      },
      "platt": {
        "ece_before": 0.07363901255114373,
        "ece_after": 0.015141125585452034,
        "improvement": 0.0584978869656917,
        "params": {
          "A": 1.4832343530489533,
          "B": 0.0
        }
      }
    }
  },
  "metrics": [
    {
      "epoch": 1,
      "train_loss": 0.5981462627649308,
      "train_chorus_rate": 0.4172673218650743,
      "train_max_prob": 0.6020106941461563,
      "train_conf_over_90": 0.0025342466309666634,
      "train_conf_over_95": 0.0,
      "val_loss": 0.5894063264131546,
      "val_macro_f1": 0.4699829065190459,
      "val_verse_f1": 0.4754496840058338,
      "val_chorus_f1": 0.464516129032258,
      "val_chorus_rate": 0.6901632994413376,
      "val_max_prob": 0.5408153384923935,
      "val_conf_over_90": 0.0,
      "val_conf_over_95": 0.0,
      "learning_rate": 0.0009447231774238836,
      "epoch_time": 112.69327020645142,
      "val_boundary_f1": 0.05035971223021582,
      "val_boundary_precision": 0.10606060606060606,
      "val_boundary_recall": 0.0330188679245283,
      "val_complete_segments": 0.016178940264306118,
      "val_avg_segment_overlap": 0.2038893339042318,
      "val_verse_to_chorus_acc": 0.04424778761061947,
      "val_chorus_to_verse_acc": 0.005050505050505051,
      "val_window_diff": 0.4249703726859295,
      "val_pk_metric": 0.42590908456309723
    },
    {
      "epoch": 2,
      "train_loss": 0.5466068521142006,
      "train_chorus_rate": 0.35496009251801297,
      "train_max_prob": 0.5951716125011444,
      "train_conf_over_90": 0.009530128657934256,
      "train_conf_over_95": 0.0,
      "val_loss": 0.5576190054416656,
      "val_macro_f1": 0.5637821363435309,
      "val_verse_f1": 0.5935632183908046,
      "val_chorus_f1": 0.5340010542962573,
      "val_chorus_rate": 0.6327924877405167,
      "val_max_prob": 0.6202558726072311,
      "val_conf_over_90": 0.0,
      "val_conf_over_95": 0.0,
      "learning_rate": 0.0009139031619084547,
      "epoch_time": 129.31784391403198,
      "val_boundary_f1": 0.15033557046979867,
      "val_boundary_precision": 0.17445482866043613,
      "val_boundary_recall": 0.1320754716981132,
      "val_complete_segments": 0.0560240156077908,
      "val_avg_segment_overlap": 0.33535596282126406,
      "val_verse_to_chorus_acc": 0.11504424778761062,
      "val_chorus_to_verse_acc": 0.12121212121212122,
      "val_window_diff": 0.4697361476551058,
      "val_pk_metric": 0.42116859559102776
    },
    {
      "epoch": 3,
      "train_loss": 0.5171354010701179,
      "train_chorus_rate": 0.44601278454065324,
      "train_max_prob": 0.6553246915340424,
      "train_conf_over_90": 0.003304944292176515,
      "train_conf_over_95": 0.0,
      "val_loss": 0.5248152241110802,
      "val_macro_f1": 0.731311668931109,
      "val_verse_f1": 0.8294964028776978,
      "val_chorus_f1": 0.6331269349845202,
      "val_chorus_rate": 0.33559492975473404,
      "val_max_prob": 0.6462566554546356,
      "val_conf_over_90": 0.0,
      "val_conf_over_95": 0.0,
      "learning_rate": 0.000864035329270692,
      "epoch_time": 72.17657589912415,
      "val_boundary_f1": 0.3618581907090465,
      "val_boundary_precision": 0.2764632627646326,
      "val_boundary_recall": 0.5235849056603774,
      "val_complete_segments": 0.24250823312329145,
      "val_avg_segment_overlap": 0.638248022200051,
      "val_verse_to_chorus_acc": 0.5088495575221239,
      "val_chorus_to_verse_acc": 0.46464646464646464,
      "val_window_diff": 0.4427391865762902,
      "val_pk_metric": 0.3061404931722598
    },
    {
      "epoch": 4,
      "train_loss": 0.509313490986824,
      "train_chorus_rate": 0.40113956704735754,
      "train_max_prob": 0.6666439324617386,
      "train_conf_over_90": 0.0016936938161961734,
      "train_conf_over_95": 0.0,
      "val_loss": 0.5105747282505035,
      "val_macro_f1": 0.7514062512124927,
      "val_verse_f1": 0.838157655197524,
      "val_chorus_f1": 0.6646548472274614,
      "val_chorus_rate": 0.3516571521759033,
      "val_max_prob": 0.6540041118860245,
      "val_conf_over_90": 0.0,
      "val_conf_over_95": 0.0,
      "learning_rate": 0.0007972991430892752,
      "epoch_time": 73.97423577308655,
      "val_boundary_f1": 0.39304347826086955,
      "val_boundary_precision": 0.31129476584022037,
      "val_boundary_recall": 0.5330188679245284,
      "val_complete_segments": 0.26833169899182624,
      "val_avg_segment_overlap": 0.6544176093768531,
      "val_verse_to_chorus_acc": 0.4911504424778761,
      "val_chorus_to_verse_acc": 0.5,
      "val_window_diff": 0.40769205046955537,
      "val_pk_metric": 0.27734406246348825
    },
    {
      "epoch": 5,
      "train_loss": 0.4799778819084167,
      "train_chorus_rate": 0.3763084903359413,
      "train_max_prob": 0.68584104180336,
      "train_conf_over_90": 0.008849328497308306,
      "train_conf_over_95": 7.418397581204772e-05,
      "val_loss": 0.4944625347852707,
      "val_macro_f1": 0.7125582485802981,
      "val_verse_f1": 0.7805362462760675,
      "val_chorus_f1": 0.6445802508845287,
      "val_chorus_rate": 0.4645790681242943,
      "val_max_prob": 0.6843629032373428,
      "val_conf_over_90": 0.01222203392535448,
      "val_conf_over_95": 0.0,
      "learning_rate": 0.0007166112949360836,
      "epoch_time": 102.75013709068298,
      "val_boundary_f1": 0.3070175438596492,
      "val_boundary_precision": 0.24441340782122906,
      "val_boundary_recall": 0.41273584905660377,
      "val_complete_segments": 0.18357889399776992,
      "val_avg_segment_overlap": 0.6213571156654039,
      "val_verse_to_chorus_acc": 0.3141592920353982,
      "val_chorus_to_verse_acc": 0.4797979797979798,
      "val_window_diff": 0.4632303372375815,
      "val_pk_metric": 0.33426629920542483
    },
    {
      "epoch": 6,
      "train_loss": 0.47287514209747317,
      "train_chorus_rate": 0.36381606832146646,
      "train_max_prob": 0.7042793154716491,
      "train_conf_over_90": 0.018517244650865905,
      "train_conf_over_95": 0.0004278542153770104,
      "val_loss": 0.4834509491920471,
      "val_macro_f1": 0.7737176841476694,
      "val_verse_f1": 0.8524052478134111,
      "val_chorus_f1": 0.6950301204819278,
      "val_chorus_rate": 0.35275017470121384,
      "val_max_prob": 0.7272306829690933,
      "val_conf_over_90": 0.012679343344643712,
      "val_conf_over_95": 0.0,
      "learning_rate": 0.0006254982309586641,
      "epoch_time": 85.38735485076904,
      "val_boundary_f1": 0.4066543438077634,
      "val_boundary_precision": 0.3343465045592705,
      "val_boundary_recall": 0.5188679245283019,
      "val_complete_segments": 0.28092092243735933,
      "val_avg_segment_overlap": 0.658182989909874,
      "val_verse_to_chorus_acc": 0.48672566371681414,
      "val_chorus_to_verse_acc": 0.5,
      "val_window_diff": 0.3913608553809027,