{
  "metadata": {
    "model_info": {
      "architecture": "CNN",
      "hidden_dim": 128,
      "num_layers": 2,
      "dropout": 0.30325820023494315,
      "layer_dropout": 0.12391040715187031,
      "kernel_sizes": [
        3,
        7,
        11
      ],
      "dilation_rates": [
        1,
        2
      ],
      "use_residual": true,
      "attention_enabled": false,
      "attention_type": "self",
      "attention_heads": 4,
      "total_params": 264062,
      "cnn_params": 259068,
      "attention_params": 0
    },
    "training_info": {
      "batch_size": 64,
      "learning_rate": 0.0006633504878681281,
      "scheduler": "cosine",
      "scheduler_type": "epoch",
      "validation_strategy": "cnn_composite",
      "total_epochs": 15,
      "early_stopping_mode": "cnn_calibration",
      "convergence_window": 5
    },
    "calibration_info": {
      "temperature": {
        "ece_before": 0.08359428306342577,
        "ece_after": 0.022525317527807513,
        "improvement": 0.06106896553561826,
        "params": {
          "temperature": 0.6427256749223325
        }
      },
      "platt": {
        "ece_before": 0.08359428306342577,
        "ece_after": 0.0835943080206751,
        "improvement": -2.495724933659904e-08,
        "params": {
          "A": 0.9999999712470747,
          "B": 0.0
        }
      }
    }
  },
  "metrics": [
    {
      "epoch": 1,
      "train_loss": 0.5403621733188629,
      "train_chorus_rate": 0.45537747293710706,
      "train_max_prob": 0.6391693532466889,
      "train_conf_over_90": 0.0,
      "train_conf_over_95": 0.0,
      "val_loss": 0.5169662535190582,
      "val_macro_f1": 0.6862575737787963,
      "val_verse_f1": 0.7355687606112056,
      "val_chorus_f1": 0.6369463869463869,
      "val_chorus_rate": 0.5426998436450958,
      "val_max_prob": 0.6819458603858948,
      "val_conf_over_90": 0.0,
      "val_conf_over_95": 0.0,
      "learning_rate": 0.0006561135142106017,
      "epoch_time": 339.0176959037781,
      "val_boundary_f1": 0.30446672743846853,
      "val_boundary_precision": 0.24814264487369986,
      "val_boundary_recall": 0.3938679245283019,
      "val_complete_segments": 0.17559747583243823,
      "val_avg_segment_overlap": 0.5987454707404823,
      "val_verse_to_chorus_acc": 0.3008849557522124,
      "val_chorus_to_verse_acc": 0.46464646464646464,
      "val_window_diff": 0.4876282977675804,
      "val_pk_metric": 0.3766968027270613,
      "cnn_receptive_field_usage": 0.7000000000000001,
      "cnn_gradient_norm": 2.0429383873939515,
      "cnn_effective_layers": 2
    },
    {
      "epoch": 2,
      "train_loss": 0.4998518109321594,
      "train_chorus_rate": 0.44127167761325836,
      "train_max_prob": 0.6823576509952545,
      "train_conf_over_90": 0.0,
      "train_conf_over_95": 0.0,
      "val_loss": 0.505562424659729,
      "val_macro_f1": 0.7415348393949488,
      "val_verse_f1": 0.8069762884577699,
      "val_chorus_f1": 0.6760933903321277,
      "val_chorus_rate": 0.447266086935997,
      "val_max_prob": 0.7367021143436432,
      "val_conf_over_90": 0.0,
      "val_conf_over_95": 0.0,
      "learning_rate": 0.0006347188837137086,
      "epoch_time": 170.47637605667114,
      "val_boundary_f1": 0.3815439219165927,
      "val_boundary_precision": 0.3058321479374111,
      "val_boundary_recall": 0.5070754716981132,
      "val_complete_segments": 0.2713614393125671,
      "val_avg_segment_overlap": 0.6647264420824395,
      "val_verse_to_chorus_acc": 0.46017699115044247,
      "val_chorus_to_verse_acc": 0.5,
      "val_window_diff": 0.45804297042832665,
      "val_pk_metric": 0.32350323826169236,
      "cnn_receptive_field_usage": 0.7000000000000001,
      "cnn_gradient_norm": 0.87956562936306,
      "cnn_effective_layers": 2
    },
    {
      "epoch": 3,
      "train_loss": 0.4991468995809555,
      "train_chorus_rate": 0.41223196089267733,
      "train_max_prob": 0.6893369376659393,
      "train_conf_over_90": 0.0,
      "train_conf_over_95": 0.0,
      "val_loss": 0.4994939863681793,
      "val_macro_f1": 0.7303385172585549,
      "val_verse_f1": 0.7861648016276704,
      "val_chorus_f1": 0.6745122328894394,
      "val_chorus_rate": 0.4935253858566284,
      "val_max_prob": 0.7197064757347107,
      "val_conf_over_90": 0.0,
      "val_conf_over_95": 0.0,
      "learning_rate": 0.0006001016443929907,
      "epoch_time": 231.32333087921143,
      "val_boundary_f1": 0.36947791164658633,
      "val_boundary_precision": 0.32167832167832167,
      "val_boundary_recall": 0.4339622641509434,
      "val_complete_segments": 0.24470998925886145,
      "val_avg_segment_overlap": 0.6301497804024657,
      "val_verse_to_chorus_acc": 0.3672566371681416,
      "val_chorus_to_verse_acc": 0.47474747474747475,
      "val_window_diff": 0.43233908403984067,
      "val_pk_metric": 0.3334616568566845,
      "cnn_receptive_field_usage": 0.7000000000000001,
      "cnn_gradient_norm": 0.6638598501682281,
      "cnn_effective_layers": 2
    },
    {
      "epoch": 4,
      "train_loss": 0.4896937757730484,
      "train_chorus_rate": 0.42007996439933776,
      "train_max_prob": 0.7096310198307038,
      "train_conf_over_90": 7.114056206773967e-05,
      "train_conf_over_95": 0.0,
      "val_loss": 0.503571555018425,
      "val_macro_f1": 0.721914279767415,
      "val_verse_f1": 0.7769577695776958,
      "val_chorus_f1": 0.6668707899571341,
      "val_chorus_rate": 0.5019536316394806,
      "val_max_prob": 0.7332240641117096,
      "val_conf_over_90": 0.0,
      "val_conf_over_95": 0.0,
      "learning_rate": 0.0005537747357187072,
      "epoch_time": 209.04391193389893,
      "val_boundary_f1": 0.3581020590868397,
      "val_boundary_precision": 0.2886002886002886,
      "val_boundary_recall": 0.4716981132075472,
      "val_complete_segments": 0.24839554242749728,
      "val_avg_segment_overlap": 0.6398026205826367,
      "val_verse_to_chorus_acc": 0.39823008849557523,
      "val_chorus_to_verse_acc": 0.5151515151515151,
      "val_window_diff": 0.4715879581526563,
      "val_pk_metric": 0.3400369746049743,
      "cnn_receptive_field_usage": 0.7000000000000001,
      "cnn_gradient_norm": 0.5551686495542526,
      "cnn_effective_layers": 2
    },
    {
      "epoch": 5,
      "train_loss": 0.48626922369003295,
      "train_chorus_rate": 0.4274946957826614,
      "train_max_prob": 0.708211362361908,
      "train_conf_over_90": 0.0007173189427703619,
      "train_conf_over_95": 0.0,
      "val_loss": 0.4870990067720413,
      "val_macro_f1": 0.7872220111361623,
      "val_verse_f1": 0.8567197334320622,
      "val_chorus_f1": 0.7177242888402625,
      "val_chorus_rate": 0.37313637137413025,
      "val_max_prob": 0.7265794277191162,
      "val_conf_over_90": 0.0,
      "val_conf_over_95": 0.0,
      "learning_rate": 0.0004977628659010962,
      "epoch_time": 164.2899408340454,
      "val_boundary_f1": 0.47134935304990755,
      "val_boundary_precision": 0.38753799392097266,
      "val_boundary_recall": 0.6014150943396226,
      "val_complete_segments": 0.3950859291084855,
      "val_avg_segment_overlap": 0.7146301097544282,
      "val_verse_to_chorus_acc": 0.5929203539823009,
      "val_chorus_to_verse_acc": 0.5656565656565656,
      "val_window_diff": 0.4011887841822426,
      "val_pk_metric": 0.2674038782320168,
      "cnn_receptive_field_usage": 0.7000000000000001,
      "cnn_gradient_norm": 0.912074065208435,
      "cnn_effective_layers": 2
    },
    {
      "epoch": 6,
      "train_loss": 0.4725011646747589,
      "train_chorus_rate": 0.3692323714494705,
      "train_max_prob": 0.6961163759231568,
      "train_conf_over_90": 0.0005937415640801192,
      "train_conf_over_95": 0.0,
      "val_loss": 0.49431055784225464,
      "val_macro_f1": 0.7882350920617975,
      "val_verse_f1": 0.8622383985441311,
      "val_chorus_f1": 0.7142317855794639,
      "val_chorus_rate": 0.35044679045677185,
      "val_max_prob": 0.743325263261795,
      "val_conf_over_90": 0.001065530115738511,