{
  "trial_number": 20,
  "trial_id": "cnn_trial_0020",
  "model_type": "CNN",
  "training_score": 0.6374052049738486,
  "optuna_objective": 0.43825441039925717,
  "validation_metrics": {
    "line_f1": 0.7738979286369561,
    "boundary_f1": 0.43825441039925717,
    "macro_f1": 0.7738979286369561,
    "verse_f1": 0.8456375838926173,
    "chorus_f1": 0.7021582733812949,
    "boundary_precision": 0.3614088820826952,
    "boundary_recall": 0.5566037735849056,
    "window_diff": 0.3960655588621762,
    "pk_metric": 0.28605469825619206,
    "confidence": 0.7291916012763977,
    "val_loss": 0.486965611577034
  },
  "all_results": {
    "line_f1": 0.7738979286369561,
    "boundary_f1": 0.43825441039925717,
    "macro_f1": 0.7738979286369561,
    "verse_f1": 0.8456375838926173,
    "chorus_f1": 0.7021582733812949,
    "boundary_precision": 0.3614088820826952,
    "boundary_recall": 0.5566037735849056,
    "window_diff": 0.3960655588621762,
    "pk_metric": 0.28605469825619206,
    "confidence": 0.7291916012763977,
    "val_loss": 0.486965611577034
  },
  "parameters": {
    "hidden_dim": 128,
    "num_layers": 2,
    "dropout": 0.30325820023494315,
    "layer_dropout": 0.12391040715187031,
    "cnn_kernel_sizes": "3,7,11",
    "cnn_dilation_rates": "1,2",
    "cnn_use_residual": true,
    "cnn_batch_multiplier": 1.0582786511961941,
    "attention_enabled": false,
    "max_epochs": 15,
    "batch_size": 64,
    "learning_rate": 0.0006633504878681281,
    "weight_decay": 0.01207016069798572,
    "scheduler": "cosine",
    "min_delta": 9.077604279125928e-05,
    "gradient_clip_norm": 0.43313860128751713,
    "validation_strategy": "cnn_composite",
    "boundary_weight": 2.312759355969592,
    "label_smoothing": 0.1864960856213415,
    "segment_consistency_lambda": 0.020835902976220455,
    "conf_penalty_lambda": 0.005438477398750304,
    "conf_threshold": 0.9354254067750922,
    "entropy_lambda": 0.03228294562410184,
    "max_confidence_threshold": 0.9116795253890494,
    "min_chorus_rate": 0.061335118344998746,
    "max_chorus_rate": 0.8214884799909725,
    "max_conf_over_95_ratio": 0.07923056304247626,
    "head_ssm_enabled": false,
    "tail_ssm_enabled": true,
    "phonetic_ssm_enabled": true,
    "pos_ssm_enabled": true,
    "string_ssm_enabled": true,
    "syllable_pattern_ssm_enabled": false,
    "line_syllable_ssm_enabled": true,
    "word2vec_enabled": true,
    "contextual_enabled": false,
    "head_tail_words": 2,
    "phonetic_mode": "combined",
    "phonetic_similarity": "binary",
    "phonetic_threshold": 0.2681347190010174,
    "pos_tagset": "universal",
    "pos_similarity": "position",
    "pos_threshold": 0.29081952502302183,
    "string_similarity": "word_overlap",
    "string_threshold": 0.051925934825948455
  },
  "duration_minutes": 0
}