{
  "method": "platt",
  "params": {
    "A": 1.8671937471351554,
    "B": 0.25525645571921196
  },
  "ece_before": 0.14234573743900755,
  "ece_after": 0.01348021512298547,
  "improvement": 0.12886552231602208,
  "all_results": [
    {
      "method": "temperature",
      "params": {
        "temperature": 0.44286878402042085
      },
      "ece_before": 0.14234573743900755,
      "ece_after": 0.021999063112998058,
      "improvement": 0.1203466743260095
    },
    {
      "method": "platt",
      "params": {
        "A": 1.8671937471351554,
        "B": 0.25525645571921196
      },
      "ece_before": 0.14234573743900755,
      "ece_after": 0.01348021512298547,
      "improvement": 0.12886552231602208
    }
  ]
}