{
  "trial_number": 62,
  "timestamp": 1756182253.016376,
  "boundary_f1": 0.43414120126448896,
  "line_f1": 0.7702376689304765,
  "macro_f1": 0.7702376689304765,
  "verse_f1": 0.8692070030895984,
  "chorus_f1": 0.6712683347713546,
  "windowdiff": 0.3063047961250799,
  "pk": 0.22118399045560333,
  "val_loss": 0.5159927532076836,
  "val_accuracy": 0.0,
  "weighted_f1": 0.0,
  "training_time": 1147.093173980713,
  "training_time_minutes": 19.118219566345214,
  "total_params": 0,
  "actual_epochs": 15,
  "config_summary": {
    "attention_enabled": true,
    "hidden_dim": 256,
    "num_layers": 2,
    "max_epochs": 15,
    "batch_size": 32,
    "learning_rate": 0.0008894266564556986,
    "boundary_weight": 2.173728647945581,
    "label_smoothing": 0.190933772019324
  },
  "validation_strategy": "boundary_f1",
  "all_metrics": {
    "loss": 0.5159927532076836,
    "chorus_rate": 0.26985810324549675,
    "max_prob_mean": 0.6704231798648834,
    "confidence_over_90": 0.0002312673459528014,
    "confidence_over_95": 0.0,
    "verse_f1": 0.8692070030895984,
    "chorus_f1": 0.6712683347713546,
    "macro_f1": 0.7702376689304765,
    "boundary_f1": 0.43414120126448896,
    "boundary_precision": 0.3923809523809524,
    "boundary_recall": 0.4858490566037736,
    "complete_segments": 0.2709487778946952,
    "avg_segment_overlap": 0.6508705197426286,
    "verse_to_chorus_acc": 0.4026548672566372,
    "chorus_to_verse_acc": 0.494949494949495,
    "window_diff": 0.3063047961250799,
    "pk_metric": 0.22118399045560333
  },
  "parameters": {
    "hidden_dim": 256,
    "num_layers": 2,
    "dropout": 0.1901162591933687,
    "layer_dropout": 0.21070665106131423,
    "attention_enabled": true,
    "attention_heads": 8,
    "attention_dropout": 0.1588256714229941,
    "max_epochs": 15,
    "batch_size": 32,
    "learning_rate": 0.0008894266564556986,
    "weight_decay": 0.01630517450035133,
    "scheduler": "cosine",
    "min_delta": 0.0005282719792811197,
    "gradient_clip_norm": 0.339006028161467,
    "validation_strategy": "boundary_f1",
    "head_tail_words": 4,
    "boundary_weight": 2.173728647945581,
    "label_smoothing": 0.190933772019324,
    "segment_consistency_lambda": 0.02355861579297016,
    "conf_penalty_lambda": 0.01233487066506528,
    "conf_threshold": 0.9498291877095155,
    "entropy_lambda": 0.035770704604727595,
    "max_confidence_threshold": 0.9368834981237143,
    "min_chorus_rate": 0.0837637351657093,
    "max_chorus_rate": 0.7760314314702764,
    "max_conf_over_95_ratio": 0.1680818199120484,
    "head_ssm_enabled": true,
    "tail_ssm_enabled": false,
    "phonetic_ssm_enabled": true,
    "pos_ssm_enabled": true,
    "string_ssm_enabled": false,
    "syllable_pattern_ssm_enabled": true,
    "line_syllable_ssm_enabled": false,
    "word2vec_enabled": false,
    "contextual_enabled": false,
    "phonetic_mode": "rhyme",
    "phonetic_similarity_method": "binary",
    "phonetic_normalize": false,
    "phonetic_normalize_method": "zscore",
    "phonetic_high_sim_threshold": 0.32840475634523625,
    "pos_tagset": "universal",
    "pos_similarity_method": "position",
    "pos_high_sim_threshold": 0.2706952587965428,
    "string_case_sensitive": true,
    "string_remove_punctuation": true,
    "string_similarity_threshold": 0.049884853450552887,
    "string_similarity_method": "word_overlap",
    "syllable_pattern_similarity_method": "levenshtein",
    "syllable_pattern_levenshtein_weight": 0.6731555249662996,
    "syllable_pattern_cosine_weight": 0.20758824039984344,
    "syllable_pattern_normalize": false,
    "syllable_pattern_normalize_method": "minmax",
    "line_syllable_similarity_method": "cosine",
    "line_syllable_ratio_threshold": 0.10863169141480468,
    "line_syllable_normalize": false,
    "line_syllable_normalize_method": "minmax",
    "word2vec_mode": "summary",
    "word2vec_normalize": true,
    "word2vec_similarity_metric": "cosine",
    "word2vec_high_sim_threshold": 0.7864291044520061,
    "contextual_mode": "complete",
    "contextual_normalize": false,
    "contextual_similarity_metric": "dot",
    "contextual_high_sim_threshold": 0.6759322414938959
  },
  "config": {
    "hidden_dim": 256,
    "num_layers": 2,
    "layer_dropout": 0.21070665106131423,
    "num_classes": 2,
    "dropout": 0.1901162591933687,
    "attention_enabled": true,
    "attention_type": "boundary_aware",
    "attention_heads": 8,
    "attention_dropout": 0.1588256714229941,
    "attention_dim": 256,
    "positional_encoding": true,
    "max_seq_length": 1000,
    "window_size": 7,
    "boundary_temperature": 2.0,
    "batch_size": 32,
    "learning_rate": 0.0008894266564556986,
    "weight_decay": 0.01630517450035133,
    "max_epochs": 15,
    "patience": 4,
    "gradient_clip_norm": 0.339006028161467,
    "scheduler": "cosine",
    "min_lr": 1e-06,
    "cosine_t_max": 15,
    "warmup_epochs": 5,
    "lr_factor": 0.5,
    "lr_patience": 10,
    "step_size": 30,
    "step_gamma": 0.5,
    "cosine_t0": 10,
    "cosine_t_mult": 2,
    "min_delta": 0.0005282719792811197,
    "train_file": "data/train.jsonl",
    "val_file": "data/val.jsonl",
    "test_file": "data/test.jsonl",
    "weighted_sampling": true,
    "emergency_monitoring_enabled": true,
    "max_confidence_threshold": 0.9368834981237143,
    "min_chorus_rate": 0.0837637351657093,
    "max_chorus_rate": 0.7760314314702764,
    "max_conf_over_95_ratio": 0.1680818199120484,
    "val_overconf_threshold": 0.96,
    "val_f1_collapse_threshold": 0.1,
    "loss": {
      "loss_type": "boundary_aware",
      "boundary_weight": 2.173728647945581,
      "label_smoothing": 0.190933772019324,
      "segment_consistency_lambda": 0.02355861579297016,
      "conf_penalty_lambda": 0.01233487066506528,
      "conf_threshold": 0.9498291877095155,
      "entropy_lambda": 0.035770704604727595
    },
    "calibration_enabled": true,
    "calibration_methods": [
      "temperature",
      "platt"
    ],
    "validation_strategy": "boundary_f1",
    "head_ssm_enabled": true,
    "head_ssm_words": 4,
    "head_ssm_dimension": 12,
    "tail_ssm_enabled": false,
    "tail_ssm_words": 4,
    "tail_ssm_dimension": 12,
    "phonetic_ssm_enabled": true,
    "phonetic_ssm_mode": "rhyme",
    "phonetic_ssm_dimension": 12,
    "phonetic_ssm_similarity_method": "binary",
    "phonetic_ssm_normalize": false,
    "phonetic_ssm_normalize_method": "zscore",
    "phonetic_ssm_high_sim_threshold": 0.32840475634523625,
    "pos_ssm_enabled": true,
    "pos_ssm_tagset": "universal",
    "pos_ssm_similarity_method": "position",
    "pos_ssm_high_sim_threshold": 0.2706952587965428,
    "pos_ssm_dimension": 12,
    "string_ssm_enabled": false,
    "string_ssm_case_sensitive": true,
    "string_ssm_remove_punctuation": true,
    "string_ssm_similarity_threshold": 0.049884853450552887,
    "string_ssm_similarity_method": "word_overlap",
    "string_ssm_dimension": 12,
    "syllable_pattern_ssm_enabled": true,
    "syllable_pattern_ssm_similarity_method": "levenshtein",
    "syllable_pattern_ssm_levenshtein_weight": 0.764303480123365,
    "syllable_pattern_ssm_cosine_weight": 0.23569651987663495,
    "syllable_pattern_ssm_normalize": false,
    "syllable_pattern_ssm_normalize_method": "minmax",
    "syllable_pattern_ssm_dimension": 12,
    "line_syllable_ssm_enabled": false,
    "line_syllable_ssm_similarity_method": "cosine",
    "line_syllable_ssm_ratio_threshold": 0.10863169141480468,
    "line_syllable_ssm_normalize": false,
    "line_syllable_ssm_normalize_method": "minmax",
    "line_syllable_ssm_dimension": 12,
    "word2vec_enabled": false,
    "word2vec_model": "word2vec-google-news-300",
    "word2vec_mode": "summary",
    "word2vec_normalize": true,
    "word2vec_similarity_metric": "cosine",
    "word2vec_high_sim_threshold": 0.7864291044520061,
    "contextual_enabled": false,
    "contextual_model": "all-MiniLM-L6-v2",
    "contextual_mode": "complete",
    "contextual_normalize": false,