{
  "metadata": {
    "model_info": {
      "hidden_dim": 256,
      "num_layers": 2,
      "dropout": 0.1901162591933687,
      "layer_dropout": 0.21070665106131423,
      "attention_enabled": true,
      "attention_heads": 8,
      "attention_dropout": 0.1588256714229941,
      "attention_dim": 256,
      "positional_encoding": true,
      "max_seq_length": 1000,
      "total_params": 2764291,
      "lstm_params": 2203648,
      "attention_params": 559617,
      "classifier_params": 1026
    },
    "training_info": {
      "batch_size": 32,
      "learning_rate": 0.0008894266564556986,
      "scheduler": "cosine",
      "label_smoothing": 0.0,
      "weighted_sampling": true,
      "total_epochs": 15,
      "validation_strategy": "boundary_f1",
      "weight_decay": 0.01630517450035133,
      "gradient_clip_norm": 0.339006028161467,
      "max_epochs": 15,
      "patience": 4
    },
    "calibration_info": {
      "temperature": {
        "ece_before": 0.14234573743900755,
        "ece_after": 0.021999063112998058,
        "improvement": 0.1203466743260095,
        "params": {
          "temperature": 0.44286878402042085
        }
      },
      "platt": {
        "ece_before": 0.14234573743900755,
        "ece_after": 0.01348021512298547,
        "improvement": 0.12886552231602208,
        "params": {
          "A": 1.8671937471351554,
          "B": 0.25525645571921196
        }
      }
    }
  },
  "metrics": [
    {
      "epoch": 1,
      "train_loss": 0.6113988876342773,
      "train_chorus_rate": 0.41184721011668446,
      "train_max_prob": 0.5905156016349793,
      "train_conf_over_90": 0.010332103073596954,
      "train_conf_over_95": 0.0,
      "val_loss": 0.5900228470563889,
      "val_macro_f1": 0.5470756843042122,
      "val_verse_f1": 0.6001318971202462,
      "val_chorus_f1": 0.4940194714881781,
      "val_chorus_rate": 0.5845877975225449,
      "val_max_prob": 0.5370206385850906,
      "val_conf_over_90": 0.0,
      "val_conf_over_95": 0.0,
      "learning_rate": 0.0008797195294478987,
      "epoch_time": 76.21282362937927,
      "val_boundary_f1": 0.06774193548387096,
      "val_boundary_precision": 0.10714285714285714,
      "val_boundary_recall": 0.049528301886792456,
      "val_complete_segments": 0.05292031919815589,
      "val_avg_segment_overlap": 0.26618402276516917,
      "val_verse_to_chorus_acc": 0.03982300884955752,
      "val_chorus_to_verse_acc": 0.020202020202020204,
      "val_window_diff": 0.38706621987666134,
      "val_pk_metric": 0.3850375730265324
    },
    {
      "epoch": 2,
      "train_loss": 0.5723083913326263,
      "train_chorus_rate": 0.538041246085777,
      "train_max_prob": 0.5857598513364792,
      "train_conf_over_90": 0.0,
      "train_conf_over_95": 0.0,
      "val_loss": 0.5888619869947433,
      "val_macro_f1": 0.4590638053951622,
      "val_verse_f1": 0.43156532988357055,
      "val_chorus_f1": 0.48656228090675396,
      "val_chorus_rate": 0.7515411823987961,
      "val_max_prob": 0.5640773475170135,
      "val_conf_over_90": 0.0,
      "val_conf_over_95": 0.0,
      "learning_rate": 0.0008510223964547027,
      "epoch_time": 63.00382208824158,
      "val_boundary_f1": 0.06871609403254973,
      "val_boundary_precision": 0.14728682170542637,
      "val_boundary_recall": 0.04481132075471698,
      "val_complete_segments": 0.024771175129075448,
      "val_avg_segment_overlap": 0.20027119333225718,
      "val_verse_to_chorus_acc": 0.061946902654867256,
      "val_chorus_to_verse_acc": 0.0,
      "val_window_diff": 0.42573493869416157,
      "val_pk_metric": 0.42760297774963496
    },
    {
      "epoch": 3,
      "train_loss": 0.5671208918094635,
      "train_chorus_rate": 0.5594756571576,
      "train_max_prob": 0.5798392415046691,
      "train_conf_over_90": 0.0,
      "train_conf_over_95": 0.0,
      "val_loss": 0.5811540335416794,
      "val_macro_f1": 0.43379338724716215,
      "val_verse_f1": 0.3624613655521214,
      "val_chorus_f1": 0.5051254089422029,
      "val_chorus_rate": 0.8265298306941986,
      "val_max_prob": 0.5853104144334793,
      "val_conf_over_90": 0.0,
      "val_conf_over_95": 0.0,
      "learning_rate": 0.000804589459892036,
      "epoch_time": 45.40532684326172,
      "val_boundary_f1": 0.04735883424408014,
      "val_boundary_precision": 0.104,
      "val_boundary_recall": 0.030660377358490566,
      "val_complete_segments": 0.0180422943015732,
      "val_avg_segment_overlap": 0.19482120142726836,
      "val_verse_to_chorus_acc": 0.04424778761061947,
      "val_chorus_to_verse_acc": 0.0,
      "val_window_diff": 0.4214782453319649,
      "val_pk_metric": 0.42127937632301116
    },
    {
      "epoch": 4,
      "train_loss": 0.5626108855009079,
      "train_chorus_rate": 0.5150510966777802,
      "train_max_prob": 0.5943965941667557,
      "train_conf_over_90": 0.0,
      "train_conf_over_95": 0.0,
      "val_loss": 0.570502519607544,
      "val_macro_f1": 0.656820001680313,
      "val_verse_f1": 0.7541610866653912,
      "val_chorus_f1": 0.5594789166952349,
      "val_chorus_rate": 0.41825269162654877,
      "val_max_prob": 0.5780602693557739,
      "val_conf_over_90": 0.0,
      "val_conf_over_95": 0.0,
      "learning_rate": 0.0007424500618976366,
      "epoch_time": 52.40908598899841,
      "val_boundary_f1": 0.24168514412416853,
      "val_boundary_precision": 0.2280334728033473,
      "val_boundary_recall": 0.25707547169811323,
      "val_complete_segments": 0.09782006480044655,
      "val_avg_segment_overlap": 0.46579216750849417,
      "val_verse_to_chorus_acc": 0.19911504424778761,
      "val_chorus_to_verse_acc": 0.2676767676767677,
      "val_window_diff": 0.4285578822370804,
      "val_pk_metric": 0.36376497470157304
    },
    {
      "epoch": 5,
      "train_loss": 0.5196191087365151,
      "train_chorus_rate": 0.43117041140794754,
      "train_max_prob": 0.6458289623260498,
      "train_conf_over_90": 0.00499992266704794,
      "train_conf_over_95": 0.0,
      "val_loss": 0.5211392939090729,
      "val_macro_f1": 0.7090572018490608,
      "val_verse_f1": 0.7900096061479347,
      "val_chorus_f1": 0.6281047975501871,
      "val_chorus_rate": 0.4229607656598091,
      "val_max_prob": 0.6678690165281296,
      "val_conf_over_90": 0.004421715741045773,
      "val_conf_over_95": 0.0,
      "learning_rate": 0.000667319992341774,
      "epoch_time": 51.36127996444702,
      "val_boundary_f1": 0.31436837029893927,
      "val_boundary_precision": 0.265905383360522,
      "val_boundary_recall": 0.38443396226415094,
      "val_complete_segments": 0.1477312166734224,
      "val_avg_segment_overlap": 0.6002292624534915,
      "val_verse_to_chorus_acc": 0.27876106194690264,
      "val_chorus_to_verse_acc": 0.4494949494949495,
      "val_window_diff": 0.4283312691979907,
      "val_pk_metric": 0.32834224352532276
    },
    {
      "epoch": 6,
      "train_loss": 0.5055073156952858,
      "train_chorus_rate": 0.37105090767145155,
      "train_max_prob": 0.6662612587213517,
      "train_conf_over_90": 0.010948192470823414,
      "train_conf_over_95": 9.931722888723016e-05,
      "val_loss": 0.5202345326542854,
      "val_macro_f1": 0.6520702813870827,
      "val_verse_f1": 0.7081218274111676,
      "val_chorus_f1": 0.5960187353629977,
      "val_chorus_rate": 0.5393979847431183,
      "val_max_prob": 0.6591142266988754,
      "val_conf_over_90": 0.008693415380548686,
      "val_conf_over_95": 0.0,
      "learning_rate": 0.0005824827957781113,
      "epoch_time": 45.67729091644287,
      "val_boundary_f1": 0.188212927756654,
      "val_boundary_precision": 0.15764331210191082,
      "val_boundary_recall": 0.23349056603773585,
      "val_complete_segments": 0.07913945607476891,
      "val_avg_segment_overlap": 0.5174381660663787,
      "val_verse_to_chorus_acc": 0.17256637168141592,
      "val_chorus_to_verse_acc": 0.2676767676767677,
      "val_window_diff": 0.5172371754322675,
      "val_pk_metric": 0.4073367741393925
    },
    {
      "epoch": 7,