{
  "metadata": {
    "model_info": {
      "hidden_dim": 256,
      "num_layers": 2,
      "dropout": 0.19042694975494576,
      "layer_dropout": 0.20513400970173437,
      "attention_enabled": true,
      "attention_heads": 4,
      "attention_dropout": 0.17704429127251925,
      "attention_dim": 256,
      "positional_encoding": true,
      "max_seq_length": 1000,
      "total_params": 2764291,
      "lstm_params": 2203648,
      "attention_params": 559617,
      "classifier_params": 1026
    },
    "training_info": {
      "batch_size": 32,
      "learning_rate": 0.0009623753550721938,
      "scheduler": "cosine",
      "label_smoothing": 0.0,
      "weighted_sampling": true,
      "total_epochs": 15,
      "validation_strategy": "composite",
      "weight_decay": 0.009210571761454149,
      "gradient_clip_norm": 0.3661192056878284,
      "max_epochs": 15,
      "patience": 4
    },
    "calibration_info": {
      "temperature": {
        "ece_before": 0.1402145421867989,
        "ece_after": 0.024143179633411324,
        "improvement": 0.11607136255338758,
        "params": {
          "temperature": 0.4490796110635013
        }
      },
      "platt": {
        "ece_before": 0.1402145421867989,
        "ece_after": 0.14021463061304132,
        "improvement": -8.842624241167663e-08,
        "params": {
          "A": 0.9999996905404599,
          "B": 0.0
        }
      }
    }
  },
  "metrics": [
    {
      "epoch": 1,
      "train_loss": 0.6161685049533844,
      "train_chorus_rate": 0.46105138838174753,
      "train_max_prob": 0.590644484758377,
      "train_conf_over_90": 0.02177121788263321,
      "train_conf_over_95": 0.0,
      "val_loss": 0.5937831550836563,
      "val_macro_f1": 0.4899297303833543,
      "val_verse_f1": 0.48905289052890527,
      "val_chorus_f1": 0.4908065702378034,
      "val_chorus_rate": 0.7022365778684616,
      "val_max_prob": 0.5347567945718765,
      "val_conf_over_90": 0.0,
      "val_conf_over_95": 0.0,
      "learning_rate": 0.0009518711760203353,
      "epoch_time": 84.20870280265808,
      "val_boundary_f1": 0.08424908424908424,
      "val_boundary_precision": 0.1885245901639344,
      "val_boundary_recall": 0.054245283018867926,
      "val_complete_segments": 0.02883621577948195,
      "val_avg_segment_overlap": 0.21668488228636695,
      "val_verse_to_chorus_acc": 0.05752212389380531,
      "val_chorus_to_verse_acc": 0.0,
      "val_window_diff": 0.42831240417117433,
      "val_pk_metric": 0.43662350960112273
    },
    {
      "epoch": 2,
      "train_loss": 0.5660259753465653,
      "train_chorus_rate": 0.5393593764165416,
      "train_max_prob": 0.5570503830909729,
      "train_conf_over_90": 0.0,
      "train_conf_over_95": 0.0,
      "val_loss": 0.5991633981466293,
      "val_macro_f1": 0.5341325398883086,
      "val_verse_f1": 0.6356120185521275,
      "val_chorus_f1": 0.43265306122448977,
      "val_chorus_rate": 0.48252590745687485,
      "val_max_prob": 0.5677173584699631,
      "val_conf_over_90": 0.0,
      "val_conf_over_95": 0.0,
      "learning_rate": 0.0009208177218939694,
      "epoch_time": 73.41773796081543,
      "val_boundary_f1": 0.0736842105263158,
      "val_boundary_precision": 0.14383561643835616,
      "val_boundary_recall": 0.049528301886792456,
      "val_complete_segments": 0.012481114655027698,
      "val_avg_segment_overlap": 0.21661311634746117,
      "val_verse_to_chorus_acc": 0.048672566371681415,
      "val_chorus_to_verse_acc": 0.015151515151515152,
      "val_window_diff": 0.45733573049295406,
      "val_pk_metric": 0.46906769520189096
    },
    {
      "epoch": 3,
      "train_loss": 0.5719949454069138,
      "train_chorus_rate": 0.5331747404765338,
      "train_max_prob": 0.5865194886922837,
      "train_conf_over_90": 0.0,
      "train_conf_over_95": 0.0,
      "val_loss": 0.5843795835971832,
      "val_macro_f1": 0.433362453741178,
      "val_verse_f1": 0.36837725381414704,
      "val_chorus_f1": 0.4983476536682089,
      "val_chorus_rate": 0.8153469562530518,
      "val_max_prob": 0.5736249834299088,
      "val_conf_over_90": 0.0,
      "val_conf_over_95": 0.0,
      "learning_rate": 0.0008705721776494239,
      "epoch_time": 50.8792290687561,
      "val_boundary_f1": 0.06908462867012091,
      "val_boundary_precision": 0.12903225806451613,
      "val_boundary_recall": 0.04716981132075472,
      "val_complete_segments": 0.029151670986241503,
      "val_avg_segment_overlap": 0.19912313985973956,
      "val_verse_to_chorus_acc": 0.06637168141592921,
      "val_chorus_to_verse_acc": 0.005050505050505051,
      "val_window_diff": 0.4082067246745668,
      "val_pk_metric": 0.40004222043858884
    },
    {
      "epoch": 4,
      "train_loss": 0.5662246987223625,
      "train_chorus_rate": 0.40645726965740325,
      "train_max_prob": 0.6159844547510147,
      "train_conf_over_90": 0.001431440480519086,
      "train_conf_over_95": 0.0,
      "val_loss": 0.5599378049373627,
      "val_macro_f1": 0.6951838000522645,
      "val_verse_f1": 0.7950425453200147,
      "val_chorus_f1": 0.5953250547845143,
      "val_chorus_rate": 0.3748544678092003,
      "val_max_prob": 0.5773892402648926,
      "val_conf_over_90": 0.0,
      "val_conf_over_95": 0.0,
      "learning_rate": 0.0008033305146750567,
      "epoch_time": 58.26055407524109,
      "val_boundary_f1": 0.31898238747553814,
      "val_boundary_precision": 0.2725752508361204,
      "val_boundary_recall": 0.38443396226415094,
      "val_complete_segments": 0.18154246694808732,
      "val_avg_segment_overlap": 0.5710651809815184,
      "val_verse_to_chorus_acc": 0.3053097345132743,
      "val_chorus_to_verse_acc": 0.3838383838383838,
      "val_window_diff": 0.420287418309955,
      "val_pk_metric": 0.32140429705989043
    },
    {
      "epoch": 5,
      "train_loss": 0.5251720786094666,
      "train_chorus_rate": 0.4512912891805172,
      "train_max_prob": 0.6461367934942246,
      "train_conf_over_90": 0.003918616593000479,
      "train_conf_over_95": 0.0,
      "val_loss": 0.5344154015183449,
      "val_macro_f1": 0.7400014844674452,
      "val_verse_f1": 0.8371178258537457,
      "val_chorus_f1": 0.6428851430811446,
      "val_chorus_rate": 0.3275783509016037,
      "val_max_prob": 0.6595182567834854,
      "val_conf_over_90": 0.0,
      "val_conf_over_95": 0.0,
      "learning_rate": 0.0007220315163041453,
      "epoch_time": 57.76639008522034,
      "val_boundary_f1": 0.36194029850746273,
      "val_boundary_precision": 0.2993827160493827,
      "val_boundary_recall": 0.45754716981132076,
      "val_complete_segments": 0.2400892029736144,
      "val_avg_segment_overlap": 0.6345614178851224,
      "val_verse_to_chorus_acc": 0.415929203539823,
      "val_chorus_to_verse_acc": 0.41919191919191917,
      "val_window_diff": 0.3634201872085464,
      "val_pk_metric": 0.26333255595627697
    },
    {
      "epoch": 6,
      "train_loss": 0.5153299480676651,
      "train_chorus_rate": 0.4094646990299225,
      "train_max_prob": 0.6533321529626847,
      "train_conf_over_90": 0.004301701721851714,
      "train_conf_over_95": 6.4184854272753e-05,
      "val_loss": 0.5145166143774986,
      "val_macro_f1": 0.6812760358195176,
      "val_verse_f1": 0.7437371663244352,
      "val_chorus_f1": 0.6188149053145999,
      "val_chorus_rate": 0.5046041682362556,
      "val_max_prob": 0.7089567631483078,
      "val_conf_over_90": 0.011279796191956848,
      "val_conf_over_95": 0.0,
      "learning_rate": 0.0006302283388813755,
      "epoch_time": 51.754953145980835,
      "val_boundary_f1": 0.28014842300556586,
      "val_boundary_precision": 0.2308868501529052,
      "val_boundary_recall": 0.3561320754716981,
      "val_complete_segments": 0.15102995928817772,
      "val_avg_segment_overlap": 0.5764735313867331,
      "val_verse_to_chorus_acc": 0.2743362831858407,
      "val_chorus_to_verse_acc": 0.37373737373737376,
      "val_window_diff": 0.4865824777740603,
      "val_pk_metric": 0.35736400030452253
    },
    {
      "epoch": 7,