{
  "trial_number": 50,
  "timestamp": 1756164579.2168791,
  "boundary_f1": 0.43628950050968407,
  "line_f1": 0.7673897877296825,
  "macro_f1": 0.7673897877296825,
  "verse_f1": 0.8636442591627583,
  "chorus_f1": 0.6711353162966066,
  "windowdiff": 0.3057301377530897,
  "pk": 0.22481746923238824,
  "val_loss": 0.5212688744068146,
  "val_accuracy": 0.0,
  "weighted_f1": 0.0,
  "training_time": 1051.3582620620728,
  "training_time_minutes": 17.522637701034547,
  "total_params": 0,
  "actual_epochs": 15,
  "config_summary": {
    "attention_enabled": true,
    "hidden_dim": 256,
    "num_layers": 2,
    "max_epochs": 15,
    "batch_size": 32,
    "learning_rate": 0.0008721397985287395,
    "boundary_weight": 2.165475993935599,
    "label_smoothing": 0.20332186867071383
  },
  "validation_strategy": "boundary_f1",
  "all_metrics": {
    "loss": 0.5212688744068146,
    "chorus_rate": 0.2870084308087826,
    "max_prob_mean": 0.6589355021715164,
    "confidence_over_90": 0.0,
    "confidence_over_95": 0.0,
    "verse_f1": 0.8636442591627583,
    "chorus_f1": 0.6711353162966066,
    "macro_f1": 0.7673897877296825,
    "boundary_f1": 0.43628950050968407,
    "boundary_precision": 0.38420107719928187,
    "boundary_recall": 0.5047169811320755,
    "complete_segments": 0.30865008509494196,
    "avg_segment_overlap": 0.6702202576757285,
    "verse_to_chorus_acc": 0.42920353982300885,
    "chorus_to_verse_acc": 0.51010101010101,
    "window_diff": 0.3057301377530897,
    "pk_metric": 0.22481746923238824
  },
  "parameters": {
    "hidden_dim": 256,
    "num_layers": 2,
    "dropout": 0.172402491199137,
    "layer_dropout": 0.24803162539555432,
    "attention_enabled": true,
    "attention_heads": 8,
    "attention_dropout": 0.13003509272023295,
    "max_epochs": 15,
    "batch_size": 32,
    "learning_rate": 0.0008721397985287395,
    "weight_decay": 0.016705565500548785,
    "scheduler": "cosine",
    "min_delta": 0.00035401770546619906,
    "gradient_clip_norm": 0.42357560715593423,
    "validation_strategy": "boundary_f1",
    "head_tail_words": 4,
    "boundary_weight": 2.165475993935599,
    "label_smoothing": 0.20332186867071383,
    "segment_consistency_lambda": 0.020909812363167045,
    "conf_penalty_lambda": 0.011245460609105,
    "conf_threshold": 0.9454709343823877,
    "entropy_lambda": 0.035812322939430735,
    "max_confidence_threshold": 0.9307891828808226,
    "min_chorus_rate": 0.07930051778483138,
    "max_chorus_rate": 0.8278053154217841,
    "max_conf_over_95_ratio": 0.19255651904545698,
    "head_ssm_enabled": true,
    "tail_ssm_enabled": false,
    "phonetic_ssm_enabled": true,
    "pos_ssm_enabled": false,
    "string_ssm_enabled": false,
    "syllable_pattern_ssm_enabled": true,
    "line_syllable_ssm_enabled": true,
    "word2vec_enabled": false,
    "contextual_enabled": false,
    "phonetic_mode": "rhyme",
    "phonetic_similarity_method": "binary",
    "phonetic_normalize": false,
    "phonetic_normalize_method": "zscore",
    "phonetic_high_sim_threshold": 0.34897154887702075,
    "pos_tagset": "universal",
    "pos_similarity_method": "position",
    "pos_high_sim_threshold": 0.31006210866285333,
    "string_case_sensitive": true,
    "string_remove_punctuation": true,
    "string_similarity_threshold": 0.054409867120248534,
    "string_similarity_method": "word_overlap",
    "syllable_pattern_similarity_method": "levenshtein",
    "syllable_pattern_levenshtein_weight": 0.6726093511674219,
    "syllable_pattern_cosine_weight": 0.23067015417114878,
    "syllable_pattern_normalize": false,
    "syllable_pattern_normalize_method": "minmax",
    "line_syllable_similarity_method": "cosine",
    "line_syllable_ratio_threshold": 0.10073096183699252,
    "line_syllable_normalize": false,
    "line_syllable_normalize_method": "minmax",
    "word2vec_mode": "complete",
    "word2vec_normalize": true,
    "word2vec_similarity_metric": "dot",
    "word2vec_high_sim_threshold": 0.7648866548460037,
    "contextual_mode": "complete",
    "contextual_normalize": false,
    "contextual_similarity_metric": "dot",
    "contextual_high_sim_threshold": 0.6713543668269483
  },
  "config": {
    "hidden_dim": 256,
    "num_layers": 2,
    "layer_dropout": 0.24803162539555432,
    "num_classes": 2,
    "dropout": 0.172402491199137,
    "attention_enabled": true,
    "attention_type": "boundary_aware",
    "attention_heads": 8,
    "attention_dropout": 0.13003509272023295,
    "attention_dim": 256,
    "positional_encoding": true,
    "max_seq_length": 1000,
    "window_size": 7,
    "boundary_temperature": 2.0,
    "batch_size": 32,
    "learning_rate": 0.0008721397985287395,
    "weight_decay": 0.016705565500548785,
    "max_epochs": 15,
    "patience": 4,
    "gradient_clip_norm": 0.42357560715593423,
    "scheduler": "cosine",
    "min_lr": 1e-06,
    "cosine_t_max": 15,
    "warmup_epochs": 5,
    "lr_factor": 0.5,
    "lr_patience": 10,
    "step_size": 30,
    "step_gamma": 0.5,
    "cosine_t0": 10,
    "cosine_t_mult": 2,
    "min_delta": 0.00035401770546619906,
    "train_file": "data/train.jsonl",
    "val_file": "data/val.jsonl",
    "test_file": "data/test.jsonl",
    "weighted_sampling": true,
    "emergency_monitoring_enabled": true,
    "max_confidence_threshold": 0.9307891828808226,
    "min_chorus_rate": 0.07930051778483138,
    "max_chorus_rate": 0.8278053154217841,
    "max_conf_over_95_ratio": 0.19255651904545698,
    "val_overconf_threshold": 0.96,
    "val_f1_collapse_threshold": 0.1,
    "loss": {
      "loss_type": "boundary_aware",
      "boundary_weight": 2.165475993935599,
      "label_smoothing": 0.20332186867071383,
      "segment_consistency_lambda": 0.020909812363167045,
      "conf_penalty_lambda": 0.011245460609105,
      "conf_threshold": 0.9454709343823877,
      "entropy_lambda": 0.035812322939430735
    },
    "calibration_enabled": true,
    "calibration_methods": [
      "temperature",
      "platt"
    ],
    "validation_strategy": "boundary_f1",
    "head_ssm_enabled": true,
    "head_ssm_words": 4,
    "head_ssm_dimension": 12,
    "tail_ssm_enabled": false,
    "tail_ssm_words": 4,
    "tail_ssm_dimension": 12,
    "phonetic_ssm_enabled": true,
    "phonetic_ssm_mode": "rhyme",
    "phonetic_ssm_dimension": 12,
    "phonetic_ssm_similarity_method": "binary",
    "phonetic_ssm_normalize": false,
    "phonetic_ssm_normalize_method": "zscore",
    "phonetic_ssm_high_sim_threshold": 0.34897154887702075,
    "pos_ssm_enabled": false,
    "pos_ssm_tagset": "universal",
    "pos_ssm_similarity_method": "position",
    "pos_ssm_high_sim_threshold": 0.31006210866285333,
    "pos_ssm_dimension": 12,
    "string_ssm_enabled": false,
    "string_ssm_case_sensitive": true,
    "string_ssm_remove_punctuation": true,
    "string_ssm_similarity_threshold": 0.054409867120248534,
    "string_ssm_similarity_method": "word_overlap",
    "string_ssm_dimension": 12,
    "syllable_pattern_ssm_enabled": true,
    "syllable_pattern_ssm_similarity_method": "levenshtein",
    "syllable_pattern_ssm_levenshtein_weight": 0.7446303687752905,
    "syllable_pattern_ssm_cosine_weight": 0.25536963122470946,
    "syllable_pattern_ssm_normalize": false,
    "syllable_pattern_ssm_normalize_method": "minmax",
    "syllable_pattern_ssm_dimension": 12,
    "line_syllable_ssm_enabled": true,
    "line_syllable_ssm_similarity_method": "cosine",
    "line_syllable_ssm_ratio_threshold": 0.10073096183699252,
    "line_syllable_ssm_normalize": false,
    "line_syllable_ssm_normalize_method": "minmax",
    "line_syllable_ssm_dimension": 12,
    "word2vec_enabled": false,
    "word2vec_model": "word2vec-google-news-300",
    "word2vec_mode": "complete",
    "word2vec_normalize": true,
    "word2vec_similarity_metric": "dot",
    "word2vec_high_sim_threshold": 0.7648866548460037,
    "contextual_enabled": false,
    "contextual_model": "all-MiniLM-L6-v2",
    "contextual_mode": "complete",
    "contextual_normalize": false,