{
  "metadata": {
    "model_info": {
      "hidden_dim": 256,
      "num_layers": 2,
      "dropout": 0.172402491199137,
      "layer_dropout": 0.24803162539555432,
      "attention_enabled": true,
      "attention_heads": 8,
      "attention_dropout": 0.13003509272023295,
      "attention_dim": 256,
      "positional_encoding": true,
      "max_seq_length": 1000,
      "total_params": 2764291,
      "lstm_params": 2203648,
      "attention_params": 559617,
      "classifier_params": 1026
    },
    "training_info": {
      "batch_size": 32,
      "learning_rate": 0.0008721397985287395,
      "scheduler": "cosine",
      "label_smoothing": 0.0,
      "weighted_sampling": true,
      "total_epochs": 15,
      "validation_strategy": "boundary_f1",
      "weight_decay": 0.016705565500548785,
      "gradient_clip_norm": 0.42357560715593423,
      "max_epochs": 15,
      "patience": 4
    },
    "calibration_info": {
      "temperature": {
        "ece_before": 0.14830338407476193,
        "ece_after": 0.020942723557850703,
        "improvement": 0.12736066051691122,
        "params": {
          "temperature": 0.4251008654994718
        }
      },
      "platt": {
        "ece_before": 0.14830338407476193,
        "ece_after": 0.042236941165797584,
        "improvement": 0.10606644290896435,
        "params": {
          "A": 1.93703884412917,
          "B": 0.0
        }
      }
    }
  },
  "metrics": [
    {
      "epoch": 1,
      "train_loss": 0.614844673871994,
      "train_chorus_rate": 0.43096468825242484,
      "train_max_prob": 0.5900099605321885,
      "train_conf_over_90": 0.010701107233762741,
      "train_conf_over_95": 0.0,
      "val_loss": 0.5920369178056717,
      "val_macro_f1": 0.5557002031214486,
      "val_verse_f1": 0.6393883033684645,
      "val_chorus_f1": 0.4720121028744327,
      "val_chorus_rate": 0.5131653323769569,
      "val_max_prob": 0.5410656780004501,
      "val_conf_over_90": 0.0,
      "val_conf_over_95": 0.0,
      "learning_rate": 0.0008626215511816785,
      "epoch_time": 70.77649688720703,
      "val_boundary_f1": 0.06568144499178984,
      "val_boundary_precision": 0.10810810810810811,
      "val_boundary_recall": 0.04716981132075472,
      "val_complete_segments": 0.05607976746629981,
      "val_avg_segment_overlap": 0.26118450055204123,
      "val_verse_to_chorus_acc": 0.03982300884955752,
      "val_chorus_to_verse_acc": 0.020202020202020204,
      "val_window_diff": 0.3744186912082265,
      "val_pk_metric": 0.3609532837629752
    },
    {
      "epoch": 2,
      "train_loss": 0.5648652508854866,
      "train_chorus_rate": 0.5444864762481302,
      "train_max_prob": 0.5836502611637115,
      "train_conf_over_90": 0.0,
      "train_conf_over_95": 0.0,
      "val_loss": 0.6041757315397263,
      "val_macro_f1": 0.4961289308491604,
      "val_verse_f1": 0.8021390374331551,
      "val_chorus_f1": 0.19011882426516571,
      "val_chorus_rate": 0.09269676730036736,
      "val_max_prob": 0.561440497636795,
      "val_conf_over_90": 0.0,
      "val_conf_over_95": 0.0,
      "learning_rate": 0.0008344828022231799,
      "epoch_time": 58.34705185890198,
      "val_boundary_f1": 0.05439330543933055,
      "val_boundary_precision": 0.24074074074074073,
      "val_boundary_recall": 0.030660377358490566,
      "val_complete_segments": 0.060683185457840814,
      "val_avg_segment_overlap": 0.1982292008635672,
      "val_verse_to_chorus_acc": 0.02654867256637168,
      "val_chorus_to_verse_acc": 0.030303030303030304,
      "val_window_diff": 0.28411622368357103,
      "val_pk_metric": 0.28656591039363405
    },
    {
      "epoch": 3,
      "train_loss": 0.5764258563518524,
      "train_chorus_rate": 0.5456693643936887,
      "train_max_prob": 0.5765166312456131,
      "train_conf_over_90": 0.0,
      "train_conf_over_95": 0.0,
      "val_loss": 0.6018286347389221,
      "val_macro_f1": 0.5531905570043684,
      "val_verse_f1": 0.8027103687362117,
      "val_chorus_f1": 0.303670745272525,
      "val_chorus_rate": 0.1413486786186695,
      "val_max_prob": 0.5523778647184372,
      "val_conf_over_90": 0.0,
      "val_conf_over_95": 0.0,
      "learning_rate": 0.0007889533500074288,
      "epoch_time": 40.92368412017822,
      "val_boundary_f1": 0.11724137931034483,
      "val_boundary_precision": 0.21794871794871795,
      "val_boundary_recall": 0.08018867924528301,
      "val_complete_segments": 0.06435113912579449,
      "val_avg_segment_overlap": 0.2478143369011016,
      "val_verse_to_chorus_acc": 0.09292035398230089,
      "val_chorus_to_verse_acc": 0.05555555555555555,
      "val_window_diff": 0.3206118667135527,
      "val_pk_metric": 0.30036770470595864
    },
    {
      "epoch": 4,
      "train_loss": 0.5614431202411652,
      "train_chorus_rate": 0.5467512264847756,
      "train_max_prob": 0.5698325067758561,
      "train_conf_over_90": 0.0,
      "train_conf_over_95": 0.0,
      "val_loss": 0.5805231332778931,
      "val_macro_f1": 0.49187672140607563,
      "val_verse_f1": 0.4887571040276748,
      "val_chorus_f1": 0.4949963387844765,
      "val_chorus_rate": 0.7091745287179947,
      "val_max_prob": 0.5780572891235352,
      "val_conf_over_90": 0.0,
      "val_conf_over_95": 0.0,
      "learning_rate": 0.0007280230500708042,
      "epoch_time": 48.81914806365967,
      "val_boundary_f1": 0.04173354735152489,
      "val_boundary_precision": 0.06532663316582915,
      "val_boundary_recall": 0.030660377358490566,
      "val_complete_segments": 0.02878245993304318,
      "val_avg_segment_overlap": 0.21485715793078025,
      "val_verse_to_chorus_acc": 0.030973451327433628,
      "val_chorus_to_verse_acc": 0.030303030303030304,
      "val_window_diff": 0.43013354959950123,
      "val_pk_metric": 0.41536226307240587
    },
    {
      "epoch": 5,
      "train_loss": 0.5457643732428551,
      "train_chorus_rate": 0.45546508580446243,
      "train_max_prob": 0.6167730510234832,
      "train_conf_over_90": 9.920856100507081e-05,
      "train_conf_over_95": 0.0,
      "val_loss": 0.5439208298921585,
      "val_macro_f1": 0.6066029160917072,
      "val_verse_f1": 0.6504639858594785,
      "val_chorus_f1": 0.5627418463239359,
      "val_chorus_rate": 0.5889505967497826,
      "val_max_prob": 0.6412138491868973,
      "val_conf_over_90": 0.0,
      "val_conf_over_95": 0.0,
      "learning_rate": 0.0006543548488965546,
      "epoch_time": 47.32670712471008,
      "val_boundary_f1": 0.17710583153347734,
      "val_boundary_precision": 0.16334661354581673,
      "val_boundary_recall": 0.19339622641509435,
      "val_complete_segments": 0.06126974004757674,
      "val_avg_segment_overlap": 0.4446545382074636,
      "val_verse_to_chorus_acc": 0.15486725663716813,
      "val_chorus_to_verse_acc": 0.18181818181818182,
      "val_window_diff": 0.49346550573235437,
      "val_pk_metric": 0.4085542032757948
    },
    {
      "epoch": 6,
      "train_loss": 0.5254770904779434,
      "train_chorus_rate": 0.4166856311261654,
      "train_max_prob": 0.6422950178384781,
      "train_conf_over_90": 0.005310158277279697,
      "train_conf_over_95": 3.20924271363765e-05,
      "val_loss": 0.5338734984397888,
      "val_macro_f1": 0.6432814224912007,
      "val_verse_f1": 0.6998728274692666,
      "val_chorus_f1": 0.5866900175131349,
      "val_chorus_rate": 0.542059138417244,
      "val_max_prob": 0.6751876622438431,
      "val_conf_over_90": 0.01389581395778805,
      "val_conf_over_95": 0.0,
      "learning_rate": 0.000571168400375244,
      "epoch_time": 40.70424675941467,
      "val_boundary_f1": 0.18811881188118812,
      "val_boundary_precision": 0.1621160409556314,
      "val_boundary_recall": 0.2240566037735849,
      "val_complete_segments": 0.06621449316306156,
      "val_avg_segment_overlap": 0.4967148714962314,
      "val_verse_to_chorus_acc": 0.168141592920354,
      "val_chorus_to_verse_acc": 0.24242424242424243,
      "val_window_diff": 0.5018090751789843,