{
  "trial_number": 66,
  "timestamp": 1756187782.014884,
  "boundary_f1": 0.35483870967741943,
  "line_f1": 0.734553913820208,
  "macro_f1": 0.734553913820208,
  "verse_f1": 0.8203414996288048,
  "chorus_f1": 0.648766328011611,
  "windowdiff": 0.44462789374317124,
  "pk": 0.3167818956120999,
  "val_loss": 0.5061316192150116,
  "val_accuracy": 0.0,
  "weighted_f1": 0.0,
  "training_time": 2112.445826768875,
  "training_time_minutes": 35.20743044614792,
  "total_params": 0,
  "actual_epochs": 15,
  "config_summary": {
    "attention_enabled": false,
    "hidden_dim": 256,
    "num_layers": 2,
    "max_epochs": 15,
    "batch_size": 32,
    "learning_rate": 0.000910926575990696,
    "boundary_weight": 2.169919965733064,
    "label_smoothing": 0.1727075152628785
  },
  "validation_strategy": "boundary_f1",
  "all_metrics": {
    "loss": 0.5061316192150116,
    "chorus_rate": 0.3782512694597244,
    "max_prob_mean": 0.6837706714868546,
    "confidence_over_90": 0.00981885869987309,
    "confidence_over_95": 0.0,
    "verse_f1": 0.8203414996288048,
    "chorus_f1": 0.648766328011611,
    "macro_f1": 0.734553913820208,
    "boundary_f1": 0.35483870967741943,
    "boundary_precision": 0.2968253968253968,
    "boundary_recall": 0.4410377358490566,
    "complete_segments": 0.22690286484029853,
    "avg_segment_overlap": 0.6305710255533571,
    "verse_to_chorus_acc": 0.3805309734513274,
    "chorus_to_verse_acc": 0.45454545454545453,
    "window_diff": 0.44462789374317124,
    "pk_metric": 0.3167818956120999
  },
  "parameters": {
    "hidden_dim": 256,
    "num_layers": 2,
    "dropout": 0.1898475275424849,
    "layer_dropout": 0.24690134529224103,
    "attention_enabled": false,
    "max_epochs": 15,
    "batch_size": 32,
    "learning_rate": 0.000910926575990696,
    "weight_decay": 0.015594662510007058,
    "scheduler": "cosine",
    "min_delta": 0.00045018602435440536,
    "gradient_clip_norm": 0.33715835697441765,
    "validation_strategy": "boundary_f1",
    "head_tail_words": 4,
    "boundary_weight": 2.169919965733064,
    "label_smoothing": 0.1727075152628785,
    "segment_consistency_lambda": 0.02644661329360176,
    "conf_penalty_lambda": 0.011039234042614109,
    "conf_threshold": 0.9476389266565808,
    "entropy_lambda": 0.037694622475574216,
    "max_confidence_threshold": 0.919588486855231,
    "min_chorus_rate": 0.09348890924246835,
    "max_chorus_rate": 0.7922125279451016,
    "max_conf_over_95_ratio": 0.18307435907663241,
    "head_ssm_enabled": true,
    "tail_ssm_enabled": false,
    "phonetic_ssm_enabled": true,
    "pos_ssm_enabled": true,
    "string_ssm_enabled": false,
    "syllable_pattern_ssm_enabled": true,
    "line_syllable_ssm_enabled": false,
    "word2vec_enabled": false,
    "contextual_enabled": true,
    "phonetic_mode": "rhyme",
    "phonetic_similarity_method": "binary",
    "phonetic_normalize": false,
    "phonetic_normalize_method": "zscore",
    "phonetic_high_sim_threshold": 0.33319681656542965,
    "pos_tagset": "universal",
    "pos_similarity_method": "position",
    "pos_high_sim_threshold": 0.28204844024657477,
    "string_case_sensitive": true,
    "string_remove_punctuation": true,
    "string_similarity_threshold": 0.04682501571404363,
    "string_similarity_method": "word_overlap",
    "syllable_pattern_similarity_method": "levenshtein",
    "syllable_pattern_levenshtein_weight": 0.6543484583581647,
    "syllable_pattern_cosine_weight": 0.21834251938685795,
    "syllable_pattern_normalize": false,
    "syllable_pattern_normalize_method": "minmax",
    "line_syllable_similarity_method": "cosine",
    "line_syllable_ratio_threshold": 0.10656891381695606,
    "line_syllable_normalize": true,
    "line_syllable_normalize_method": "minmax",
    "word2vec_mode": "summary",
    "word2vec_normalize": true,
    "word2vec_similarity_metric": "cosine",
    "word2vec_high_sim_threshold": 0.7795900432819173,
    "contextual_mode": "complete",
    "contextual_normalize": false,
    "contextual_similarity_metric": "dot",
    "contextual_high_sim_threshold": 0.6644013613208284
  },
  "config": {
    "hidden_dim": 256,
    "num_layers": 2,
    "layer_dropout": 0.24690134529224103,
    "num_classes": 2,
    "dropout": 0.1898475275424849,
    "attention_enabled": false,
    "attention_type": null,
    "attention_heads": 1,
    "attention_dropout": 0.0,
    "attention_dim": 256,
    "positional_encoding": false,
    "max_seq_length": 1000,
    "window_size": 7,
    "boundary_temperature": 2.0,
    "batch_size": 32,
    "learning_rate": 0.000910926575990696,
    "weight_decay": 0.015594662510007058,
    "max_epochs": 15,
    "patience": 4,
    "gradient_clip_norm": 0.33715835697441765,
    "scheduler": "cosine",
    "min_lr": 1e-06,
    "cosine_t_max": 15,
    "warmup_epochs": 5,
    "lr_factor": 0.5,
    "lr_patience": 10,
    "step_size": 30,
    "step_gamma": 0.5,
    "cosine_t0": 10,
    "cosine_t_mult": 2,
    "min_delta": 0.00045018602435440536,
    "train_file": "data/train.jsonl",
    "val_file": "data/val.jsonl",
    "test_file": "data/test.jsonl",
    "weighted_sampling": true,
    "emergency_monitoring_enabled": true,
    "max_confidence_threshold": 0.919588486855231,
    "min_chorus_rate": 0.09348890924246835,
    "max_chorus_rate": 0.7922125279451016,
    "max_conf_over_95_ratio": 0.18307435907663241,
    "val_overconf_threshold": 0.96,
    "val_f1_collapse_threshold": 0.1,
    "loss": {
      "loss_type": "boundary_aware",
      "boundary_weight": 2.169919965733064,
      "label_smoothing": 0.1727075152628785,
      "segment_consistency_lambda": 0.02644661329360176,
      "conf_penalty_lambda": 0.011039234042614109,
      "conf_threshold": 0.9476389266565808,
      "entropy_lambda": 0.037694622475574216
    },
    "calibration_enabled": true,
    "calibration_methods": [
      "temperature",
      "platt"
    ],
    "validation_strategy": "boundary_f1",
    "head_ssm_enabled": true,
    "head_ssm_words": 4,
    "head_ssm_dimension": 12,
    "tail_ssm_enabled": false,
    "tail_ssm_words": 4,
    "tail_ssm_dimension": 12,
    "phonetic_ssm_enabled": true,
    "phonetic_ssm_mode": "rhyme",
    "phonetic_ssm_dimension": 12,
    "phonetic_ssm_similarity_method": "binary",
    "phonetic_ssm_normalize": false,
    "phonetic_ssm_normalize_method": "zscore",
    "phonetic_ssm_high_sim_threshold": 0.33319681656542965,
    "pos_ssm_enabled": true,
    "pos_ssm_tagset": "universal",
    "pos_ssm_similarity_method": "position",
    "pos_ssm_high_sim_threshold": 0.28204844024657477,
    "pos_ssm_dimension": 12,
    "string_ssm_enabled": false,
    "string_ssm_case_sensitive": true,
    "string_ssm_remove_punctuation": true,
    "string_ssm_similarity_threshold": 0.04682501571404363,
    "string_ssm_similarity_method": "word_overlap",
    "string_ssm_dimension": 12,
    "syllable_pattern_ssm_enabled": true,
    "syllable_pattern_ssm_similarity_method": "levenshtein",
    "syllable_pattern_ssm_levenshtein_weight": 0.7498054581118266,
    "syllable_pattern_ssm_cosine_weight": 0.25019454188817325,
    "syllable_pattern_ssm_normalize": false,
    "syllable_pattern_ssm_normalize_method": "minmax",
    "syllable_pattern_ssm_dimension": 12,
    "line_syllable_ssm_enabled": false,
    "line_syllable_ssm_similarity_method": "cosine",
    "line_syllable_ssm_ratio_threshold": 0.10656891381695606,
    "line_syllable_ssm_normalize": true,
    "line_syllable_ssm_normalize_method": "minmax",
    "line_syllable_ssm_dimension": 12,
    "word2vec_enabled": false,
    "word2vec_model": "word2vec-google-news-300",
    "word2vec_mode": "summary",
    "word2vec_normalize": true,
    "word2vec_similarity_metric": "cosine",
    "word2vec_high_sim_threshold": 0.7795900432819173,
    "contextual_enabled": true,
    "contextual_model": "all-MiniLM-L6-v2",
    "contextual_mode": "complete",
    "contextual_normalize": false,
    "contextual_similarity_metric": "dot",
    "contextual_high_sim_threshold": 0.6644013613208284
  }
}