{
  "metadata": {
    "model_info": {
      "hidden_dim": 256,
      "num_layers": 2,
      "dropout": 0.1898475275424849,
      "layer_dropout": 0.24690134529224103,
      "attention_enabled": false,
      "attention_heads": 1,
      "attention_dropout": 0.0,
      "attention_dim": 256,
      "positional_encoding": false,
      "max_seq_length": 1000,
      "total_params": 2991106,
      "lstm_params": 2990080,
      "attention_params": 0,
      "classifier_params": 1026
    },
    "training_info": {
      "batch_size": 32,
      "learning_rate": 0.000910926575990696,
      "scheduler": "cosine",
      "label_smoothing": 0.0,
      "weighted_sampling": true,
      "total_epochs": 14,
      "validation_strategy": "boundary_f1",
      "weight_decay": 0.015594662510007058,
      "gradient_clip_norm": 0.33715835697441765,
      "max_epochs": 15,
      "patience": 4
    },
    "calibration_info": {
      "temperature": {
        "ece_before": 0.07839537436812238,
        "ece_after": 0.008520264624963811,
        "improvement": 0.06987510974315857,
        "params": {
          "temperature": 0.6128893373720464
        }
      },
      "platt": {
        "ece_before": 0.07839537436812238,
        "ece_after": 0.0916404418925405,
        "improvement": -0.01324506752441812,
        "params": {
          "A": 0.9999996370646613,
          "B": -0.08271976687298598
        }
      }
    }
  },
  "metrics": [
    {
      "epoch": 1,
      "train_loss": 0.5709782153367996,
      "train_chorus_rate": 0.46755634639412164,
      "train_max_prob": 0.550223883986473,
      "train_conf_over_90": 0.0,
      "train_conf_over_95": 0.0,
      "val_loss": 0.5912344753742218,
      "val_macro_f1": 0.4395239224349818,
      "val_verse_f1": 0.3854308235933678,
      "val_chorus_f1": 0.4936170212765958,
      "val_chorus_rate": 0.7980409264564514,
      "val_max_prob": 0.5546352416276932,
      "val_conf_over_90": 0.0,
      "val_conf_over_95": 0.0,
      "learning_rate": 0.0009009845365699611,
      "epoch_time": 145.4398808479309,
      "val_boundary_f1": 0.0784313725490196,
      "val_boundary_precision": 0.16058394160583941,
      "val_boundary_recall": 0.05188679245283019,
      "val_complete_segments": 0.028467004726283624,
      "val_avg_segment_overlap": 0.19471047911736405,
      "val_verse_to_chorus_acc": 0.0752212389380531,
      "val_chorus_to_verse_acc": 0.0,
      "val_window_diff": 0.4172380180547997,
      "val_pk_metric": 0.413918126960231
    },
    {
      "epoch": 2,
      "train_loss": 0.5550281167030334,
      "train_chorus_rate": 0.5413173589855432,
      "train_max_prob": 0.5749424755573272,
      "train_conf_over_90": 0.0,
      "train_conf_over_95": 0.0,
      "val_loss": 0.5894865691661835,
      "val_macro_f1": 0.5750943670150988,
      "val_verse_f1": 0.766260162601626,
      "val_chorus_f1": 0.3839285714285715,
      "val_chorus_rate": 0.2506563551723957,
      "val_max_prob": 0.546497642993927,
      "val_conf_over_90": 0.0,
      "val_conf_over_95": 0.0,
      "learning_rate": 0.0008715929331376405,
      "epoch_time": 166.75579071044922,
      "val_boundary_f1": 0.09763313609467457,
      "val_boundary_precision": 0.13095238095238096,
      "val_boundary_recall": 0.07783018867924528,
      "val_complete_segments": 0.016767081427738903,
      "val_avg_segment_overlap": 0.2747128961633932,
      "val_verse_to_chorus_acc": 0.07079646017699115,
      "val_chorus_to_verse_acc": 0.050505050505050504,
      "val_window_diff": 0.38207519524228095,
      "val_pk_metric": 0.36969279981251596
    },
    {
      "epoch": 3,
      "train_loss": 0.5473595052957535,
      "train_chorus_rate": 0.5172212932258844,
      "train_max_prob": 0.5924360960721969,
      "train_conf_over_90": 0.0,
      "train_conf_over_95": 0.0,
      "val_loss": 0.5962518751621246,
      "val_macro_f1": 0.5281782570313223,
      "val_verse_f1": 0.8001246300046736,
      "val_chorus_f1": 0.25623188405797104,
      "val_chorus_rate": 0.12435074895620346,
      "val_max_prob": 0.5841398984193802,
      "val_conf_over_90": 0.0,
      "val_conf_over_95": 0.0,
      "learning_rate": 0.000824036319800288,
      "epoch_time": 178.88719415664673,
      "val_boundary_f1": 0.10749185667752444,
      "val_boundary_precision": 0.1736842105263158,
      "val_boundary_recall": 0.07783018867924528,
      "val_complete_segments": 0.03476061844301505,
      "val_avg_segment_overlap": 0.24008562329554792,
      "val_verse_to_chorus_acc": 0.10176991150442478,
      "val_chorus_to_verse_acc": 0.030303030303030304,
      "val_window_diff": 0.3542551275646375,
      "val_pk_metric": 0.34788633010861436
    },
    {
      "epoch": 4,
      "train_loss": 0.5477732360363007,
      "train_chorus_rate": 0.48465698435902593,
      "train_max_prob": 0.5890076637268067,
      "train_conf_over_90": 0.0,
      "train_conf_over_95": 0.0,
      "val_loss": 0.567064642906189,
      "val_macro_f1": 0.5975501144913555,
      "val_verse_f1": 0.6578385305425032,
      "val_chorus_f1": 0.537261698440208,
      "val_chorus_rate": 0.5526840463280678,
      "val_max_prob": 0.5667330622673035,
      "val_conf_over_90": 0.0,
      "val_conf_over_95": 0.0,
      "learning_rate": 0.000760393148762695,
      "epoch_time": 138.38192200660706,
      "val_boundary_f1": 0.14795244385733156,
      "val_boundary_precision": 0.16816816816816818,
      "val_boundary_recall": 0.1320754716981132,
      "val_complete_segments": 0.054566739137258756,
      "val_avg_segment_overlap": 0.3336838239551321,
      "val_verse_to_chorus_acc": 0.11504424778761062,
      "val_chorus_to_verse_acc": 0.11616161616161616,
      "val_window_diff": 0.4334428922214652,
      "val_pk_metric": 0.3807774856149454
    },
    {
      "epoch": 5,
      "train_loss": 0.5430233970284462,
      "train_chorus_rate": 0.42205503582954407,
      "train_max_prob": 0.6167035698890686,
      "train_conf_over_90": 0.0,
      "train_conf_over_95": 0.0,
      "val_loss": 0.5489895641803741,
      "val_macro_f1": 0.6000893213514844,
      "val_verse_f1": 0.6252310536044363,
      "val_chorus_f1": 0.5749475890985325,
      "val_chorus_rate": 0.6388330012559891,
      "val_max_prob": 0.5881066620349884,
      "val_conf_over_90": 0.0,
      "val_conf_over_95": 0.0,
      "learning_rate": 0.000683444931993022,
      "epoch_time": 144.0821349620819,
      "val_boundary_f1": 0.1712403951701427,
      "val_boundary_precision": 0.1601642710472279,
      "val_boundary_recall": 0.18396226415094338,
      "val_complete_segments": 0.05596394758642903,
      "val_avg_segment_overlap": 0.41830529347095213,
      "val_verse_to_chorus_acc": 0.16371681415929204,
      "val_chorus_to_verse_acc": 0.17676767676767677,
      "val_window_diff": 0.4866925361836021,
      "val_pk_metric": 0.40444699454034705
    },
    {
      "epoch": 6,
      "train_loss": 0.5072294801473618,
      "train_chorus_rate": 0.41923908665776255,
      "train_max_prob": 0.6564210236072541,
      "train_conf_over_90": 0.010029851028230041,
      "train_conf_over_95": 3.0940593569539486e-05,
      "val_loss": 0.5184884145855904,
      "val_macro_f1": 0.6743542046408686,
      "val_verse_f1": 0.7336933942667222,
      "val_chorus_f1": 0.615015015015015,
      "val_chorus_rate": 0.5188738107681274,
      "val_max_prob": 0.6559414863586426,
      "val_conf_over_90": 0.002246150193968788,
      "val_conf_over_95": 0.0,
      "learning_rate": 0.0005965546758026141,
      "epoch_time": 129.54752779006958,
      "val_boundary_f1": 0.28378378378378377,
      "val_boundary_precision": 0.24019607843137256,
      "val_boundary_recall": 0.3466981132075472,
      "val_complete_segments": 0.1400389955930783,
      "val_avg_segment_overlap": 0.5723649773617181,
      "val_verse_to_chorus_acc": 0.3230088495575221,
      "val_chorus_to_verse_acc": 0.3333333333333333,
      "val_window_diff": 0.4688239986939766,
      "val_pk_metric": 0.35964680272411725
    },
    {
      "epoch": 7,
      "train_loss": 0.49601338505744935,