{
  "trial_number": 11,
  "trial_id": "cnn_trial_0011",
  "model_type": "CNN",
  "training_score": 0.6333632073138418,
  "optuna_objective": 0.42936802973977695,
  "validation_metrics": {
    "line_f1": 0.7729153106626205,
    "boundary_f1": 0.42936802973977695,
    "macro_f1": 0.7729153106626205,
    "verse_f1": 0.8378842848959327,
    "chorus_f1": 0.7079463364293085,
    "boundary_precision": 0.35429447852760737,
    "boundary_recall": 0.5448113207547169,
    "window_diff": 0.4212631686231392,
    "pk_metric": 0.29413273881728486,
    "confidence": 0.7302514910697937,
    "val_loss": 0.4796068072319031
  },
  "all_results": {
    "line_f1": 0.7729153106626205,
    "boundary_f1": 0.42936802973977695,
    "macro_f1": 0.7729153106626205,
    "verse_f1": 0.8378842848959327,
    "chorus_f1": 0.7079463364293085,
    "boundary_precision": 0.35429447852760737,
    "boundary_recall": 0.5448113207547169,
    "window_diff": 0.4212631686231392,
    "pk_metric": 0.29413273881728486,
    "confidence": 0.7302514910697937,
    "val_loss": 0.4796068072319031
  },
  "parameters": {
    "hidden_dim": 128,
    "num_layers": 2,
    "dropout": 0.2603275071986575,
    "layer_dropout": 0.10068662910594324,
    "cnn_kernel_sizes": "3,7,11",
    "cnn_dilation_rates": "1,2,4,8",
    "cnn_use_residual": true,
    "cnn_batch_multiplier": 1.0191188362376873,
    "attention_enabled": false,
    "max_epochs": 8,
    "batch_size": 64,
    "learning_rate": 0.0004046268582328232,
    "weight_decay": 0.005078856028721486,
    "scheduler": "cosine",
    "min_delta": 1.3903810387806494e-05,
    "gradient_clip_norm": 0.723407167787802,
    "validation_strategy": "cnn_composite",
    "boundary_weight": 2.3671553784997497,
    "label_smoothing": 0.1670775047467746,
    "segment_consistency_lambda": 0.01858390284790542,
    "conf_penalty_lambda": 0.0054893242440337605,
    "conf_threshold": 0.9495872615471743,
    "entropy_lambda": 0.03287642756814067,
    "max_confidence_threshold": 0.9189860989467217,
    "min_chorus_rate": 0.05836197387621,
    "max_chorus_rate": 0.8799388718975761,
    "max_conf_over_95_ratio": 0.06032257936070839,
    "head_ssm_enabled": false,
    "tail_ssm_enabled": true,
    "phonetic_ssm_enabled": true,
    "pos_ssm_enabled": true,
    "string_ssm_enabled": true,
    "syllable_pattern_ssm_enabled": false,
    "line_syllable_ssm_enabled": true,
    "word2vec_enabled": true,
    "contextual_enabled": false,
    "head_tail_words": 2,
    "phonetic_mode": "combined",
    "phonetic_similarity": "binary",
    "phonetic_threshold": 0.2782381941510393,
    "pos_tagset": "universal",
    "pos_similarity": "position",
    "pos_threshold": 0.2807434453020933,
    "string_similarity": "word_overlap",
    "string_threshold": 0.05664441856235077
  },
  "duration_minutes": 0
}