{
  "trial_number": 4,
  "trial_id": "cnn_trial_0004",
  "model_type": "CNN",
  "training_score": 0.4010791366906475,
  "optuna_objective": 0.4010791366906475,
  "validation_metrics": {
    "line_f1": 0.759734662791967,
    "boundary_f1": 0.4010791366906475,
    "macro_f1": 0.759734662791967,
    "verse_f1": 0.8241673121611153,
    "chorus_f1": 0.6953020134228187,
    "boundary_precision": 0.3241279069767442,
    "boundary_recall": 0.5259433962264151,
    "window_diff": 0.4409408621419212,
    "pk_metric": 0.3094993435324839,
    "confidence": 0.7134467661380768,
    "val_loss": 0.488152913749218
  },
  "all_results": {
    "line_f1": 0.759734662791967,
    "boundary_f1": 0.4010791366906475,
    "macro_f1": 0.759734662791967,
    "verse_f1": 0.8241673121611153,
    "chorus_f1": 0.6953020134228187,
    "boundary_precision": 0.3241279069767442,
    "boundary_recall": 0.5259433962264151,
    "window_diff": 0.4409408621419212,
    "pk_metric": 0.3094993435324839,
    "confidence": 0.7134467661380768,
    "val_loss": 0.488152913749218
  },
  "parameters": {
    "hidden_dim": 128,
    "num_layers": 2,
    "dropout": 0.3490296065076597,
    "layer_dropout": 0.14199008454189144,
    "cnn_kernel_sizes": "3,5",
    "cnn_dilation_rates": "1,2,4",
    "cnn_use_residual": true,
    "cnn_batch_multiplier": 1.209800031213895,
    "attention_enabled": false,
    "max_epochs": 8,
    "batch_size": 32,
    "learning_rate": 0.0007169033074379604,
    "weight_decay": 0.015516927870963254,
    "scheduler": "cosine",
    "min_delta": 0.000496699716365664,
    "gradient_clip_norm": 0.631430239546396,
    "validation_strategy": "boundary_f1",
    "boundary_weight": 2.307925049026108,
    "label_smoothing": 0.1817546825433822,
    "segment_consistency_lambda": 0.015453040097720444,
    "conf_penalty_lambda": 0.0068730630731323565,
    "conf_threshold": 0.938775797471427,
    "entropy_lambda": 0.030062725171601756,
    "max_confidence_threshold": 0.9171297968237665,
    "min_chorus_rate": 0.0631738726323789,
    "max_chorus_rate": 0.8297760656248857,
    "max_conf_over_95_ratio": 0.052117062422012896,
    "head_ssm_enabled": true,
    "tail_ssm_enabled": false,
    "phonetic_ssm_enabled": true,
    "pos_ssm_enabled": true,
    "string_ssm_enabled": false,
    "syllable_pattern_ssm_enabled": false,
    "line_syllable_ssm_enabled": true,
    "word2vec_enabled": false,
    "contextual_enabled": false,
    "head_tail_words": 2,
    "phonetic_mode": "rhyme",
    "phonetic_similarity": "sequence_match",
    "phonetic_threshold": 0.3128942846779884,
    "pos_tagset": "simplified",
    "pos_similarity": "jaccard",
    "pos_threshold": 0.31905051420006736,
    "string_similarity": "levenshtein",
    "string_threshold": 0.05181607080506036
  },
  "duration_minutes": 0
}