{
  "trial_number": 93,
  "timestamp": 1756224176.851546,
  "boundary_f1": 0.4202626641651032,
  "line_f1": 0.7529859802232507,
  "macro_f1": 0.7529859802232507,
  "verse_f1": 0.830026207412954,
  "chorus_f1": 0.6759457530335474,
  "windowdiff": 0.3787210288229733,
  "pk": 0.2671753237247941,
  "val_loss": 0.47998813539743423,
  "val_accuracy": 0.0,
  "weighted_f1": 0.0,
  "training_time": 586.7749531269073,
  "training_time_minutes": 9.779582552115123,
  "total_params": 0,
  "actual_epochs": 15,
  "config_summary": {
    "attention_enabled": true,
    "hidden_dim": 256,
    "num_layers": 1,
    "max_epochs": 15,
    "batch_size": 32,
    "learning_rate": 0.0007995831278831913,
    "boundary_weight": 1.9873949142313767,
    "label_smoothing": 0.16956796510892042
  },
  "validation_strategy": "composite",
  "all_metrics": {
    "loss": 0.47998813539743423,
    "chorus_rate": 0.38900770992040634,
    "max_prob_mean": 0.6934568285942078,
    "confidence_over_90": 0.0064068506471812725,
    "confidence_over_95": 0.0,
    "verse_f1": 0.830026207412954,
    "chorus_f1": 0.6759457530335474,
    "macro_f1": 0.7529859802232507,
    "boundary_f1": 0.4202626641651032,
    "boundary_precision": 0.34890965732087226,
    "boundary_recall": 0.5283018867924528,
    "complete_segments": 0.3319681634368803,
    "avg_segment_overlap": 0.680788872318303,
    "verse_to_chorus_acc": 0.4646017699115044,
    "chorus_to_verse_acc": 0.5353535353535354,
    "window_diff": 0.3787210288229733,
    "pk_metric": 0.2671753237247941
  },
  "parameters": {
    "hidden_dim": 256,
    "num_layers": 1,
    "dropout": 0.1549297799679336,
    "attention_enabled": true,
    "attention_type": "localized",
    "attention_heads": 8,
    "attention_dropout": 0.20632001503235217,
    "max_epochs": 15,
    "batch_size": 32,
    "learning_rate": 0.0007995831278831913,
    "weight_decay": 0.015167024431070649,
    "scheduler": "cosine",
    "min_delta": 0.00047192009428362607,
    "gradient_clip_norm": 0.3075451784219631,
    "validation_strategy": "composite",
    "head_tail_words": 4,
    "boundary_weight": 1.9873949142313767,
    "label_smoothing": 0.16956796510892042,
    "segment_consistency_lambda": 0.028673877331417217,
    "conf_penalty_lambda": 0.007676939294436906,
    "conf_threshold": 0.9446388836703403,
    "entropy_lambda": 0.02918150225941484,
    "max_confidence_threshold": 0.9212571963578761,
    "min_chorus_rate": 0.07452096814170142,
    "max_chorus_rate": 0.8687604455290159,
    "max_conf_over_95_ratio": 0.19632451760650937,
    "head_ssm_enabled": true,
    "tail_ssm_enabled": true,
    "phonetic_ssm_enabled": true,
    "pos_ssm_enabled": true,
    "string_ssm_enabled": true,
    "syllable_pattern_ssm_enabled": true,
    "line_syllable_ssm_enabled": false,
    "word2vec_enabled": true,
    "contextual_enabled": false,
    "phonetic_mode": "rhyme",
    "phonetic_similarity_method": "binary",
    "phonetic_normalize": false,
    "phonetic_normalize_method": "minmax",
    "phonetic_high_sim_threshold": 0.3432380866506623,
    "pos_tagset": "universal",
    "pos_similarity_method": "combined",
    "pos_high_sim_threshold": 0.22238099411866533,
    "string_case_sensitive": false,
    "string_remove_punctuation": false,
    "string_similarity_threshold": 0.05405098567266444,
    "string_similarity_method": "word_overlap",
    "syllable_pattern_similarity_method": "cosine",
    "syllable_pattern_levenshtein_weight": 0.6755716703982084,
    "syllable_pattern_cosine_weight": 0.2199500490594462,
    "syllable_pattern_normalize": false,
    "syllable_pattern_normalize_method": "zscore",
    "line_syllable_similarity_method": "cosine",
    "line_syllable_ratio_threshold": 0.10944285577193778,
    "line_syllable_normalize": false,
    "line_syllable_normalize_method": "minmax",
    "word2vec_mode": "summary",
    "word2vec_normalize": true,
    "word2vec_similarity_metric": "cosine",
    "word2vec_high_sim_threshold": 0.7717412015902368,
    "contextual_mode": "summary",
    "contextual_normalize": false,
    "contextual_similarity_metric": "dot",
    "contextual_high_sim_threshold": 0.6635575432407791
  },
  "config": {
    "hidden_dim": 256,
    "num_layers": 1,
    "layer_dropout": 0.0,
    "num_classes": 2,
    "dropout": 0.1549297799679336,
    "attention_enabled": true,
    "attention_type": "localized",
    "attention_heads": 8,
    "attention_dropout": 0.20632001503235217,
    "attention_dim": 256,
    "positional_encoding": true,
    "max_seq_length": 1000,
    "window_size": 7,
    "boundary_temperature": 2.0,
    "batch_size": 32,
    "learning_rate": 0.0007995831278831913,
    "weight_decay": 0.015167024431070649,
    "max_epochs": 15,
    "patience": 4,
    "gradient_clip_norm": 0.3075451784219631,
    "scheduler": "cosine",
    "min_lr": 1e-06,
    "cosine_t_max": 15,
    "warmup_epochs": 5,
    "lr_factor": 0.5,
    "lr_patience": 10,
    "step_size": 30,
    "step_gamma": 0.5,
    "cosine_t0": 10,
    "cosine_t_mult": 2,
    "min_delta": 0.00047192009428362607,
    "train_file": "data/train.jsonl",
    "val_file": "data/val.jsonl",
    "test_file": "data/test.jsonl",
    "weighted_sampling": true,
    "emergency_monitoring_enabled": true,
    "max_confidence_threshold": 0.9212571963578761,
    "min_chorus_rate": 0.07452096814170142,
    "max_chorus_rate": 0.8687604455290159,
    "max_conf_over_95_ratio": 0.19632451760650937,
    "val_overconf_threshold": 0.96,
    "val_f1_collapse_threshold": 0.1,
    "loss": {
      "loss_type": "boundary_aware",
      "boundary_weight": 1.9873949142313767,
      "label_smoothing": 0.16956796510892042,
      "segment_consistency_lambda": 0.028673877331417217,
      "conf_penalty_lambda": 0.007676939294436906,
      "conf_threshold": 0.9446388836703403,
      "entropy_lambda": 0.02918150225941484
    },
    "calibration_enabled": true,
    "calibration_methods": [
      "temperature",
      "platt"
    ],
    "validation_strategy": "composite",
    "head_ssm_enabled": true,
    "head_ssm_words": 4,
    "head_ssm_dimension": 12,
    "tail_ssm_enabled": true,
    "tail_ssm_words": 4,
    "tail_ssm_dimension": 12,
    "phonetic_ssm_enabled": true,
    "phonetic_ssm_mode": "rhyme",
    "phonetic_ssm_dimension": 12,
    "phonetic_ssm_similarity_method": "binary",
    "phonetic_ssm_normalize": false,
    "phonetic_ssm_normalize_method": "minmax",
    "phonetic_ssm_high_sim_threshold": 0.3432380866506623,
    "pos_ssm_enabled": true,
    "pos_ssm_tagset": "universal",
    "pos_ssm_similarity_method": "combined",
    "pos_ssm_high_sim_threshold": 0.22238099411866533,
    "pos_ssm_dimension": 12,
    "string_ssm_enabled": true,
    "string_ssm_case_sensitive": false,
    "string_ssm_remove_punctuation": false,
    "string_ssm_similarity_threshold": 0.05405098567266444,
    "string_ssm_similarity_method": "word_overlap",
    "string_ssm_dimension": 12,
    "syllable_pattern_ssm_enabled": true,
    "syllable_pattern_ssm_similarity_method": "cosine",
    "syllable_pattern_ssm_levenshtein_weight": 0.7543889285090124,
    "syllable_pattern_ssm_cosine_weight": 0.24561107149098768,
    "syllable_pattern_ssm_normalize": false,
    "syllable_pattern_ssm_normalize_method": "zscore",
    "syllable_pattern_ssm_dimension": 12,
    "line_syllable_ssm_enabled": false,
    "line_syllable_ssm_similarity_method": "cosine",
    "line_syllable_ssm_ratio_threshold": 0.10944285577193778,
    "line_syllable_ssm_normalize": false,
    "line_syllable_ssm_normalize_method": "minmax",
    "line_syllable_ssm_dimension": 12,
    "word2vec_enabled": true,
    "word2vec_model": "word2vec-google-news-300",
    "word2vec_mode": "summary",
    "word2vec_normalize": true,
    "word2vec_similarity_metric": "cosine",
    "word2vec_high_sim_threshold": 0.7717412015902368,
    "contextual_enabled": false,
    "contextual_model": "all-MiniLM-L6-v2",
    "contextual_mode": "summary",
    "contextual_normalize": false,
    "contextual_similarity_metric": "dot",